entidad_a,enticve1,numeral,nombre1,sexostt,sexos1,sexos2
1,01,1,DESPACHO EJECUTIVO ESTATAL,96,53,43
1,01,2,COORDINACION GENERAL EJECUTIVA DE GABINETE,20,11,9
1,01,3,SECRETARIA DE COMUNICACION Y VOCERIA DEL GOBIERNO,47,24,23
1,01,4,SECRETARIA GENERAL DE GOBIERNO,628,257,371
1,01,5,SECRETARIA DE SEGURIDAD PUBLICA,1715,1114,601
1,01,6,SECRETARIA DE FINANZAS,305,113,192
1,01,7,SECRETARIA DE DESARROLLO ECONOMICO CIENCIA Y TECNOLOGIA,82,36,46
1,01,8,SECRETARIA DE SALUD,5,3,2
1,01,9,SECRETARIA DE SUSTENTABILIDAD MEDIO AMBIENTE Y AGUA,220,160,60
1,01,10,SECRETARIA DE DESARROLLO SOCIAL,133,45,88
1,01,11,SECRETARIA DE OBRAS PUBLICAS,306,221,85
1,01,12,SECRETARIA DE DESARROLLO RURAL Y AGROEMPRESARIAL,109,77,32
1,01,13,SECRETARIA DE TURISMO,108,61,47
1,01,14,SECRETARIA DE PLANEACION PARTICIPACION Y DESARROLLO,108,66,42
1,01,15,SECRETARIA DE ADMINISTRACION,204,122,82
1,01,16,COORDINACION GENERAL DE MOVILIDAD,118,81,37
1,01,17,CONTRALORIA DEL ESTADO,111,76,35
1,01,18,SECRETARIA DE LA FAMILIA,13,3,10
1,01,19,SECRETARIA DE INNOVACION Y GOBIERNO DIGITAL,89,52,37
1,01,20,SECRETARIA DE GESTION URBANISTICA ORDENAMIENTO TERRITORIAL REGISTRAL Y CATASTRAL,0,0,0
1,01,21,CONSEJERIA JURIDICA DEL ESTADO,10,7,3
1,01,22,INSTITUTO ESTATAL DE SEGURIDAD PUBLICA DE AGUASCALIENTES,59,35,24
1,01,23,INSTITUTO DE SEGURIDAD Y SERVICIOS SOCIALES PARA LOS SERVIDORES PUBLICOS DEL ESTADO DE AGUASCALIENTES,204,92,112
1,01,24,SISTEMA PARA EL DESARROLLO INTEGRAL DE LA FAMILIA,658,176,482
1,01,25,INSTITUTO DE ASESORIA Y DEFENSORIA PUBLICA DEL ESTADO DE AGUASCALIENTES,68,29,39
1,01,26,INSTITUTO AGUASCALENTENSE DE LA JUVENTUD,23,16,7
1,01,27,INSTITUTO DE VIVIENDA SOCIAL Y ORDENAMIENTO DE LA PROPIEDAD DEL ESTADO DE AGUASCALIENTES,153,87,66
1,01,28,PROCURADURIA ESTATAL DE PROTECCION AL AMBIENTE,69,47,22
1,01,29,INSTITUTO DEL AGUA DEL ESTADO,303,252,51
1,01,30,INSTITUTO DE CIENCIA Y TECNOLOGIA DEL ESTADO DE AGUASCALIENTES,65,38,27
1,01,31,PATRONATO DE LA FERIA NACIONAL DE SAN MARCOS,35,23,12
1,01,32,INSTITUTO AGUASCALENTENSE DE LAS MUJERES,116,24,92
1,01,33,ESCUELA NORMAL DE AGUASCALIENTES,135,43,92
1,01,34,INSTITUTO PARA LA EDUCACION DE LAS PERSONAS JOVENES Y ADULTAS DEL ESTADO DE AGUASCALIENTES,146,58,88
1,01,35,UNIVERSIDAD POLITECNICA DE AGUASCALIENTES,298,164,134
1,01,36,INSTITUTO CULTURAL DE AGUASCALIENTES,1023,551,472
1,01,37,INSTITUTO DEL DEPORTE DEL ESTADO DE AGUASCALIENTES,231,162,69
1,01,38,RADIO Y TELEVISION DE AGUASCALIENTES,149,98,51
1,01,39,UNIVERSIDAD TECNOLOGICA METROPOLITANA DE AGUASCALIENTES,37,15,22
1,01,40,INSTITUTO DE CAPACITACION PARA EL TRABAJO DEL ESTADO DE AGUASCALIENTES,187,80,107
1,01,41,COMISION ESTATAL DE ARBITRAJE MEDICO,14,6,8
1,01,42,UNIVERSIDAD TECNOLOGICA EL RETOÑO,130,64,66
1,01,43,UNIVERSIDAD TECNOLOGICA DE CALVILLO,74,36,38
1,01,44,INSTITUTO DE INFRAESTRUCTURA FISICA EDUCATIVA DEL ESTADO DE AGUASCALIENTES,85,50,35
1,01,45,CENTRO DE CONCILIACION LABORAL DEL ESTADO DE AGUASCALIENTES,34,17,17
1,01,46,FIDEICOMISO DE INVERSION Y ADMINISTRACION PARA EL DESARROLLO ECONOMICO DEL ESTADO DE AGUASCALIENTES,6,1,5
1,01,47,FIDEICOMISO DEL COMPLEJO TRES CENTURIAS,38,29,9
1,01,48,FIDEICOMISO DE DESARROLLOS INDUSTRIALES,59,45,14
1,01,49,SISTEMA DE FINANCIAMIENTO DE AGUASCALIENTES,51,22,29
1,01,50,INSTITUTO DE EDUCACION DE AGUASCALIENTES,16397,5397,11000
1,01,51,COLEGIO DE ESTUDIOS CIENTIFICOS Y TECNOLOGICOS DEL ESTADO DE AGUASCALIENTES,1149,528,621
1,01,52,UNIVERSIDAD AUTONOMA DE AGUASCALIENTES,3285,1734,1551
1,01,53,UNIVERSIDAD TECNOLOGICA DE AGUASCALIENTES,422,225,197
1,01,54,UNIVERSIDAD TECNOLOGICA DEL NORTE DE AGUASCALIENTES,287,156,131
1,01,55,INSTITUTO DE SERVICIOS DE SALUD DEL ESTADO DE AGUASCALIENTES,7428,2732,4696
1,01,56,SECRETARIA EJECUTIVA DEL SISTEMA ESTATAL ANTICORRUPCION,19,14,5
1,01,57,COLEGIO DE EDUCACION PROFESIONAL TECNICA DEL ESTADO DE AGUASCALIENTES,466,234,232
2,02,1,COORDINACION DE GABINETE,135,81,54
2,02,2,SECRETARIA GENERAL DE GOBIERNO,321,151,170
2,02,3,OFICIALIA MAYOR DE GOBIERNO,912,444,468
2,02,4,DIRECCION DE COMUNICACION SOCIAL,18,5,13
2,02,5,SECRETARIA DE HACIENDA DEL ESTADO,990,491,499
2,02,6,SECRETARIA DE LA HONESTIDAD Y LA FUNCION PUBLICA,147,66,81
2,02,7,SECRETARIA DE PESCA Y ACUACULTURA,28,19,9
2,02,8,SECRETARIA DE INFRAESTRUCTURA DESARROLLO URBANO Y REORDENACION TERRITORIAL,294,193,101
2,02,9,SECRETARIA DE ECONOMIA E INNOVACION,88,40,48
2,02,10,SECRETARIA DE CAMPO Y SEGURIDAD ALIMENTARIA,137,82,55
2,02,11,SECRETARIA DE TURISMO,54,30,24
2,02,12,SECRETARIA DE EDUCACION,0,0,0
2,02,13,SECRETARIA DE MEDIO AMBIENTE Y DESARROLLO SUSTENTABLE,69,38,31
2,02,14,SECRETARIA DE BIENESTAR,179,93,86
2,02,15,SECRETARIA DEL TRABAJO Y PREVISION SOCIAL,344,140,204
2,02,16,DIRECCION DEL REGISTRO PUBLICO DE LA PROPIEDAD Y DEL COMERCIO,162,82,80
2,02,17,SECRETARIA DE CULTURA,0,0,0
2,02,18,SECRETARIA DE INCLUSION SOCIAL E IGUALDAD DE GENERO,47,24,23
2,02,19,SECRETARIA DE SEGURIDAD CIUDADANA,1178,890,288
2,02,20,SECRETARIA DE SALUD,0,0,0
2,02,21,SECRETARIA PARA EL MANEJO SANEAMIENTO Y PROTECCION DEL AGUA,0,0,0
2,02,22,CONSEJERIA JURIDICA,345,139,206
2,02,23,ADMINISTRADORA DE LA VIA CORTA TIJUANA TECATE,25,14,11
2,02,24,CENTRO DE CONCILIACION LABORAL DEL ESTADO DE BAJA CALIFORNIA,88,36,52
2,02,25,CENTRO DE JUSTICIA PARA LAS MUJERES,42,4,38
2,02,26,CENTRO METROPOLITANO DE CONVENCIONES TIJUANA PLAYAS DE ROSARITO TECATE,14,8,6
2,02,27,COLEGIO DE BACHILLERES DEL ESTADO DE BAJA CALIFORNIA,2265,1147,1118
2,02,28,COLEGIO DE EDUCACION PROFESIONAL TECNICA DEL ESTADO DE BAJA CALIFORNIA,553,285,268
2,02,29,COLEGIO DE ESTUDIOS CIENTIFICOS Y TECNOLOGICOS DEL ESTADO DE BAJA CALIFORNIA,2255,1190,1065
2,02,30,COMISION DE ARBITRAJE MEDICO DEL ESTADO DE BAJA CALIFORNIA,7,5,2
2,02,31,COMISION ESTATAL DE ENERGIA DE BAJA CALIFORNIA,20,13,7
2,02,32,COMISION ESTATAL DE SERVICIOS PUBLICOS DE ENSENADA,674,541,133
2,02,33,COMISION ESTATAL DE SERVICIOS PUBLICOS DE MEXICALI,1261,1001,260
2,02,34,COMISION ESTATAL DE SERVICIOS PUBLICOS DE TECATE,193,150,43
2,02,35,COMISION ESTATAL DE SERVICIOS PUBLICOS DE TIJUANA,1721,1333,388
2,02,36,COMISION ESTATAL DEL AGUA DEL ESTADO DE BAJA CALIFORNIA,166,152,14
2,02,37,COMISION ESTATAL DEL SISTEMA PENITENCIARIO,1933,1201,732
2,02,38,COMITE DE PLANEACION PARA EL DESARROLLO DEL ESTADO,23,4,19
2,02,39,FIDEICOMISO FONDO DE GARANTIAS COMPLEMENTARIAS Y CREDITOS PUENTE,11,8,3
2,02,40,FIDEICOMISO PUBLICO DE ADMINISTRACION DE FONDOS E INVERSION DEL TRAMO CARRETERO CENTINELA RUMOROSA,125,77,48
2,02,41,FIDEICOMISO PUBLICO PARA LA PROMOCION TURISTICA DEL ESTADO,10,3,7
2,02,42,FIDEICOMISO SAN ANTONIO DEL MAR,0,0,0
2,02,43,INSTITUTO DE CAPACITACION DE ALTA TECNOLOGIA,12,6,6
2,02,44,INSTITUTO DE CULTURA DE BAJA CALIFORNIA,316,175,141
2,02,45,INSTITUTO DE LA INFRAESTRUCTURA FISICA EDUCATIVA DE BAJA CALIFORNIA,37,16,21
2,02,46,INSTITUTO DE LA JUVENTUD DE BAJA CALIFORNIA,115,74,41
2,02,47,INSTITUTO DE LA MUJER PARA EL ESTADO DE BAJA CALIFORNIA,26,3,23
2,02,48,INSTITUTO DE MOVILIDAD SUSTENTABLE DEL ESTADO DE BAJA CALIFORNIA,255,174,81
2,02,49,INSTITUTO DE PSIQUIATRIA DEL ESTADO DE BAJA CALIFORNIA,365,133,232
2,02,50,INSTITUTO DE SEGURIDAD Y SERVICIOS SOCIALES DE LOS TRABAJADORES DEL GOBIERNO Y MUNICIPIOS DE BAJA CALIFORNIA,1811,768,1043
2,02,51,INSTITUTO DE SERVICIOS DE SALUD PUBLICA DEL ESTADO DE BAJA CALIFORNIA,7713,2968,4745
2,02,52,INSTITUTO DE SERVICIOS EDUCATIVOS Y PEDAGOGICOS DE BAJA CALIFORNIA,22342,7215,15127
2,02,53,INSTITUTO DEL DEPORTE Y LA CULTURA FISICA DE BAJA CALIFORNIA,389,271,118
2,02,54,INSTITUTO PARA EL DESARROLLO INMOBILIARIO Y DE LA VIVIENDA PARA EL ESTADO DE BAJA CALIFORNIA,225,120,105
2,02,55,JUNTA DE URBANIZACION DEL ESTADO DE BAJA CALIFORNIA,69,37,32
2,02,56,PROMOTORA DEL DESARROLLO URBANO DE TIJUANA,0,0,0
2,02,57,SECRETARIA EJECUTIVA DEL SISTEMA ESTATAL ANTICORRUPCION,7,4,3
2,02,58,SISTEMA PARA EL DESARROLLO INTEGRAL DE LA FAMILIA DE BAJA CALIFORNIA,1382,434,948
2,02,59,UNIDAD DE ESPECIALIDADES MEDICAS DE BAJA CALIFORNIA,351,120,231
2,02,60,UNIVERSIDAD INTERCULTURAL DE BAJA CALIFORNIA,29,12,17
2,02,61,UNIVERSIDAD POLITECNICA DE BAJA CALIFORNIA,146,87,59
2,02,62,UNIVERSIDAD TECNOLOGICA DE TIJUANA,362,192,170
3,03,1,JEFATURA DE LA OFICINA DEL EJECUTIVO,103,51,52
3,03,2,SECRETARIA GENERAL DE GOBIERNO,317,179,138
3,03,3,SECRETARIA DE FINANZAS Y ADMINISTRACION,1446,717,729
3,03,4,SECRETARIA DE PLANEACION URBANA INFRAESTRUCTURA MOVILIDAD MEDIO AMBIENTE Y RECURSOS NATURALES,239,164,75
3,03,5,SECRETARIA DE EDUCACION PUBLICA,13550,4991,8559
3,03,6,SECRETARIA DE TURISMO Y ECONOMIA,92,45,47
3,03,7,SECRETARIA DE SALUD,3498,1432,2066
3,03,8,SECRETARIA DE PESCA ACUACULTURA Y DESARROLLO AGROPECUARIO,123,79,44
3,03,9,SECRETARIA DEL TRABAJO BIENESTAR Y DESARROLLO SOCIAL,207,102,105
3,03,10,PROCURADURIA GENERAL DE JUSTICIA,1189,625,564
3,03,11,CONTRALORIA GENERAL,95,37,58
3,03,12,SECRETARIA DE SEGURIDAD PUBLICA,1373,759,614
3,03,13,COLEGIO DE BACHILLERES DEL ESTADO DE BAJA CALIFORNIA SUR,646,345,301
3,03,14,COLEGIO DE ESTUDIOS CIENTIFICOS Y TECNOLOGICOS DEL ESTADO,802,442,360
3,03,15,INSTITUTO TECNOLOGICO SUPERIOR DE CIUDAD CONSTITUCION,159,88,71
3,03,16,INSTITUTO TECNOLOGICO SUPERIOR DE LOS CABOS,172,86,86
3,03,17,INSTITUTO TECNOLOGICO SUPERIOR DE MULEGE,126,68,58
3,03,18,COLEGIO NACIONAL DE EDUCACION PROFESIONAL TECNICA,168,78,90
3,03,19,INSTITUTO SUDCALIFORNIANO DE LA INFRAESTRUCTURA FISICA EDUCATIVA,12,6,6
3,03,20,INSTITUTO ESTATAL DE EDUCACION PARA LOS ADULTOS,107,49,58
3,03,21,CONSEJO SUDCALIFORNIANO DE CIENCIA Y TECNOLOGIA,10,5,5
3,03,22,BENEMERITA ESCUELA NORMAL URBANA PROFESOR DOMINGO CARBALLO FELIX,147,71,76
3,03,23,UNIVERSIDAD TECNOLOGICA DE LA PAZ,80,45,35
3,03,24,INSTITUTO DE SERVICIOS DE SALUD,0,0,0
3,03,25,COMISION ESTATAL PARA LA PROTECCION CONTRA RIESGOS SANITARIOS,0,0,0
3,03,26,INSTITUTO DE SALUD PARA EL BIENESTAR,0,0,0
3,03,27,JUNTA ESTATAL DE CAMINOS,168,123,45
3,03,28,COMISION ESTATAL DEL AGUA,26,15,11
3,03,29,INSTITUTO DE VIVIENDA DE BAJA CALIFORNIA SUR,47,25,22
3,03,30,INSTITUTO SUDCALIFORNIANO DE LA JUVENTUD,18,6,12
3,03,31,INSTITUTO SUDCALIFORNIANO DEL DEPORTE,187,132,55
3,03,32,INSTITUTO SUDCALIFORNIANO DE CULTURA,295,175,120
3,03,33,INSTITUTO SUDCALIFORNIANO DE LAS MUJERES,29,7,22
3,03,34,INSTITUTO SUDCALIFORNIANO PARA LA INCLUSION DE PERSONAS CON DISCAPACIDAD,14,8,6
3,03,35,INSTITUTO ESTATAL DE RADIO Y TELEVISION,54,26,28
3,03,36,INSTITUTO DE CAPACITACION PARA LOS TRABAJADORES DEL ESTADO DE BAJA CALIFORNIA SUR,57,16,41
3,03,37,PATRONATO DEL ESTUDIANTE SUDCALIFORNIANO,45,16,29
3,03,38,SISTEMA ESTATAL PARA EL DESARROLLO INTEGRAL DE LA FAMILIA,356,108,248
3,03,39,ADMINISTRACION PORTUARIA INTEGRAL DE BAJA CALIFORNIA SUR SA DE CV,344,276,68
4,04,1,OFICINA DE LA GOBERNADORA,175,89,86
4,04,2,SECRETARIA DE GOBIERNO,561,297,264
4,04,3,SECRETARIA DE ADMINISTRACION Y FINANZAS,498,269,229
4,04,4,SECRETARIA DE MODERNIZACION ADMINISTRATIVA E INNOVACION GUBERNAMENTAL,112,66,46
4,04,5,SECRETARIA DE EDUCACION,12055,5141,6914
4,04,6,SECRETARIA DE SALUD,337,173,164
4,04,7,SECRETARIA DE DESARROLLO TERRITORIAL URBANO Y OBRAS PUBLICAS,337,265,72
4,04,8,SECRETARIA DE DESARROLLO ECONOMICO,56,31,25
4,04,9,SECRETARIA DE DESARROLLO AGROPECUARIO,174,99,75
4,04,10,SECRETARIA DE BIENESTAR,190,97,93
4,04,11,SECRETARIA DE INCLUSION,24,14,10
4,04,12,SECRETARIA DE MEDIO AMBIENTE BIODIVERSIDAD Y CAMBIO CLIMATICO,52,29,23
4,04,13,SECRETARIA DE TURISMO,81,36,45
4,04,14,SECRETARIA DE PROTECCION Y SEGURIDAD CIUDADANA,1454,1260,194
4,04,15,SECRETARIA DE PROTECCION CIVIL,106,74,32
4,04,16,CONSEJERIA JURIDICA,19,10,9
4,04,17,SECRETARIA DE LA CONTRALORIA,121,58,63
4,04,18,FISCALIA GENERAL DEL ESTADO DE CAMPECHE,875,469,406
4,04,19,ARCHIVO GENERAL DEL ESTADO DE CAMPECHE,19,6,13
4,04,20,COMISION LOCAL DE BUSQUEDA DE PERSONAS DEL ESTADO DE CAMPECHE,2,1,1
4,04,21,CONSEJO ESTATAL DE POBLACION DE CAMPECHE,19,6,13
4,04,22,INSTITUTO ESTATAL DEL TRANSPORTE DEL ESTADO DE CAMPECHE,24,15,9
4,04,23,SECRETARIA EJECUTIVA DEL SISTEMA ESTATAL DE PROTECCION INTEGRAL DE LOS DERECHOS DE NIÑAS NIÑOS Y ADOLESCENTES,8,1,7
4,04,24,CONSEJO ESTATAL DE SEGURIDAD PUBLICA EN EL ESTADO DE CAMPECHE,85,54,31
4,04,25,SERVICIO DE ADMINISTRACION FISCAL DEL ESTADO DE CAMPECHE,265,157,108
4,04,26,COMISION DE MEJORA REGULATORIA DEL ESTADO DE CAMPECHE,4,1,3
4,04,27,COMISION DE CONCILIACION Y ARBITRAJE MEDICO DEL ESTADO DE CAMPECHE,9,3,6
4,04,28,INSTITUTO CAMPECHANO DEL EMPRENDEDOR,9,3,6
4,04,29,PROMOTORA DE PRODUCTOS Y SERVICIOS DE CAMPECHE,11,7,4
4,04,30,INSTITUTO PARA EL DESARROLLO DE LA MICRO PEQUEÑA Y MEDIANA EMPRESA,14,6,8
4,04,31,JUNTA ESTATAL DE ASISTENCIA PRIVADA,4,1,3
4,04,32,COLEGIO DE ESTUDIOS CIENTIFICOS Y TECNOLOGICOS DEL ESTADO DE CAMPECHE,NSS,NSS,NSS
4,04,33,INSTITUTO DE CAPACITACION PARA EL TRABAJO DEL ESTADO DE CAMPECHE,NSS,NSS,NSS
4,04,34,COLEGIO DE BACHILLERES DEL ESTADO DE CAMPECHE,NSS,NSS,NSS
4,04,35,UNIVERSIDAD TECNOLOGICA DE CAMPECHE,NSS,NSS,NSS
4,04,36,COLEGIO DE EDUCACION PROFESIONAL TECNICA DEL ESTADO DE CAMPECHE,NSS,NSS,NSS
4,04,37,INSTITUTO ESTATAL DE LA EDUCACION PARA LOS ADULTOS DEL ESTADO DE CAMPECHE,NSS,NSS,NSS
4,04,38,INSTITUTO TECNOLOGICO SUPERIOR DE CALKINI EN EL ESTADO DE CAMPECHE,NSS,NSS,NSS
4,04,39,INSTITUTO TECNOLOGICO SUPERIOR DE ESCARCEGA,NSS,NSS,NSS
4,04,40,INSTITUTO TECNOLOGICO SUPERIOR DE CHAMPOTON,NSS,NSS,NSS
4,04,41,UNIVERSIDAD TECNOLOGICA DE CANDELARIA,NSS,NSS,NSS
4,04,42,INSTITUTO TECNOLOGICO SUPERIOR DE HOPELCHEN,NSS,NSS,NSS
4,04,43,UNIVERSIDAD TECNOLOGICA DE CALAKMUL,NSS,NSS,NSS
4,04,44,UNIVERSIDAD AUTONOMA DE CAMPECHE,NSS,NSS,NSS
4,04,45,UNIVERSIDAD AUTONOMA DEL CARMEN,NSS,NSS,NSS
4,04,46,INSTITUTO CAMPECHANO,NSS,NSS,NSS
4,04,47,FUNDACION PABLO GARCIA,15,11,4
4,04,48,CONSEJO ESTATAL DE INVESTIGACION CIENTIFICA Y DESARROLLO TECNOLOGICO,4,3,1
4,04,49,INSTITUTO DE LA INFRAESTRUCTURA FISICA EDUCATIVA DEL ESTADO DE CAMPECHE,46,25,21
4,04,50,PROMOTORA DE EVENTOS ARTISTICOS CULTURALES Y DE CONVENCIONES DEL ESTADO DE CAMPECHE,39,18,21
4,04,51,INSTITUTO ESTATAL PARA EL FOMENTO DE LAS ACTIVIDADES ARTESANALES EN CAMPECHE,48,18,30
4,04,52,SISTEMA PARA EL DESARROLLO INTEGRAL DE LA FAMILIA DEL ESTADO DE CAMPECHE,696,278,418
4,04,53,INSTITUTO DEL DEPORTE DEL ESTADO DE CAMPECHE,90,55,35
4,04,54,INSTITUTO DE LA MUJER DEL ESTADO DE CAMPECHE,16,4,12
4,04,55,INSTITUTO DE LA JUVENTUD DEL ESTADO DE CAMPECHE,15,8,7
4,04,56,HOSPITAL DR MANUEL CAMPOS,201,85,116
4,04,57,HOSPITAL PSIQUIATRICO DE CAMPECHE,107,50,57
4,04,58,INSTITUTO DE SERVICIOS DESCENTRALIZADOS DE SALUD PUBLICA DEL ESTADO DE CAMPECHE,3946,1695,2251
4,04,59,SISTEMA DE ATENCION A NIÑOS NIÑAS Y ADOLESCENTES FARMACODEPENDIENTES DEL ESTADO DE CAMPECHE VIDA NUEVA,79,30,49
4,04,60,COMISION DE AGUA POTABLE Y ALCANTARILLADO DEL ESTADO DE CAMPECHE,51,29,22
4,04,61,PROMOTORA PARA LA CONSERVACION Y DESARROLLO SUSTENTABLE DEL ESTADO DE CAMPECHE,20,10,10
4,04,62,COMISION ESTATAL DE DESARROLLO DE SUELO Y VIVIENDA,115,58,57
4,04,63,INSTITUTO DE DESARROLLO Y FORMACION SOCIAL,48,26,22
4,04,64,SISTEMA DE TELEVISION Y RADIO DE CAMPECHE,96,63,33
4,04,65,INSTITUTO DE INFORMACION ESTADISTICA GEOGRAFICA Y CATASTRAL DEL ESTADO DE CAMPECHE,37,24,13
4,04,66,INSTITUTO DE SEGURIDAD Y SERVICIOS SOCIALES DE LOS TRABAJADORES DEL ESTADO DE CAMPECHE,218,71,147
4,04,67,INSTITUTO DE ACCESO A LA JUSTICIA DEL ESTADO DE CAMPECHE,76,34,42
4,04,68,CENTRO DE CONCILIACION LABORAL EN EL ESTADO,46,17,29
4,04,69,AGENCIA DE ENERGIA DEL ESTADO DE CAMPECHE,5,4,1
4,04,70,SECRETARIA EJECUTIVA DEL SISTEMA ANTICORRUPCION,7,4,3
4,04,71,INSTITUTO DE PESCA Y ACUACULTURA DEL ESTADO DE CAMPECHE,33,17,16
4,04,72,INSTITUTO DE CULTURA Y ARTES DEL ESTADO DE CAMPECHE,204,128,76
4,04,73,AUTORIDAD DEL PATRIMONIO CULTURAL DEL ESTADO DE CAMPECHE,31,14,17
4,04,74,UNIVERSIDAD INTERCULTURAL DE CAMPECHE,NSS,NSS,NSS
4,04,75,FIDEICOMISO FONDO CAMPECHE,NSS,NSS,NSS
4,04,76,FIDEICOMISO DE INVERSION DEL IMPUESTO DEL 2 SOBRE NOMINA,NSS,NSS,NSS
4,04,77,FIDEICOMISO FONDO DE FOMENTO AGROPECUARIO DEL ESTADO DE CAMPECHE,NSS,NSS,NSS
5,05,1,OFICINAS DEL EJECUTIVO,281,142,139
5,05,2,SECRETARIA DE GOBIERNO,648,278,370
5,05,3,COORDINACION DE COMUNICACION E IMAGEN INSTITUCIONAL,65,35,30
5,05,4,SECRETARIA DE FINANZAS,486,232,254
5,05,5,ADMINISTRACION FISCAL GENERAL,1031,506,525
5,05,6,SECRETARIA DE ECONOMIA,60,27,33
5,05,7,SECRETARIA DE EDUCACION,238,98,140
5,05,8,SECRETARIA DE INCLUSION Y DESARROLLO SOCIAL,345,198,147
5,05,9,SECRETARIA DE SEGURIDAD PUBLICA,2475,1826,649
5,05,10,SECRETARIA DE SALUD,81,30,51
5,05,11,SECRETARIA DE INFRAESTRUCTURA DESARROLLO URBANO Y MOVILIDAD,337,194,143
5,05,12,SECRETARIA DE DESARROLLO RURAL,129,80,49
5,05,13,SECRETARIA DE FISCALIZACION Y RENDICION DE CUENTAS,102,44,58
5,05,14,SECRETARIA DE MEDIO AMBIENTE,178,81,97
5,05,15,SECRETARIA DE CULTURA,459,267,192
5,05,16,SECRETARIA DEL TRABAJO,286,105,181
5,05,17,SECRETARIA DE VIVIENDA Y ORDENAMIENTO TERRITORIAL,24,14,10
5,05,18,SECRETARIA DE TURISMO Y DESARROLLO DE PUEBLOS MAGICOS,45,17,28
5,05,19,SECRETARIA DE INVERSION PUBLICA PRODUCTIVA,41,29,12
5,05,20,INSTITUTO COAHUILENSE DE LAS MUJERES,32,5,27
5,05,21,PROCURADURIA PARA NIÑOS NIÑAS Y LA FAMILIA,78,19,59
5,05,22,SISTEMA PARA EL DESARROLLO INTEGRAL DE LA FAMILIA Y PROTECCION DE DERECHOS DEL ESTADO DE COAHUILA,568,178,390
5,05,23,CENTRO DE JUSTICIA Y EMPODERAMIENTO PARA LAS MUJERES DEL ESTADO DE COAHUILA DE ZARAGOZA,119,16,103
5,05,24,COMISION EJECUTIVA ESTATAL DE ATENCION A VICTIMAS,49,20,29
5,05,25,COAHUILA RADIO,30,19,11
5,05,26,INSTITUTO DE PENSIONES PARA LOS TRABAJADORES AL SERVICIO DEL ESTADO,59,26,33
5,05,27,INSTITUTO REGISTRAL Y CATASTRAL DEL ESTADO DE COAHUILA DE ZARAGOZA,73,43,30
5,05,28,INSTITUTO COAHUILENSE DE ADULTOS MAYORES,6,3,3
5,05,29,PROMOTORA PARA EL DESARROLLO RURAL DE COAHUILA,41,38,3
5,05,30,COMISION ESTATAL PARA LA REGULARIZACION DE LA TENENCIA DE LA TIERRA URBANA Y RUSTICA DE COAHUILA,78,40,38
5,05,31,COMISION ESTATAL DE LA VIVIENDA,56,28,28
5,05,32,SERVICIOS ESTATALES AEROPORTUARIOS,103,72,31
5,05,33,SERVICIOS DE SALUD COAHUILA,8678,3487,5191
5,05,34,INSTITUTO DE SERVICIOS DE SALUD REHABILITACION Y EDUCACION ESPECIAL E INTEGRAL,165,62,103
5,05,35,COMISION ESTATAL DE AGUAS Y SANEAMIENTO DE COAHUILA,68,49,19
5,05,36,INSTITUTO DE CAPACITACION PARA EL TRABAJO DEL ESTADO DE COAHUILA,134,46,88
5,05,37,CONSEJO ESTATAL DE CIENCIA Y TECNOLOGIA DEL ESTADO DE COAHUILA,23,12,11
5,05,38,INSTITUTO ESTATAL DEL DEPORTE DE COAHUILA,168,116,52
5,05,39,INSTITUTO ESTATAL DE EDUCACION PARA LOS ADULTOS,921,336,585
5,05,40,COLEGIO DE ESTUDIOS CIENTIFICOS Y TECNOLOGICOS DEL ESTADO DE COAHUILA,1380,682,698
5,05,41,COLEGIO DE BACHILLERES DE COAHUILA,920,381,539
5,05,42,COLEGIO DE EDUCACION PROFESIONAL TECNOLOGICA DEL ESTADO DE COAHUILA,819,443,376
5,05,43,INSTITUTO COAHUILENSE DE INFRAESTRUCTURA FISICA EDUCATIVA,77,44,33
5,05,44,INSTITUTO TECNOLOGICO DE ESTUDIOS SUPERIORES DE REGION CARBONIFERA,181,97,84
5,05,45,INSTITUTO TECNOLOGICO SUPERIOR DE CIUDAD ACUÑA,159,100,59
5,05,46,INSTITUTO TECNOLOGICO DE ESTUDIOS SUPERIORES DE MONCLOVA,162,87,75
5,05,47,INSTITUTO TECNOLOGICO SUPERIOR DE MELCHOR MUZQUIZ,110,65,45
5,05,48,INSTITUTO TECNOLOGICO SUPERIOR DE SAN PEDRO COAHUILA,123,67,56
5,05,49,UNIVERSIDAD TECNOLOGICA DE COAHUILA,230,115,115
5,05,50,UNIVERSIDAD TECNOLOGICA DEL NORTE DE COAHUILA,174,89,85
5,05,51,UNIVERSIDAD TECNOLOGICA DE LA REGION DEL CENTRO DE COAHUILA,231,112,119
5,05,52,UNIVERSIDAD TECNOLOGICA DE TORREON,369,205,164
5,05,53,UNIVERSIDAD TECNOLOGICA DE SALTILLO,38,19,19
5,05,54,UNIVERSIDAD TECNOLOGICA DE PARRAS,68,36,32
5,05,55,UNIVERSIDAD TECNOLOGICA DE LA REGION CARBONIFERA,53,33,20
5,05,56,UNIVERSIDAD POLITECNICA DE LA REGION LAGUNA,66,43,23
5,05,57,UNIVERSIDAD POLITECNICA DE RAMOS ARIZPE,48,15,33
5,05,58,UNIVERSIDAD POLITECNICA DE PIEDRAS NEGRAS,75,38,37
5,05,59,UNIVERSIDAD POLITECNICA DE MONCLOVA FRONTERA,57,32,25
5,05,60,UNIVERSIDAD TECNOLOGICA DE CIUDAD ACUÑA,34,21,13
6,06,1,OFICINA DE LA GUBERNATURA,118,61,57
6,06,2,SECRETARIA GENERAL DE GOBIERNO,287,114,173
6,06,3,SECRETARIA DE PLANEACION FINANZAS Y ADMINISTRACION,585,307,278
6,06,4,SECRETARIA DE BIENESTAR SOCIAL INCLUSION SOCIAL Y MUJER,181,78,103
6,06,5,SECRETARIA DE INFRAESTRUCTURA DESARROLLO URBANO Y MOVILIDAD,374,234,140
6,06,6,SECRETARIA DE DESARROLLO ECONOMICO,246,142,104
6,06,7,SECRETARIA DE EDUCACION Y CULTURA,9379,3274,6105
6,06,8,SECRETARIA DE SALUD,3958,1646,2312
6,06,9,SECRETARIA DE SEGURIDAD PUBLICA,1643,1000,643
6,06,10,CONSEJERIA JURIDICA DEL PODER EJECUTIVO DEL ESTADO,67,34,33
6,06,11,CONTRALORIA GENERAL DEL ESTADO,48,25,23
6,06,12,SISTEMA PARA EL DESARROLLO INTEGRAL DE LA FAMILIA EN EL ESTADO DE COLIMA,495,159,336
6,06,13,INSTITUTO COLIMENSE DEL DEPORTE,168,121,47
6,06,14,INSTITUTO PARA LA ATENCION DE LOS ADULTOS MAYORES,21,10,11
6,06,15,INSTITUTO COLIMENSE DE INFRAESTRUCTURA FISICA EDUCATIVA,29,15,14
6,06,16,INSTITUTO COLIMENSE DE RADIO Y TELEVISION,63,41,22
6,06,17,CENTRO ESTATAL PARA LA PREVENCION Y ATENCION DE LA VIOLENCIA FAMILIAR,10,1,9
6,06,18,INSTITUTO COLIMENSE PARA LA DISCAPACIDAD,9,6,3
6,06,19,COMISION ESTATAL DEL AGUA DE COLIMA,12,8,4
6,06,20,INSTITUTO COLIMENSE DE LAS MUJERES,11,2,9
6,06,21,INSTITUTO COLIMENSE PARA LA SOCIEDAD DE LA INFORMACION Y EL CONOCIMIENTO,37,24,13
6,06,22,INSTITUTO PARA EL MEDIO AMBIENTE Y DESARROLLO SUSTENTABLE,29,18,11
6,06,23,INSTITUTO PARA EL REGISTRO DEL TERRITORIO DEL ESTADO DE COLIMA,57,27,30
6,06,24,PROCURADURIA DE PROTECCION DE NIÑAS NIÑOS Y ADOLESCENTES,24,10,14
6,06,25,PROTECCION CIVIL,38,34,4
6,06,26,INSTITUTO TECNICO HACENDARIO DEL ESTADO DE COLIMA,0,0,0
6,06,27,CONSEJO DE PARTICIPACION SOCIAL DEL ESTADO DE COLIMA,0,0,0
6,06,28,JUNTA DE ASISTENCIA PRIVADA,0,0,0
6,06,29,COMISION ESTATAL DE CONCILIACION Y ARBITRAJE MEDICO DE COLIMA,2,1,1
6,06,30,ORGANO DE GESTION Y CONTROL DEL PATRIMONIO DEL ESTADO DE COLIMA,0,0,0
6,06,31,INSTITUTO ESTATAL DE EDUCACION PARA ADULTOS,0,0,0
7,07,1,GUBERNATURA,42,27,15
7,07,2,SECRETARIA GENERAL DE GOBIERNO,1506,768,738
7,07,3,SECRETARIA DE HACIENDA,2269,1043,1226
7,07,4,SECRETARIA DE LA HONESTIDAD Y FUNCION PUBLICA,532,266,266
7,07,5,SECRETARIA DE IGUALDAD DE GENERO,255,100,155
7,07,6,SECRETARIA DE PROTECCION CIVIL,70,56,14
7,07,7,SECRETARIA DE OBRAS PUBLICAS,753,502,251
7,07,8,SECRETARIA DE MEDIO AMBIENTE E HISTORIA NATURAL,446,267,179
7,07,9,SECRETARIA DE ECONOMIA Y DEL TRABAJO,268,141,127
7,07,10,SECRETARIA DE BIENESTAR,152,73,79
7,07,11,SECRETARIA DE AGRICULTURA GANADERIA Y PESCA,557,345,212
7,07,12,SECRETARIA DE TURISMO,160,78,82
7,07,13,SECRETARIA PARA EL DESARROLLO SUSTENTABLE DE LOS PUEBLOS INDIGENAS,47,23,24
7,07,14,SECRETARIA DE SALUD,NSS,NSS,NSS
7,07,15,SECRETARIA DE EDUCACION,27399,13367,14032
7,07,16,SECRETARIA DE SEGURIDAD Y PROTECCION CIUDADANA,9406,6591,2815
7,07,17,SECRETARIA DE MOVILIDAD Y TRANSPORTE,158,94,64
7,07,18,COMISION ESTATAL DE BUSQUEDA DE PERSONAS,13,4,9
7,07,19,OFICIALIA MAYOR DEL ESTADO DE CHIAPAS,99,50,49
7,07,20,COORDINACION ESTATAL PARA EL MEJORAMIENTO DEL ZOOLOGICO MIGUEL ALVAREZ DEL TORO,174,102,72
7,07,21,JUNTA LOCAL DE CONCILIACION Y ARBITRAJE DEL ESTADO DE CHIAPAS,102,38,64
7,07,22,COMISION ESTATAL DE MEJORA REGULATORIA,19,6,13
7,07,23,INSTITUTO DE LA JUVENTUD DEL ESTADO DE CHIAPAS,38,21,17
7,07,24,INSTITUTO DE PROTECCION SOCIAL Y BENEFICENCIA PUBLICA DEL ESTADO DE CHIAPAS,16,7,9
7,07,25,CENTRO ESTATAL DE TRASPLANTES DEL ESTADO DE CHIAPAS,13,7,6
7,07,26,INSTITUTO DE ESTUDIOS DE POSGRADO,NSS,NSS,NSS
7,07,27,INSTITUTO ESTATAL DE EVALUACION E INNOVACION EDUCATIVA,14,5,9
7,07,28,INSTITUTO DE FORMACION POLICIAL,117,59,58
7,07,29,CENTRO ESTATAL DE PREVENCION SOCIAL DE LA VIOLENCIA Y PARTICIPACION CIUDADANA,12,4,8
7,07,30,INSTITUTO PARA LA GESTION INTEGRAL DE RIESGOS DE DESASTRES DEL ESTADO DE CHIAPAS,207,153,54
7,07,31,COMISION EJECUTIVA ESTATAL DE ATENCION A VICTIMAS PARA EL ESTADO DE CHIAPAS,14,9,5
7,07,32,INSTITUTO DEL PATRIMONIO DEL ESTADO,52,29,23
7,07,33,INSTITUTO DE BOMBEROS DEL ESTADO DE CHIAPAS,22,16,6
7,07,34,INSTITUTO ESTATAL DEL AGUA,47,28,19
7,07,35,COMISION DE CAMINOS E INFRAESTRUCTURA HIDRAULICA,537,363,174
7,07,36,PROCURADURIA AMBIENTAL DEL ESTADO DE CHIAPAS,13,9,4
7,07,37,INSTITUTO DE CAPACITACION Y VINCULACION TECNOLOGICA DEL ESTADO DE CHIAPAS,NSS,NSS,NSS
7,07,38,INSTITUTO CASA DE LAS ARTESANIAS DE CHIAPAS,90,49,41
7,07,39,CENTRO DE CONCILIACION LABORAL DEL ESTADO DE CHIAPAS,33,14,19
7,07,40,PROMOTORA DE VIVIENDA CHIAPAS,76,37,39
7,07,41,INSTITUTO DEL CAFE DE CHIAPAS,73,45,28
7,07,42,OFICINA DE CONVENCIONES Y VISITANTES,68,42,26
7,07,43,INSTITUTO DE SALUD,26232,10935,15297
7,07,44,SISTEMA PARA EL DESARROLLO INTEGRAL DE LA FAMILIA DEL ESTADO DE CHIAPAS SISTEMA DIF CHIAPAS,1201,409,792
7,07,45,COLEGIO DE BACHILLERES DE CHIAPAS,NSS,NSS,NSS
7,07,46,COLEGIO DE EDUCACION PROFESIONAL TECNICA DEL ESTADO DE CHIAPAS CONALEP CHIAPAS,NSS,NSS,NSS
7,07,47,UNIVERSIDAD TECNOLOGICA DE LA SELVA,NSS,NSS,NSS
7,07,48,COLEGIO DE ESTUDIOS CIENTIFICOS Y TECNOLOGICOS DEL ESTADO DE CHIAPAS,NSS,NSS,NSS
7,07,49,INSTITUTO CHIAPANECO DE EDUCACION PARA JOVENES Y ADULTOS,NSS,NSS,NSS
7,07,50,INSTITUTO TECNOLOGICO SUPERIOR DE CINTALAPA,NSS,NSS,NSS
7,07,51,UNIVERSIDAD POLITECNICA DE CHIAPAS,NSS,NSS,NSS
7,07,52,UNIVERSIDAD POLITECNICA DE TAPACHULA,NSS,NSS,NSS
7,07,53,UNIVERSIDAD INTERCULTURAL DE CHIAPAS,NSS,NSS,NSS
7,07,54,INSTITUTO DE LA INFRAESTRUCTURA FISICA EDUCATIVA DEL ESTADO DE CHIAPAS,151,89,62
7,07,55,CENTRO REGIONAL DE FORMACION DOCENTE E INVESTIGACION EDUCATIVA,NSS,NSS,NSS
7,07,56,TALLERES GRAFICOS DE CHIAPAS,NSS,NSS,NSS
7,07,57,SISTEMA CHIAPANECO DE RADIO TELEVISION Y CINEMATOGRAFIA,253,164,89
7,07,58,CENTRO ESTATAL DE CONTROL DE CONFIANZA CERTIFICADO DEL ESTADO DE CHIAPAS,117,44,73
7,07,59,INSTITUTO DE SEGURIDAD SOCIAL DE LOS TRABAJADORES DEL ESTADO DE CHIAPAS,1392,588,804
7,07,60,CONSEJO ESTATAL PARA LAS CULTURAS Y LAS ARTES DE CHIAPAS,547,328,219
7,07,61,COMISION ESTATAL DE CONCILIACION Y ARBITRAJE MEDICO DEL ESTADO DE CHIAPAS,15,7,8
7,07,62,SECRETARIADO EJECUTIVO DEL SISTEMA ESTATAL DE SEGURIDAD PUBLICA,80,47,33
7,07,63,INSTITUTO DE CIENCIA TECNOLOGIA E INNOVACION DEL ESTADO DE CHIAPAS,137,75,62
7,07,64,SECRETARIA EJECUTIVA DEL SISTEMA ANTICORRUPCION DEL ESTADO DE CHIAPAS,NSS,NSS,NSS
7,07,65,ARCHIVO GENERAL DEL ESTADO,20,9,11
7,07,66,CONSEJERIA JURIDICA DEL GOBERNADOR,85,45,40
7,07,67,INSTITUTO DE COMUNICACION SOCIAL Y RELACIONES PUBLICAS DEL ESTADO DE CHIAPAS,100,53,47
7,07,68,INSTITUTO DEL DEPORTE DEL ESTADO DE CHIAPAS,173,111,62
7,07,69,SOCIEDAD OPERADORA DE LA TORRE CHIAPAS SA DE CV,45,28,17
7,07,70,SOCIEDAD OPERADORA DEL AEROPUERTO INTERNACIONAL ANGEL ALBINO CORZO,NSS,NSS,NSS
8,08,1,DESPACHO DEL EJECUTIVO,23,12,11
8,08,2,COORDINACION DE COMUNICACION,76,33,43
8,08,3,COORDINACION DE RELACIONES PUBLICAS,28,9,19
8,08,4,REPRESENTACION DEL GOBIERNO DEL ESTADO DE CHIHUAHUA EN LA CIUDAD DE MEXICO,10,3,7
8,08,5,FISCALIA GENERAL DEL ESTADO,6209,3391,2818
8,08,6,SECRETARIA DE COMUNICACIONES Y OBRAS PUBLICAS,1204,1037,167
8,08,7,SECRETARIA DE COORDINACION DE GABINETE,185,94,91
8,08,8,SECRETARIA DE CULTURA,307,141,166
8,08,9,SECRETARIA DE DESARROLLO HUMANO Y BIEN COMUN,187,66,121
8,08,10,SECRETARIA DE DESARROLLO RURAL,416,311,105
8,08,11,SECRETARIA DE DESARROLLO URBANO Y ECOLOGIA,151,73,78
8,08,12,SECRETARIA DE EDUCACION Y DEPORTE,13018,4415,8603
8,08,13,SECRETARIA DE HACIENDA,2590,1115,1475
8,08,14,SECRETARIA DE INNOVACION Y DESARROLLO ECONOMICO,81,39,42
8,08,15,SECRETARIA DE LA FUNCION PUBLICA,207,89,118
8,08,16,SECRETARIA DE PUEBLOS Y COMUNIDADES INDIGENAS,122,73,49
8,08,17,SECRETARIA DE SALUD,72,28,44
8,08,18,SECRETARIA DE SEGURIDAD PUBLICA,NSS,NSS,NSS
8,08,19,SECRETARIA DE TURISMO,25,14,11
8,08,20,SECRETARIA DEL TRABAJO Y PREVISION SOCIAL,335,110,225
8,08,21,SECRETARIA GENERAL DE GOBIERNO,615,239,376
8,08,22,ADMINISTRADORA DE SERVICIOS AEROPORTUARIOS DE CHIHUAHUA,12,9,3
8,08,23,AGENCIA ESTATAL DE DESARROLLO ENERGETICO,NSS,NSS,NSS
8,08,24,CENTRO DE CONCILIACION LABORAL DEL ESTADO DE CHIHUAHUA,77,32,45
8,08,25,COLEGIO DE BACHILLERES DEL ESTADO DE CHIHUAHUA,2603,1173,1430
8,08,26,COLEGIO DE EDUCACION PROFESIONAL TECNICA DEL ESTADO DE CHIHUAHUA,885,467,418
8,08,27,COLEGIO DE ESTUDIOS CIENTIFICOS Y TECNOLOGICOS DEL ESTADO DE CHIHUAHUA,1430,699,731
8,08,28,COMISION ESTATAL DE VIVIENDA SUELO E INFRAESTRUCTURA DE CHIHUAHUA,127,69,58
8,08,29,COMISION ESTATAL PARA LA PROTECCION CONTRA RIESGOS SANITARIOS DEL ESTADO DE CHIHUAHUA,154,63,91
8,08,30,CONSEJO ESTATAL DE POBLACION,71,10,61
8,08,31,DESARROLLO INTEGRAL DE LA FAMILIA DEL ESTADO DE CHIHUAHUA,635,200,435
8,08,32,EL COLEGIO DE CHIHUAHUA,32,16,16
8,08,33,ESCUELA NORMAL SUPERIOR PROFESOR JOSE E MEDRANO R,216,116,100
8,08,34,FIDEICOMISO DE PUENTES FRONTERIZOS DE CHIHUAHUA,134,72,62
8,08,35,FIDEICOMISO ESTATAL PARA EL FOMENTO DE LAS ACTIVIDADES PRODUCTIVAS EN EL ESTADO DE CHIHUAHUA,28,15,13
8,08,36,FOMENTO Y DESARROLLO ARTESANAL DEL ESTADO DE CHIHUAHUA,30,7,23
8,08,37,INSTITUTO CHIHUAHUENSE DE EDUCACION PARA LOS ADULTOS,276,85,191
8,08,38,INSTITUTO CHIHUAHUENSE DE INFRAESTRUCTURA FISICA EDUCATIVA,74,33,41
8,08,39,INSTITUTO CHIHUAHUENSE DE LA JUVENTUD,51,20,31
8,08,40,INSTITUTO CHIHUAHUENSE DE LAS MUJERES,226,16,210
8,08,41,INSTITUTO CHIHUAHUENSE DE SALUD,5908,2126,3782
8,08,42,INSTITUTO CHIHUAHUENSE DEL DEPORTE Y CULTURA FISICA,158,93,65
8,08,43,INSTITUTO DE APOYO AL DESARROLLO TECNOLOGICO,85,48,37
8,08,44,INSTITUTO DE CAPACITACION PARA EL TRABAJO DEL ESTADO DE CHIHUAHUA,477,177,300
8,08,45,INSTITUTO DE INNOVACION Y COMPETITIVIDAD,20,12,8
8,08,46,INSTITUTO TECNOLOGICO SUPERIOR DE NUEVO CASAS GRANDES,177,109,68
8,08,47,JUNTA CENTRAL DE AGUA Y SANEAMIENTO DEL ESTADO DE CHIHUAHUA,195,125,70
8,08,48,JUNTA DE ASISTENCIA SOCIAL PRIVADA DEL ESTADO DE CHIHUAHUA,NSS,NSS,NSS
8,08,49,OPERADORA DE TRANSPORTE VIVEBUS CHIHUAHUA,161,124,37
8,08,50,PENSIONES CIVILES DEL ESTADO DE CHIHUAHUA,1265,605,660
8,08,51,PROMOTORA PARA EL DESARROLLO ECONOMICO DE CHIHUAHUA,23,16,7
8,08,52,SECRETARIA EJECUTIVA DEL SISTEMA ESTATAL ANTICORRUPCION,13,9,4
8,08,53,SERVICIOS DE SALUD DE CHIHUAHUA,8310,3173,5137
8,08,54,SERVICIOS EDUCATIVOS DEL ESTADO DE CHIHUAHUA,32220,10245,21975
8,08,55,SUBSISTEMA DE PREPARATORIA ABIERTA Y TELEBACHILLERATO DEL ESTADO DE CHIHUAHUA,718,319,399
8,08,56,UNIVERSIDAD AUTONOMA DE CHIHUAHUA,3913,2077,1836
8,08,57,UNIVERSIDAD AUTONOMA DE CIUDAD JUAREZ,2649,1439,1210
8,08,58,UNIVERSIDAD PEDAGOGICA NACIONAL DEL ESTADO DE CHIHUAHUA,275,105,170
8,08,59,UNIVERSIDAD POLITECNICA DE CHIHUAHUA,99,42,57
8,08,60,UNIVERSIDAD TECNOLOGICA DE CAMARGO,116,67,49
8,08,61,UNIVERSIDAD TECNOLOGICA DE CHIHUAHUA,433,231,202
8,08,62,UNIVERSIDAD TECNOLOGICA DE CHIHUAHUA SUR,102,40,62
8,08,63,UNIVERSIDAD TECNOLOGICA DE CIUDAD JUAREZ,NSS,NSS,NSS
8,08,64,UNIVERSIDAD TECNOLOGICA DE LA BABICORA,63,30,33
8,08,65,UNIVERSIDAD TECNOLOGICA DE LA TARAHUMARA,65,31,34
8,08,66,UNIVERSIDAD TECNOLOGICA DE PAQUIME,103,53,50
8,08,67,UNIVERSIDAD TECNOLOGICA DE PARRAL,112,69,43
8,08,68,UNIVERSIDAD TECNOLOGICA PASO DEL NORTE,83,34,49
8,08,69,FIDEICOMISO DE ADMINISTRACION PARA LA PROMOCION Y FOMENTO DE LAS ACTIVIDADES TURISTICAS DEL ESTADO,21,6,15
9,09,1,JEFATURA DE GOBIERNO DE LA CIUDAD DE MEXICO,576,265,311
9,09,2,SECRETARIA DE GOBIERNO,9434,4972,4462
9,09,3,SECRETARIA DE DESARROLLO URBANO Y VIVIENDA,739,351,388
9,09,4,SECRETARIA DE DESARROLLO ECONOMICO,551,293,258
9,09,5,SECRETARIA DE TURISMO,149,59,90
9,09,6,SECRETARIA DEL MEDIO AMBIENTE,4055,2403,1652
9,09,7,SECRETARIA DE OBRAS Y SERVICIOS,5151,3118,2033
9,09,8,SECRETARIA DE INCLUSION Y BIENESTAR SOCIAL,5050,1500,3550
9,09,9,SECRETARIA DE ADMINISTRACION Y FINANZAS,8005,3766,4239
9,09,10,SECRETARIA DE MOVILIDAD,1715,1026,689
9,09,11,SECRETARIA DE SEGURIDAD CIUDADANA,44405,31718,12687
9,09,12,SECRETARIA DE LA CONTRALORIA GENERAL,737,332,405
9,09,13,CONSEJERIA JURIDICA Y DE SERVICIOS LEGALES,4686,2121,2565
9,09,14,SECRETARIA DE SALUD,24447,9667,14780
9,09,15,SECRETARIA DE CULTURA,1389,805,584
9,09,16,SECRETARIA DE TRABAJO Y FOMENTO AL EMPLEO,600,260,340
9,09,17,SECRETARIA DE GESTION INTEGRAL DE RIESGOS Y PROTECCION CIVIL,347,201,146
9,09,18,SECRETARIA DE PUEBLOS Y BARRIOS ORIGINARIOS Y COMUNIDADES INDIGENAS RESIDENTES,164,77,87
9,09,19,SECRETARIA DE EDUCACION CIENCIA TECNOLOGIA E INNOVACION,984,507,477
9,09,20,SECRETARIA DE LAS MUJERES,721,86,635
9,09,21,CENTRO DE COMANDO CONTROL COMPUTO COMUNICACIONES Y CONTACTO CIUDADANO DE LA CIUDAD DE MEXICO,504,224,280
9,09,22,AGENCIA DIGITAL DE INNOVACION PUBLICA DE LA CIUDAD DE MEXICO,785,358,427
9,09,23,COMISION DE BUSQUEDA DE PERSONAS DE LA CIUDAD DE MEXICO,11,6,5
9,09,24,INSTANCIA EJECUTORA DEL SISTEMA INTEGRAL DE DERECHOS HUMANOS DE LA CIUDAD DE MEXICO,22,10,12
9,09,25,SISTEMA DE AGUAS DE LA CIUDAD DE MEXICO,12325,9551,2774
9,09,26,AGENCIA DE ATENCION ANIMAL DE LA CIUDAD DE MEXICO,86,34,52
9,09,27,PLANTA PRODUCTORA DE MEZCLAS ASFALTICAS,289,223,66
9,09,28,ORGANO REGULADOR DE TRANSPORTE,295,186,109
9,09,29,UNIVERSIDAD DE LA POLICIA DE LA CIUDAD DE MEXICO,372,212,160
9,09,30,AGENCIA DE PROTECCION SANITARIA DEL GOBIERNO DE LA CIUDAD DE MEXICO,81,40,41
9,09,31,UNIVERSIDAD DE LA SALUD,262,123,139
9,09,32,INSTITUTO DE ESTUDIOS SUPERIORES DE LA CIUDAD DE MEXICO ROSARIO CASTELLANOS,1100,525,575
9,09,33,SERVICIO DE MEDIOS PUBLICOS DE LA CIUDAD DE MEXICO,63,37,26
9,09,34,AUTORIDAD DEL CENTRO HISTORICO,65,41,24
9,09,35,COMISION EJECUTIVA DE ATENCION A VICTIMAS DE LA CIUDAD DE MEXICO,37,16,21
9,09,36,MECANISMO DE PROTECCION INTEGRAL DE PERSONAS DEFENSORAS DE DERECHOS HUMANOS Y PERIODISTAS DE LA CIUDAD DE MEXICO,17,6,11
9,09,37,INSTITUTO DE VIVIENDA DE LA CIUDAD DE MEXICO,608,286,322
9,09,38,PROCURADURIA AMBIENTAL Y DEL ORDENAMIENTO TERRITORIAL DE LA CIUDAD DE MEXICO,20,11,9
9,09,39,INSTITUTO LOCAL DE LA INFRAESTRUCTURA FISICA EDUCATIVA DE LA CIUDAD DE MEXICO,34,24,10
9,09,40,INSTITUTO PARA LA SEGURIDAD DE LAS CONSTRUCCIONES EN EL DISTRITO FEDERAL,63,40,23
9,09,41,SISTEMA PARA EL DESARROLLO INTEGRAL DE LA FAMILIA DE LA CIUDAD DE MEXICO,3890,1465,2425
9,09,42,CONSEJO PARA PREVENIR Y ELIMINAR LA DISCRIMINACION DE LA CIUDAD DE MEXICO,4,2,2
9,09,43,INSTITUTO DE LAS PERSONAS CON DISCAPACIDAD DE LA CIUDAD DE MEXICO,8,3,5
9,09,44,INSTITUTO DE LA JUVENTUD DE LA CIUDAD DE MEXICO,55,28,27
9,09,45,PROCURADURIA SOCIAL DEL DISTRITO FEDERAL,219,106,113
9,09,46,CAJA DE PREVISION PARA TRABAJADORES A LISTA DE RAYA DEL GOBIERNO DE LA CIUDAD DE MEXICO,61,28,33
9,09,47,CAJA DE PREVISION DE LA POLICIA AUXILIAR DE LA CIUDAD DE MEXICO,149,71,78
9,09,48,CAJA DE PREVISION DE LA POLICIA PREVENTIVA DE LA CIUDAD DE MEXICO,41,16,25
9,09,49,CORPORACION MEXICANA DE IMPRESION SA DE CV,208,120,88
9,09,50,SERVICIOS METROPOLITANOS SA DE CV,66,38,28
9,09,51,METROBUS,321,205,116
9,09,52,SISTEMA DE TRANSPORTE COLECTIVO,14342,8799,5543
9,09,53,RED DE TRANSPORTE DE PASAJEROS DE LA CIUDAD DE MEXICO,4615,4031,584
9,09,54,SERVICIO DE TRANSPORTES ELECTRICOS DE LA CIUDAD DE MEXICO,2245,2007,238
9,09,55,ESCUELA DE ADMINISTRACION PUBLICA DE LA CIUDAD DE MEXICO,24,10,14
9,09,56,INSTITUTO DE VERIFICACION ADMINISTRATIVA DE LA CIUDAD DE MEXICO,2,2,0
9,09,57,INSTITUTO PARA LA ATENCION Y PREVENCION DE LAS ADICCIONES EN LA CIUDAD DE MEXICO,72,37,35
9,09,58,SERVICIOS DE SALUD PUBLICA DEL DISTRITO FEDERAL,13291,4908,8383
9,09,59,INSTITUTO DE CAPACITACION PARA EL TRABAJO DE LA CIUDAD DE MEXICO,52,26,26
9,09,60,HEROICO CUERPO DE BOMBEROS DE LA CIUDAD DE MEXICO,2132,1699,433
9,09,61,INSTITUTO DEL DEPORTE DE LA CIUDAD DE MEXICO,211,95,116
9,09,62,INSTITUTO DE EDUCACION MEDIA SUPERIOR DEL DISTRITO FEDERAL,68,30,38
9,09,63,INSTITUTO DE PLANEACION DEMOCRATICA Y PROSPECTIVA DE LA CIUDAD DE MEXICO,53,32,21
9,09,64,FIDEICOMISO CENTRO HISTORICO DE LA CIUDAD DE MEXICO,29,13,16
9,09,65,FIDEICOMISO DE RECUPERACION CREDITICIA DE LA CIUDAD DE MEXICO,168,80,88
9,09,66,FIDEICOMISO PARA LA RECONSTRUCCION INTEGRAL DE LA CIUDAD DE MEXICO,5,3,2
9,09,67,FIDEICOMISO MUSEO DE ARTE POPULAR MEXICANO,62,40,22
9,09,68,FIDEICOMISO MUSEO DEL ESTANQUILLO,11,7,4
9,09,69,FIDEICOMISO PARA LA PROMOCION Y DESARROLLO DEL CINE MEXICANO EN LA CIUDAD DE MEXICO,4,2,2
9,09,70,FIDEICOMISO BIENESTAR EDUCATIVO DE LA CIUDAD DE MEXICO,138,61,77
9,09,71,FONDO PARA EL DESARROLLO ECONOMICO Y SOCIAL DE LA CIUDAD DE MEXICO,11,5,6
9,09,72,FONDO DE DESARROLLO ECONOMICO DEL DISTRITO FEDERAL,9,4,5
9,09,73,FONDO PARA EL DESARROLLO SOCIAL DE LA CIUDAD DE MEXICO,158,71,87
9,09,74,FONDO MIXTO DE PROMOCION TURISTICA DE LA CIUDAD DE MEXICO,22,12,10
9,09,75,CENTRO DE CONCILIACION LABORAL DE LA CIUDAD DE MEXICO,102,53,49
10,10,1,DESPACHO DEL EJECUTIVO,288,179,109
10,10,2,SECRETARIA GENERAL DE GOBIERNO,705,340,365
10,10,3,SECRETARIA DE FINANZAS Y DE ADMINISTRACION,1305,554,751
10,10,4,SECRETARIA DE COMUNICACIONES Y OBRAS PUBLICAS,430,301,129
10,10,5,SECRETARIA DE DESARROLLO ECONOMICO,75,33,42
10,10,6,SECRETARIA DE AGRICULTURA GANADERIA Y DESARROLLO RURAL,197,132,65
10,10,7,SECRETARIA DE EDUCACION,32655,13298,19357
10,10,8,SECRETARIA DE CONTRALORIA,203,81,122
10,10,9,SECRETARIA DE RECURSOS NATURALES Y MEDIO AMBIENTE,171,94,77
10,10,10,SECRETARIA DE SEGURIDAD PUBLICA,2109,1409,700
10,10,11,SECRETARIA DE BIENESTAR SOCIAL,128,58,70
10,10,12,FISCALIA GENERAL DEL ESTADO,1468,841,627
10,10,13,SECRETARIA DE TURISMO,125,70,55
10,10,14,SECRETARIA DEL TRABAJO Y PREVISION SOCIAL,172,68,104
10,10,15,SECRETARIADO EJECUTIVO DEL CONSEJO ESTATAL DE SEGURIDAD PUBLICA,32,17,15
10,10,16,INSTITUTO DE ATENCION Y PROTECCION A MIGRANTES Y SUS FAMILIAS,13,5,8
10,10,17,COMISION ESTATAL DE ATENCION INTEGRAL A VICTIMAS,35,13,22
10,10,18,DIRECCION DE TRANSPORTE AEREO DEL GOBIERNO DEL ESTADO,19,18,1
10,10,19,COMISION DE AGUAS DEL ESTADO,108,65,43
10,10,20,INSTITUTO PARA LA INFRAESTRUCTURA FISICA EDUCATIVA DEL ESTADO DE DURANGO,89,52,37
10,10,21,CENTRO CULTURAL Y DE CONVENCIONES DEL ESTADO DE DURANGO,22,15,7
10,10,22,SERVICIOS DE SALUD DEL ESTADO,8169,3512,4657
10,10,23,SISTEMA ESTATAL PARA EL DESARROLLO INTEGRAL DE LA FAMILIA,1313,447,866
10,10,24,COLEGIO DE BACHILLERES DEL ESTADO DE DURANGO,1614,732,882
10,10,25,CONSEJO DE CIENCIA Y TECNOLOGIA DEL ESTADO DE DURANGO,16,7,9
10,10,26,COLEGIO DE EDUCACION PROFESIONAL TECNICA DEL ESTADO DE DURANGO,242,145,97
10,10,27,COLEGIO DE ESTUDIOS CIENTIFICOS Y TECNOLOGICOS DEL ESTADO DE DURANGO,973,563,410
10,10,28,INSTITUTO DURANGUENSE DE EDUCACION PARA ADULTOS,227,121,106
10,10,29,INSTITUTO TECNOLOGICO SUPERIOR DE LERDO,250,142,108
10,10,30,INSTITUTO TECNOLOGICO SUPERIOR DE LA REGION DE LOS LLANOS,107,59,48
10,10,31,INSTITUTO TECNOLOGICO SUPERIOR DE SANTIAGO PAPASQUIARO,142,81,61
10,10,32,INSTITUTO DE CULTURA DEL ESTADO DE DURANGO,404,230,174
10,10,33,SISTEMA ESTATAL DE TELESECUNDARIAS,1740,1134,606
10,10,34,UNIVERSIDAD PEDAGOGICA DE DURANGO,132,73,59
10,10,35,UNIVERSIDAD POLITECNICA DE DURANGO,164,90,74
10,10,36,UNIVERSIDAD POLITECNICA DE GOMEZ PALACIO,152,87,65
10,10,37,BENEMERITA Y CENTENARIA ESCUELA NORMAL DEL ESTADO DE DURANGO,234,87,147
10,10,38,INSTITUTO TECNOLOGICO SUPERIOR DE SANTA MARIA DEL ORO,61,31,30
10,10,39,UNIVERSIDAD TECNOLOGICA DE DURANGO,267,138,129
10,10,40,UNIVERSIDAD TECNOLOGICA DE LA LAGUNA,76,36,40
10,10,41,UNIVERSIDAD TECNOLOGICA DE EL MEZQUITAL,23,11,12
10,10,42,UNIVERSIDAD TECNOLOGICA DE POANAS,73,35,38
10,10,43,UNIVERSIDAD POLITECNICA DE CUENCAME,55,33,22
10,10,44,UNIVERSIDAD TECNOLOGICA DE RODEO,51,30,21
10,10,45,UNIVERSIDAD TECNOLOGICA DE TAMAZULA,22,10,12
10,10,46,SECRETARIA EJECUTIVA DEL SISTEMA LOCAL ANTICORRUPCION,12,7,5
10,10,47,FISCALIA ESPECIALIZADA EN COMBATE A LA CORRUPCION DEL ESTADO DE DURANGO,43,26,17
10,10,48,INSTITUTO DURANGUENSE DE LA JUVENTUD,25,12,13
10,10,49,INSTITUTO ESTATAL DE LAS MUJERES,71,13,58
10,10,50,COMISION ESTATAL DE SUELO Y VIVIENDA,207,119,88
10,10,51,CENTROS DE CONCILIACION LABORAL DEL ESTADO DE DURANGO,36,13,23
10,10,52,DIRECCION DE PENSIONES DEL ESTADO DE DURANGO,147,75,72
11,11,1,OFICINA DEL GOBERNADOR,1,0,1
11,11,2,COORDINACION GENERAL DE COMUNICACION SOCIAL,104,70,34
11,11,3,OFICINA DEL SECRETARIO PARTICULAR,121,61,60
11,11,4,INSTITUTO DE PLANEACION ESTADISTICA Y GEOGRAFIA DEL ESTADO DE GUANAJUATO,31,18,13
11,11,5,JEFATURA DE GABINETE DEL PODER EJECUTIVO,50,33,17
11,11,6,UNIDAD DE TRANSPARENCIA Y ARCHIVOS DEL PODER EJECUTIVO,50,22,28
11,11,7,OFICINA DE REPRESENTACION DEL GOBIERNO DEL ESTADO DE GUANAJUATO EN LA CIUDAD DE MEXICO,11,6,5
11,11,8,COORDINACION GENERAL JURIDICA,31,18,13
11,11,9,SECRETARIA DE GOBIERNO,2166,923,1243
11,11,10,SECRETARIA DE DESARROLLO SOCIAL Y HUMANO,1437,676,761
11,11,11,SECRETARIA DE FINANZAS INVERSION Y ADMINISTRACION,699,348,351
11,11,12,SECRETARIA DE SEGURIDAD PUBLICA,7142,4800,2342
11,11,13,SECRETARIA DE DESARROLLO AGROALIMENTARIO Y RURAL,172,111,61
11,11,14,SECRETARIA DE DESARROLLO ECONOMICO SUSTENTABLE,271,128,143
11,11,15,SECRETARIA DE EDUCACION,61137,19128,42009
11,11,16,SECRETARIA DE INFRAESTRUCTURA CONECTIVIDAD Y MOVILIDAD,583,348,235
11,11,17,SECRETARIA DE TURISMO,92,41,51
11,11,18,SECRETARIA DE LA TRANSPARENCIA Y RENDICION DE CUENTAS,298,153,145
11,11,19,SECRETARIA DE MEDIO AMBIENTE Y ORDENAMIENTO TERRITORIAL,186,110,76
11,11,20,SECRETARIA DEL MIGRANTE Y ENLACE INTERNACIONAL,39,20,19
11,11,21,SERVICIO DE ADMINISTRACION TRIBUTARIA DEL ESTADO DE GUANAJUATO,888,341,547
11,11,22,SECRETARIADO EJECUTIVO DEL SISTEMA ESTATAL DE SEGURIDAD PUBLICA,65,34,31
11,11,23,COORDINACION GENERAL DE INFORMACION ESTRATEGICA,49,28,21
11,11,24,UNIDAD DE ANALISIS Y ESTRATEGIA DE SEGURIDAD CIUDADANA,2,0,2
11,11,25,SECRETARIA EJECUTIVA DEL SISTEMA DE PROTECCION DE LOS DERECHOS DE NIÑAS NIÑOS Y ADOLESCENTES,10,1,9
11,11,26,COMISION ESTATAL DE BUSQUEDA DE PERSONAS,21,10,11
11,11,27,COMISION DE DEPORTE DEL ESTADO DE GUANAJUATO,244,144,100
11,11,28,UNIDAD DE TELEVISION DE GUANAJUATO,199,124,75
11,11,29,SISTEMA ESTATAL PARA EL DESARROLLO INTEGRAL DE LA FAMILIA,478,252,226
11,11,30,COLEGIO DE ESTUDIOS CIENTIFICOS Y TECNOLOGICOS DEL ESTADO DE GUANAJUATO,2730,1277,1453
11,11,31,UNIVERSIDAD TECNOLOGICA DEL NORTE DEL ESTADO DE GUANAJUATO,283,135,148
11,11,32,MUSEO ICONOGRAFICO DEL QUIJOTE,25,12,13
11,11,33,COMISION ESTATAL DEL AGUA DE GUANAJUATO,164,112,52
11,11,34,COORDINADORA DE FOMENTO AL COMERCIO EXTERIOR,52,31,21
11,11,35,INSTITUTO ESTATAL DE LA CULTURA,375,244,131
11,11,36,UNIVERSIDAD TECNOLOGICA DE LEON,871,459,412
11,11,37,INSTITUTO TECNOLOGICO SUPERIOR DE IRAPUATO,455,281,174
11,11,38,SISTEMA AVANZADO DE BACHILLERATO Y EDUCACION SUPERIOR EN EL ESTADO DE GUANAJUATO,2037,1030,1007
11,11,39,INSTITUTO DE SALUD PUBLICA DEL ESTADO DE GUANAJUATO,23333,7804,15529
11,11,40,INSTITUTO TECNOLOGICO SUPERIOR DEL SUR DE GUANAJUATO,131,82,49
11,11,41,COMISION ESTATAL DE CONCILIACION Y ARBITRAJE MEDICO,15,8,7
11,11,42,UNIVERSIDAD TECNOLOGICA DEL SUROESTE DE GUANAJUATO,268,125,143
11,11,43,INSTITUTO PARA EL DESARROLLO Y ATENCION A LAS JUVENTUDES DEL ESTADO DE GUANAJUATO,117,60,57
11,11,44,PROCURADURIA AMBIENTAL Y DE ORDENAMIENTO TERRITORIAL DEL ESTADO DE GUANAJUATO,93,51,42
11,11,45,COLEGIO DE EDUCACION PROFESIONAL TECNICA DEL ESTADO DE GUANAJUATO,1338,649,689
11,11,46,INSTITUTO DE LA MUJER GUANAJUATENSE,81,20,61
11,11,47,INSTITUTO DE SEGURIDAD SOCIAL DEL ESTADO DE GUANAJUATO,1907,754,1153
11,11,48,ESCUELA PREPARATORIA REGIONAL DEL RINCON,81,33,48
11,11,49,INSTITUTO DE ALFABETIZACION Y EDUCACION BASICA PARA ADULTOS,700,273,427
11,11,50,UNIVERSIDAD POLITECNICA DE GUANAJUATO,364,213,151
11,11,51,FORUM CULTURAL GUANAJUATO,35,21,14
11,11,52,INSTITUTO ESTATAL DE CAPACITACION,476,242,234
11,11,53,UNIVERSIDAD VIRTUAL DEL ESTADO DE GUANAJUATO,2128,932,1196
11,11,54,CENTRO DE EVALUACION Y CONTROL DE CONFIANZA DEL ESTADO DE GUANAJUATO,142,53,89
11,11,55,INSTITUTO TECNOLOGICO SUPERIOR DE GUANAJUATO,85,33,52
11,11,56,INSTITUTO TECNOLOGICO SUPERIOR DE SALVATIERRA,111,66,45
11,11,57,UNIVERSIDAD POLITECNICA DE PENJAMO,143,80,63
11,11,58,UNIVERSIDAD POLITECNICA DE JUVENTINO ROSAS,148,90,58
11,11,59,UNIVERSIDAD POLITECNICA DEL BICENTENARIO,161,92,69
11,11,60,UNIVERSIDAD TECNOLOGICA DE SAN MIGUEL DE ALLENDE,133,66,67
11,11,61,GUANAJUATO PUERTO INTERIOR,1,1,0
11,11,62,UNIVERSIDAD TECNOLOGICA DE SALAMANCA,209,111,98
11,11,63,PARQUE AGRO TECNOLOGICO XONOTLI SA DE CV,10,8,2
11,11,64,INSTITUTO GUANAJUATENSE PARA PERSONAS CON DISCAPACIDAD,142,67,75
11,11,65,INSTITUTO TECNOLOGICO SUPERIOR DE ABASOLO,74,37,37
11,11,66,INSTITUTO TECNOLOGICO SUPERIOR DE PURISIMA DEL RINCON,150,80,70
11,11,67,UNIVERSIDAD TECNOLOGICA LAJA BAJIO,65,32,33
11,11,68,SECRETARIA EJECUTIVA DEL SISTEMA ESTATAL ANTICORRUPCION,18,10,8
11,11,69,INSTITUTO DE FORMACION EN SEGURIDAD PUBLICA DEL ESTADO,96,48,48
11,11,70,PROCURADURIA DE PROTECCION DE NIÑAS NIÑOS Y ADOLESCENTES,133,41,92
11,11,71,INSTITUTO DE INNOVACION CIENCIA Y EMPRENDIMIENTO PARA LA COMPETITIVIDAD,61,30,31
11,11,72,COMISION ESTATAL DE ATENCION INTEGRAL A VICTIMAS,22,16,6
11,11,73,CENTRO DE CONCILIACION LABORAL DEL ESTADO DE GUANAJUATO,147,74,73
11,11,74,UNIVERSIDAD INTERCULTURAL DEL ESTADO DE GUANAJUATO,1,1,0
11,11,75,FONDOS GUANAJUATO,98,52,46
11,11,76,CENTRO DE LAS ARTES,20,12,8
11,11,77,MUSEO DE ARTE E HISTORIA DE GUANAJUATO,65,41,24
11,11,78,TEATRO BICENTENARIO,37,26,11
11,11,79,PARQUE GUANAJUATO BICENTENARIO,25,12,13
12,12,1,JEFE DE LA OFICINA DEL GOBERNADOR,601,365,236
12,12,2,SECRETARIA GENERAL DE GOBIERNO,740,355,385
12,12,3,SECRETARIA DE FINANZAS Y ADMINISTRACION,13595,5751,7844
12,12,4,SECRETARIA DE EDUCACION GUERRERO,62925,25177,37748
12,12,5,SECRETARIA DE CULTURA,225,116,109
12,12,6,SECRETARIA DE SALUD,24272,9012,15260
12,12,7,SECRETARIA DE DESARROLLO URBANO OBRAS PUBLICAS Y ORDENAMIENTO TERRITORIAL,162,87,75
12,12,8,SECRETARIA DE DESARROLLO Y BIENESTAR SOCIAL,195,84,111
12,12,9,SECRETARIA DE AGRICULTURA GANADERIA PESCA Y DESARROLLO RURAL,236,146,90
12,12,10,SECRETARIA DE FOMENTO Y DESARROLLO ECONOMICO,65,37,28
12,12,11,SECRETARIA DEL TRABAJO Y PREVISION SOCIAL,480,188,292
12,12,12,SECRETARIA DE TURISMO,133,47,86
12,12,13,SECRETARIA DE MEDIO AMBIENTE Y RECURSOS NATURALES,200,98,102
12,12,14,SECRETARIA DE SEGURIDAD PUBLICA,6225,4348,1877
12,12,15,SECRETARIA DE PROTECCION CIVIL,518,428,90
12,12,16,SECRETARIA DE CONTRALORIA Y TRANSPARENCIA GUBERNAMENTAL,371,197,174
12,12,17,SECRETARIA DE LA MUJER,282,64,218
12,12,18,SECRETARIA DE PLANEACION Y DESARROLLO REGIONAL,245,133,112
12,12,19,CONSEJERIA JURIDICA DEL PODER EJECUTIVO DEL ESTADO,51,24,27
12,12,20,SECRETARIA DE ASUNTOS INDIGENAS Y AFROMEXICANOS,89,48,41
12,12,21,SECRETARIA DE LA JUVENTUD Y LA NIÑEZ,67,37,30
12,12,22,SECRETARIA DE LOS MIGRANTES Y ASUNTOS INTERNACIONALES,25,17,8
12,12,23,CONSEJO DE POLITICAS PUBLICAS,8,6,2
12,12,24,REPRESENTACION DEL PODER EJECUTIVO DEL ESTADO DE GUERRERO EN LA CIUDAD DE MEXICO,23,11,12
12,12,25,PROCURADURIA DE PROTECCION AMBIENTAL,39,24,15
12,12,26,TRIBUNAL DE CONCILIACION Y ARBITRAJE,80,33,47
12,12,27,INSTITUTO ESTATAL PARA LA EDUCACION DE JOVENES Y ADULTOS DE GUERRERO,319,170,149
12,12,28,COLEGIO DE BACHILLERES DEL ESTADO DE GUERRERO,2763,1483,1280
12,12,29,COLEGIO DE EDUCACION PROFESIONAL TECNICA DEL ESTADO DE GUERRERO,674,390,284
12,12,30,COLEGIO DE ESTUDIOS CIENTIFICOS Y TECNOLOGICOS DEL ESTADO DE GUERRERO,991,506,485
12,12,31,ESCUELA DE PARTERAS PROFESIONALES DEL ESTADO DE GUERRERO OPD,21,7,14
12,12,32,INSTITUTO DE CAPACITACION PARA EL TRABAJO DEL ESTADO DE GUERRERO,202,96,106
12,12,33,INSTITUTO DE BACHILLERATO DEL ESTADO DE GUERRERO,39,25,14
12,12,34,INSTITUTO DE BACHILLERATO INTERCULTURAL DEL ESTADO DE GUERRERO,68,30,38
12,12,35,INSTITUTO TECNOLOGICO SUPERIOR DE LA COSTA CHICA,145,85,60
12,12,36,INSTITUTO TECNOLOGICO SUPERIOR DE LA MONTAÑA,165,94,71
12,12,37,UNIVERSIDAD INTERCULTURAL DEL ESTADO DE GUERRERO,111,66,45
12,12,38,UNIVERSIDAD POLITECNICA DEL ESTADO DE GUERRERO,90,44,46
12,12,39,UNIVERSIDAD TECNOLOGICA DE ACAPULCO,106,61,45
12,12,40,UNIVERSIDAD TECNOLOGICA DE LA COSTA GRANDE DE GUERRERO,222,128,94
12,12,41,UNIVERSIDAD TECNOLOGICA DE LA REGION NORTE DE GUERRERO,209,118,91
12,12,42,UNIVERSIDAD TECNOLOGICA DEL MAR DEL ESTADO DE GUERRERO,59,34,25
12,12,43,UNIVERSIDAD TECNOLOGICA DE TIERRA CALIENTE,45,27,18
12,12,44,CONSEJO DE CIENCIA TECNOLOGIA E INNOVACION DEL ESTADO DE GUERRERO,24,12,12
12,12,45,RADIO Y TELEVISION DE GUERRERO,150,102,48
12,12,46,LA AVISPA MUSEO INTERACTIVO,37,20,17
12,12,47,ORQUESTA FILARMONICA DE ACAPULCO,114,76,38
12,12,48,INSTITUTO DEL DEPORTE DE GUERRERO,101,52,49
12,12,49,HOSPITAL DE LA MADRE Y EL NIÑO GUERRERENSE,523,158,365
12,12,50,HOSPITAL DE LA MADRE Y EL NIÑO INDIGENA GUERRERENSE,314,100,214
12,12,51,INSTITUTO ESTATAL DE CANCEROLOGIA DR ARTURO BELTRAN ORTEGA,202,81,121
12,12,52,INSTITUTO ESTATAL DE OFTALMOLOGIA,86,26,60
12,12,53,INSTITUTO DE SEGURIDAD SOCIAL DE LOS SERVIDORES PUBLICOS DEL ESTADO DE GUERRERO,351,190,161
12,12,54,INSTITUTO GUERRERENSE DE LA INFRAESTRUCTURA FISICA EDUCATIVA,119,78,41
12,12,55,ACABUS,45,25,20
12,12,56,COMISION DE INFRAESTRUCTURA CARRETERA Y AEROPORTUARIA DEL ESTADO DE GUERRERO,312,213,99
12,12,57,INSTITUTO GUERRERENSE PARA LA ATENCION INTEGRAL DE LAS PERSONAS ADULTAS MAYORES,35,17,18
12,12,58,PARQUE PAPAGAYO,177,127,50
12,12,59,SISTEMA PARA EL DESARROLLO INTEGRAL DE LA FAMILIA,746,282,464
12,12,60,CONSEJO ESTATAL DEL COCOTERO,20,13,7
12,12,61,AGROINDUSTRIAS DEL SUR,57,48,9
12,12,62,CONSEJO ESTATAL DEL CAFE,27,17,10
12,12,63,FIDEICOMISO GUERRERO INDUSTRIAL,10,5,5
12,12,64,FIDEICOMISO PARA EL DESARROLLO ECONOMICO Y SOCIAL DE ACAPULCO,87,57,30
12,12,65,FONDO DE APOYO A LA MICRO PEQUEÑA Y MEDIANA EMPRESA DEL ESTADO DE GUERRERO,13,6,7
12,12,66,INSTITUTO GUERRERENSE DEL EMPRENDEDOR OPD,18,16,2
12,12,67,FIDEICOMISO CENTRO INTERNACIONAL ACAPULCO,3,1,2
12,12,68,FIDEICOMISO PARA LA PROMOCION TURISTICA DE ACAPULCO,9,5,4
12,12,69,PROMOTORA TURISTICA DE GUERRERO,60,34,26
12,12,70,PROMOTORA Y ADMINISTRADORA DE LOS SERVICIOS DE PLAYA DE ZONA FEDERAL MARITIMO TERRESTRE DE ZIHUATANEJO,3,2,1
12,12,71,FIDEICOMISO BAHIA DE ZIHUATANEJO,73,54,19
12,12,72,INSTITUTO DE VIVIENDA Y SUELO URBANO DE GUERRERO,99,44,55
12,12,73,COMISION DE AGUA POTABLE ALCANTARILLADO Y SANEAMIENTO DEL ESTADO DE GUERRERO,205,111,94
12,12,74,INSTITUTO DE LA POLICIA AUXILIAR DEL ESTADO DE GUERRERO,1396,1225,171
12,12,75,FIDEICOMISO DE ADMINISTRACION E INVERSION DEL IMPUESTO SOBRE LA PRESTACION DE SERVICIOS DE HOSPEDAJE DE TAXCO,1,1,0
12,12,76,FIDEICOMISO PARA LA ADMINISTRACION DEL IMPUESTO SOBRE LA PRESTACION DEL SERVICIO DE HOSPEDAJE DE IXTAPA ZIHUATANEJO,0,0,0
12,12,77,PROMOTORA Y ADMINISTRADORA DE LOS SERVICIOS DE PLAYA DE ZONA FEDERAL MARITIMO TERRESTRE DE ACAPULCO,317,243,74
12,12,78,SECRETARIA EJECUTIVA DEL SISTEMA ESTATAL ANTICORRUPCION DE GUERRERO,15,5,10
12,12,79,COMISION EJECUTIVA ESTATAL DE ATENCION A VICTIMAS,54,25,29
12,12,80,CENTRO DE CONCILIACION LABORAL DEL ESTADO DE GUERRERO,38,17,21
13,13,1,OFICIALIA MAYOR,698,311,387
13,13,2,OFICINA DEL GOBERNADOR,49,24,25
13,13,3,PROCURADURIA GENERAL DE JUSTICIA,2268,1175,1093
13,13,4,SECRETARIA DE CONTRALORIA,371,188,183
13,13,5,SECRETARIA DE CULTURA,218,106,112
13,13,6,SECRETARIA DE DESARROLLO AGROPECUARIO,411,247,164
13,13,7,SECRETARIA DE DESARROLLO ECONOMICO,139,63,76
13,13,8,SECRETARIA DE DESARROLLO SOCIAL,163,76,87
13,13,9,SECRETARIA DE EDUCACION PUBLICA,149,60,89
13,13,10,SECRETARIA DE FINANZAS PUBLICAS,1048,425,623
13,13,11,SECRETARIA DE GOBIERNO,1190,567,623
13,13,12,SECRETARIA DE MEDIO AMBIENTE Y RECURSOS NATURALES,395,251,144
13,13,13,SECRETARIA DE MOVILIDAD Y TRANSPORTE,19,3,16
13,13,14,SECRETARIA DE OBRAS PUBLICAS Y ORDENAMIENTO TERRITORIAL,880,627,253
13,13,15,SECRETARIA DE SALUD,30,18,12
13,13,16,SECRETARIA DE SEGURIDAD PUBLICA,2876,2043,833
13,13,17,SECRETARIA DE TURISMO,130,67,63
13,13,18,SECRETARIA DEL TRABAJO Y PREVISION SOCIAL,226,97,129
13,13,19,SECRETARIA EJECUTIVA DE LA POLITICA PUBLICA ESTATAL,169,98,71
13,13,20,UNIDAD DE PLANEACION Y PROSPECTIVA,231,102,129
13,13,21,AGENCIA DE DESARROLLO VALLE DE PLATA,4,0,4
13,13,22,AGENCIA ESTATAL DE ENERGIA DE HIDALGO,12,5,7
13,13,23,BACHILLERATO DEL ESTADO DE HIDALGO,505,247,258
13,13,24,CENTRO DE CONCILIACION LABORAL DEL ESTADO DE HIDALGO,93,39,54
13,13,25,CENTRO DE JUSTICIA PARA MUJERES DEL ESTADO DE HIDALGO,72,19,53
13,13,26,CENTRO ESTATAL DE MAQUINARIA PARA EL DESARROLLO,35,26,9
13,13,27,CIUDAD DE LAS MUJERES,71,4,67
13,13,28,COLEGIO DE BACHILLERES DEL ESTADO DE HIDALGO,2962,1548,1414
13,13,29,COLEGIO DE EDUCACION PROFESIONAL TECNICA DEL ESTADO DE HIDALGO,370,186,184
13,13,30,COLEGIO DE ESTUDIOS CIENTIFICOS Y TECNOLOGICOS DEL ESTADO DE HIDALGO,2627,1238,1389
13,13,31,COMISION DE AGUA Y ALCANTARILLADO DE SISTEMAS INTERMUNICIPALES,1115,821,294
13,13,32,COMISION DE AGUA Y ALCANTARILLADO DEL SISTEMA VALLE DEL MEZQUITAL,52,40,12
13,13,33,COMISION ESTATAL DE BIODIVERSIDAD DE HIDALGO,8,1,7
13,13,34,COMISION ESTATAL DE VIVIENDA,79,39,40
13,13,35,COMISION ESTATAL DEL AGUA Y ALCANTARILLADO,112,64,48
13,13,36,COMISION ESTATAL PARA EL DESARROLLO SOSTENIBLE DE LOS PUEBLOS INDIGENAS CEDSPI,61,42,19
13,13,37,CONSEJO DE CIENCIA TECNOLOGIA E INNOVACION DE HIDALGO CITNOVA,33,20,13
13,13,38,CONSEJO EJECUTIVO DEL COMPLEJO CIENTIFICO Y TECNOLOGICO SINCROTRON EN EL ESTADO DE HIDALGO,1,1,0
13,13,39,CONSEJO ESTATAL PARA LA CULTURA Y LAS ARTES DE HIDALGO,194,116,78
13,13,40,COORDINACION GENERAL DEL DISTRITO DE EDUCACION SALUD CIENCIA TECNOLOGIA E INNOVACION,18,9,9
13,13,41,CORPORACION DE FOMENTO DE INFRAESTRUCTURA INDUSTRIAL,37,23,14
13,13,42,CORPORACION INTERNACIONAL HIDALGO,16,8,8
13,13,43,EL COLEGIO DEL ESTADO DE HIDALGO,28,14,14
13,13,44,ESCUELA DE MUSICA DEL ESTADO DE HIDALGO,79,50,29
13,13,45,INSTITUTO CATASTRAL DEL ESTADO DE HIDALGO,34,22,12
13,13,46,INSTITUTO DE CAPACITACION PARA EL TRABAJO DEL ESTADO DE HIDALGO,251,136,115
13,13,47,INSTITUTO DE VIVIENDA DESARROLLO URBANO Y ASENTAMIENTOS HUMANOS,4,3,1
13,13,48,INSTITUTO HIDALGUENSE A LA INFRAESTRUCTURA FISICA EDUCATIVA,113,67,46
13,13,49,INSTITUTO HIDALGUENSE DE COMPETITIVIDAD EMPRESARIAL,28,12,16
13,13,50,INSTITUTO HIDALGUENSE DE EDUCACION,43346,15459,27887
13,13,51,INSTITUTO HIDALGUENSE DE EDUCACION PARA ADULTOS,266,108,158
13,13,52,INSTITUTO HIDALGUENSE DE FINANCIAMIENTO A LA EDUCACION SUPERIOR,12,7,5
13,13,53,INSTITUTO HIDALGUENSE DE LA JUVENTUD,17,5,12
13,13,54,INSTITUTO HIDALGUENSE DE LAS MUJERES,66,17,49
13,13,55,INSTITUTO HIDALGUENSE DEL DEPORTE,196,130,66
13,13,56,INSTITUTO HIDALGUENSE PARA EL DESARROLLO MUNICIPAL,27,8,19
13,13,57,INSTITUTO PARA LA ATENCION DE LAS Y LOS ADULTOS MAYORES DEL ESTADO DE HIDALGO,157,53,104
13,13,58,INSTITUTO TECNOLOGICO SUPERIOR DE HUICHAPAN,186,106,80
13,13,59,INSTITUTO TECNOLOGICO SUPERIOR DE OCCIDENTE DEL ESTADO DE HIDALGO,260,129,131
13,13,60,INSTITUTO TECNOLOGICO SUPERIOR DE ORIENTE DEL ESTADO DE HIDALGO,218,100,118
13,13,61,MUSEO INTERACTIVO PARA LA NIÑEZ Y LA JUVENTUD HIDALGUENSE EL REHILETE,147,71,76
13,13,62,OPERADORA DE EVENTOS DEL ESTADO DE HIDALGO,69,44,25
13,13,63,POLICIA INDUSTRIAL BANCARIA DEL ESTADO DE HIDALGO,2269,1625,644
13,13,64,RADIO Y TELEVISION DE HIDALGO,248,141,107
13,13,65,SECRETARIA TECNICA DEL SISTEMA ESTATAL ANTICORRUPCION DE HIDALGO,6,5,1
13,13,66,SERVICIOS DE SALUD DE HIDALGO,15779,5164,10615
13,13,67,SISTEMA DE TRANSPORTE CONVENCIONAL DE HIDALGO,116,59,57
13,13,68,SISTEMA INTEGRADO DE TRANSPORTE MASIVO DE HIDALGO,98,60,38
13,13,69,SISTEMA PARA EL DESARROLLO INTEGRAL DE LA FAMILIA DEL ESTADO DE HIDALGO,2226,660,1566
13,13,70,UNIVERSIDAD DIGITAL DEL ESTADO DE HIDALGO,22,12,10
13,13,71,UNIVERSIDAD INTERCULTURAL DEL ESTADO DE HIDALGO,71,36,35
13,13,72,UNIVERSIDAD POLITECNICA DE FRANCISCO I MADERO,248,132,116
13,13,73,UNIVERSIDAD POLITECNICA DE HUEJUTLA,111,54,57
13,13,74,UNIVERSIDAD POLITECNICA DE LA ENERGIA,88,47,41
13,13,75,UNIVERSIDAD POLITECNICA DE PACHUCA,469,240,229
13,13,76,UNIVERSIDAD POLITECNICA DE TULANCINGO,298,156,142
13,13,77,UNIVERSIDAD POLITECNICA METROPOLITANA DE HIDALGO,268,161,107
13,13,78,UNIVERSIDAD TECNOLOGICA DE LA HUASTECA HIDALGUENSE,260,131,129
13,13,79,UNIVERSIDAD TECNOLOGICA DE LA SIERRA HIDALGUENSE,202,104,98
13,13,80,UNIVERSIDAD TECNOLOGICA DE LA ZONA METROPOLITANA DEL VALLE DE MEXICO,98,59,39
13,13,81,UNIVERSIDAD TECNOLOGICA DE MINERAL DE LA REFORMA,68,26,42
13,13,82,UNIVERSIDAD TECNOLOGICA DE TULANCINGO,254,110,144
13,13,83,UNIVERSIDAD TECNOLOGICA DE TULA TEPEJI,497,230,267
13,13,84,UNIVERSIDAD TECNOLOGICA DEL VALLE DEL MEZQUITAL,285,153,132
13,13,85,UNIVERSIDAD TECNOLOGICA MINERA DE ZIMAPAN,48,22,26
14,14,1,CONSEJERIA JURIDICA DEL PODER EJECUTIVO DEL ESTADO,44,23,21
14,14,2,CONSEJO CIUDADANO DE SEGURIDAD,10,4,6
14,14,3,CONTRALORIA DEL ESTADO,386,201,185
14,14,4,COORDINACION GENERAL ESTRATEGICA DE CRECIMIENTO Y DESARROLLO ECONOMICO,13,7,6
14,14,5,COORDINACION GENERAL ESTRATEGICA DE DESARROLLO SOCIAL,19,7,12
14,14,6,COORDINACION GENERAL ESTRATEGICA DE GESTION DEL TERRITORIO,11,3,8
14,14,7,COORDINACION GENERAL ESTRATEGICA DE SEGURIDAD,26,15,11
14,14,8,DESPACHO DEL GOBERNADOR Y UNIDADES AUXILIARES DEL GOBERNADOR,160,109,51
14,14,9,FISCALIA ESPECIALIZADA EN COMBATE A LA CORRUPCION,104,62,42
14,14,10,FISCALIA DEL ESTADO,4483,2431,2052
14,14,11,JEFATURA DE GABINETE,56,32,24
14,14,12,PROCURADURIA SOCIAL,387,185,202
14,14,13,SECRETARIA DE ADMINISTRACION,633,373,260
14,14,14,SECRETARIA DE AGRICULTURA Y DESARROLLO RURAL,239,150,89
14,14,15,SECRETARIA DE CULTURA,741,271,470
14,14,16,SECRETARIA DE DESARROLLO ECONOMICO,157,60,97
14,14,17,SECRETARIA DE EDUCACION,80987,27829,53158
14,14,18,SECRETARIA DE IGUALDAD SUSTANTIVA ENTRE MUJERES Y HOMBRES,376,92,284
14,14,19,SECRETARIA DE INFRAESTRUCTURA Y OBRA PUBLICA,831,605,226
14,14,20,SECRETARIA DE INNOVACION CIENCIA Y TECNOLOGIA,118,56,62
14,14,21,SECRETARIA DE LA HACIENDA PUBLICA,1601,706,895
14,14,22,SECRETARIA DE MEDIO AMBIENTE Y DESARROLLO TERRITORIAL,297,171,126
14,14,23,SECRETARIA DE PLANEACION Y PARTICIPACION CIUDADANA,127,57,70
14,14,24,SECRETARIA DE SALUD,302,131,171
14,14,25,SECRETARIA DE SEGURIDAD,8073,5095,2978
14,14,26,SECRETARIA DE TRABAJO Y PREVISION SOCIAL,655,333,322
14,14,27,SECRETARIA DE TRANSPORTE,943,488,455
14,14,28,SECRETARIA DE TURISMO,102,47,55
14,14,29,SECRETARIA DEL SISTEMA DE ASISTENCIA SOCIAL,381,195,186
14,14,30,SECRETARIA GENERAL DE GOBIERNO,1109,525,584
14,14,31,UNIDAD DE ENLACE FEDERAL Y ASUNTOS INTERNACIONALES,NSS,NSS,NSS
14,14,32,AGENCIA DE ENERGIA,13,6,7
14,14,33,AGENCIA DE SANIDAD INOCUIDAD Y CALIDAD AGROALIMENTARIA DE JALISCO,61,33,28
14,14,34,AGENCIA ESTATAL DE ENTRETENIMIENTO DE JALISCO,863,330,533
14,14,35,AGENCIA METROPOLITANA DE SERVICIOS DE INFRAESTRUCTURA PARA LA MOVILIDAD DEL AREA METROPOLITANA DE GUADALAJARA,NSS,NSS,NSS
14,14,36,AGENCIA PARA EL DESARROLLO DE INDUSTRIAS CREATIVAS Y DIGITALES DEL ESTADO DE JALISCO,17,7,10
14,14,37,BOSQUE LA PRIMAVERA,50,41,9
14,14,38,CENTRO DE CONCILIACION LABORAL,122,64,58
14,14,39,CENTRO DE COORDINACION COMANDO CONTROL COMUNICACIONES Y COMPUTO DEL ESTADO DE JALISCO,391,209,182
14,14,40,COLEGIO DE BACHILLERES DEL ESTADO DE JALISCO,2002,1122,880
14,14,41,COLEGIO DE EDUCACION PROFESIONAL TECNICA DEL ESTADO DE JALISCO,1305,631,674
14,14,42,COLEGIO DE ESTUDIOS CIENTIFICOS Y TECNOLOGICOS DEL ESTADO DE JALISCO,1769,950,819
14,14,43,COMISION DE ARBITRAJE MEDICO DEL ESTADO DE JALISCO,17,9,8
14,14,44,COMISION ESTATAL DEL AGUA DE JALISCO,494,381,113
14,14,45,COMISION ESTATAL INDIGENA,NSS,NSS,NSS
14,14,46,CONSEJO DE COORDINACION PARA LA IMPLEMENTACION DEL NUEVO SISTEMA DE JUSTICIA PENAL,10,6,4
14,14,47,CONSEJO ESTATAL DE CIENCIA Y TECNOLOGIA DE JALISCO,54,31,23
14,14,48,CONSEJO ESTATAL DE SEGURIDAD PUBLICA,240,79,161
14,14,49,CONSEJO ESTATAL PARA EL FOMENTO DEPORTIVO DEL ESTADO DE JALISCO,1100,673,427
14,14,50,ESCUELA DE CONSERVACION Y RESTAURACION DE OCCIDENTE,55,24,31
14,14,51,FIDEICOMISO MAESTRO CIUDAD CREATIVA DIGITAL,3,0,3
14,14,52,FIDEICOMISO PARA LA ADMINISTRACION DEL PROGRAMA DE DESARROLLO FORESTAL DEL ESTADO DE JALISCO,16,7,9
14,14,53,FONDO JALISCO DE FOMENTO EMPRESARIAL,66,27,39
14,14,54,HOGAR CABAÑAS,256,61,195
14,14,55,HOSPITAL CIVIL DE GUADALAJARA,7691,2967,4724
14,14,56,INDUSTRIA JALISCIENSE DE REHABILITACION SOCIAL,25,17,8
14,14,57,INSTITUTO DE FORMACION PARA EL TRABAJO DEL ESTADO DE JALISCO,719,330,389
14,14,58,INSTITUTO DE INFORMACION ESTADISTICA Y GEOGRAFICA DEL ESTADO DE JALISCO,79,38,41
14,14,59,INSTITUTO DE LA INFRAESTRUCTURA FISICA EDUCATIVA DEL ESTADO DE JALISCO,113,62,51
14,14,60,INSTITUTO DE PENSIONES DEL ESTADO DE JALISCO,851,437,414
14,14,61,INSTITUTO ESTATAL PARA LA EDUCACION DE JOVENES Y ADULTOS,285,101,184
14,14,62,INSTITUTO JALISCIENSE DE CANCEROLOGIA,297,107,190
14,14,63,INSTITUTO JALISCIENSE DE CIENCIAS FORENSES,601,305,296
14,14,64,INSTITUTO JALISCIENSE DE LA VIVIENDA,64,36,28
14,14,65,INSTITUTO METROPOLITANO DE PLANEACION DEL AREA METROPOLITANA DE GUADALAJARA,74,39,35
14,14,66,INSTITUTO TECNOLOGICO JOSE MARIO MOLINA PASQUEL Y HENRIQUEZ,1709,1035,674
14,14,67,MUSEO CABAÑAS,91,50,41
14,14,68,PLATAFORMA ABIERTA DE INNOVACION Y DESARROLLO DE JALISCO,157,74,83
14,14,69,PROCURADURIA DE DESARROLLO URBANO,50,28,22
14,14,70,RED DE CENTROS DE JUSTICIA,292,66,226
14,14,71,SECRETARIA DE GESTION INTEGRAL DEL AGUA,6,6,0
14,14,72,SECRETARIA EJECUTIVA DEL SISTEMA ESTATAL ANTICORRUPCION,55,26,29
14,14,73,SERVICIOS DE SALUD JALISCO,21605,7559,14046
14,14,74,SISTEMA DE TREN ELECTRICO URBANO,1436,1067,369
14,14,75,SISTEMA INTERMUNICIPAL DE LOS SERVICIOS DE AGUA POTABLE Y ALCANTARILLADO,2830,2342,488
14,14,76,SISTEMA JALISCIENSE DE RADIO Y TELEVISION,176,110,66
14,14,77,SISTEMA PARA EL DESARROLLO INTEGRAL DE LA FAMILIA JALISCO,1523,532,991
14,14,78,UNIDAD ESTATAL DE PROTECCION CIVIL Y BOMBEROS,309,253,56
14,14,79,UNIVERSIDAD POLITECNICA DE LA ZONA METROPOLITANA DE GUADALAJARA,85,56,29
14,14,80,UNIVERSIDAD TECNOLOGICA DE JALISCO,417,235,182
14,14,81,UNIVERSIDAD TECNOLOGICA DE LA ZONA METROPOLITANA DE GUADALAJARA,96,48,48
15,15,1,GUBERNATURA,35,18,17
15,15,2,SECRETARIA GENERAL DE GOBIERNO,1510,907,603
15,15,3,SECRETARIA DE FINANZAS,3697,1899,1798
15,15,4,SECRETARIA DEL TRABAJO,413,181,232
15,15,5,SECRETARIA DE EDUCACION,121300,34205,87095
15,15,6,SECRETARIA DEL CAMPO,924,587,337
15,15,7,SECRETARIA DE DESARROLLO ECONOMICO,212,114,98
15,15,8,SECRETARIA DE LA CONTRALORIA,570,289,281
15,15,9,SECRETARIA DEL MEDIO AMBIENTE,527,289,238
15,15,10,COORDINACION GENERAL DE COMUNICACION SOCIAL,180,98,82
15,15,11,SECRETARIA DE DESARROLLO SOCIAL,1191,578,613
15,15,12,SECRETARIA DE SALUD,70,30,40
15,15,13,SECRETARIA DE MOVILIDAD,766,397,369
15,15,14,SECRETARIA DE DESARROLLO URBANO Y OBRA,850,450,400
15,15,15,SECRETARIA DE CULTURA Y TURISMO,1559,850,709
15,15,16,SECRETARIA DE SEGURIDAD,25639,18689,6950
15,15,17,SECRETARIA DE JUSTICIA Y DERECHOS HUMANOS,1534,726,808
15,15,18,SECRETARIA DE LAS MUJERES,734,246,488
15,15,19,SISTEMA MEXIQUENSE DE MEDIOS PUBLICOS,860,539,321
15,15,20,SISTEMA PARA EL DESARROLLO INTEGRAL DE LA FAMILIA DEL ESTADO DE MEXICO,1969,767,1202
15,15,21,SECRETARIA EJECUTIVA DEL SISTEMA ANTICORRUPCION,93,53,40
15,15,22,INSTITUTO MEXIQUENSE DE LA PIROTECNIA,43,26,17
15,15,23,CONSEJO MEXIQUENSE DE CIENCIA Y TECNOLOGIA,60,33,27
15,15,24,COMITE DE PLANEACION PARA EL DESARROLLO DEL ESTADO DE MEXICO,31,19,12
15,15,25,INSTITUTO DE INFORMACION E INVESTIGACION GEOGRAFICA ESTADISTICA Y CATASTRAL DEL ESTADO DE MEXICO,182,108,74
15,15,26,INSTITUTO DE SEGURIDAD SOCIAL DEL ESTADO DE MEXICO Y MUNICIPIOS,11484,4052,7432
15,15,27,INSTITUTO DE ADMINISTRACION PUBLICA DEL ESTADO DE MEXICO,45,24,21
15,15,28,INSTITUTO HACENDARIO DEL ESTADO DE MEXICO,71,39,32
15,15,29,FIDEICOMISO PUBLICO PARA LA CONSTRUCCION DE CENTROS PREVENTIVOS Y DE READAPTACION SOCIAL EN EL ESTADO DE MEXICO,6,2,4
15,15,30,JUNTA LOCAL DE CONCILIACION Y ARBITRAJE VALLE DE TOLUCA,107,38,69
15,15,31,JUNTA LOCAL DE CONCILIACION Y ARBITRAJE VALLE CUAUTITLAN TEXCOCO,228,68,160
15,15,32,TRIBUNAL ESTATAL DE CONCILIACION Y ARBITRAJE,69,24,45
15,15,33,INSTITUTO DE CAPACITACION Y ADIESTRAMIENTO PARA EL TRABAJO INDUSTRIAL,1122,552,570
15,15,34,CENTRO DE CONCILIACION LABORAL DEL ESTADO DE MEXICO,165,68,97
15,15,35,CENTRO REGIONAL DE FORMACION DOCENTE E INVESTIGACION EDUCATIVA,40,24,16
15,15,36,COLEGIO DE BACHILLERES DEL ESTADO DE MEXICO,3132,1433,1699
15,15,37,COLEGIO DE EDUCACION PROFESIONAL TECNICA DEL ESTADO DE MEXICO,3884,1790,2094
15,15,38,COLEGIO DE ESTUDIOS CIENTIFICOS Y TECNOLOGICOS DEL ESTADO DE MEXICO,3199,1467,1732
15,15,39,INSTITUTO MEXIQUENSE DE LA INFRAESTRUCTURA FISICA EDUCATIVA,305,180,125
15,15,40,SERVICIOS EDUCATIVOS INTEGRADOS AL ESTADO DE MEXICO,72206,25604,46602
15,15,41,TECNOLOGICO DE ESTUDIOS SUPERIORES DE CHALCO,183,101,82
15,15,42,TECNOLOGICO DE ESTUDIOS SUPERIORES DE CHICOLOAPAN,62,33,29
15,15,43,TECNOLOGICO DE ESTUDIOS SUPERIORES DE CHIMALHUACAN,291,162,129
15,15,44,TECNOLOGICO DE ESTUDIOS SUPERIORES DE COACALCO,379,192,187
15,15,45,TECNOLOGICO DE ESTUDIOS SUPERIORES DE CUAUTITLAN IZCALLI,368,200,168
15,15,46,TECNOLOGICO DE ESTUDIOS SUPERIORES DE ECATEPEC,556,312,244
15,15,47,TECNOLOGICO DE ESTUDIOS SUPERIORES DE HUIXQUILUCAN,187,113,74
15,15,48,TECNOLOGICO DE ESTUDIOS SUPERIORES DE IXTAPALUCA,219,114,105
15,15,49,TECNOLOGICO DE ESTUDIOS SUPERIORES DE JILOTEPEC,158,79,79
15,15,50,TECNOLOGICO DE ESTUDIOS SUPERIORES DE JOCOTITLAN,252,134,118
15,15,51,TECNOLOGICO DE ESTUDIOS SUPERIORES DE SAN FELIPE DEL PROGRESO,151,79,72
15,15,52,TECNOLOGICO DE ESTUDIOS SUPERIORES DE TIANGUISTENCO,218,107,111
15,15,53,TECNOLOGICO DE ESTUDIOS SUPERIORES DE VALLE DE BRAVO,190,94,96
15,15,54,TECNOLOGICO DE ESTUDIOS SUPERIORES DE VILLA GUERRERO,186,95,91
15,15,55,TECNOLOGICO DE ESTUDIOS SUPERIORES DEL ORIENTE DEL ESTADO DE MEXICO,313,195,118
15,15,56,UNIVERSIDAD DIGITAL DEL ESTADO DE MEXICO,311,136,175
15,15,57,UNIVERSIDAD ESTATAL DEL VALLE DE ECATEPEC,265,106,159
15,15,58,UNIVERSIDAD ESTATAL DEL VALLE DE TOLUCA,170,66,104
15,15,59,UNIVERSIDAD INTERCULTURAL DEL ESTADO DE MEXICO,281,115,166
15,15,60,UNIVERSIDAD MEXIQUENSE DEL BICENTENARIO,1288,594,694
15,15,61,UNIVERSIDAD POLITECNICA DE ATLACOMULCO,62,32,30
15,15,62,UNIVERSIDAD POLITECNICA DE ATLAUTLA,66,33,33
15,15,63,UNIVERSIDAD POLITECNICA DE CHIMALHUACAN,50,23,27
15,15,64,UNIVERSIDAD POLITECNICA DE CUAUTITLAN IZCALLI,92,52,40
15,15,65,UNIVERSIDAD POLITECNICA DE OTZOLOTEPEC,67,28,39
15,15,66,UNIVERSIDAD POLITECNICA DE TECAMAC,178,86,92
15,15,67,UNIVERSIDAD POLITECNICA DE TEXCOCO,112,68,44
15,15,68,UNIVERSIDAD POLITECNICA DEL VALLE DE MEXICO,361,184,177
15,15,69,UNIVERSIDAD POLITECNICA DEL VALLE DE TOLUCA,243,113,130
15,15,70,UNIVERSIDAD TECNOLOGICA DE NEZAHUALCOYOTL,541,295,246
15,15,71,UNIVERSIDAD TECNOLOGICA DE TECAMAC,483,244,239
15,15,72,UNIVERSIDAD TECNOLOGICA DE ZINACANTEPEC,59,23,36
15,15,73,UNIVERSIDAD TECNOLOGICA DEL SUR DEL ESTADO DE MEXICO,172,94,78
15,15,74,UNIVERSIDAD TECNOLOGICA DEL VALLE DE TOLUCA,571,299,272
15,15,75,UNIVERSIDAD TECNOLOGICA FIDEL VELAZQUEZ,548,248,300
15,15,76,INSTITUTO DE FORMACION CONTINUA PROFESIONALIZACION E INVESTIGACION DEL MAGISTERIO DEL ESTADO DE MEXICO,15,8,7
15,15,77,INSTITUTO DE INVESTIGACION Y CAPACITACION AGROPECUARIA ACUICOLA Y FORESTAL DEL ESTADO DE MEXICO,199,120,79
15,15,78,PROTECTORA DE BOSQUES DEL ESTADO DE MEXICO,780,543,237
15,15,79,FIDEICOMISO PARA EL DESARROLLO DE PARQUES Y ZONAS INDUSTRIALES EN EL ESTADO DE MEXICO,38,24,14
15,15,80,INSTITUTO DE FOMENTO MINERO Y ESTUDIOS GEOLOGICOS DEL ESTADO DE MEXICO,14,10,4
15,15,81,INSTITUTO MEXIQUENSE DEL EMPRENDEDOR,65,35,30
15,15,82,COMISION ESTATAL DE PARQUES NATURALES Y DE LA FAUNA,336,244,92
15,15,83,RECICLAGUA AMBIENTAL SOCIEDAD ANONIMA DE CAPITAL VARIABLE,88,68,20
15,15,84,PROCURADURIA DE PROTECCION AL AMBIENTE DEL ESTADO DE MEXICO,76,41,35
15,15,85,INSTITUTO ESTATAL DE ENERGIA Y CAMBIO CLIMATICO,48,25,23
15,15,86,CONSEJO DE INVESTIGACION Y EVALUACION DE LA POLITICA SOCIAL,16,6,10
15,15,87,CONSEJO ESTATAL PARA EL DESARROLLO INTEGRAL DE LOS PUEBLOS INDIGENAS DEL ESTADO DE MEXICO,44,24,20
15,15,88,INSTITUTO MEXIQUENSE DE LA JUVENTUD,45,26,19
15,15,89,JUNTA DE ASISTENCIA PRIVADA DEL ESTADO DE MEXICO,29,13,16
15,15,90,BANCO DE TEJIDOS DEL ESTADO DE MEXICO,25,13,12
15,15,91,COMISION DE CONCILIACION Y ARBITRAJE MEDICO DEL ESTADO DE MEXICO,54,27,27
15,15,92,INSTITUTO DE SALUD DEL ESTADO DE MEXICO,48143,17168,30975
15,15,93,HOSPITAL REGIONAL DE ALTA ESPECIALIDAD DE ZUMPANGO,754,281,473
15,15,94,INSTITUTO MATERNO INFANTIL DEL ESTADO DE MEXICO,1709,507,1202
15,15,95,INSTITUTO MEXIQUENSE PARA LA PROTECCION E INTEGRACION AL DESARROLLO DE LAS PERSONAS CON DISCAPACIDAD,11,6,5
15,15,96,JUNTA DE CAMINOS DEL ESTADO DE MEXICO,764,589,175
15,15,97,SISTEMA DE AUTOPISTAS AEROPUERTOS SERVICIOS CONEXOS Y AUXILIARES DEL ESTADO DE MEXICO,80,41,39
15,15,98,SISTEMA DE TRANSPORTE MASIVO Y TELEFERICO DEL ESTADO DE MEXICO,82,58,24
15,15,99,INSTITUTO MEXIQUENSE DE LA VIVIENDA SOCIAL,739,371,368
15,15,100,COMISION DEL AGUA DEL ESTADO DE MEXICO,1527,1097,430
15,15,101,COMISION TECNICA DEL AGUA DEL ESTADO DE MEXICO,16,10,6
15,15,102,INSTITUTO DE INVESTIGACION Y FOMENTO DE LAS ARTESANIAS DEL ESTADO DE MEXICO,61,32,29
15,15,103,UNIVERSIDAD MEXIQUENSE DE SEGURIDAD,533,330,203
15,15,104,CENTRO DE CONTROL DE CONFIANZA DEL ESTADO DE MEXICO,349,109,240
15,15,105,UNIDAD DE ASUNTOS INTERNOS,122,51,71
15,15,106,INSTITUTO DE LA FUNCION REGISTRAL DEL ESTADO DE MEXICO,549,231,318
16,16,1,EJECUTIVO DEL ESTADO,515,243,272
16,16,2,SECRETARIA DE GOBIERNO,1271,542,729
16,16,3,SECRETARIA DE FINANZAS Y ADMINISTRACION,2303,1103,1200
16,16,4,SECRETARIA DE COMUNICACIONES Y OBRAS PUBLICAS,618,405,213
16,16,5,SECRETARIA DE DESARROLLO RURAL Y AGROALIMENTARIO,493,271,222
16,16,6,SECRETARIA DE DESARROLLO ECONOMICO,306,115,191
16,16,7,SECRETARIA DE TURISMO,141,56,85
16,16,8,SECRETARIA DE EDUCACION,29229,13692,15537
16,16,9,SECRETARIA DEL MIGRANTE,68,31,37
16,16,10,SECRETARIA DE SEGURIDAD PUBLICA,7823,5232,2591
16,16,11,SECRETARIA DE SALUD,16600,5960,10640
16,16,12,SECRETARIA DE CONTRALORIA,354,156,198
16,16,13,SECRETARIA DEL BIENESTAR,158,53,105
16,16,14,SECRETARIA DE CULTURA,477,215,262
16,16,15,SECRETARIA DE IGUALDAD SUSTANTIVA Y DESARROLLO DE LAS MUJERES MICHOACANAS,69,15,54
16,16,16,SECRETARIA DE DESARROLLO URBANO Y MOVILIDAD,163,80,83
16,16,17,SECRETARIA DE MEDIO AMBIENTE,148,73,75
16,16,18,PROCURADURIA DE PROTECCION AL AMBIENTE DEL ESTADO DE MICHOACAN DE OCAMPO,26,14,12
16,16,19,COMISION COORDINADORA DEL TRANSPORTE PUBLICO,158,84,74
16,16,20,COORDINACION DEL SISTEMA PENITENCIARIO DEL ESTADO DE MICHOACAN DE OCAMPO,3359,2001,1358
16,16,21,INSTITUTO REGISTRAL Y CATASTRAL DEL ESTADO DE MICHOACAN DE OCAMPO,397,177,220
16,16,22,CENTRO ESTATAL PARA EL DESARROLLO MUNICIPAL,43,22,21
16,16,23,INSTITUTO DEL ARTESANO MICHOACANO,103,36,67
16,16,24,SECRETARIADO EJECUTIVO DEL SISTEMA ESTATAL DE SEGURIDAD PUBLICA,66,30,36
16,16,25,COMISION ESTATAL DE CULTURA FISICA Y DEPORTE,127,73,54
16,16,26,SISTEMA MICHOACANO DE RADIO Y TELEVISION,179,109,70
16,16,27,CENTRO DE CONVENCIONES DE MORELIA,73,43,30
16,16,28,PARQUE ZOOLOGICO BENITO JUAREZ,142,106,36
16,16,29,SISTEMA PARA EL DESARROLLO INTEGRAL DE LA FAMILIA MICHOACANA,969,278,691
16,16,30,UNIVERSIDAD VIRTUAL DEL ESTADO DE MICHOACAN,91,41,50
16,16,31,TELEBACHILLERATO MICHOACAN,798,400,398
16,16,32,INSTITUTO DE VIVIENDA DEL ESTADO DE MICHOACAN,82,40,42
16,16,33,COMISION FORESTAL DEL ESTADO,258,148,110
16,16,34,COMISION DE PESCA DEL ESTADO DE MICHOACAN,152,114,38
16,16,35,COLEGIO DE BACHILLERES DEL ESTADO DE MICHOACAN,3761,2111,1650
16,16,36,COLEGIO DE EDUCACION PROFESIONAL TECNICA DEL ESTADO DE MICHOACAN,808,346,462
16,16,37,UNIVERSIDAD TECNOLOGICA DE MORELIA,223,124,99
16,16,38,COLEGIO DE ESTUDIOS CIENTIFICOS Y TECNOLOGICOS DEL ESTADO DE MICHOACAN,2346,1259,1087
16,16,39,INSTITUTO DE CAPACITACION PARA EL TRABAJO DEL ESTADO DE MICHOACAN,921,411,510
16,16,40,UNIVERSIDAD DE LA CIENEGA DEL ESTADO DE MICHOACAN DE OCAMPO,151,87,64
16,16,41,CENTRO ESTATAL DE CERTIFICACION ACREDITACION Y CONTROL DE CONFIANZA,8,4,4
16,16,42,UNIVERSIDAD INTERCULTURAL INDIGENA,264,156,108
16,16,43,COMISION ESTATAL DE ARBITRAJE MEDICO DE MICHOACAN,16,8,8
16,16,44,JUNTA DE ASISTENCIA PRIVADA DEL ESTADO DE MICHOACAN DE OCAMPO,25,10,15
16,16,45,COMISION ESTATAL PARA EL DESARROLLO DE PUEBLOS INDIGENAS,47,26,21
16,16,46,COORDINACION DE PLANEACION PARA EL DESARROLLO DEL ESTADO DE MICHOACAN,140,58,82
16,16,47,COMISION ESTATAL DEL AGUA Y GESTION DE CUENCAS,170,87,83
16,16,48,COMITE DE ADQUISICIONES DEL PODER EJECUTIVO,56,25,31
16,16,49,UNIVERSIDAD POLITECNICA DE URUAPAN,24,13,11
16,16,50,UNIVERSIDAD POLITECNICA DE LAZARO CARDENAS,NSS,NSS,NSS
16,16,51,INSTITUTO DE DEFENSORIA PUBLICA DEL ESTADO DE MICHOACAN,205,112,93
16,16,52,INSTITUTO ESTATAL DE ESTUDIOS SUPERIORES EN SEGURIDAD Y PROFESIONALIZACION POLICIAL DEL ESTADO DE MICHOACAN DE OCAMPO,71,37,34
16,16,53,COMISION EJECUTIVA ESTATAL DE ATENCION A VICTIMAS,121,54,67
16,16,54,CENTRO ESTATAL DE FOMENTO GANADERO DEL ESTADO DE MICHOACAN DE OCAMPO,36,29,7
16,16,55,SISTEMA INTEGRAL DE FINANCIAMIENTO PARA EL DESARROLLO DE MICHOACAN,88,40,48
16,16,56,INSTITUTO DE LA JUVENTUD MICHOACANA,66,29,37
16,16,57,INSTITUTO DE CIENCIA TECNOLOGIA E INNOVACION DEL ESTADO DE MICHOACAN DE OCAMPO,11,5,6
16,16,58,SECRETARIA EJECUTIVA DEL SISTEMA ESTATAL DE PROTECCION INTEGRAL DE NIÑAS NIÑOS Y ADOLESCENTES DEL ESTADO DE MICHOACAN,9,4,5
16,16,59,CONSEJO ESTATAL PARA PREVENIR Y ELIMINAR LA DISCRIMINACION Y LA VIOLENCIA,22,11,11
16,16,60,UNIVERSIDAD TECNOLOGICA DEL ORIENTE DE MICHOACAN,33,16,17
16,16,61,CASA DEL ADULTO MAYOR,1,0,1
16,16,62,INSTITUTO DE EDUCACION MEDIA SUPERIOR Y SUPERIOR DEL ESTADO DE MICHOACAN,25,16,9
16,16,63,CENTRO DE CONCILIACION LABORAL DEL ESTADO DE MICHOACAN DE OCAMPO,52,23,29
16,16,64,JUNTA LOCAL DE CONCILIACION Y ARBITRAJE,184,51,133
17,17,1,JEFATURA DE LA OFICINA DE LA GUBERNATURA,153,94,59
17,17,2,SECRETARIA DE GOBIERNO,185,83,102
17,17,3,SECRETARIA DE HACIENDA,574,218,356
17,17,4,SECRETARIA DE DESARROLLO ECONOMICO Y DEL TRABAJO,186,77,109
17,17,5,SECRETARIA DE DESARROLLO AGROPECUARIO,94,42,52
17,17,6,SECRETARIA DE OBRAS PUBLICAS,136,83,53
17,17,7,SECRETARIA DE EDUCACION,104,42,62
17,17,8,SECRETARIA DE SALUD,44,19,25
17,17,9,SECRETARIA DE ADMINISTRACION,406,214,192
17,17,10,SECRETARIA DE LA CONTRALORIA,136,57,79
17,17,11,SECRETARIA DE TURISMO Y CULTURA,286,169,117
17,17,12,SECRETARIA DE DESARROLLO SOCIAL,59,31,28
17,17,13,SECRETARIA DE DESARROLLO SUSTENTABLE,172,108,64
17,17,14,SECRETARIA DE MOVILIDAD Y TRANSPORTE,273,154,119
17,17,15,COMISION ESTATAL DE SEGURIDAD PUBLICA,3211,2055,1156
17,17,16,CONSEJERIA JURIDICA,74,35,39
17,17,17,INSTITUTO ESTATAL DE DOCUMENTACION DEL ESTADO DE MORELOS,15,6,9
17,17,18,SECRETARIADO EJECUTIVO DEL SISTEMA ESTATAL DE SEGURIDAD PUBLICA,40,23,17
17,17,19,SECRETARIA EJECUTIVO DEL SISTEMA DE PROTECCION INTEGRAL DE NIÑAS NIÑOS Y ADOLESCENTES DEL ESTADO DE MORELOS,14,6,8
17,17,20,COORDINACION ESTATAL DEL SUBSISTEMA DE PREPARATORIA ABIERTA,20,7,13
17,17,21,TRIBUNAL ESTATAL DE CONCILIACION Y ARBITRAJE DEL ESTADO DE MORELOS,59,22,37
17,17,22,INSTITUTO MORELENSE DE LAS PERSONAS ADOLESCENTES Y JOVENES,21,14,7
17,17,23,FONDO ESTATAL PARA LA ADMINISTRACION Y OPERACION DEL RECINTO DEPORTIVO AGUSTIN CORUCO DIAZ,9,9,0
17,17,24,PROCURADURIA DE PROTECCION AL AMBIENTE DEL ESTADO DE MORELOS,17,10,7
17,17,25,COMISION ESTATAL DE BIODIVERSIDAD,10,4,6
17,17,26,COMISION DE BUSQUEDA DE PERSONAS DEL ESTADO DE MORELOS,21,13,8
17,17,27,JUNTA LOCAL DE CONCILIACION Y ARBITRAJE DEL ESTADO DE MORELOS,135,58,77
17,17,28,COMISION ESTATAL DE EVALUACION DEL DESARROLLO SOCIAL,6,1,5
17,17,29,FONDO ESTATAL PARA LA PROMOCION Y DESARROLLO DE EVENTOS VINCULADOS CON LA CULTURA Y EL TURISMO,1,1,0
17,17,30,PROCURADURIA ESTATAL DE LA DEFENSA DEL TRABAJO,NSS,NSS,NSS
17,17,31,CENTRO ESTATAL DE PREVENCION SOCIAL DE LA VIOLENCIA Y DELINCUENCIA CON PARTICIPACION CIUDADANA,17,4,13
17,17,32,COMISION EJECUTIVA DE ATENCION Y REPARACION A VICTIMAS DEL ESTADO DE MORELOS,51,22,29
17,17,33,COMISION ESTATAL DEL AGUA,152,97,55
17,17,34,COORDINACION ESTATAL DE PROTECCION CIVIL MORELOS,79,52,27
17,17,35,COMISION ESTATAL DE MEJORA REGULATORIA,10,4,6
17,17,36,INSTITUTO MORELENSE DE RADIO Y TELEVISION,110,64,46
17,17,37,INSTITUTO PROVETERANOS DE LA REVOLUCION DEL SUR,5,3,2
17,17,38,COMISION ESTATAL DE RESERVAS TERRITORIALES,29,18,11
17,17,39,INSTITUTO DE SERVICIOS REGISTRALES Y CATASTRALES DEL ESTADO DE MORELOS,128,58,70
17,17,40,INSTITUTO DE LA DEFENSORIA PUBLICA DEL ESTADO DE MORELOS,65,22,43
17,17,41,INSTITUTO DE CREDITO PARA LOS TRABAJADORES AL SERVICIO DEL GOBIERNO DEL ESTADO DE MORELOS,206,93,113
17,17,42,COMISION ESTATAL DE ARBITRAJE MEDICO,8,2,6
17,17,43,HOSPITAL DEL NIÑO MORELENSE,534,197,337
17,17,44,SERVICIOS DE SALUD DE MORELOS,6664,2294,4370
17,17,45,SISTEMA PARA EL DESARROLLO INTEGRAL DE LA FAMILIA DEL ESTADO DE MORELOS,684,259,425
17,17,46,INSTITUTO DE CAPACITACION PARA EL TRABAJO DEL ESTADO DE MORELOS,NSS,NSS,NSS
17,17,47,INSTITUTO DE EDUCACION BASICA DEL ESTADO DE MORELOS,20756,6336,14420
17,17,48,INSTITUTO ESTATAL DE EDUCACION PARA ADULTOS,204,82,122
17,17,49,COLEGIO DE BACHILLERES DEL ESTADO DE MORELOS,722,331,391
17,17,50,COLEGIO NACIONAL DE EDUCACION PROFESIONAL TECNICA DEL ESTADO DE MORELOS,368,167,201
17,17,51,COLEGIO DE ESTUDIOS CIENTIFICOS Y TECNOLOGICOS DEL ESTADO DE MORELOS,293,138,155
17,17,52,UNIVERSIDAD POLITECNICA DEL ESTADO DE MORELOS,342,166,176
17,17,53,UNIVERSIDAD TECNOLOGICA EMILIANO ZAPATA DEL ESTADO DE MORELOS,339,163,176
17,17,54,UNIVERSIDAD TECNOLOGICA DEL SUR DEL ESTADO DE MORELOS,75,39,36
17,17,55,CONSEJO DE CIENCIA Y TECNOLOGIA DEL ESTADO DE MORELOS,23,12,11
17,17,56,INSTITUTO ESTATAL DE INFRAESTRUCTURA EDUCATIVA,73,44,29
17,17,57,INSTITUTO DEL DEPORTE Y CULTURA FISICA DEL ESTADO DE MORELOS,124,70,54
17,17,58,CENTRO MORELENSE DE LAS ARTES,231,138,93
17,17,59,MUSEO MORELENSE DE ARTE POPULAR,10,6,4
17,17,60,AEROPUERTO DE CUERNAVACA SA DE CV,5,2,3
17,17,61,OPERADOR DE CARRETERAS DE CUOTA,14,8,6
17,17,62,INSTITUTO MORELENSE PARA EL FINANCIAMIENTO DEL SECTOR PRODUCTIVO,51,20,31
17,17,63,CENTRO DE CONCILIACION LABORAL,67,31,36
17,17,64,FIDEICOMISO TURISMO MORELOS,NSS,NSS,NSS
17,17,65,FIDEICOMISO LAGO DE TEQUESQUITENGO,NSS,NSS,NSS
17,17,66,FIDEICOMISO MUSEO MORELENSE DE ARTE CONTEMPORANEO JUAN SORIANO,NSS,NSS,NSS
17,17,67,FIDEICOMISO CENTRO CULTURAL TEOPANZOLCO,NSS,NSS,NSS
17,17,68,FIDEICOMISO CENTRO DE CONGRESOS Y CONVENCIONES WORLD TRADE CENTER MORELOS,NSS,NSS,NSS
17,17,69,FIDEICOMISO EJECUTIVO DEL FONDO DE COMPETITIVIDAD Y PROMOCION DEL EMPLEO,NSS,NSS,NSS
17,17,70,FIDEICOMISO FONDO DESARROLLO EMPRESARIAL Y PROMOCION DE LA INVERSION,NSS,NSS,NSS
18,18,1,SECRETARIA GENERAL DE GOBIERNO,525,242,283
18,18,2,SECRETARIA DE ADMINISTRACION Y FINANZAS,1480,679,801
18,18,3,SECRETARIA DE DESARROLLO RURAL,176,104,72
18,18,4,SECRETARIA DE ECONOMIA,96,48,48
18,18,5,SECRETARIA DE TURISMO,94,38,56
18,18,6,SERVICIOS DE SALUD DE NAYARIT,5864,2160,3704
18,18,7,SECRETARIA DE BIENESTAR E IGUALDAD SUSTANTIVA,54,25,29
18,18,8,SECRETARIA DE MOVILIDAD,373,258,115
18,18,9,SECRETARIA DE SEGURIDAD Y PROTECCION CIUDADANA,2456,1820,636
18,18,10,SECRETARIA PARA LA HONESTIDAD Y BUENA GOBERNANZA,136,63,73
18,18,11,SECRETARIA DE INFRAESTRUCTURA,890,660,230
18,18,12,SECRETARIA DE EDUCACION,3502,1369,2133
18,18,13,DESPACHO DEL EJECUTIVO,120,69,51
18,18,14,SECRETARIA DEL TRABAJO Y JUSTICIA LABORAL,213,91,122
18,18,15,SECRETARIA DE DESARROLLO SUSTENTABLE,232,118,114
18,18,16,BENEFICENCIA PUBLICA DEL ESTADO DE NAYARIT,8,3,5
18,18,17,CENTRO DE DESARROLLO ECONOMICO EDUCATIVO DE LA MESA DE EL NAYAR,30,14,16
18,18,18,CENTRO DE JUSTICIA FAMILIAR,51,10,41
18,18,19,COLEGIO DE BACHILLERES DEL ESTADO DE NAYARIT,364,192,172
18,18,20,COLEGIO DE EDUCACION PROFESIONAL TECNICA DEL ESTADO DE NAYARIT,252,110,142
18,18,21,COLEGIO DE ESTUDIOS CIENTIFICOS Y TECNOLOGICOS DEL ESTADO DE NAYARIT,618,318,300
18,18,22,COMISION ESTATAL DE AGUA POTABLE Y ALCANTARILLADO,130,72,58
18,18,23,COMISION ESTATAL DE CONCILIACION Y ARBITRAJE MEDICO PARA EL ESTADO DE NAYARIT,11,6,5
18,18,24,COMISION FORESTAL DE NAYARIT,45,36,9
18,18,25,COMITE ADMINISTRADOR DE LA FERIA NACIONAL TEPIC,NSS,NSS,NSS
18,18,26,INSTITUTO DE PLANEACION DEL ESTADO DE NAYARIT,24,10,14
18,18,27,CONSEJO DE CIENCIA Y TECNOLOGIA DEL ESTADO DE NAYARIT,33,15,18
18,18,28,CONSEJO ESTATAL CONTRA LAS ADICCIONES,73,31,42
18,18,29,CONSEJO ESTATAL PARA LA CULTURA Y LAS ARTES DE NAYARIT,219,105,114
18,18,30,FIDEICOMISO BAHIA DE BANDERAS,213,148,65
18,18,31,FIDEICOMISO DE PROMOCION TURISTICA DEL ESTADO DE NAYARIT,55,27,28
18,18,32,FONDO DE FOMENTO INDUSTRIAL DEL ESTADO DE NAYARIT,12,2,10
18,18,33,INSTITUTO DE CAPACITACION PARA EL TRABAJO DEL ESTADO DE NAYARIT,195,94,101
18,18,34,INSTITUTO CONTRA LAS ADICCIONES MARAKAME,79,30,49
18,18,35,INSTITUTO NAYARITA DE CULTURA FISICA Y DEPORTE,191,125,66
18,18,36,INSTITUTO NAYARITA DE EDUCACION PARA ADULTOS,190,64,126
18,18,37,INSTITUTO NAYARITA DE LA JUVENTUD,20,8,12
18,18,38,INSTITUTO NAYARITA PARA LA INFRAESTRUCTURA FISICA EDUCATIVA,119,77,42
18,18,39,INSTITUTO PARA LA MUJER NAYARITA,114,25,89
18,18,40,INSTITUTO PROMOTOR DE LA VIVIENDA DE NAYARIT,129,64,65
18,18,41,PATRONATO DEL TEATRO DEL PUEBLO,38,17,21
18,18,42,SERVICIOS DE EDUCACION PUBLICA DEL ESTADO DE NAYARIT,15820,5498,10322
18,18,43,SECRETARIADO EJECUTIVO DEL SISTEMA ESTATAL DE SEGURIDAD PUBLICA,197,92,105
18,18,44,SISTEMA PARA EL DESARROLLO INTEGRAL DE LA FAMILIA DEL ESTADO DE NAYARIT,790,276,514
18,18,45,UNIVERSIDAD TECNOLOGICA DE BAHIA DE BANDERAS,172,80,92
18,18,46,UNIVERSIDAD TECNOLOGICA DE LA COSTA,137,79,58
18,18,47,UNIVERSIDAD TECNOLOGICA DE LA SIERRA,70,35,35
18,18,48,UNIVERSIDAD TECNOLOGICA DE NAYARIT,374,177,197
18,18,49,UNIVERSIDAD TECNOLOGICA DE MAZATAN,24,16,8
18,18,50,UNIVERSIDAD POLITECNICA DEL ESTADO DE NAYARIT,49,25,24
18,18,51,COMISION ESTATAL DE ATENCION INTEGRAL A VICTIMAS DEL ESTADO DE NAYARIT,21,9,12
18,18,52,PATRONATO DE LA UNIVERSIDAD AUTONOMA DE NAYARIT,10,4,6
18,18,53,SISTEMA DE RADIO Y TELEVISION DE NAYARIT,132,77,55
18,18,54,SECRETARIA EJECUTIVA DEL SISTEMA LOCAL ANTICORRUPCION,13,8,5
18,18,55,INSTITUTO DE JUSTICIA LABORAL BUROCRATICA DEL ESTADO DE NAYARIT,55,19,36
18,18,56,INSTITUTO DE ADQUISICIONES ARRENDAMIENTO Y PRESTACION DE SERVICIOS DEL ESTADO DE NAYARIT,9,4,5
18,18,57,CENTRO DE CONCILIACION LABORAL DEL ESTADO DE NAYARIT,26,9,17
18,18,58,ARCHIVO GENERAL DEL ESTADO DE NAYARIT,7,3,4
18,18,59,FONDO MIXTO CONACYT GOBIERNO DEL ESTADO DE NAYARIT,NSS,NSS,NSS
19,19,1,DESPACHO DEL C GOBERNADOR,1,1,0
19,19,2,OFICINA EJECUTIVA DEL C GOBERNADOR,10,5,5
19,19,3,AMAR A NUEVO LEON,0,0,0
19,19,4,SECRETARIA PARTICULAR DEL C GOBERNADOR,58,38,20
19,19,5,CONSEJERIA JURIDICA,7,7,0
19,19,6,SECRETARIA TECNICA DE GOBIERNO,15,8,7
19,19,7,REPRESENTACION DEL GOBIERNO DEL ESTADO EN LA CIUDAD DE MEXICO,33,19,14
19,19,8,SISTEMA ESTATAL DE INFORMACION,6,3,3
19,19,9,COMUNICACION,151,84,67
19,19,10,SECRETARIA GENERAL DE GOBIERNO,1266,562,704
19,19,11,SECRETARIA DE PARTICIPACION CIUDADANA,147,57,90
19,19,12,SECRETARIA DE FINANZAS Y TESORERIA GENERAL DEL ESTADO,890,450,440
19,19,13,SECRETARIA DE ADMINISTRACION,799,382,417
19,19,14,CONTRALORIA Y TRANSPARENCIA GUBERNAMENTAL,330,172,158
19,19,15,SECRETARIA DE SEGURIDAD,9206,6722,2484
19,19,16,SECRETARIA DE ECONOMIA,96,48,48
19,19,17,SECRETARIA DEL TRABAJO,125,73,52
19,19,18,SECRETARIA DE DESARROLLO REGIONAL Y AGROPECUARIO,86,66,20
19,19,19,SECRETARIA DE MOVILIDAD Y PLANEACION URBANA,124,78,46
19,19,20,SECRETARIA DE TURISMO,38,12,26
19,19,21,SECRETARIA DE MEDIO AMBIENTE,107,54,53
19,19,22,SECRETARIA DE IGUALDAD E INCLUSION,495,236,259
19,19,23,SECRETARIA DE EDUCACION,258,113,145
19,19,24,SECRETARIA DE SALUD,130,50,80
19,19,25,SECRETARIA DE LAS MUJERES,45,10,35
19,19,26,SECRETARIA DE CULTURA,48,24,24
19,19,27,JUNTA LOCAL DE CONCILIACION Y ARBITRAJE,266,114,152
19,19,28,TRIBUNAL DE JUSTICIA ADMINISTRATIVA,194,84,110
19,19,29,TRIBUNAL DE ARBITRAJE,16,8,8
19,19,30,CENTRO DE CONCILIACION LABORAL DEL ESTADO DE NUEVO LEON,105,43,62
19,19,31,COLEGIO DE BACHILLERES MILITARIZADO GENERAL MARIANO ESCOBEDO,762,388,374
19,19,32,COLEGIO DE EDUCACION PROFESIONAL TECNICA DE NUEVO LEON,1522,809,713
19,19,33,COLEGIO DE ESTUDIOS CIENTIFICOS Y TECNOLOGICOS,1605,781,824
19,19,34,CONSEJO ESTATAL PARA LA PROMOCION DE VALORES Y CULTURA DE LA LEGALIDAD,3,2,1
19,19,35,CONSEJO PARA LA CULTURA Y LAS ARTES,207,117,90
19,19,36,CORPORACION PARA EL DESARROLLO TURISTICO DE NUEVO LEON,42,26,16
19,19,37,FIDEICOMISO FESTIVAL INTERNACIONAL DE SANTA LUCIA,6,0,6
19,19,38,FIDEICOMISO FONDO DE APOYO PARA LA CREACION Y CONSOLIDACION DEL EMPLEO PRODUCTIVO EN EL ESTADO DE NUEVO LEON,9,6,3
19,19,39,FIDEICOMISO FONDO EDITORIAL DE NUEVO LEON,8,3,5
19,19,40,FIDEICOMISO PARA EL DESARROLLO DE LA ZONA CITRICOLA,15,6,9
19,19,41,FIDEICOMISO PARA EL DESARROLLO DEL SUR DEL ESTADO DE NUEVO LEON,52,35,17
19,19,42,FIDEICOMISO PARA LA REORDENACION COMERCIAL,33,19,14
19,19,43,FIDEICOMISO PROMOTOR DE PROYECTOS ESTRATEGICOS URBANOS,52,26,26
19,19,44,FIDEICOMISO SISTEMA INTEGRAL DE TRANSITO METROPOLITANO,6,6,0
19,19,45,FIDEICOMISO TURISMO NUEVO LEON,20,4,16
19,19,46,FIDEICOMISO VIDA SILVESTRE DE NUEVO LEON,0,0,0
19,19,47,FOMENTO METROPOLITANO DE MONTERREY,132,80,52
19,19,48,INSTITUTO CONSTRUCTOR DE INFRAESTRUCTURA FISICA EDUCATIVA Y DEPORTIVA DE NUEVO LEON,143,87,56
19,19,49,INSTITUTO DE CAPACITACION Y EDUCACION PARA EL TRABAJO,249,142,107
19,19,50,INSTITUTO DE CONTROL VEHICULAR,484,218,266
19,19,51,INSTITUTO DE DEFENSORIA PUBLICA DE NUEVO LEON,417,179,238
19,19,52,INSTITUTO DE INNOVACION Y TRANSFERENCIA DE TECNOLOGIA,27,18,9
19,19,53,INSTITUTO DE INVESTIGACION INNOVACION Y ESTUDIOS DE POSGRADO PARA LA EDUCACION DE NUEVO LEON,35,14,21
19,19,54,INSTITUTO DE LA VIVIENDA DE NUEVO LEON,172,110,62
19,19,55,INSTITUTO DE MOVILIDAD Y ACCESIBILIDAD DEL ESTADO DE NUEVO LEON,247,174,73
19,19,56,INSTITUTO DE SEGURIDAD Y SERVICIOS SOCIALES DE LOS TRABAJADORES DEL ESTADO DE NUEVO LEON,530,243,287
19,19,57,INSTITUTO DEL AGUA DEL ESTADO DE NUEVO LEON,2,2,0
19,19,58,INSTITUTO ESTATAL DE CULTURA FISICA Y DEPORTE,554,386,168
19,19,59,INSTITUTO ESTATAL DE LA JUVENTUD,29,11,18
19,19,60,INSTITUTO ESTATAL DE LAS MUJERES,189,48,141
19,19,61,INSTITUTO ESTATAL DE LAS PERSONAS ADULTAS MAYORES,25,11,14
19,19,62,INSTITUTO ESTATAL DE SEGURIDAD PUBLICA,5,2,3
19,19,63,INSTITUTO REGISTRAL Y CATASTRAL DEL ESTADO DE NUEVO LEON,545,235,310
19,19,64,MUSEO DE HISTORIA MEXICANA,108,67,41
19,19,65,OPERADORA DE SERVICIOS TURISTICOS DE NUEVO LEON,39,27,12
19,19,66,PARQUE FUNDIDORA,288,204,84
19,19,67,PARQUES Y VIDA SILVESTRE DE NUEVO LEON,194,144,50
19,19,68,PROMOTORA DE DESARROLLO RURAL,68,58,10
19,19,69,SECRETARIA EJECUTIVA DEL SISTEMA ESTATAL ANTICORRUPCION,18,14,4
19,19,70,SERVICIOS DE AGUA Y DRENAJE DE MONTERREY,5830,4653,1177
19,19,71,SERVICIOS DE SALUD,640,314,326
19,19,72,SISTEMA DE CAMINOS,119,88,31
19,19,73,SISTEMA DE RADIO Y TELEVISION DE NUEVO LEON,186,118,68
19,19,74,SISTEMA DE TRANSPORTE COLECTIVO METRORREY,941,835,106
19,19,75,SISTEMA INTEGRAL PARA EL MANEJO ECOLOGICO Y PROCESAMIENTO DE DESECHOS,461,260,201
19,19,76,SISTEMA PARA EL DESARROLLO INTEGRAL DE LA FAMILIA,1457,429,1028
19,19,77,UNIDAD DE INTEGRACION EDUCATIVA,43164,13550,29614
19,19,78,UNIVERSIDAD DE CIENCIAS DE LA SEGURIDAD,115,62,53
19,19,79,UNIVERSIDAD POLITECNICA DE APODACA,53,32,21
19,19,80,UNIVERSIDAD POLITECNICA DE GARCIA,64,37,27
19,19,81,UNIVERSIDAD TECNOLOGICA BILINGUE FRANCO MEXICANA DE NUEVO LEON,35,20,15
19,19,82,UNIVERSIDAD TECNOLOGICA CADEREYTA,174,89,85
19,19,83,UNIVERSIDAD TECNOLOGICA GENERAL MARIANO ESCOBEDO,252,155,97
19,19,84,UNIVERSIDAD TECNOLOGICA LINARES,243,135,108
19,19,85,UNIVERSIDAD TECNOLOGICA SANTA CATARINA,322,181,141
19,19,86,CORPORACION PARA EL DESARROLLO DE LA ZONA FRONTERIZA DE NUEVO LEON,78,50,28
19,19,87,FIDEICOMISO FONDO PARA LA VIVIENDA DE LOS TRABAJADORES DE LA EDUCACION FOVILEON EDUCACION,0,0,0
19,19,88,FIDEICOMISO FONDO PARA LA VIVIENDA DE LOS TRABAJADORES DEL ESTADO FOVILEON SERVIDORES PUBLICOS,7,6,1
19,19,89,FIDEICOMISO ZARAGOZA,11,7,4
19,19,90,RED ESTATAL DE AUTOPISTAS DE NUEVO LEON,335,194,141
20,20,1,GUBERNATURA,444,217,227
20,20,2,SECRETARIA DE GOBIERNO,1242,573,669
20,20,3,SECRETARIA DE SEGURIDAD Y PROTECCION CIUDADANA,8541,6306,2235
20,20,4,SECRETARIA DE INFRAESTRUCTURAS Y COMUNICACIONES,947,506,441
20,20,5,SECRETARIA DE TURISMO,373,156,217
20,20,6,SECRETARIA DE DESARROLLO ECONOMICO,683,294,389
20,20,7,SECRETARIA DE MOVILIDAD,556,265,291
20,20,8,SECRETARIA DE LAS CULTURAS Y ARTES,703,403,300
20,20,9,SECRETARIA DE BIENESTAR TEQUIO E INCLUSION,245,117,128
20,20,10,SECRETARIA DE INTERCULTURALIDAD PUEBLOS Y COMUNIDADES INDIGENAS Y AFROMEXICANAS,101,47,54
20,20,11,SECRETARIA DE FOMENTO AGROALIMENTARIO Y DESARROLLO RURAL,1025,609,416
20,20,12,SECRETARIA DE FINANZAS,1926,890,1036
20,20,13,SECRETARIA DE ADMINISTRACION,3082,1483,1599
20,20,14,SECRETARIA DE MEDIO AMBIENTE BIODIVERSIDAD ENERGIAS Y SOSTENIBILIDAD,106,47,59
20,20,15,SECRETARIA DE LAS MUJERES,56,13,43
20,20,16,SECRETARIADO EJECUTIVO DEL SISTEMA ESTATAL DE SEGURIDAD PUBLICA,114,31,83
20,20,17,SECRETARIA DE HONESTIDAD TRANSPARENCIA Y FUNCION PUBLICA,436,182,254
20,20,18,CONSEJERIA JURIDICA Y ASISTENCIA LEGAL DEL ESTADO,1424,640,784
20,20,19,COORDINACION GENERAL DE EDUCACION MEDIA SUPERIOR Y SUPERIOR CIENCIA Y TECNOLOGIA,132,72,60
20,20,20,COORDINACION DE COMUNICACION SOCIAL,144,76,68
20,20,21,COORDINACION PARA LA ATENCION DE LOS DERECHOS HUMANOS,19,8,11
20,20,22,INSTITUTO DE PLANEACION PARA EL BIENESTAR,483,245,238
20,20,23,CAMINOS BIENESTAR,749,535,214
20,20,24,CASA DE LA CULTURA OAXAQUEÑA,155,89,66
20,20,25,CENTRO DE LAS ARTES DE SAN AGUSTIN,31,23,8
20,20,26,COLEGIO DE BACHILLERES DEL ESTADO DE OAXACA,2702,1480,1222
20,20,27,COLEGIO DE ESTUDIOS CIENTIFICOS Y TECNOLOGICOS DEL ESTADO DE OAXACA,1879,1078,801
20,20,28,COLEGIO SUPERIOR PARA LA EDUCACION INTEGRAL INTERCULTURAL DE OAXACA,590,328,262
20,20,29,INSTITUTO DEL DEPORTE,122,78,44
20,20,30,VIVIENDA BIENESTAR,285,143,142
20,20,31,COMISION ESTATAL DEL AGUA BIENESTAR,790,490,300
20,20,32,COMISION ESTATAL FORESTAL,16,7,9
20,20,33,COMISION ESTATAL PARA LA PLANEACION DE LA EDUCACION SUPERIOR EN EL ESTADO DE OAXACA,13,6,7
20,20,34,COMISION ESTATAL PARA LA PLANEACION Y PROGRAMACION DE LA EDUCACION MEDIA SUPERIOR DEL ESTADO DE OAXACA,NSS,NSS,NSS
20,20,35,COMISION PARA LA REGULARIZACION DE LA TENENCIA DE LA TIERRA URBANA DEL ESTADO DE OAXACA,21,17,4
20,20,36,CONSEJO ESTATAL PARA LA PREVENCION Y CONTROL DEL SIDA,24,5,19
20,20,37,CONSEJO OAXAQUEÑO DE CIENCIA TECNOLOGIA E INNOVACION,15,9,6
20,20,38,COORDINACION ESTATAL DE PROTECCION CIVIL Y GESTION DE RIESGOS,NSS,NSS,NSS
20,20,39,CORPORACION OAXAQUEÑA DE RADIO Y TELEVISION,56,33,23
20,20,40,DIRECCION GENERAL DE POBLACION DE OAXACA,20,8,12
20,20,41,HOSPITAL DE LA NIÑEZ OAXAQUEÑA,22,10,12
20,20,42,INSTITUTO DE CAPACITACION Y PRODUCTIVIDAD PARA EL TRABAJO DEL ESTADO DE OAXACA,237,123,114
20,20,43,INSTITUTO DE ESTUDIOS DE BACHILLERATO DEL ESTADO DE OAXACA,1161,697,464
20,20,44,INSTITUTO DE LA JUVENTUD DEL ESTADO DE OAXACA,75,35,40
20,20,45,INSTITUTO DEL PATRIMONIO CULTURAL DEL ESTADO DE OAXACA,34,21,13
20,20,46,INSTITUTO ESTATAL DE EDUCACION PUBLICA DE OAXACA,NSS,NSS,NSS
20,20,47,INSTITUTO ESTATAL DE EDUCACION PARA ADULTOS,NSS,NSS,NSS
20,20,48,INSTITUTO OAXAQUEÑO CONSTRUCTOR DE INFRAESTRUCTURA EDUCATIVA,149,98,51
20,20,49,INSTITUTO OAXAQUEÑO DE ATENCION AL MIGRANTE,39,16,23
20,20,50,INSTITUTO PARA EL FOMENTO Y LA PROTECCION DE LAS ARTESANIAS,34,14,20
20,20,51,INSTITUTO TECNOLOGICO SUPERIOR DE SAN MIGUEL EL GRANDE,93,55,38
20,20,52,INSTITUTO TECNOLOGICO SUPERIOR DE TEPOSCOLULA,109,59,50
20,20,53,NOVAUNIVERSITAS,106,54,52
20,20,54,SERVICIOS DE AGUA POTABLE Y ALCANTARILLADO DE OAXACA,617,417,200
20,20,55,SISTEMA PARA EL DESARROLLO INTEGRAL DE LA FAMILIA DEL ESTADO DE OAXACA,1119,383,736
20,20,56,UNIVERSIDAD DE CHALCATONGO,49,24,25
20,20,57,UNIVERSIDAD DE LA CAÑADA,97,52,45
20,20,58,UNIVERSIDAD DE LA COSTA,48,20,28
20,20,59,UNIVERSIDAD DE LA SIERRA JUAREZ,109,63,46
20,20,60,UNIVERSIDAD DE LA SIERRA SUR,326,161,165
20,20,61,UNIVERSIDAD DEL ISTMO,276,160,116
20,20,62,UNIVERSIDAD DEL MAR,583,340,243
20,20,63,UNIVERSIDAD DEL PAPALOAPAN,340,209,131
20,20,64,UNIVERSIDAD TECNOLOGICA DE LA MIXTECA,497,297,200
20,20,65,UNIVERSIDAD TECNOLOGICA DE LA SIERRA SUR DE OAXACA,48,18,30
20,20,66,UNIVERSIDAD TECNOLOGICA DE LOS VALLES CENTRALES DE OAXACA,141,60,81
20,20,67,UNIVERSIDAD POLITECNICA DE NOCHIXTLAN ABRAHAM CASTELLANOS,37,16,21
20,20,68,DEFENSORIA PUBLICA DEL ESTADO DE OAXACA,288,143,145
20,20,69,INSTITUTO OAXAQUEÑO DEL EMPRENDEDOR Y LA COMPETITIVIDAD,30,11,19
20,20,70,INSTITUTO DE LA FUNCION REGISTRAL DEL ESTADO DE OAXACA,48,30,18
20,20,71,FIDEICOMISO PARA EL DESARROLLO LOGISTICO DEL ESTADO DE OAXACA,21,12,9
20,20,72,FIDEICOMISO DE FOMENTO PARA EL ESTADO DE OAXACA,16,7,9
20,20,73,OFICINA DE CONVENCIONES Y VISITANTES DE OAXACA,14,6,8
20,20,74,OFICINA DE PENSIONES,115,47,68
20,20,75,SERVICIOS DE SALUD DE OAXACA,NSS,NSS,NSS
20,20,76,SECRETARIA EJECUTIVA DEL SISTEMA ESTATAL DE COMBATE A LA CORRUPCION,30,14,16
20,20,77,COORDINACION GENERAL DE ATENCION REGIONAL,41,29,12
20,20,78,COORDINACION GENERAL DE RELACIONES INTERNACIONALES,11,7,4
20,20,79,COORDINACION GENERAL DE ENLACE FEDERAL,11,6,5
20,20,80,SISTEMA DE TRANSPORTE COLECTIVO CITYBUS OAXACA,9,3,6
20,20,81,DIRECCION GENERAL DEL HANGAR OFICIAL DEL GOBIERNO DEL ESTADO DE OAXACA,29,26,3
20,20,82,CENTRO DE CONCILIACION LABORAL DEL ESTADO DE OAXACA,42,20,22
20,20,83,ORGANISMO OPERADOR DE LOS RESIDUOS SOLIDOS,3,2,1
20,20,84,TELEBACHILLERATO COMUNITARIO DEL ESTADO DE OAXACA,302,150,152
20,20,85,PROCURADURIA DE PROTECCION AL MEDIO AMBIENTE,10,6,4
21,21,1,EJECUTIVO DEL ESTADO,23,14,9
21,21,2,SECRETARIA DE GOBERNACION,952,461,491
21,21,3,SECRETARIA DE PLANEACION Y FINANZAS,2019,909,1110
21,21,4,SECRETARIA DE ADMINISTRACION,567,300,267
21,21,5,SECRETARIA DE LA FUNCION PUBLICA,409,207,202
21,21,6,SECRETARIA DE TRABAJO,182,84,98
21,21,7,SECRETARIA DE ECONOMIA,112,57,55
21,21,8,SECRETARIA DE CULTURA,275,135,140
21,21,9,SECRETARIA DE TURISMO,149,84,65
21,21,10,SECRETARIA DE DESARROLLO RURAL,183,111,72
21,21,11,SECRETARIA DE INFRAESTRUCTURA,547,325,222
21,21,12,SECRETARIA DE MOVILIDAD Y TRANSPORTE,295,168,127
21,21,13,SECRETARIA DE EDUCACION,30349,10448,19901
21,21,14,SECRETARIA DE BIENESTAR,204,120,84
21,21,15,SECRETARIA DE SEGURIDAD PUBLICA,7941,5768,2173
21,21,16,SECRETARIA DE MEDIO AMBIENTE DESARROLLO SUSTENTABLE Y ORDENAMIENTO TERRITORIAL,186,92,94
21,21,17,SECRETARIA DE IGUALDAD SUSTANTIVA,120,35,85
21,21,18,CONSEJERIA JURIDICA,147,75,72
21,21,19,SERVICIOS DE SALUD DEL ESTADO DE PUEBLA,NSS,NSS,NSS
21,21,20,AGENCIA DE ENERGIA DEL ESTADO DE PUEBLA,NSS,NSS,NSS
21,21,21,BENEMERITA UNIVERSIDAD AUTONOMA DE PUEBLA,NSS,NSS,NSS
21,21,22,CARRETERAS DE CUOTA PUEBLA,NSS,NSS,NSS
21,21,23,CENTRO DE CONCILIACION LABORAL DEL ESTADO DE PUEBLA,NSS,NSS,NSS
21,21,24,CIUDAD MODELO,NSS,NSS,NSS
21,21,25,COMISION EJECUTIVA ESTATAL DE ATENCION A VICTIMAS,NSS,NSS,NSS
21,21,26,COMISION ESTATAL DE AGUA Y SANEAMIENTO DE PUEBLA,NSS,NSS,NSS
21,21,27,FIDEICOMISO PUBLICO DENOMINADO COMISION ESTATAL DE VIVIENDA PUEBLA,NSS,NSS,NSS
21,21,28,COMITE ADMINISTRADOR POBLANO PARA LA CONSTRUCCION DE ESPACIOS EDUCATIVOS,NSS,NSS,NSS
21,21,29,CONSEJO ESTATAL DE COORDINACION DEL SISTEMA NACIONAL DE SEGURIDAD PUBLICA,NSS,NSS,NSS
21,21,30,CONVENCIONES Y PARQUES,NSS,NSS,NSS
21,21,31,COORDINACION GENERAL DE COMUNICACION Y AGENDA DIGITAL,NSS,NSS,NSS
21,21,32,FIDEICOMISO PUBLICO BANCO ESTATAL DE TIERRA,NSS,NSS,NSS
21,21,33,FIDEICOMISO PUBLICO PARA LA ADMINISTRACION DE INMUEBLES Y EJECUCION DE OBRAS PUBLICAS EN LA RESERVA TERRITORIAL ATLIXCAYOTL-QUETZALCOATL,NSS,NSS,NSS
21,21,34,INSTITUTO DE CAPACITACION PARA EL TRABAJO DEL ESTADO DE PUEBLA,NSS,NSS,NSS
21,21,35,INSTITUTO ESTATAL DE EDUCACION PARA ADULTOS,NSS,NSS,NSS
21,21,36,INSTITUTO DE SEGURIDAD Y SERVICIOS SOCIALES DE LOS TRABAJADORES AL SERVICIO DE LOS PODERES DEL ESTADO DE PUEBLA,NSS,NSS,NSS
21,21,37,INSTITUTO POBLANO DE ASISTENCIA AL MIGRANTE,NSS,NSS,NSS
21,21,38,INSTITUTO POBLANO DE LA JUVENTUD,NSS,NSS,NSS
21,21,39,INSTITUTO POBLANO DE LOS PUEBLOS INDIGENAS,NSS,NSS,NSS
21,21,40,INSTITUTO POBLANO DEL DEPORTE,NSS,NSS,NSS
21,21,41,MUSEOS PUEBLA,NSS,NSS,NSS
21,21,42,SECRETARIA EJECUTIVA DEL SISTEMA ESTATAL ANTICORRUPCION,NSS,NSS,NSS
21,21,43,SISTEMA ESTATAL DE TELECOMUNICACIONES,NSS,NSS,NSS
21,21,44,SISTEMA PARA EL DESARROLLO INTEGRAL DE LA FAMILIA DEL ESTADO DE PUEBLA,NSS,NSS,NSS
21,21,45,COLEGIO DE BACHILLERES DEL ESTADO DE PUEBLA,NSS,NSS,NSS
21,21,46,COLEGIO DE EDUCACION PROFESIONAL TECNICA DEL ESTADO DE PUEBLA,NSS,NSS,NSS
21,21,47,COLEGIO DE ESTUDIOS CIENTIFICOS Y TECNOLOGICOS DEL ESTADO DE PUEBLA,NSS,NSS,NSS
21,21,48,CONSEJO DE CIENCIA Y TECNOLOGIA DEL ESTADO DE PUEBLA,NSS,NSS,NSS
21,21,49,INSTITUTO DE EDUCACION DIGITAL DEL ESTADO DE PUEBLA,NSS,NSS,NSS
21,21,50,INSTITUTO DE PROFESIONALIZACION DEL MAGISTERIO POBLANO,NSS,NSS,NSS
21,21,51,INSTITUTO TECNOLOGICO SUPERIOR DE ACATLAN DE OSORIO,NSS,NSS,NSS
21,21,52,INSTITUTO TECNOLOGICO SUPERIOR DE ATLIXCO,NSS,NSS,NSS
21,21,53,INSTITUTO TECNOLOGICO SUPERIOR DE CIUDAD SERDAN,NSS,NSS,NSS
21,21,54,INSTITUTO TECNOLOGICO SUPERIOR DE HUAUCHINANGO,NSS,NSS,NSS
21,21,55,INSTITUTO TECNOLOGICO SUPERIOR DE LA SIERRA NEGRA DE AJALPAN,NSS,NSS,NSS
21,21,56,INSTITUTO TECNOLOGICO SUPERIOR DE LA SIERRA NORTE DE PUEBLA,NSS,NSS,NSS
21,21,57,INSTITUTO TECNOLOGICO SUPERIOR DE LIBRES,NSS,NSS,NSS
21,21,58,INSTITUTO TECNOLOGICO SUPERIOR DE SAN MARTIN TEXMELUCAN,NSS,NSS,NSS
21,21,59,INSTITUTO TECNOLOGICO SUPERIOR DE TEPEACA,NSS,NSS,NSS
21,21,60,INSTITUTO TECNOLOGICO SUPERIOR DE TEPEXI DE RODRIGUEZ,NSS,NSS,NSS
21,21,61,INSTITUTO TECNOLOGICO SUPERIOR DE TEZIUTLAN,NSS,NSS,NSS
21,21,62,INSTITUTO TECNOLOGICO SUPERIOR DE TLATLAUQUITEPEC,NSS,NSS,NSS
21,21,63,INSTITUTO TECNOLOGICO SUPERIOR DE VENUSTIANO CARRANZA,NSS,NSS,NSS
21,21,64,INSTITUTO TECNOLOGICO SUPERIOR DE ZACAPOAXTLA,NSS,NSS,NSS
21,21,65,UNIVERSIDAD DE LA SALUD,NSS,NSS,NSS
21,21,66,UNIVERSIDAD INTERCULTURAL DEL ESTADO DE PUEBLA,NSS,NSS,NSS
21,21,67,UNIVERSIDAD INTERSERRANA DEL ESTADO DE PUEBLA AHUACATLAN,NSS,NSS,NSS
21,21,68,UNIVERSIDAD INTERSERRANA DEL ESTADO DE PUEBLA CHILCHOTLA,NSS,NSS,NSS
21,21,69,UNIVERSIDAD POLITECNICA DE AMOZOC,NSS,NSS,NSS
21,21,70,UNIVERSIDAD POLITECNICA DE PUEBLA,NSS,NSS,NSS
21,21,71,UNIVERSIDAD POLITECNICA METROPOLITANA DE PUEBLA,NSS,NSS,NSS
21,21,72,UNIVERSIDAD TECNOLOGICA BILINGUE INTERNACIONAL Y SUSTENTABLE DE PUEBLA,NSS,NSS,NSS
21,21,73,UNIVERSIDAD TECNOLOGICA DE HUEJOTZINGO,NSS,NSS,NSS
21,21,74,UNIVERSIDAD TECNOLOGICA DE IZUCAR DE MATAMOROS,NSS,NSS,NSS
21,21,75,UNIVERSIDAD TECNOLOGICA DE ORIENTAL,NSS,NSS,NSS
21,21,76,UNIVERSIDAD TECNOLOGICA DE PUEBLA,NSS,NSS,NSS
21,21,77,UNIVERSIDAD TECNOLOGICA DE TECAMACHALCO,NSS,NSS,NSS
21,21,78,UNIVERSIDAD TECNOLOGICA DE TEHUACAN,NSS,NSS,NSS
21,21,79,UNIVERSIDAD TECNOLOGICA DE XICOTEPEC DE JUAREZ,NSS,NSS,NSS
21,21,80,INSTITUTO DE LA DISCAPACIDAD DEL ESTADO DE PUEBLA,NSS,NSS,NSS
21,21,81,FIDEICOMISO PUBLICO FONDO PARA EL FORTALECIMIENTO DE LA MICROEMPRESA,NSS,NSS,NSS
22,22,1,JEFATURA DE GABINETE,82,45,37
22,22,2,SECRETARIA PARTICULAR,109,69,40
22,22,3,UNIDAD DE COMUNICACION SOCIAL Y ATENCION CIUDADANA,89,37,52
22,22,4,SECRETARIA DE GOBIERNO,438,178,260
22,22,5,SECRETARIA DE SEGURIDAD CIUDADANA,1236,786,450
22,22,6,SECRETARIA DE FINANZAS,799,352,447
22,22,7,SECRETARIA DE LA CONTRALORIA,192,95,97
22,22,8,SECRETARIA DE DESARROLLO SUSTENTABLE,122,51,71
22,22,9,SECRETARIA DE DESARROLLO AGROPECUARIO,285,197,88
22,22,10,SECRETARIA DE DESARROLLO URBANO Y OBRAS PUBLICAS,324,200,124
22,22,11,SECRETARIA DE EDUCACION,142,59,83
22,22,12,SECRETARIA DE LA JUVENTUD,89,39,50
22,22,13,SECRETARIA DE DESARROLLO SOCIAL,293,144,149
22,22,14,SECRETARIA DEL TRABAJO,177,69,108
22,22,15,SECRETARIA DE TURISMO,104,49,55
22,22,16,SECRETARIA DE SALUD,10,4,6
22,22,17,OFICIALIA MAYOR,599,346,253
22,22,18,SECRETARIA DE PLANEACION Y PARTICIPACION CIUDADANA,31,17,14
22,22,19,SECRETARIA DE CULTURA,187,114,73
22,22,20,COORDINACION ESTATAL DE DESARROLLO MUNICIPAL,7,2,5
22,22,21,INSTITUTO DE ESTUDIOS CONSTITUCIONALES DEL ESTADO DE QUERETARO,10,3,7
22,22,22,CONSEJO ESTATAL DE POBLACION DEL ESTADO DE QUERETARO,5,3,2
22,22,23,COORDINACION ESTATAL DE PROTECCION CIVIL,52,34,18
22,22,24,DIRECCION ESTATAL DE ARCHIVOS,25,9,16
22,22,25,SECRETARIA EJECUTIVA DEL SISTEMA DE PROTECCION DE NIÑOS NIÑAS Y ADOLESCENTES DEL ESTADO DE QUERETARO,1,0,1
22,22,26,INSTITUTO DE LA DEFENSORIA PENAL PUBLICA DEL ESTADO DE QUERETARO,64,28,36
22,22,27,AUTORIDAD DE EJECUCION DE MEDIDAS DEL SISTEMA INTEGRAL DE JUSTICIA PENAL PARA ADOLESCENTES DEL ESTADO DE QUERETARO,49,22,27
22,22,28,AUTORIDAD DE SUPERVISION DE MEDIDAS CAUTELARES SUSPENSION CONDICIONAL DEL PROCESO LIBERTAD CONDICIONADA Y MEDIDAS DE SEGURIDAD EN LIBERTAD DEL ESTADO DE QUERETARO,47,20,27
22,22,29,COMISION LOCAL DE BUSQUEDA DE PERSONAS DEL ESTADO DE QUERETARO,3,2,1
22,22,30,CENTRO DE JUSTICIA PARA LAS MUJERES DEL ESTADO DE QUERETARO,3,0,3
22,22,31,UNIDAD ESTATAL DEL SISTEMA DE EVALUACION DEL DESEMPEÑO,5,0,5
22,22,32,UNIDAD DE TRANSPARENCIA DEL PODER EJECUTIVO DEL ESTADO DE QUERETARO,9,3,6
22,22,33,JUNTA DE ASISTENCIA PRIVADA,4,2,2
22,22,34,ESCUELA NORMAL DEL ESTADO DE QUERETARO ANDRES BALVANERA,367,153,214
22,22,35,ESCUELA NORMAL SUPERIOR DE QUERETARO,38,10,28
22,22,36,UNIVERSIDAD PEDAGOGICA NACIONAL,145,76,69
22,22,37,CENTRO EDUCATIVO Y CULTURAL DEL ESTADO DE QUERETARO MANUEL GOMEZ MORIN,26,13,13
22,22,38,CONSEJO ESTATAL CONTRA LAS ADICCIONES,9,4,5
22,22,39,COMISION ESTATAL DE ARBITRAJE MEDICO,10,5,5
22,22,40,CASA DEL JUBILADO Y PENSIONADO DEL ESTADO DE QUERETARO,5,2,3
22,22,41,COMISION DE MEJORA REGULATORIA DEL ESTADO DE QUERETARO,10,3,7
22,22,42,CENTRO ESTATAL DE PARTICIPACION CIUDADANA DE QUERETARO,3,1,2
22,22,43,COMISION ESTATAL DE AGUAS,1560,1214,346
22,22,44,PROCURADURIA ESTATAL DE PROTECCION AL MEDIO AMBIENTE Y DESARROLLO URBANO,17,8,9
22,22,45,PATRONATO DE LAS FIESTAS DEL ESTADO DE QUERETARO,9,5,4
22,22,46,COMISION PARA EL FOMENTO ECONOMICO DE LAS EMPRESAS DEL SECTOR INDUSTRIAL COMERCIAL Y DE SERVICIOS DEL ESTADO DE QUERETARO,2,0,2
22,22,47,SISTEMA ESTATAL DE COMUNICACION CULTURAL Y EDUCATIVA,93,61,32
22,22,48,SISTEMA PARA EL DESARROLLO INTEGRAL DE LA FAMILIA DEL ESTADO DE QUERETARO,645,184,461
22,22,49,AGENCIA DE MOVILIDAD DEL ESTADO DE QUERETARO,136,76,60
22,22,50,CENTRO DE CAPACITACION FORMACION E INVESTIGACION PARA LA SEGURIDAD DEL ESTADO DE QUERETARO,19,11,8
22,22,51,CENTRO DE INFORMACION Y ANALISIS PARA LA SEGURIDAD DE QUERETARO,141,66,75
22,22,52,CENTRO DE EVALUACION Y CONTROL DE CONFIANZA DEL ESTADO DE QUERETARO,71,18,53
22,22,53,COMISION ESTATAL DEL SISTEMA PENITENCIARIO DE QUERETARO,868,434,434
22,22,54,CENTRO DE PREVENCION SOCIAL DEL DELITO Y LA VIOLENCIA EN EL ESTADO DE QUERETARO,0,0,0
22,22,55,AEROPUERTO INTERCONTINENTAL DE QUERETARO SA DE CV,145,109,36
22,22,56,FIDEICOMISO PROMOTOR DEL EMPLEO,5,4,1
22,22,57,AGENCIA DE ENERGIA DEL ESTADO DE QUERETARO,18,11,7
22,22,58,INSTITUTO QUERETANO DEL EMPRENDIMIENTO Y LA INNOVACION,0,0,0
22,22,59,INSTITUTO QUERETANO DE LAS MUJERES,62,8,54
22,22,60,CASA QUERETANA DE LAS ARTESANIAS,20,9,11
22,22,61,INSTITUTO DE LA VIVIENDA DEL ESTADO DE QUERETARO,36,18,18
22,22,62,COMISION ESTATAL DE INFRAESTRUCTURA DE QUERETARO,422,373,49
22,22,63,UNIVERSIDAD TECNOLOGICA DE SAN JUAN DEL RIO QUERETARO,216,110,106
22,22,64,CONSEJO DE CIENCIA Y TECNOLOGIA DEL ESTADO DE QUERETARO,38,20,18
22,22,65,INSTITUTO DE ARTES Y OFICIOS DE QUERETARO,37,22,15
22,22,66,UNIDAD DE SERVICIOS PARA LA EDUCACION BASICA EN EL ESTADO DE QUERETARO,18528,5118,13410
22,22,67,UNIVERSIDAD AUTONOMA DE QUERETARO,5893,2984,2909
22,22,68,COLEGIO DE BACHILLERES DEL ESTADO DE QUERETARO,1634,783,851
22,22,69,UNIVERSIDAD TECNOLOGICA DE QUERETARO,688,337,351
22,22,70,INSTITUTO DE CAPACITACION PARA EL TRABAJO DEL ESTADO DE QUERETARO,305,144,161
22,22,71,COLEGIO DE ESTUDIOS CIENTIFICOS Y TECNOLOGICOS DEL ESTADO DE QUERETARO,568,261,307
22,22,72,INSTITUTO DE INFRAESTRUCTURA FISICA EDUCATIVA DEL ESTADO DE QUERETARO,65,34,31
22,22,73,COLEGIO DE EDUCACION PROFESIONAL TECNICA DEL ESTADO DE QUERETARO,434,200,234
22,22,74,UNIVERSIDAD POLITECNICA DE QUERETARO,407,239,168
22,22,75,UNIVERSIDAD AERONAUTICA EN QUERETARO,382,223,159
22,22,76,UNIVERSIDAD POLITECNICA DE SANTA ROSA JAUREGUI,169,103,66
22,22,77,UNIVERSIDAD TECNOLOGICA DE CORREGIDORA,78,43,35
22,22,78,INSTITUTO DEL DEPORTE Y LA RECREACION DEL ESTADO DE QUERETARO,214,126,88
22,22,79,CENTRO DE CONCILIACION LABORAL DEL ESTADO DE QUERETARO,91,41,50
22,22,80,SERVICIOS DE SALUD DEL ESTADO DE QUERETARO,7822,2650,5172
22,22,81,CENTRO ESTATAL DE TRASPLANTES DE QUERETARO,8,4,4
22,22,82,FIDEICOMISO PROMOTOR DE PROYECTOS ECONOMICOS Y DE BIENESTAR SOCIAL,8,6,2
22,22,83,FIDEICOMISO PROMOTOR DE TURISMO EN EL ESTADO DE QUERETARO,0,0,0
22,22,84,SECRETARIA EJECUTIVA DEL SISTEMA ESTATAL ANTICORRUPCION,14,6,8
23,23,1,DESPACHO DE LA GOBERNADORA,103,56,47
23,23,2,SECRETARIA DE DESARROLLO AGROPECUARIO RURAL Y PESCA,217,115,102
23,23,3,SECRETARIA DE FINANZAS Y PLANEACION,959,549,410
23,23,4,SECRETARIA DE OBRAS PUBLICAS,295,199,96
23,23,5,SECRETARIA DE DESARROLLO TERRITORIAL URBANO SUSTENTABLE,223,133,90
23,23,6,SECRETARIA DE DESARROLLO SOCIAL,150,68,82
23,23,7,SECRETARIA DE DESARROLLO ECONOMICO,92,40,52
23,23,8,SECRETARIA DE EDUCACION,87,48,39
23,23,9,SECRETARIA DE LA CONTRALORIA DEL ESTADO,274,128,146
23,23,10,SECRETARIA DE GOBIERNO,207,86,121
23,23,11,SECRETARIA DE ECOLOGIA Y MEDIO AMBIENTE,113,64,49
23,23,12,SECRETARIA DE SALUD,20,8,12
23,23,13,SECRETARIA DE SEGURIDAD PUBLICA,2199,1411,788
23,23,14,SECRETARIA DEL TRABAJO Y PREVISION SOCIAL,226,86,140
23,23,15,SECRETARIA DE TURISMO,122,65,57
23,23,16,CONSEJERIA JURIDICA DEL PODER EJECUTIVO,28,12,16
23,23,17,SERVICIO DE ADMINISTRACION TRIBUTARIA DE QUINTANA ROO,658,350,308
23,23,18,PROCURADURIA FISCAL DEL ESTADO DE QUINTANA ROO,11,3,8
23,23,19,CENTRO DE EVALUACION DEL DESEMPEÑO DEL ESTADO DE QUINTANA ROO,6,4,2
23,23,20,COMISION DE BUSQUEDA DE PERSONAS DEL ESTADO DE QUINTANA ROO,18,6,12
23,23,21,INSTITUTO QUINTANARROENSE DE INNOVACION Y TECNOLOGIA,32,20,12
23,23,22,COORDINACION GENERAL DE COMUNICACION DEL GOBIERNO DEL ESTADO DE QUINTANA ROO,85,40,45
23,23,23,REPRESENTACION DEL GOBIERNO DEL ESTADO EN LA CIUDAD DE MEXICO,14,7,7
23,23,24,COMISION ESTATAL DE MEJORA REGULATORIA,12,3,9
23,23,25,SECRETARIA EJECUTIVA DEL SISTEMA ESTATAL DE PROTECCION DE LOS DERECHOS DE NIÑAS NIÑOS Y ADOLESCENTES,10,4,6
23,23,26,PROCURADURIA DE PROTECCION AL AMBIENTE DEL ESTADO DE QUINTANA ROO,68,40,28
23,23,27,INSTITUTO DE BIODIVERSIDAD Y AREAS NATURALES PROTEGIDAS DEL ESTADO DE QUINTANA ROO,22,15,7
23,23,28,COORDINACION ESTATAL DE PROTECCION CIVIL,31,19,12
23,23,29,JUNTA DE ASISTENCIA SOCIAL PRIVADA DE QUINTANA ROO,9,4,5
23,23,30,ADMINISTRACION DEL PATRIMONIO DE LA BENEFICENCIA PUBLICA DEL ESTADO DE QUINTANA ROO,12,4,8
23,23,31,CENTRO ESTATAL DE EVALUACION Y CONTROL DE CONFIANZA,95,33,62
23,23,32,ARCHIVO GENERAL DEL ESTADO,NSS,NSS,NSS
23,23,33,INSTITUTO GEOGRAFICO Y CATASTRAL DEL ESTADO DE QUINTANA ROO,20,14,6
23,23,34,REGISTRO PUBLICO DE LA PROPIEDAD Y DEL COMERCIO DEL ESTADO DE QUINTANA ROO,73,19,54
23,23,35,SERVICIO ESTATAL DEL EMPLEO Y CAPACITACION PARA EL TRABAJO,36,17,19
23,23,36,INSTITUTO DE CULTURA Y LAS ARTES DE QUINTANA ROO,256,120,136
23,23,37,SISTEMA QUINTANARROENSE DE COMUNICACION SOCIAL,297,192,105
23,23,38,FUNDACION DE PARQUES Y MUSEOS DE COZUMEL QUINTANA ROO,236,151,85
23,23,39,INSTITUTO PARA EL DESARROLLO DEL PUEBLO MAYA Y LAS COMUNIDADES INDIGENAS DEL ESTADO DE QUINTANA ROO,24,18,6
23,23,40,COMISION EJECUTIVA DE ATENCION A VICTIMAS DEL ESTADO DE QUINTANA ROO,98,42,56
23,23,41,CONSEJO QUINTANARROENSE DE CIENCIA Y TECNOLOGIA,92,50,42
23,23,42,INSTITUTO DE MOVILIDAD DEL ESTADO DE QUINTANA ROO,149,85,64
23,23,43,COMISION PARA LA JUVENTUD Y EL DEPORTE DE QUINTANA ROO,342,224,118
23,23,44,INSTITUTO QUINTANARROENSE DE LA JUVENTUD,60,28,32
23,23,45,AGENCIA DE PROYECTOS ESTRATEGICOS DEL ESTADO DE QUINTANA ROO,233,134,99
23,23,46,INSTITUTO PARA EL DESARROLLO Y FINANCIAMIENTO DEL ESTADO DE QUINTANA ROO,11,4,7
23,23,47,CONSEJO DE PROMOCION INDUSTRIAL COMERCIO EXTERIOR Y TECNOLOGIA DE QUINTANA ROO,0,0,0
23,23,48,SERVICIOS EDUCATIVOS DE QUINTANA ROO,17161,6964,10197
23,23,49,INSTITUTO DE INFRAESTRUCTURA FISICA EDUCATIVA DEL ESTADO DE QUINTANA ROO,119,61,58
23,23,50,INSTITUTO ESTATAL PARA LA EDUCACION DE JOVENES Y ADULTOS,180,94,86
23,23,51,CENTRO DE ESTUDIOS DE BACHILLERATO TECNICO EVA SAMANO DE LOPEZ MATEOS,143,68,75
23,23,52,COLEGIO DE BACHILLERES DEL ESTADO DE QUINTANA ROO,1554,836,718
23,23,53,COLEGIO DE ESTUDIOS CIENTIFICOS Y TECNOLOGICOS DE QUINTANA ROO,649,356,293
23,23,54,COLEGIO DE EDUCACION PROFESIONAL TECNICA DEL ESTADO DE QUINTANA ROO,855,448,407
23,23,55,INSTITUTO TECNOLOGICO SUPERIOR DE FELIPE CARRILLO PUERTO,174,100,74
23,23,56,UNIVERSIDAD DEL CARIBE,252,118,134
23,23,57,UNIVERSIDAD POLITECNICA DE BACALAR,64,34,30
23,23,58,UNIVERSIDAD AUTONOMA DEL ESTADO DE QUINTANA ROO,595,293,302
23,23,59,UNIVERSIDAD TECNOLOGICA DE CHETUMAL,104,59,45
23,23,60,UNIVERSIDAD POLITECNICA DE QUINTANA ROO,190,112,78
23,23,61,UNIVERSIDAD INTERCULTURAL MAYA DE QUINTANA ROO,84,51,33
23,23,62,UNIVERSIDAD TECNOLOGICA DE CANCUN,345,164,181
23,23,63,UNIVERSIDAD TECNOLOGICA DE LA RIVIERA MAYA,153,76,77
23,23,64,UNIVERSIDAD TECNOLOGICA DE TULUM,1,1,0
23,23,65,SECRETARIA EJECUTIVA DEL SISTEMA ANTICORRUPCION DEL ESTADO DE QUINTANA ROO,14,5,9
23,23,66,INSTITUTO QUINTANARROENSE DE LA MUJER,114,30,84
23,23,67,CENTRO DE CONCILIACION LABORAL,105,37,68
23,23,68,SISTEMA PARA EL DESARROLLO INTEGRAL DE LA FAMILIA DEL ESTADO DE QUINTANA ROO,1280,372,908
23,23,69,SERVICIOS ESTATALES DE SALUD,8124,3543,4581
23,23,70,SECRETARIADO EJECUTIVO DEL SISTEMA ESTATAL DE SEGURIDAD PUBLICA,93,63,30
23,23,71,COMISION DE AGUA POTABLE Y ALCANTARILLADO,1241,924,317
23,23,72,INSTITUTO DE CAPACITACION PARA EL TRABAJO DEL ESTADO DE QUINTANA ROO,325,166,159
23,23,73,CONSEJO DE PROMOCION TURISTICA DE QUINTANA ROO,38,15,23
23,23,74,ADMINISTRACION PORTUARIA INTEGRAL DE QUINTANA ROO,369,236,133
23,23,75,VIP SERVICIOS AEREOS EJECUTIVOS,45,34,11
24,24,1,DESPACHO DEL EJECUTIVO,99,61,38
24,24,2,SECRETARIA GENERAL DE GOBIERNO,572,271,301
24,24,3,SECRETARIA TECNICA DEL GABINETE,9,3,6
24,24,4,UNIDAD DE SISTEMAS E INFORMATICA DEL PODER EJECUTIVO DE SAN LUIS POTOSI,11,9,2
24,24,5,SECRETARIA DE FINANZAS,870,388,482
24,24,6,SISTEMA EDUCATIVO ESTATAL REGULAR,6586,2425,4161
24,24,7,SECRETARIA DE EDUCACION,34929,12433,22496
24,24,8,SECRETARIA DE CULTURA,530,323,207
24,24,9,SECRETARIA DE COMUNICACIONES Y TRANSPORTES,181,115,66
24,24,10,SECRETARIA DE DESARROLLO SOCIAL Y REGIONAL,198,109,89
24,24,11,SECRETARIA DE DESARROLLO AGROPECUARIO Y RECURSOS HIDRAULICOS,231,161,70
24,24,12,SECRETARIA DE DESARROLLO URBANO VIVIENDA Y OBRAS PUBLICAS,194,123,71
24,24,13,SECRETARIA DE DESARROLLO ECONOMICO,103,49,54
24,24,14,SECRETARIA DEL TRABAJO Y PREVISION SOCIAL,296,131,165
24,24,15,SECRETARIA DE TURISMO,66,28,38
24,24,16,SECRETARIA DE ECOLOGIA Y GESTION AMBIENTAL,80,47,33
24,24,17,SECRETARIADO EJECUTIVO DEL CONSEJO ESTATAL DE SEGURIDAD PUBLICA DEL ESTADO,70,43,27
24,24,18,SECRETARIA DE SEGURIDAD PUBLICA,4431,3484,947
24,24,19,OFICIALIA MAYOR,363,183,180
24,24,20,CONTRALORIA GENERAL DEL ESTADO,155,84,71
24,24,21,COORDINACION GENERAL DE LA DEFENSORIA PUBLICA DEL ESTADO,197,91,106
24,24,22,CONSEJERIA JURIDICA,7,4,3
24,24,23,COORDINACION GENERAL DE COMUNICACION SOCIAL,73,48,25
24,24,24,CONSEJO POTOSINO DE CIENCIA Y TECNOLOGIA,7,1,6
24,24,25,ARCHIVO HISTORICO DEL ESTADO LICENCIADO ANTONIO ROCHA CORDERO,19,8,11
24,24,26,CENTRO ESTATAL DE CULTURA Y RECREACION TANGAMANGA I Y II PROFESOR CARLOS JONGUITUD BARRIOS,427,348,79
24,24,27,INSTITUTO POTOSINO DE CULTURA FISICA Y DEPORTE,166,109,57
24,24,28,INSTITUTO POTOSINO DE LA JUVENTUD,19,14,5
24,24,29,SERVICIOS DE SALUD DE SAN LUIS POTOSI,6188,2205,3983
24,24,30,JUNTA ESTATAL DE CAMINOS,177,129,48
24,24,31,INSTITUTO ESTATAL DE INFRAESTRUCTURA FISICA EDUCATIVA,64,38,26
24,24,32,CONSEJO ESTATAL DE POBLACION,26,11,15
24,24,33,INSTITUTO DE DESARROLLO HUMANO Y SOCIAL DE LOS PUEBLOS INDIGENAS,23,14,9
24,24,34,SISTEMA ESTATAL PARA EL DESARROLLO INTEGRAL DE LA FAMILIA,705,260,445
24,24,35,INSTITUTO ESTATAL DE CIEGOS,14,1,13
24,24,36,PROMOTORA DEL ESTADO DE SAN LUIS POTOSI,28,16,12
24,24,37,CENTRO DE CONVENCIONES DE SAN LUIS POTOSI,22,12,10
24,24,38,INSTITUTO DE VIVIENDA DEL ESTADO,51,26,25
24,24,39,COMISION ESTATAL DEL AGUA,88,55,33
24,24,40,COMISION EJECUTIVA ESTATAL DE ATENCION A VICTIMAS,77,29,48
24,24,41,COORDINACION ESTATAL PARA EL FORTALECIMIENTO INSTITUCIONAL DE LOS MUNICIPIOS,41,26,15
24,24,42,INSTITUTO DE LAS MUJERES DEL ESTADO DE SAN LUIS POTOSI,164,16,148
24,24,43,INSTITUTO REGISTRAL Y CATASTRAL DEL ESTADO DE SAN LUIS POTOSI,114,51,63
24,24,44,CENTRO DE JUSTICIA PARA MUJERES DEL ESTADO DE SAN LUIS POTOSI,89,11,78
24,24,45,INSTITUTO DE TELEVISION PUBLICA DE SAN LUIS POTOSI XHSLS CANAL 9,36,19,17
24,24,46,CENTRO DE CONCILIACION LABORAL DEL ESTADO DE SAN LUIS POTOSI,15,10,5
24,24,47,SECRETARIA EJECUTIVA DEL SISTEMA ESTATAL ANTICORRUPCION,9,5,4
24,24,48,INSTITUTO ESTATAL DE EDUCACION PARA ADULTOS,248,100,148
24,24,49,COLEGIO DE BACHILLERES,2061,1109,952
24,24,50,COLEGIO DE EDUCACION PROFESIONAL TECNICA DEL ESTADO DE SAN LUIS POTOSI,205,93,112
24,24,51,COLEGIO DE ESTUDIOS CIENTIFICOS Y TECNOLOGICOS,746,392,354
24,24,52,UNIVERSIDAD INTERCULTURAL,433,207,226
24,24,53,INSTITUTO TECNOLOGICO SUPERIOR DE EBANO,60,26,34
24,24,54,INSTITUTO TECNOLOGICO SUPERIOR DE TAMAZUNCHALE,136,72,64
24,24,55,UNIVERSIDAD TECNOLOGICA DE SAN LUIS POTOSI,262,111,151
24,24,56,INSTITUTO TECNOLOGICO SUPERIOR DE RIOVERDE,132,67,65
24,24,57,UNIVERSIDAD POLITECNICA DE SAN LUIS POTOSI,428,207,221
24,24,58,INSTITUTO TECNOLOGICO SUPERIOR DE SAN LUIS POTOSI CAPITAL,176,94,82
24,24,59,INSTITUTO POTOSINO DE BELLAS ARTES,115,70,45
24,24,60,MUSEO DEL VIRREINATO,10,7,3
24,24,61,CENTRO CULTURAL REAL DE CATORCE,5,1,4
24,24,62,MUSEO DEL FERROCARRIL,19,10,9
24,24,63,MUSEO DE ARTE CONTEMPORANEO,9,5,4
24,24,64,MUSEO LABERINTO DE LAS CIENCIAS Y LAS ARTES,46,21,25
24,24,65,CENTRO DE LAS ARTES DE SAN LUIS POTOSI,75,36,39
24,24,66,MUSEO FRANCISCO COSSIO,28,14,14
24,24,67,MUSEO FEDERICO SILVA ESCULTURA CONTEMPORANEA,12,7,5
24,24,68,CINETECA ALAMEDA,18,7,11
24,24,69,MUSEO NACIONAL DE LA MASCARA,15,11,4
24,24,70,INSTITUTO TEMAZCALLI PREVENCION Y REHABILITACION,84,38,46
24,24,71,INSTITUTO GERIATRICO DOCTOR NICOLAS AGUILAR,76,22,54
24,24,72,CENTRO DE ASISTENCIA SOCIAL ROSARIO CASTELLANOS,20,1,19
24,24,73,CENTRO DE ASISTENCIA SOCIAL RAFAEL NIETO,46,21,25
24,24,74,CENTRO DE ASISTENCIA SOCIAL MARGARITA MAZA DE JUAREZ,47,10,37
24,24,75,SISTEMA DE FINANCIAMIENTO PARA EL DESARROLLO DEL ESTADO DE SAN LUIS POTOSI,34,17,17
24,24,76,INSTITUTO DE CAPACITACION PARA EL TRABAJO DEL ESTADO DE SAN LUIS POTOSI,189,90,99
24,24,77,UNIVERSIDAD TECNOLOGICA METROPOLITANA DE SAN LUIS POTOSI,29,16,13
24,24,78,CENTRO ESTATAL DE TRASPLANTES,9,5,4
24,24,79,MUSEO CASA DEL REBOZO,10,5,5
25,25,1,OFICINA DEL GOBERNADOR,101,64,37
25,25,2,SECRETARIA GENERAL DE GOBIERNO,1895,838,1057
25,25,3,SECRETARIA DE ADMINISTRACION Y FINANZAS,2080,1079,1001
25,25,4,SECRETARIA DE EDUCACION PUBLICA Y CULTURA,14141,4962,9179
25,25,5,SECRETARIA DE SEGURIDAD PUBLICA,2997,1946,1051
25,25,6,SECRETARIA DE ECONOMIA,113,57,56
25,25,7,SECRETARIA DE SALUD,117,60,57
25,25,8,SECRETARIA DE TURISMO,59,20,39
25,25,9,SECRETARIA DE TRANSPARENCIA Y RENDICION DE CUENTAS,129,69,60
25,25,10,SECRETARIA DE PESCA Y ACUACULTURA,65,38,27
25,25,11,SECRETARIA DE LAS MUJERES,188,46,142
25,25,12,SECRETARIA DE BIENESTAR Y DESARROLLO SUSTENTABLE,263,139,124
25,25,13,SECRETARIA DE OBRAS PUBLICAS,250,171,79
25,25,14,SECRETARIA DE AGRICULTURA Y GANADERIA,102,72,30
25,25,15,INSTITUTO ESTATAL DE PROTECCION CIVIL,12,9,3
25,25,16,COMISION ESTATAL DE ATENCION INTEGRAL A VICTIMAS,29,14,15
25,25,17,CENTRO DE CONCILIACION LABORAL DEL ESTADO DE SINALOA,14,7,7
25,25,18,INSTITUTO DE LA DEFENSORIA PUBLICA DEL ESTADO,251,75,176
25,25,19,CONSEJO ESTATAL DE POBLACION,12,2,10
25,25,20,ARCHIVO HISTORICO GENERAL DEL ESTADO,27,12,15
25,25,21,DELEGACION DE RELACIONES EXTERIORES,30,8,22
25,25,22,SECRETARIA EJECUTIVA DEL SISTEMA ESTATAL DE PROTECCION INTEGRAL DE LOS DERECHOS DE NIÑAS NIÑOS Y ADOLESCENTES,0,0,0
25,25,23,COMISION ESTATAL DE BUSQUEDA DE PERSONAS DESAPARECIDAS,39,22,17
25,25,24,TRIBUNAL LOCAL DE CONCILIACION Y ARBITRAJE,13,4,9
25,25,25,PROCURADURIA FISCAL,21,14,7
25,25,26,INSTITUTO CATASTRAL DEL ESTADO DE SINALOA,204,117,87
25,25,27,SERVICIO DE ADMINISTRACION TRIBUTARIA DEL ESTADO DE SINALOA,944,464,480
25,25,28,COORDINACION DE COMUNICACION SOCIAL,60,32,28
25,25,29,COORDINACION DE ASESORES,21,13,8
25,25,30,JUNTA LOCAL DE CONCILIACION Y ARBITRAJE,168,71,97
25,25,31,INSTITUTO SINALOENSE DE DESARROLLO SOCIAL,18,9,9
25,25,32,COMISION PARA LA ATENCION DE LAS COMUNIDADES INDIGENAS DE SINALOA,0,0,0
25,25,33,COORDINACION GENERAL DE DESARROLLO TECNOLOGICO Y PROYECTOS ESPECIALES,222,116,106
25,25,34,FOMENTO A LA INVESTIGACION CIENTIFICA,0,0,0
25,25,35,CENTRO ESTATAL DE EVALUACION Y CONTROL DE CONFIANZA,0,0,0
25,25,36,UNIVERSIDAD DE LA POLICIA DEL ESTADO DE SINALOA,87,41,46
25,25,37,COLEGIO DE BACHILLERES DEL ESTADO DE SINALOA,0,0,0
25,25,38,UNIVERSIDAD AUTONOMA DE OCCIDENTE,0,0,0
25,25,39,UNIVERSIDAD AUTONOMA DE SINALOA,0,0,0
25,25,40,ESCUELA NORMAL DE ESPECIALIZACION DEL ESTADO DE SINALOA,103,40,63
25,25,41,INSTITUTO SINALOENSE DE CULTURA FISICA Y EL DEPORTE,0,0,0
25,25,42,COLEGIO DE SINALOA,0,0,0
25,25,43,INSTITUTO SINALOENSE DE CULTURA,218,112,106
25,25,44,UNIVERSIDAD AUTONOMA INDIGENA DE MEXICO,NSS,NSS,NSS
25,25,45,SERVICIOS DE EDUCACION PUBLICA DESCENTRALIZADA DEL ESTADO DE SINALOA,NSS,NSS,NSS
25,25,46,UNIVERSIDAD POLITECNICA DE SINALOA,NSS,NSS,NSS
25,25,47,INSTITUTO SINALOENSE DE LA INFRAESTRUCTURA FISICA EDUCATIVA,NSS,NSS,NSS
25,25,48,INSTITUTO TECNOLOGICO SUPERIOR DE GUASAVE,NSS,NSS,NSS
25,25,49,INSTITUTO TECNOLOGICO SUPERIOR DE ELDORADO,NSS,NSS,NSS
25,25,50,COLEGIO DE EDUCACION PROFESIONAL TECNICA DEL ESTADO DE SINALOA,NSS,NSS,NSS
25,25,51,UNIVERSIDAD POLITECNICA DEL MAR Y LA SIERRA,NSS,NSS,NSS
25,25,52,UNIVERSIDAD POLITECNICA DEL VALLE DEL EVORA,NSS,NSS,NSS
25,25,53,UNIVERSIDAD TECNOLOGICA DE CULIACAN,NSS,NSS,NSS
25,25,54,UNIVERSIDAD TECNOLOGICA DE ESCUINAPA,NSS,NSS,NSS
25,25,55,INSTITUTO SINALOENSE PARA LA EDUCACION DE JOVENES Y ADULTOS,NSS,NSS,NSS
25,25,56,UNIVERSIDAD PEDAGOGICA DEL ESTADO DE SINALOA,NSS,NSS,NSS
25,25,57,CENTRO DE ESTUDIOS DE BACHILLERATO,NSS,NSS,NSS
25,25,58,COLEGIO DE ESTUDIOS CIENTIFICOS Y TECNOLOGICOS DEL ESTADO DE SINALOA,NSS,NSS,NSS
25,25,59,ESCUELA NORMAL EXPERIMENTAL DE EL FUERTE,NSS,NSS,NSS
25,25,60,CIUDAD EDUCADORA DEL SABER DE SINALOA,5,2,3
25,25,61,SISTEMA SINALOENSE DE RADIO Y TELEVISION,18,8,10
25,25,62,ESCUELA NORMAL DE SINALOA,336,149,187
25,25,63,ESCUELA LIBRE DE DERECHO,NSS,NSS,NSS
25,25,64,DESARROLLO URBANO TRES RIOS,NSS,NSS,NSS
25,25,65,PREESFORZADOS CONCRETOS Y AGREGADOS DE SINALOA,NSS,NSS,NSS
25,25,66,INSTITUTO DE CAPACITACION PARA EL TRABAJO DEL ESTADO DE SINALOA,NSS,NSS,NSS
25,25,67,COMISION ESTATAL DE MEJORA REGULATORIA Y GESTION EMPRESARIAL,NSS,NSS,NSS
25,25,68,CONSEJO PARA EL DESARROLLO ECONOMICO DE SINALOA,NSS,NSS,NSS
25,25,69,ADMINISTRACION DE LA BENEFICENCIA PUBLICA DEL ESTADO DE SINALOA,5,3,2
25,25,70,COMISION DE ARBITRAJE MEDICO DEL ESTADO DE SINALOA,12,5,7
25,25,71,COMISION ESTATAL PARA LA PROTECCION CONTRA RIESGOS SANITARIOS DE SINALOA,22,15,7
25,25,72,COMISION ESTATAL DE PREVENCION TRATAMIENTO Y CONTROL DE LAS ADICCIONES,7,4,3
25,25,73,CENTRO DE REHABILITACION PARA LA JUVENTUD,NSS,NSS,NSS
25,25,74,HOSPITAL CIVIL DE CULIACAN,NSS,NSS,NSS
25,25,75,DESARROLLO INTEGRAL DE LA FAMILIA,978,290,688
25,25,76,SERVICIOS DE SALUD DE SINALOA,NSS,NSS,NSS
25,25,77,JUNTA DE ASISTENCIA PRIVADA DEL ESTADO DE SINALOA,NSS,NSS,NSS
25,25,78,INSTITUTO SINALOENSE DE ACUACULTURA Y PESCA,11,10,1
25,25,79,CONSEJO ESTATAL PARA LA PREVENCION Y ATENCION DE LA VIOLENCIA FAMILIAR,67,17,50
25,25,80,CENTRO DE JUSTICIA PARA MUJERES,45,11,34
25,25,81,INSTITUTO SINALOENSE DE LA JUVENTUD,NSS,NSS,NSS
25,25,82,COMISION ESTATAL DE AGUA POTABLE Y ALCANTARILLADO DE SINALOA,NSS,NSS,NSS
25,25,83,COMISION DE VIVIENDA DEL ESTADO DE SINALOA,NSS,NSS,NSS
25,25,84,VIVEROS DE SINALOA,NSS,NSS,NSS
26,26,1,EJECUTIVO DEL ESTADO,285,163,122
26,26,2,SECRETARIA DE AGRICULTURA GANADERIA RECURSOS HIDRAULICOS PESCA Y ACUACULTURA,179,100,79
26,26,3,SECRETARIA DE DESARROLLO SOCIAL,250,91,159
26,26,4,SECRETARIA DE ECONOMIA,91,50,41
26,26,5,SECRETARIA DE EDUCACION Y CULTURA,15090,5406,9684
26,26,6,SECRETARIA DE GOBIERNO,456,181,275
26,26,7,SECRETARIA DE HACIENDA,1419,595,824
26,26,8,SECRETARIA DE INFRAESTRUCTURA Y DESARROLLO URBANO,175,92,83
26,26,9,SECRETARIA DE LA CONSEJERIA JURIDICA,148,72,76
26,26,10,SECRETARIA DE LA CONTRALORIA GENERAL,298,140,158
26,26,11,SECRETARIA DE SALUD PUBLICA,107,43,64
26,26,12,SECRETARIA DE SEGURIDAD PUBLICA,3656,2339,1317
26,26,13,SECRETARIA DE TURISMO,41,14,27
26,26,14,SECRETARIA DEL TRABAJO,214,86,128
26,26,15,OFICIALIA MAYOR,266,89,177
26,26,16,CENTRO DE EVALUACION Y CONTROL DE CONFIANZA DEL ESTADO DE SONORA,93,31,62
26,26,17,CENTRO DE CONCILIACION LABORAL DEL ESTADO DE SONORA,143,71,72
26,26,18,CENTRO ESTATAL DE TRASPLANTES,13,5,8
26,26,19,CENTRO REGIONAL DE FORMACION PROFESIONAL DOCENTE DE SONORA,642,272,370
26,26,20,COLEGIO DE BACHILLERES DEL ESTADO,2230,1148,1082
26,26,21,COLEGIO DE EDUCACION PROFESIONAL TECNICA DEL ESTADO DE SONORA,1080,560,520
26,26,22,COLEGIO DE ESTUDIOS CIENTIFICOS Y TECNOLOGICOS DEL ESTADO DE SONORA,1594,778,816
26,26,23,COMISION DE ECOLOGIA Y DESARROLLO SUSTENTABLE DEL ESTADO DE SONORA,162,84,78
26,26,24,COMISION DE VIVIENDA DEL ESTADO DE SONORA,42,21,21
26,26,25,COMISION EJECUTIVA DE ATENCION A VICTIMAS,15,2,13
26,26,26,COMISION DEL DEPORTE DEL ESTADO DE SONORA,340,208,132
26,26,27,COMISION ESTATAL DEL AGUA,75,44,31
26,26,28,COMISION ESTATAL PARA EL DESARROLLO DE LOS PUEBLOS Y COMUNIDADES INDIGENAS DE SONORA,21,11,10
26,26,29,COMITE DE CAMPAÑA DE ERRADICACION DE LA TUBERCULOSIS Y BRUCELOSIS BOVINA DEL ESTADO DE SONORA,0,0,0
26,26,30,CONSEJO ESTATAL DE CIENCIA Y TECNOLOGIA,6,4,2
26,26,31,CONSEJO ESTATAL DE CONCERTACION PARA LA OBRA PUBLICA,109,59,50
26,26,32,CONSEJO SONORENSE REGULADOR DEL BACANORA,5,2,3
26,26,33,COORDINACION ESTATAL DE PROTECCION CIVIL,83,48,35
26,26,34,FIDEICOMISO FONDO REVOLVENTE SONORA,9,3,6
26,26,35,FIDEICOMISO MAESTRO PARA EL FINANCIAMIENTO DEL SECTOR AGROPECUARIO EN SONORA,8,5,3
26,26,36,FIDEICOMISO OPERADORA DE PROYECTOS ESTRATEGICOS DEL ESTADO DE SONORA IMPULSOR,10,5,5
26,26,37,FIDEICOMISO PUENTE COLORADO,39,18,21
26,26,38,FINANCIERA PARA EL DESARROLLO ECONOMICO DE SONORA,46,17,29
26,26,39,FONDO DE OPERACION DE OBRAS SONORA SI,36,33,3
26,26,40,FONDO ESTATAL DE SOLIDARIDAD,0,0,0
26,26,41,INSTITUTO DE MOVILIDAD Y TRANSPORTE DEL ESTADO DE SONORA,86,42,44
26,26,42,INSTITUTO DE ACUACULTURA DEL ESTADO DE SONORA,38,28,10
26,26,43,INSTITUTO DE BECAS Y CREDITO EDUCATIVO DEL ESTADO DE SONORA,121,46,75
26,26,44,INSTITUTO DE CAPACITACION PARA EL TRABAJO DEL ESTADO DE SONORA,886,430,456
26,26,45,INSTITUTO DE SEGURIDAD Y SERVICIOS SOCIALES DE LOS TRABAJADORES DEL ESTADO DE SONORA,2731,1181,1550
26,26,46,INSTITUTO SONORENSE DE CULTURA,305,168,137
26,26,47,INSTITUTO SONORENSE DE EDUCACION PARA LOS ADULTOS,242,76,166
26,26,48,INSTITUTO SONORENSE DE INFRAESTRUCTURA EDUCATIVA,122,57,65
26,26,49,INSTITUTO SONORENSE DE LA JUVENTUD,25,15,10
26,26,50,INSTITUTO SONORENSE DE LAS MUJERES,78,4,74
26,26,51,INSTITUTO SONORENSE PARA LA ATENCION DE ADULTOS MAYORES,7,0,7
26,26,52,INSTITUTO SUPERIOR DE SEGURIDAD PUBLICA DEL ESTADO,34,16,18
26,26,53,INSTITUTO TECNOLOGICO SUPERIOR DE CAJEME,235,129,106
26,26,54,INSTITUTO TECNOLOGICO SUPERIOR DE CANANEA,175,87,88
26,26,55,INSTITUTO TECNOLOGICO SUPERIOR DE PUERTO PEÑASCO,110,63,47
26,26,56,JUNTA DE CAMINOS DEL ESTADO DE SONORA,257,193,64
26,26,57,PROCURADURIA AMBIENTAL DEL ESTADO DE SONORA,30,11,19
26,26,58,PROGRESO FIDEICOMISO PROMOTOR URBANO DE SONORA,4,1,3
26,26,59,PROSONORA,23,12,11
26,26,60,RADIO SONORA,47,28,19
26,26,61,SECRETARIA EJECUTIVA DEL SISTEMA ESTATAL ANTICORRUPCION,9,3,6
26,26,62,SERVICIO DE ADMINISTRACION Y ENAJENACION DE BIENES DE ENTIDADES DEL GOBIERNO DEL ESTADO DE SONORA,5,2,3
26,26,63,SERVICIOS DE SALUD DE SONORA,13146,4950,8196
26,26,64,SERVICIOS EDUCATIVOS DEL ESTADO DE SONORA,20094,7289,12805
26,26,65,SISTEMA ESTATAL DE TELEVISION SONORENSE,0,0,0
26,26,66,SISTEMA PARA EL DESARROLLO INTEGRAL DE LA FAMILIA SONORA,776,240,536
26,26,67,TELEFONIA RURAL DE SONORA,7,5,2
26,26,68,TELEVISORA DE HERMOSILLO SA DE CV TELEMAX,145,94,51
26,26,69,UNIVERSIDAD DE LA SIERRA,88,47,41
26,26,70,UNIVERSIDAD ESTATAL DE SONORA,NSS,NSS,NSS
26,26,71,UNIVERSIDAD TECNOLOGICA DE ETCHOJOA,63,36,27
26,26,72,UNIVERSIDAD TECNOLOGICA DE GUAYMAS,109,57,52
26,26,73,UNIVERSIDAD TECNOLOGICA DE HERMOSILLO,391,202,189
26,26,74,UNIVERSIDAD TECNOLOGICA DE NOGALES,200,98,102
26,26,75,UNIVERSIDAD TECNOLOGICA DE PUERTO PEÑASCO,69,38,31
26,26,76,UNIVERSIDAD TECNOLOGICA DE SAN LUIS RIO COLORADO,147,67,80
26,26,77,UNIVERSIDAD TECNOLOGICA DEL SUR DE SONORA,175,114,61
27,27,1,GUBERNATURA,558,326,232
27,27,2,COORDINACION GENERAL DE ASUNTOS JURIDICOS,167,79,88
27,27,3,SECRETARIA DE ADMINISTRACION E INNOVACION GUBERNAMENTAL,1383,928,455
27,27,4,SECRETARIA DE BIENESTAR SUSTENTABILIDAD Y CAMBIO CLIMATICO,334,216,118
27,27,5,SECRETARIA DE CULTURA,1202,621,581
27,27,6,SECRETARIA DE DESARROLLO AGROPECUARIO FORESTAL Y PESCA,971,652,319
27,27,7,SECRETARIA DE EDUCACION,34450,12730,21720
27,27,8,SECRETARIA DE FINANZAS,1030,506,524
27,27,9,SECRETARIA DE GOBIERNO,1383,610,773
27,27,10,SECRETARIA DE LA FUNCION PUBLICA,405,224,181
27,27,11,SECRETARIA DE MOVILIDAD,319,210,109
27,27,12,SECRETARIA DE ORDENAMIENTO TERRITORIAL Y OBRAS PUBLICAS,443,286,157
27,27,13,SECRETARIA DE SALUD,20849,8664,12185
27,27,14,SECRETARIA DE SEGURIDAD Y PROTECCION CIUDADANA,7617,6060,1557
27,27,15,SECRETARIA DE TURISMO,108,55,53
27,27,16,SECRETARIA PARA EL DESARROLLO ECONOMICO Y LA COMPETITIVIDAD,177,87,90
27,27,17,SECRETARIA PARA EL DESARROLLO ENERGETICO,152,95,57
27,27,18,CENTRAL DE MAQUINARIA DE TABASCO,477,425,52
27,27,19,CENTRO DE INTERPRETACION Y CONVIVENCIA CON LA NATURALEZA,131,89,42
27,27,20,COMISION DE RADIO Y TELEVISION DE TABASCO,208,147,61
27,27,21,COORDINACION ESTATAL PARA LA REGULARIZACION DE LA TENENCIA DE LA TIERRA,60,36,24
27,27,22,INSTITUTO DE LA JUVENTUD Y EL DEPORTE DE TABASCO,260,176,84
27,27,23,JUNTA ESTATAL DE CAMINOS,507,388,119
27,27,24,CENTRAL DE ABASTO DE VILLAHERMOSA,78,56,22
27,27,25,CENTRO DE CONCILIACION LABORAL DEL ESTADO DE TABASCO,21,15,6
27,27,26,COLEGIO DE BACHILLERES DE TABASCO,3599,2043,1556
27,27,27,COLEGIO DE EDUCACION PROFESIONAL TECNICO DEL ESTADO DE TABASCO,584,306,278
27,27,28,COLEGIO DE ESTUDIOS CIENTIFICOS Y TECNOLOGICOS DEL ESTADO DE TABASCO,1252,767,485
27,27,29,COMISION ESTATAL DE AGUA Y SANEAMIENTO,1897,1459,438
27,27,30,COMISION ESTATAL DE CONCILIACION Y ARBITRAJE MEDICO,20,8,12
27,27,31,CONSEJO DE CIENCIA Y TECNOLOGIA DEL ESTADO DE TABASCO,34,15,19
27,27,32,INSTITUTO DE BENEFICENCIA PUBLICA DEL ESTADO DE TABASCO,15,5,10
27,27,33,INSTITUTO DE EDUCACION PARA ADULTOS DE TABASCO,325,155,170
27,27,34,INSTITUTO DE FORMACION PARA EL TRABAJO DEL ESTADO DE TABASCO,330,158,172
27,27,35,INSTITUTO DE PROTECCION CIVIL DEL ESTADO DE TABASCO,257,189,68
27,27,36,INSTITUTO DE SEGURIDAD SOCIAL DEL ESTADO DE TABASCO,3122,1446,1676
27,27,37,INSTITUTO DE VIVIENDA DE TABASCO,246,151,95
27,27,38,INSTITUTO ESTATAL DE LAS MUJERES,70,21,49
27,27,39,INSTITUTO PARA EL FOMENTO DE LAS ARTESANIAS DE TABASCO,53,25,28
27,27,40,INSTITUTO TABASQUEÑO DE LA INFRAESTRUCTURA FISICA EDUCATIVA,85,53,32
27,27,41,INSTITUTO TECNOLOGICO SUPERIOR DE CENTLA,179,103,76
27,27,42,INSTITUTO TECNOLOGICO SUPERIOR DE COMALCALCO,217,131,86
27,27,43,INSTITUTO TECNOLOGICO SUPERIOR DE LA REGION SIERRA,165,95,70
27,27,44,INSTITUTO TECNOLOGICO SUPERIOR DE LOS RIOS,209,140,69
27,27,45,INSTITUTO TECNOLOGICO SUPERIOR DE MACUSPANA,148,105,43
27,27,46,INSTITUTO TECNOLOGICO SUPERIOR DE VILLA LA VENTA HUIMANGUILLO,174,100,74
27,27,47,MUSEO INTERACTIVO PAPAGAYO,61,28,33
27,27,48,SECRETARIA EJECUTIVA DEL SISTEMA ESTATAL ANTICORRUPCION,34,13,21
27,27,49,SERVICIO ESTATAL DE ADMINISTRACION DE BIENES ASEGURADOS ABANDONADOS O DECOMISADOS DEL ESTADO DE TABASCO,21,12,9
27,27,50,SISTEMA PARA EL DESARROLLO INTEGRAL DE LA FAMILIA,2175,855,1320
27,27,51,UNIVERSIDAD INTERCULTURAL DEL ESTADO DE TABASCO,185,109,76
27,27,52,UNIVERSIDAD POLITECNICA DEL CENTRO,135,81,54
27,27,53,UNIVERSIDAD POLITECNICA DEL GOLFO DE MEXICO,181,103,78
27,27,54,UNIVERSIDAD POLITECNICA MESOAMERICANA,89,51,38
27,27,55,UNIVERSIDAD POPULAR DE LA CHONTALPA,667,422,245
27,27,56,UNIVERSIDAD TECNOLOGICA DE TABASCO,323,151,172
27,27,57,UNIVERSIDAD TECNOLOGICA DEL USUMACINTA,131,60,71
27,27,58,UNIVERSIDAD JUAREZ AUTONOMA DE TABASCO,4584,2637,1947
27,27,59,ADMINISTRACION PORTUARIA INTEGRAL,33,25,8
27,27,60,MOVILIDAD INTEGRAL DE TABASCO,33,28,5
27,27,61,ESPECTACULOS DEPORTIVOS DE TABASCO,123,104,19
28,28,1,JEFE DE LA OFICINA DEL GOBERNADOR,458,254,204
28,28,2,SECRETARIA GENERAL DE GOBIERNO,1331,668,663
28,28,3,SECRETARIA DE FINANZAS,1529,716,813
28,28,4,SECRETARIA DE ADMINISTRACION,1750,967,783
28,28,5,SECRETARIA DE BIENESTAR SOCIAL,427,225,202
28,28,6,SECRETARIA DE DESARROLLO ECONOMICO,232,109,123
28,28,7,SECRETARIA DE DESARROLLO RURAL,314,232,82
28,28,8,SECRETARIA DE DESARROLLO URBANO Y MEDIO AMBIENTE,227,123,104
28,28,9,SECRETARIA DE EDUCACION,49253,17826,31427
28,28,10,SECRETARIA DE OBRAS PUBLICAS,599,414,185
28,28,11,SECRETARIA PESCA Y ACUACULTURA,49,34,15
28,28,12,SECRETARIA DE SALUD,36,32,4
28,28,13,SECRETARIA DE SEGURIDAD PUBLICA,6403,4785,1618
28,28,14,SECRETARIA DE TURISMO,80,38,42
28,28,15,SECRETARIA DEL TRABAJO,368,157,211
28,28,16,CONTRALORIA GUBERNAMENTAL,348,157,191
28,28,17,CENTRO DE CONCILIACION LABORAL DEL ESTADO DE TAMAULIPAS,96,34,62
28,28,18,CENTRO REGIONAL DE FORMACION DOCENTE E INVESTIGACION EDUCATIVA,57,34,23
28,28,19,COLEGIO DE BACHILLERES DEL ESTADO DE TAMAULIPAS,1269,630,639
28,28,20,COLEGIO DE EDUCACION PROFESIONAL TECNICA DEL ESTADO DE TAMAULIPAS,848,410,438
28,28,21,COLEGIO DE TAMAULIPAS,25,9,16
28,28,22,COLEGIO SAN JUAN SIGLO XXI,52,33,19
28,28,23,COMISION DE CAZA Y PESCA DEPORTIVA DE TAMAULIPAS,23,14,9
28,28,24,COMISION DE ENERGIA DE TAMAULIPAS,NSS,NSS,NSS
28,28,25,COMISION DE PARQUES Y BIODIVERSIDAD DE TAMAULIPAS,221,155,66
28,28,26,COMISION ESTATAL DE CONCILIACION Y ARBITRAJE MEDICO,7,6,1
28,28,27,COMISION ESTATAL DE AGUA DE TAMAULIPAS,138,98,40
28,28,28,CONSEJO TAMAULIPECO DE CIENCIA Y TECNOLOGIA,24,11,13
28,28,29,INSTITUTO DE LA JUVENTUD DE TAMAULIPAS,41,17,24
28,28,30,INSTITUTO DE LAS MUJERES EN TAMAULIPAS,120,23,97
28,28,31,INSTITUTO DE PREVISION Y SEGURIDAD SOCIAL DEL ESTADO DE TAMAULIPAS,166,82,84
28,28,32,INSTITUTO DEL DEPORTE DE TAMAULIPAS,307,203,104
28,28,33,INSTITUTO METROPOLITANO DE PLANEACION DEL SUR DE TAMAULIPAS,12,6,6
28,28,34,INSTITUTO REGISTRAL Y CATASTRAL DEL ESTADO DE TAMAULIPAS,NSS,NSS,NSS
28,28,35,INSTITUTO TAMAULIPECO DE BECAS ESTIMULOS Y CREDITOS EDUCATIVOS,39,20,19
28,28,36,INSTITUTO TAMAULIPECO DE CAPACITACION PARA EL EMPLEO,554,278,276
28,28,37,INSTITUTO TAMAULIPECO DE EDUCACION PARA ADULTOS,533,229,304
28,28,38,INSTITUTO TAMAULIPECO DE INFRAESTRUCTURA FISICA Y EDUCATIVA,99,64,35
28,28,39,INSTITUTO TAMAULIPECO DE VIVIENDA Y URBANISMO,345,185,160
28,28,40,INSTITUTO TAMAULIPECO PARA LA CULTURA Y LAS ARTES,401,226,175
28,28,41,INSTITUTO TECNOLOGICO SUPERIOR DE EL MANTE,94,60,34
28,28,42,SECRETARIA EJECUTIVA DEL SISTEMA ESTATAL ANTICORRUPCION,NSS,NSS,NSS
28,28,43,SERVICIOS DE SALUD DE TAMAULIPAS,16978,6990,9988
28,28,44,SISTEMA ESTATAL RADIO TAMAULIPAS,NSS,NSS,NSS
28,28,45,SISTEMA PARA EL DESARROLLO INTEGRAL DE LA FAMILIA DE TAMAULIPAS,1299,471,828
28,28,46,UNIVERSIDAD DE SEGURIDAD Y JUSTICIA DE TAMAULIPAS,159,82,77
28,28,47,UNIVERSIDAD POLITECNICA DE ALTAMIRA,89,47,42
28,28,48,UNIVERSIDAD POLITECNICA DE LA REGION RIBEREÑA,57,37,20
28,28,49,UNIVERSIDAD POLITECNICA DE VICTORIA,175,118,57
28,28,50,UNIVERSIDAD TECNOLOGICA DE ALTAMIRA,230,129,101
28,28,51,UNIVERSIDAD TECNOLOGICA DE MATAMOROS,250,161,89
28,28,52,UNIVERSIDAD TECNOLOGICA DE NUEVO LAREDO,240,144,96
28,28,53,UNIVERSIDAD TECNOLOGICA DE TAMAULIPAS NORTE,221,133,88
28,28,54,UNIVERSIDAD TECNOLOGICA DEL MAR DE TAMAULIPAS BICENTENARIO,46,29,17
29,29,1,DESPACHO DEL GOBERNADOR,158,82,76
29,29,2,SECRETARIA DE GOBIERNO,290,131,159
29,29,3,SECRETARIA DE FINANZAS,397,181,216
29,29,4,SECRETARIA DE TURISMO,38,20,18
29,29,5,SECRETARIA DE DESARROLLO ECONOMICO,56,27,29
29,29,6,SECRETARIA DE INFRAESTRUCTURA,178,148,30
29,29,7,SECRETARIA DE EDUCACION PUBLICA DEL ESTADO DE TLAXCALA,3422,1370,2052
29,29,8,SECRETARIA DE MOVILIDAD Y TRANSPORTE,126,65,61
29,29,9,SECRETARIA DE IMPULSO AGROPECUARIO,208,131,77
29,29,10,SECRETARIA DE LA FUNCION PUBLICA,103,55,48
29,29,11,SECRETARIA DE MEDIO AMBIENTE,113,84,29
29,29,12,SECRETARIA DE CULTURA,216,128,88
29,29,13,SECRETARIA DE BIENESTAR,150,76,74
29,29,14,SECRETARIA DE SEGURIDAD CIUDADANA,1984,1507,477
29,29,15,SECRETARIA DE ORDENAMIENTO TERRITORIAL Y VIVIENDA,52,32,20
29,29,16,SECRETARIA DEL TRABAJO Y COMPETITIVIDAD,103,51,52
29,29,17,SECRETARIA DE SALUD SALUD DE TLAXCALA,6295,2322,3973
29,29,18,OFICIALIA MAYOR DE GOBIERNO,589,262,327
29,29,19,PROCURADURIA GENERAL DE JUSTICIA DEL ESTADO,701,349,352
29,29,20,COORDINACION GENERAL DE COMUNICACION,66,33,33
29,29,21,COORDINACION GENERAL DE PLANEACION E INVERSION,37,20,17
29,29,22,PROCURADURIA DE PROTECCION AL AMBIENTE DEL ESTADO DE TLAXCALA,37,26,11
29,29,23,COORDINACION DE RADIO CINE Y TELEVISION,128,87,41
29,29,24,CASA DE LAS ARTESANIAS,36,20,16
29,29,25,COORDINACION ESTATAL DE PROTECCION CIVIL,15,11,4
29,29,26,COMISION EJECUTIVA DEL SISTEMA ESTATAL DE SEGURIDAD PUBLICA,154,73,81
29,29,27,INSTITUTO ESTATAL DE LA MUJER,20,3,17
29,29,28,INSTITUTO TLAXCALTECA DE ASISTENCIA ESPECIALIZADA A LA SALUD,76,34,42
29,29,29,COMISION ESTATAL DE ARBITRAJE MEDICO,9,4,5
29,29,30,CENTRO DE EDUCACION CONTINUA Y A DISTANCIA UNIDAD TLAXCALA DEL INSTITUTO POLITECNICO NACIONAL,14,6,8
29,29,31,INSTITUTO TLAXCALTECA DE LA JUVENTUD,20,11,9
29,29,32,CONSEJO ESTATAL DE POBLACION,9,4,5
29,29,33,COLEGIO DE BACHILLERES DEL ESTADO DE TLAXCALA,1408,706,702
29,29,34,INSTITUTO DEL DEPORTE DE TLAXCALA,59,30,29
29,29,35,COMISION ESTATAL PARA LA PROTECCION CONTRA RIESGOS SANITARIOS,113,55,58
29,29,36,INSTITUTO DE CATASTRO,14,9,5
29,29,37,INSTITUTO DE CAPACITACION DE TRABAJO DEL ESTADO DE TLAXCALA,264,142,122
29,29,38,COORDINACION DE SERVICIO SOCIAL DE INSTITUCIONES DE EDUCACION SUPERIOR,8,4,4
29,29,39,COLEGIO DE ESTUDIOS SUPERIORES CIENTIFICOS Y TECNOLOGICOS DEL ESTADO DE TLAXCALA,1438,720,718
29,29,40,INSTITUTO TLAXCALTECA DE LA INFRAESTRUCTURA FISICA EDUCATIVA,61,39,22
29,29,41,UNIVERSIDAD POLITECNICA DE TLAXCALA,406,240,166
29,29,42,INSTITUTO TECNOLOGICO SUPERIOR DE TLAXCO,98,59,39
29,29,43,UNIVERSIDAD TECNOLOGICA DE TLAXCALA,252,130,122
29,29,44,INSTITUTO TLAXCALTECA PARA LA EDUCACION DE LOS ADULTOS,137,67,70
29,29,45,EL COLEGIO DE TLAXCALA ASOCIACION CIVIL,44,22,22
29,29,46,SISTEMA ESTATAL PARA EL DESARROLLO INTEGRAL DE LA FAMILIA,153,53,100
29,29,47,UNIDAD DE SERVICIOS EDUCATIVOS DE TLAXCALA,17357,6164,11193
29,29,48,COLEGIO DE EDUCACION PROFESIONAL TECNICA DEL ESTADO DE TLAXCALA,294,154,140
29,29,49,COMISION ESTATAL DE AGUA DE TLAXCALA,19,10,9
29,29,50,CENTRO DE SERVICIOS INTEGRALES PARA EL TRATAMIENTO DE AGUAS RESIDUALES DEL ESTADO DE TLAXCALA,56,46,10
29,29,51,UNIVERSIDAD POLITECNICA DE TLAXCALA REGION PONIENTE,70,50,20
29,29,52,CENTRO DE CONCILIACION LABORAL DEL ESTADO DE TLAXCALA,28,13,15
29,29,53,CENTRO DE REHABILITACION INTEGRAL Y ESCUELA EN TERAPIA FISICA Y REHABILITACION,45,14,31
29,29,54,PENSIONES CIVILES DEL ESTADO DE TLAXCALA,33,13,20
29,29,55,FONDO MACRO PARA EL DESARROLLO INTEGRAL DE TLAXCALA,33,15,18
29,29,56,FIDEICOMISO CIUDAD INDUSTRIAL XICOHTENCATL,15,8,7
29,29,57,INSTITUTO TLAXCALTECA DE DESARROLLO TAURINO,8,8,0
29,29,58,COMISION EJECUTIVA DE ATENCION A VICTIMAS Y OFENDIDOS,26,18,8
30,30,1,OFICINA DEL C GOBERNADOR,436,292,144
30,30,2,SECRETARIA DE DESARROLLO AGROPECUARIO RURAL Y PESCA,414,223,191
30,30,3,SECRETARIA DE SALUD,25,13,12
30,30,4,SECRETARIA DE EDUCACION,121876,42736,79140
30,30,5,SECRETARIA DE DESARROLLO SOCIAL,976,527,449
30,30,6,SECRETARIA DE DESARROLLO ECONOMICO Y PORTUARIO,155,89,66
30,30,7,SECRETARIA DE GOBIERNO,1583,853,730
30,30,8,SECRETARIA DE FINANZAS Y PLANEACION,2637,1268,1369
30,30,9,COORDINACION GENERAL DE COMUNICACION SOCIAL,191,107,84
30,30,10,CONTRALORIA GENERAL,560,274,286
30,30,11,SECRETARIA DE INFRAESTRUCTURA Y OBRAS PUBLICAS,718,451,267
30,30,12,OFICINA DEL PROGRAMA DE GOBIERNO,79,35,44
30,30,13,SECRETARIA DE SEGURIDAD PUBLICA,13583,9353,4230
30,30,14,SECRETARIA DE TRABAJO PREVISION SOCIAL Y PRODUCTIVIDAD,331,139,192
30,30,15,SECRETARIA DE TURISMO Y CULTURA,194,113,81
30,30,16,SECRETARIA DE PROTECCION CIVIL,229,134,95
30,30,17,SECRETARIA DE MEDIO AMBIENTE,268,163,105
30,30,18,SERVICIOS DE SALUD DE VERACRUZ,28699,10698,18001
30,30,19,SISTEMA PARA EL DESARROLLO INTEGRAL DE LA FAMILIA,1166,498,668
30,30,20,COMISION DE ARBITRAJE MEDICO,25,17,8
30,30,21,ACADEMIA VERACRUZANA DE LAS LENGUAS INDIGENAS,28,14,14
30,30,22,INSTITUTO VERACRUZANO DEL DEPORTE,103,52,51
30,30,23,INSTITUTO DE ESPACIOS EDUCATIVOS DEL ESTADO DE VERACRUZ,238,143,95
30,30,24,COLEGIO DE BACHILLERES DEL ESTADO DE VERACRUZ,3445,1601,1844
30,30,25,INSTITUTO TECNOLOGICO SUPERIOR DE MISANTLA,253,144,109
30,30,26,INSTITUTO TECNOLOGICO SUPERIOR DE SAN ANDRES TUXTLA,258,124,134
30,30,27,INSTITUTO TECNOLOGICO SUPERIOR DE TANTOYUCA,184,93,91
30,30,28,INSTITUTO TECNOLOGICO SUPERIOR DE COSAMALOAPAN,151,94,57
30,30,29,INSTITUTO TECNOLOGICO SUPERIOR DE PANUCO,176,93,83
30,30,30,INSTITUTO TECNOLOGICO SUPERIOR DE POZA RICA,300,178,122
30,30,31,INSTITUTO TECNOLOGICO SUPERIOR DE XALAPA,290,153,137
30,30,32,INSTITUTO TECNOLOGICO SUPERIOR DE COATZACOALCOS,312,146,166
30,30,33,INSTITUTO TECNOLOGICO SUPERIOR DE TIERRA BLANCA,231,118,113
30,30,34,INSTITUTO TECNOLOGICO SUPERIOR DE ALAMO,166,76,90
30,30,35,INSTITUTO TECNOLOGICO SUPERIOR DE ACAYUCAN,264,146,118
30,30,36,INSTITUTO TECNOLOGICO SUPERIOR DE LAS CHOAPAS,189,114,75
30,30,37,INSTITUTO TECNOLOGICO SUPERIOR DE HUATUSCO,201,107,94
30,30,38,INSTITUTO TECNOLOGICO SUPERIOR DE ALVARADO,202,112,90
30,30,39,INSTITUTO TECNOLOGICO SUPERIOR DE PEROTE,134,82,52
30,30,40,INSTITUTO TECNOLOGICO SUPERIOR DE ZONGOLICA,242,148,94
30,30,41,INSTITUTO TECNOLOGICO SUPERIOR DE NARANJOS,113,59,54
30,30,42,INSTITUTO TECNOLOGICO SUPERIOR DE CHICONTEPEC,86,52,34
30,30,43,INSTITUTO TECNOLOGICO SUPERIOR DE MARTINEZ DE LA TORRE,116,65,51
30,30,44,INSTITUTO TECNOLOGICO SUPERIOR DE JESUS CARRANZA,145,87,58
30,30,45,INSTITUTO TECNOLOGICO SUPERIOR DE RODRIGUEZ CLARA,98,50,48
30,30,46,INSTITUTO VERACRUZANO DE EDUCACION PARA LOS ADULTOS,331,158,173
30,30,47,COLEGIO NACIONAL DE EDUCACION PROFESIONAL TECNICA,1127,574,553
30,30,48,UNIVERSIDAD TECNOLOGICA DEL SURESTE,235,114,121
30,30,49,UNIVERSIDAD TECNOLOGICA DEL CENTRO,360,184,176
30,30,50,UNIVERSIDAD TECNOLOGICA DE GUTIERREZ ZAMORA,188,99,89
30,30,51,CONSEJO VERACRUZANO DE INVESTIGACION CIENTIFICA Y DESARROLLO TECNOLOGICO,28,12,16
30,30,52,COLEGIO DE ESTUDIOS CIENTIFICOS Y TECNOLOGICOS,1128,581,547
30,30,53,COLEGIO DE VERACRUZ,130,77,53
30,30,54,UNIVERSIDAD POLITECNICA DE HUATUSCO,156,67,89
30,30,55,UNIVERSIDAD POPULAR AUTONOMA DE VERACRUZ,50,24,26
30,30,56,INSTITUTO VERACRUZANO DE LA VIVIENDA,163,84,79
30,30,57,AGENCIA ESTATAL DE ENERGIA DEL ESTADO DE VERACRUZ,19,10,9
30,30,58,INSTITUTO VERACRUZANO DE LAS MUJERES,76,18,58
30,30,59,INSTITUTO VERACRUZANO DE DESARROLLO MUNICIPAL,22,11,11
30,30,60,COMISION EJECUTIVA PARA LA ATENCION INTEGRAL A VICTIMAS DEL DELITO,115,37,78
30,30,61,CENTRO DE JUSTICIA PARA MUJERES DEL ESTADO DE VERACRUZ,22,1,21
30,30,62,INSTITUTO DE PENSIONES DEL ESTADO,424,199,225
30,30,63,COMISION DEL AGUA DEL ESTADO DE VERACRUZ,2567,1854,713
30,30,64,RADIOTELEVISION DE VERACRUZ,414,292,122
30,30,65,SECRETARIA EJECUTIVA DEL SISTEMA ESTATAL ANTICORRUPCION,47,23,24
30,30,66,INSTITUTO DE LA POLICIA AUXILIAR Y PROTECCION PATRIMONIAL,6671,4794,1877
30,30,67,ACADEMIA REGIONAL DE SEGURIDAD PUBLICA DEL SURESTE,31,15,16
30,30,68,INSTITUTO DE CAPACITACION PARA EL TRABAJO,809,366,443
30,30,69,CENTRO DE CONCILIACION LABORAL DEL ESTADO DE VERACRUZ DE IGNACIO DE LA LLAVE,109,61,48
30,30,70,INSTITUTO VERACRUZANO DE LA CULTURA,297,154,143
30,30,71,PROCURADURIA ESTATAL DE PROTECCION AL MEDIO AMBIENTE,222,120,102
30,30,72,FIDEICOMISO FONDO DEL FUTURO,19,8,11
31,31,1,SECRETARIA DE DESARROLLO RURAL,326,219,107
31,31,2,SECRETARIA DE PESCA Y ACUACULTURA SUSTENTABLES,71,39,32
31,31,3,SECRETARIA DE LA CULTURA Y LAS ARTES,747,429,318
31,31,4,SECRETARIA DE ADMINISTRACION Y FINANZAS,1185,583,602
31,31,5,CONSEJERIA JURIDICA,463,172,291
31,31,6,SECRETARIA DE INVESTIGACION INNOVACION Y EDUCACION SUPERIOR,108,41,67
31,31,7,SECRETARIA DE DESARROLLO SOCIAL,1496,806,690
31,31,8,DESPACHO DEL GOBERNADOR,64,31,33
31,31,9,SECRETARIA DE FOMENTO ECONOMICO Y TRABAJO,253,112,141
31,31,10,SECRETARIA DE EDUCACION,34570,12719,21851
31,31,11,SECRETARIA DE LA CONTRALORIA GENERAL,285,134,151
31,31,12,SECRETARIA GENERAL DE GOBIERNO,1706,813,893
31,31,13,SECRETARIA DE LAS MUJERES,367,76,291
31,31,14,FISCALIA GENERAL DEL ESTADO,1118,516,602
31,31,15,SECRETARIA DE DESARROLLO SUSTENTABLE,139,62,77
31,31,16,SECRETARIA DE SALUD,1,1,0
31,31,17,SECRETARIA DE SEGURIDAD PUBLICA,5398,4411,987
31,31,18,SECRETARIA DE OBRAS PUBLICAS,40,13,27
31,31,19,SECRETARIA DE FOMENTO TURISTICO,139,70,69
31,31,20,FIDEICOMISO GARANTE DE LA ORQUESTA SINFONICA DE YUCATAN,84,56,28
31,31,21,FIDEICOMISO PUBLICO PARA LA ADMINISTRACION DEL PALACIO DE LA MUSICA,19,9,10
31,31,22,INSTITUTO DE INFRAESTRUCTURA CARRETERA DE YUCATAN,588,492,96
31,31,23,SISTEMA TELE YUCATAN S A DE C V,84,52,32
31,31,24,INSTITUTO DEL DEPORTE DEL ESTADO DE YUCATAN,473,307,166
31,31,25,FIDEICOMISO PUBLICO PARA LA ADMINISTRACION DE LA RESERVA TERRITORIAL DE UCU,5,2,3
31,31,26,INSTITUTO DE MOVILIDAD Y DESARROLLO URBANO TERRITORIAL,383,240,143
31,31,27,INSTITUTO DE VIVIENDA DEL ESTADO DE YUCATAN,289,161,128
31,31,28,ADMINISTRACION DEL PATRIMONIO DE LA BENEFICENCIA PUBLICA DEL ESTADO DE YUCATAN,10,2,8
31,31,29,INSTITUTO PARA EL DESARROLLO DE LA CULTURA MAYA DEL ESTADO DE YUCATAN,46,28,18
31,31,30,INSTITUTO PARA LA INCLUSION DE LAS PERSONAS CON DISCAPACIDAD DEL ESTADO DE YUCATAN,15,8,7
31,31,31,JUNTA DE ASISTENCIA PRIVADA DEL ESTADO DE YUCATAN,9,3,6
31,31,32,SISTEMA PARA EL DESARROLLO INTEGRAL DE LA FAMILIA EN YUCATAN,1281,318,963
31,31,33,AGENCIA PARA EL DESARROLLO DE YUCATAN,13,6,7
31,31,34,INSTITUTO PROMOTOR DE FERIAS DE YUCATAN,55,37,18
31,31,35,INSTITUTO YUCATECO DE EMPRENDEDORES,118,49,69
31,31,36,COLEGIO DE BACHILLERES DEL ESTADO DE YUCATAN,2141,1143,998
31,31,37,COLEGIO DE EDUCACION PROFESIONAL TECNICA DEL ESTADO DE YUCATAN,496,265,231
31,31,38,COLEGIO DE ESTUDIOS CIENTIFICOS Y TECNOLOGICOS DEL ESTADO DE YUCATAN,277,128,149
31,31,39,ESCUELA SUPERIOR DE ARTES DE YUCATAN,247,121,126
31,31,40,INSTITUTO DE EDUCACION PARA ADULTOS DEL ESTADO DE YUCATAN,285,158,127
31,31,41,INSTITUTO TECNOLOGICO SUPERIOR DE MOTUL,121,76,45
31,31,42,INSTITUTO TECNOLOGICO SUPERIOR DE PROGRESO,149,91,58
31,31,43,INSTITUTO TECNOLOGICO SUPERIOR DE VALLADOLID,160,95,65
31,31,44,INSTITUTO TECNOLOGICO SUPERIOR DEL SUR DEL ESTADO DE YUCATAN,149,95,54
31,31,45,UNIVERSIDAD DE ORIENTE,132,79,53
31,31,46,UNIVERSIDAD POLITECNICA DE YUCATAN,61,34,27
31,31,47,UNIVERSIDAD TECNOLOGICA DEL CENTRO,56,27,29
31,31,48,UNIVERSIDAD TECNOLOGICA REGIONAL DEL SUR,124,75,49
31,31,49,UNIVERSIDAD TECNOLOGICA DEL MAYAB,97,77,20
31,31,50,UNIVERSIDAD TECNOLOGICA DEL PONIENTE,51,38,13
31,31,51,UNIVERSIDAD TECNOLOGICA METROPOLITANA,357,192,165
31,31,52,SECRETARIA EJECUTIVA DEL SISTEMA ESTATAL ANTICORRUPCION,28,13,15
31,31,53,SECRETARIA TECNICA DE PLANEACION Y EVALUACION,58,32,26
31,31,54,COMISION EJECUTIVA ESTATAL DE ATENCION A VICTIMAS,53,16,37
31,31,55,INSTITUTO DE SEGURIDAD SOCIAL DE LOS TRABAJADORES DEL ESTADO DE YUCATAN,402,141,261
31,31,56,CENTRO ESTATAL DE TRASPLANTES DE YUCATAN,4,1,3
31,31,57,HOSPITAL COMUNITARIO DE PETO YUCATAN,164,79,85
31,31,58,HOSPITAL COMUNITARIO DE TICUL YUCATAN,173,87,86
31,31,59,HOSPITAL DE LA AMISTAD COREA MEXICO,215,77,138
31,31,60,HOSPITAL GENERAL DE TEKAX YUCATAN,269,138,131
31,31,61,SERVICIOS DE SALUD DE YUCATAN,8124,3897,4227
31,31,62,INSTITUTO PARA EL DESARROLLO Y CERTIFICACION DE LA INFRAESTRUCTURA FISICA EDUCATIVA Y ELECTRICA DE YUCATAN,167,116,51
31,31,63,INSTITUTO PARA LA CONSTRUCCION Y CONSERVACION DE OBRA PUBLICA EN YUCATAN,188,110,78
31,31,64,JUNTA DE AGUA POTABLE Y ALCANTARILLADO DE YUCATAN,873,624,249
31,31,65,INSTITUTO DE SEGURIDAD JURIDICA PATRIMONIAL DE YUCATAN,334,136,198
31,31,66,INSTITUTO DE CAPACITACION PARA EL TRABAJO DEL ESTADO DE YUCATAN,83,39,44
31,31,67,FIDEICOMISO PUBLICO PARA EL DESARROLLO DEL TURISMO DE REUNIONES EN YUCATAN,25,15,10
31,31,68,PATRONATO DE LAS UNIDADES DE SERVICIOS CULTURALES Y TURISTICOS DEL ESTADO DE YUCATAN,404,263,141
32,32,1,JEFATURA DE OFICINA DEL C GOBERNADOR,218,128,90
32,32,2,SECRETARIA GENERAL DE GOBIERNO,314,169,145
32,32,3,SECRETARIA DE FINANZAS,883,429,454
32,32,4,SECRETARIA DE SEGURIDAD PUBLICA,2600,1852,748
32,32,5,SECRETARIA DE ADMINISTRACION,341,183,158
32,32,6,SECRETARIA DE LA FUNCION PUBLICA,237,101,136
32,32,7,SECRETARIA DE ECONOMIA,171,73,98
32,32,8,SECRETARIA DE TURISMO,96,39,57
32,32,9,SECRETARIA DE OBRAS PUBLICAS,824,666,158
32,32,10,SECRETARIA DE EDUCACION,26258,11107,15151
32,32,11,SECRETARIA DE DESARROLLO SOCIAL,169,70,99
32,32,12,SECRETARIA DE SALUD,0,0,0
32,32,13,SECRETARIA DE DESARROLLO URBANO VIVIENDA Y ORDENAMIENTO TERRITORIAL,199,111,88
32,32,14,SECRETARIA DEL AGUA Y MEDIO AMBIENTE,204,125,79
32,32,15,SECRETARIA DEL CAMPO,294,218,76
32,32,16,SECRETARIA DE LAS MUJERES,77,18,59
32,32,17,SECRETARIA DEL ZACATECANO MIGRANTE,41,17,24
32,32,18,COORDINACION GENERAL JURIDICA,107,47,60
32,32,19,COORDINACION ESTATAL DE PLANEACION,53,25,28
32,32,20,SISTEMA ESTATAL PARA EL DESARROLLO INTEGRAL DE LA FAMILIA,680,286,394
32,32,21,CONSEJO ESTATAL DE DESARROLLO ECONOMICO,7,2,5
32,32,22,CONSEJO ZACATECANO DE CIENCIA TECNOLOGIA E INNOVACION,67,34,33
32,32,23,SERVICIOS DE SALUD DE ZACATECAS,8437,3242,5195
32,32,24,INSTITUTO DE LA DEFENSORIA PUBLICA,126,63,63
32,32,25,INSTITUTO DE CULTURA FISICA Y DEPORTE DEL ESTADO DE ZACATECAS,157,102,55
32,32,26,SISTEMA ZACATECANO DE RADIO Y TELEVISION,79,47,32
32,32,27,PATRONATO ESTATAL DE PROMOTORES VOLUNTARIOS,24,3,21
32,32,28,INSTITUTO ZACATECANO DE EDUCACION PARA ADULTOS,140,54,86
32,32,29,INSTITUTO DE CAPACITACION PARA EL TRABAJO,30,14,16
32,32,30,INSTITUTO ZACATECANO DE CULTURA RAMON LOPEZ VELARDE,324,197,127
32,32,31,INSTITUTO ZACATECANO DE CONSTRUCCION DE ESCUELAS,64,36,28
32,32,32,JUNTA DE PROTECCION Y CONSERVACION DE MONUMENTOS Y ZONAS TIPICAS DEL ESTADO DE ZACATECAS,35,15,20
32,32,33,INSTITUTO DE LA JUVENTUD DEL ESTADO DE ZACATECAS,37,17,20
32,32,34,INSTITUTO PARA LA ATENCION E INCLUSION DE LAS PERSONAS CON DISCAPACIDAD,40,15,25
32,32,35,UNIVERSIDAD POLITECNICA DE ZACATECAS,144,69,75
32,32,36,UNIVERSIDAD POLITECNICA DEL SUR DE ZACATECAS,61,42,19
32,32,37,INSTITUTO TECNOLOGICO SUPERIOR DE NOCHISTLAN,77,43,34
32,32,38,INSTITUTO TECNOLOGICO SUPERIOR DE FRESNILLO,180,106,74
32,32,39,INSTITUTO TECNOLOGICO SUPERIOR DE TLALTENANGO,109,58,51
32,32,40,INSTITUTO TECNOLOGICO SUPERIOR DE LORETO,113,61,52
32,32,41,INSTITUTO TECNOLOGICO SUPERIOR DE RIO GRANDE,149,86,63
32,32,42,INSTITUTO TECNOLOGICO SUPERIOR DE JEREZ,86,41,45
32,32,43,INSTITUTO TECNOLOGICO SUPERIOR DE SOMBRERETE,111,53,58
32,32,44,ESCUELA DE CONSERVACION Y RESTAURACION DE ZACATECAS REFUGIO REYES,13,4,9
32,32,45,COLEGIO DE BACHILLERES DEL ESTADO DE ZACATECAS,1277,733,544
32,32,46,COLEGIO DE EDUCACION PROFESIONAL TECNICA DE ZACATECAS,187,105,82
32,32,47,COLEGIO DE ESTUDIOS CIENTIFICOS Y TECNOLOGICOS DEL ESTADO DE ZACATECAS,916,500,416
32,32,48,INSTITUTO DE SELECCION Y CAPACITACION DEL ESTADO DE ZACATECAS,17,9,8
32,32,49,UNIVERSIDAD TECNOLOGICA DEL ESTADO DE ZACATECAS,230,122,108
32,32,50,COMISION ESTATAL DE LA DEFENSA DEL CONTRIBUYENTE,5,1,4
32,32,51,SECRETARIA EJECUTIVA DEL SISTEMA ESTATAL ANTICORRUPCION,11,4,7
32,32,52,CENTRO DE CONCILIACION LABORAL DEL ESTADO DE ZACATECAS,24,11,13
32,32,53,AGENCIA DE ENERGIA DEL ESTADO DE ZACATECAS,4,1,3
32,32,54,INSTITUTO DE SEGURIDAD Y SERVICIOS SOCIALES PARA EL ESTADO DE ZACATECAS,690,356,334
