entidad_a,enticve1,numeral,nombre1,presup1,presup2,presup3
1,1,1,DESPACHO EJECUTIVO ESTATAL,121559300,141063348.3,136675103
1,1,2,COORDINACION GENERAL DE GABINETE,17733400,17540961.27,16792150
1,1,3,SECRETARIA GENERAL DE GOBIERNO,473835400,466839826.7,419133807
1,1,4,SECRETARIA DE ADMINISTRACION,160961400,152034602.1,145570615
1,1,5,SECRETARIA DE FINANZAS,472953800,410100941.1,258308258
1,1,6,SECRETARIA DE SEGURIDAD PUBLICA,1105568000,883065548.8,834052027
1,1,7,SECRETARIA DE DESARROLLO ECONOMICO,128406000,130555671.8,126442379
1,1,8,SECRETARIA DE SALUD,1189000,564434.64,138435
1,1,9,SECRETARIA DE SUSTENTABILIDAD MEDIO AMBIENTE Y AGUA,122130600,105094784.2,95643412
1,1,10,SECRETARIA DE GESTION URBANISTICA ORDENAMIENTO TERRITORIAL REGISTRAL Y CATASTRAL,89719900,101910745.1,97954166
1,1,11,SECRETARIA DE DESARROLLO SOCIAL,187676100,218498840.8,210985458
1,1,12,SECRETARIA DE OBRAS PUBLICAS,736657200,2652030884,2075951762
1,1,13,SECRETARIA DE DESARROLLO RURAL Y AGROEMPRESARIAL,160760700,161504975.7,158531678
1,1,14,SECRETARIA DE TURISMO,95285800,109674065.8,96393543
1,1,15,COORDINACION GENERAL DE PLANEACION Y PROYECTOS,35852900,13197108.46,12989433
1,1,16,COORDINACION GENERAL DE MOVILIDAD,233148100,240763253,101236989
1,1,17,CONTRALORIA DEL ESTADO,53462700,56607945.15,53955010
1,1,18,INSTITUTO ESTATAL DE SEGURIDAD PUBLICA DE AGUASCALIENTES,19570000,19570000,19570000
1,1,19,INSTITUTO DE SEGURIDAD Y SERVICIOS SOCIALES PARA LOS SERVIDORES PUBLICOS DEL ESTADO DE AGUASCALIENTES,0,0,0
1,1,20,SISTEMA PARA EL DESARROLLO INTEGRAL DE LA FAMILIA,306267000,315666472,315666472
1,1,21,INSTITUTO DE ASESORIA Y DEFENSORIA PUBLICA DEL ESTADO DE AGUASCALIENTES,29639000,29639000,29639000
1,1,22,INSTITUTO AGUASCALENTENSE DE LAS MUJERES,13556000,23389362,23389362
1,1,23,INSTITUTO AGUASCALENTENSE DE LA JUVENTUD,16517000,16517000,16517000
1,1,24,INSTITUTO DE VIVIENDA SOCIAL Y ORDENAMIENTO DE LA PROPIEDAD DEL ESTADO DE AGUASCALIENTES,0,28370352,28370352
1,1,25,PROCURADURIA ESTATAL DE PROTECCION AL AMBIENTE,6520000,6520000,6520000
1,1,26,INSTITUTO DEL AGUA DEL ESTADO,208650000,348526076,348526076
1,1,27,INSTITUTO PARA EL DESARROLLO DE LA SOCIEDAD DEL CONOCIMIENTO DEL ESTADO DE AGUASCALIENTES,40208000,40208000,40208000
1,1,28,PATRONATO DE LA FERIA NACIONAL DE SAN MARCOS,3600000,20524717,20524717
1,1,29,INSTITUTO DE EDUCACION DE AGUASCALIENTES,7555185700,7315543930,7315543930
1,1,30,COLEGIO DE ESTUDIOS CIENTIFICOS Y TECNOLOGICOS DEL ESTADO DE AGUASCALIENTES,320000000,351118302,351118302
1,1,31,ESCUELA NORMAL DE AGUASCALIENTES,20225000,20225000,20225000
1,1,32,INSTITUTO PARA LA EDUCACION DE LAS PERSONAS JOVENES Y ADULTAS DEL ESTADO DE AGUASCALIENTES,66847000,71015421.5,70690513
1,1,33,COLEGIO DE EDUCACION PROFESIONAL TECNICA DEL ESTADO DE AGUASCALIENTES,96325000,104061296.2,104061296
1,1,34,UNIVERSIDAD AUTONOMA DE AGUASCALIENTES,1304299000,1352330823,1352330823
1,1,35,UNIVERSIDAD TECNOLOGICA DE AGUASCALIENTES,103555200,110929011,110929011
1,1,36,UNIVERSIDAD TECNOLOGICA DEL NORTE DE AGUASCALIENTES,65116800,70000303,70000303
1,1,37,UNIVERSIDAD POLITECNICA DE AGUASCALIENTES,54000000,62011032,62011032
1,1,38,INSTITUTO CULTURAL DE AGUASCALIENTES,242474000,255936679.5,250936679
1,1,39,INSTITUTO DEL DEPORTE DEL ESTADO DE AGUASCALIENTES,171407000,245299934,245299934
1,1,40,RADIO Y TELEVISION DE AGUASCALIENTES,46490000,53250000,53250000
1,1,41,UNIVERSIDAD TECNOLOGICA METROPOLITANA DE AGUASCALIENTES,13625300,27177062.09,27177062
1,1,42,INSTITUTO DE CAPACITACION PARA EL TRABAJO DEL ESTADO DE AGUASCALIENTES,55000000,59224481.23,59224481
1,1,43,INSTITUTO DE SERVICIOS DE SALUD DEL ESTADO DE AGUASCALIENTES,3344985200,3521035260,3516777574
1,1,44,COMISION ESTATAL DE ARBITRAJE MEDICO,5351000,5841000,5841000
1,1,45,UNIVERSIDAD TECNOLOGICA EL RETOÑO,31561600,33763774.02,33763758
1,1,46,UNIVERSIDAD TECNOLOGICA DE CALVILLO,16352000,17422552,17422552
1,1,47,INSTITUTO DE INFRAESTRUCTURA FISICA EDUCATIVA DEL ESTADO DE AGUASCALIENTES,228112300,219960006,219960006
1,1,48,SECRETARIA EJECUTIVA DEL SISTEMA ESTATAL ANTICORRUPCION,16205000,16205000,16205000
2,2,1,OFICINA DE LA GUBERNATURA,123765559,178154713,150372193
2,2,2,SECRETARIA GENERAL DE GOBIERNO,1472059485,1621716581,1573172191
2,2,3,SECRETARIA DE HACIENDA,1946076666,3882066549,3616477036
2,2,4,SECRETARIA DE LA HONESTIDAD Y LA FUNCION PUBLICA,75991134,76789810,62995570
2,2,5,SECRETARIA DE INFRAESTRUCTURA DESARROLLO URBANO Y REORDENACION TERRITORIAL,826961812,3387799147,1057935590
2,2,6,SECRETARIA DE ECONOMIA SUSTENTABLE Y TURISMO,591236726,762588534,648612130
2,2,7,SECRETARIA DEL CAMPO Y LA SEGURIDAD ALIMENTARIA,181707252,261801973,158894843
2,2,8,SECRETARIA DE EDUCACION,26952026187,35862377809,33893644053
2,2,9,SECRETARIA DE INTEGRACION Y BIENESTAR SOCIAL,2026791108,2675619451,2031055340
2,2,10,SECRETARIA DEL TRABAJO Y PREVISION SOCIAL,172116203,208193672,198222717
2,2,11,SECRETARIA DE CULTURA,189242405,224595489,220017222
2,2,12,SECRETARIA DE SALUD,4148658287,5455156724,5318522703
2,2,13,SECRETARIA PARA EL MANEJO SANEAMIENTO Y PROTECCION DEL AGUA,4831931,4897234,4469746
2,2,14,ADMINISTRADORA DE LA VIA CORTA TIJUANA TECATE,16509861.83,19241861.83,12036842.95
2,2,15,CENTRO DE JUSTICIA PARA LAS MUJERES,4972961.96,7352826.69,7074349.13
2,2,16,CENTRO METROPOLITANO DE CONVENCIONES TIJUANA PLAYAS DE ROSARITO TECATE,12500000,12500000,9265562.42
2,2,17,COLEGIO DE BACHILLERES DEL ESTADO DE BAJA CALIFORNIA,1123517432,1254098361,1243032031
2,2,18,COLEGIO DE EDUCACION PROFESIONAL TECNICA DEL ESTADO DE BAJA CALIFORNIA,181750415,200231845.1,184204977.4
2,2,19,COLEGIO DE ESTUDIOS CIENTIFICOS Y TECNOLOGICOS DEL ESTADO DE BAJA CALIFORNIA,729395707.7,912205860.4,828303661.8
2,2,20,COMISION DE ARBITRAJE MEDICO DEL ESTADO DE BAJA CALIFORNIA,3216715.17,3346715.17,3269050.85
2,2,21,COMISION ESTATAL DE ENERGIA DE BAJA CALIFORNIA,77316658.1,77316658.1,44426887.47
2,2,22,COMISION ESTATAL DEL AGUA,1185657827,1626057174,1428652945
2,2,23,COMISION ESTATAL DE SERVICIOS PUBLICOS DE ENSENADA,1485701942,1929147772,1756733681
2,2,24,COMISION ESTATAL DE SERVICIOS PUBLICOS DE MEXICALI,3607097374,4461310142,4392719988
2,2,25,COMISION ESTATAL DE SERVICIOS PUBLICOS DE TECATE,837734993,906245135.5,899916475
2,2,26,COMISION ESTATAL DE SERVICIOS PUBLICOS TIJUANA,285934610.1,381324702.7,345577003.4
2,2,27,COMISION ESTATAL DEL SISTEMA PENITENCIARIO,1136691208,1092177207,1091147845
2,2,28,COMITE DE PLANEACION PARA EL DESARROLLO DEL ESTADO DE BAJA CALIFORNIA,15658027.14,14971295.92,12704481.78
2,2,29,FIDEICOMISO FONDO DE GARANTIAS COMPLEMENTARIAS Y CREDITOS PUENTE,55925414.8,115175837.8,108821682.5
2,2,30,FIDEICOMISO PUBLICO DE ADMINISTRACION DE FONDOS E INVERSION DEL TRAMO CARRETERO CENTINELA RUMOROSA,203441795,249948504,217517306
2,2,31,FIDEICOMISO PUBLICO PARA LA PROMOCION TURISTICA DEL ESTADO,103818115,106183115,54561728.66
2,2,32,FIDEICOMISO SAN MAR,53004,53004,18939
2,2,33,INSTITUTO CONTRA LAS ADICCIONES DE BAJA CALIFORNIA,74931737.48,91654534.55,85301164.29
2,2,34,INSTITUTO DE ADMINISTRACION DE BIENES PARA LA RESTITUCION SOCIAL Y BIENES ASEGURADOS,18500000,18500000,14564004.6
2,2,35,INSTITUTO DE CAPACITACION DE ALTA TECNOLOGIA,6699658,6947469.36,5659044.44
2,2,36,INSTITUTO DE CULTURA DE BAJA CALIFORNIA,189624789.3,226230109.3,209791955.8
2,2,37,INSTITUTO DE IDENTIDAD VEHICULAR Y COMBATE A LA CONTAMINACION,29076873.97,45763758.1,39369742.62
2,2,38,INSTITUTO DE LA INFRAESTUCTURA FISICA EDUCATIVA DE BAJA CALIFORNIA,17479462.86,20290966.89,19281166.88
2,2,39,INSTITUTO DE LA JUVENTUD DE BAJA CALIFORNIA,64890809.78,69148948.98,64027301.48
2,2,40,INSTITUTO DE LA MUJER PARA EL ESTADO DE BAJA CALIFORNIA,8796843,24849453,22969371.28
2,2,41,INSTITUTO DE MOVILIDAD SUSTENTABLE DEL ESTADO DE BAJA CALIFORNIA,91673049.55,148681942.9,124460818.3
2,2,42,INSTITUTO DE PSIQUIATRIA DEL ESTADO DE BAJA CALIFORNIA,174743970.8,175687206.8,150840969.1
2,2,43,INSTITUTO DE SEGURIDAD Y SERVICIOS SOCIALES DE LOS TRABAJADORES DEL GOBIERNO Y MUNICIPOS DE BAJA CALIFORNIA,7198325600,13373513791,12650642458
2,2,44,INSTITUTO DE SERVICIOS DE SALUD PUBLICA DEL ESTADO DE BAJA CALIFORNIA,4668305142,5555803258,5053933596
2,2,45,INSTITUTO DE SERVICIOS EDUCATIVOS Y PEDAGOGICOS DE BAJA CALIFORNIA,13474612936,12869163940,12855479992
2,2,46,INSTITUTO DEL DEPORTE Y LA CULTURA FISICA DE BAJA CALIFORNIA,245802536,239834505,238308682.6
2,2,47,INSTITUTO PARA EL DESARROLLO INMOBILIARIO Y DE LA VIVIENDA PARA EL ESTADO DE BAJA CALIFORNIA,146097128,163813672,156419639.7
2,2,48,JUNTA DE URBANIZACION DEL ESTADO DE BAJA CALIFORNIA,32992736,252621616.5,84618910.65
2,2,49,PROMOTORA DEL DESARROLLO URBANO DE TIJUANA,1264790,1278611,1278611
2,2,50,SECRETARIA EJECUTIVA DEL SISTEMA ESTATAL ANTICORRUPCION,14228970,14228970,8485269.29
2,2,51,SISTEMA PARA EL DESARROLLO INTEGRAL DE LA FAMILIA DE BAJA CALIFORNIA,763723443.8,772318094.8,752320275.5
2,2,52,UNIDAD DE ESPECIALIDADES MEDICAS DE BAJA CALIFORNIA,369002467.5,369199117.5,202413816.9
2,2,53,UNIVERSIDAD POLITECNICA DE BAJA CALIFORNIA,52839392.6,61484547.6,58025681.22
2,2,54,UNIVERSIDAD TECNOLOGICA DE TIJUANA,157227177.3,184632550.9,162554231.4
3,3,1,JEFATURA DE LA OFICINA DEL EJECUTIVO,99755235,102158008,154676296
3,3,2,SECRETARIA GENERAL DE GOBIERNO,97480345,96815002,96627068
3,3,3,SECRETARIA DE FINANZAS Y ADMINISTRACION,1457656351,2081801599,1561416269
3,3,4,SECRETARIA DE PLANEACION URBANA INFRAESTRUCTURA MOVILIDAD MEDIO AMBIENTE Y RECURSOS NATURALES,72900417,82797341,191951878
3,3,5,SECRETARIA DE EDUCACION PUBLICA,6092705797,6478956870,6445065596
3,3,6,SECRETARIA DE TURISMO Y ECONOMIA,129967616,176718288,54815557
3,3,7,SECRETARIA DE SALUD,1635732462,2151940234,2122356690
3,3,8,SECRETARIA DE PESCA ACUACULTURA Y DESARROLLO AGROPECUARIO,121275090,162418346,95143462
3,3,9,SECRETARIA DEL TRABAJO BIENESTAR Y DESARROLLO SOCIAL,134027311,153437900,110062593
3,3,10,PROCURADURIA GENERAL DE JUSTICIA,311590798,311177451,328564599
3,3,11,CONTRALORIA GENERAL,25350008,22872114,24925084
3,3,12,SECRETARIA DE SEGURIDAD PUBLICA,758252396,785361930,759847929
3,3,13,COLEGIO DE BACHILLERES DEL ESTADO DE BAJA CALIFORNIA SUR,370644146.3,459720652.8,449970607.4
3,3,14,COLEGIO DE ESTUDIOS CIENTIFICOS Y TECNOLOGICOS DEL ESTADO,299110887.2,299110887.2,325018660.2
3,3,15,INSTITUTO TECNOLOGICO SUPERIOR DE CIUDAD CONSTITUCION,87060526,77411994.57,77404239.18
3,3,16,INSTITUTO TECNOLOGICO SUPERIOR DE LOS CABOS,98722000000,104686346.8,104686346.8
3,3,17,INSTITUTO TECNOLOGICO SUPERIOR DE MULEGE,25208878,20274450.03,20274450.03
3,3,18,COLEGIO NACIONAL DE EDUCACION PROFESIONAL TECNICA,60957789,64144565.58,62782643.34
3,3,19,INSTITUTO SUDCALIFORNIANO DE LA INFRAESTRUCTURA FISICA EDUCATIVA,11564983,9720188,8394917
3,3,20,INSTITUTO ESTATAL DE EDUCACION PARA LOS ADULTOS,43493957,44891554.93,44862724.55
3,3,21,CONSEJO SUDCALIFORNIANO DE CIENCIA Y TECNOLOGIA,1700000,1700000,1700000
3,3,22,BENEMERITA ESCUELA NORMAL URBANA PROFESOR DOMINGO CARBALLO FELIX,3455900,3455900,3241317
3,3,23,UNIVERSIDAD TECNOLOGICA DE LA PAZ,23330696,23330696,21154416.78
3,3,24,INSTITUTO DE SERVICIOS DE SALUD,0,0,0
3,3,25,COMISION ESTATAL PARA LA PROTECCION CONTRA RIESGOS SANITARIOS,0,0,0
3,3,26,INSTITUTO DE SALUD PARA EL BIENESTAR,0,0,0
3,3,27,JUNTA ESTATAL DE CAMINOS,20000000,6000000,6000000
3,3,28,COMISION ESTATAL DEL AGUA,64965983,80922331,70963816
3,3,29,INSTITUTO DE VIVIENDA DE BAJA CALIFORNIA SUR,59786048,66454569.66,45319646.38
3,3,30,INSTITUTO SUDCALIFORNIANO DE LA JUVENTUD,7139759,7094357,7487886
3,3,31,INSTITUTO SUDCALIFORNIANO DEL DEPORTE,126701515,81226444,85702435
3,3,32,INSTITUTO SUDCALIFORNIANO DE CULTURA,91762888,91481610,95066147
3,3,33,INSTITUTO SUDCALIFORNIANO DE LAS MUJERES,13472194,7454595,7454595
3,3,34,INSTITUTO SUDCALIFORNIANO PARA LA INCLUSION DE PERSONAS CON DISCAPACIDAD,3369714,3307947,3119006
3,3,35,INSTITUTO ESTATAL DE RADIO Y TELEVISION,24147864,22801103,22580937
3,3,36,INSTITUTO DE CAPACITACION PARA LOS TRABAJADORES DEL ESTADO DE BAJA CALIFORNIA SUR,22231670,22231670,17335955.19
3,3,37,PATRONATO DEL ESTUDIANTE SUDCALIFORNIANO,32067463,32278865,28416445
3,3,38,SISTEMA ESTATAL PARA EL DESARROLLO INTEGRAL DE LA FAMILIA,214787086,231707990,206268866
4,4,1,OFICINA DEL GOBERNADOR,174531297,174531297,276371360.6
4,4,2,SECRETARIA GENERAL DE GOBIERNO,228644167,228644167,261718403.7
4,4,3,SECRETARIA DE FINANZAS,407901293,407901293,318736996.6
4,4,4,SECRETARIA DE ADMINISTRACION E INNOVACION GUBERNAMENTAL,191828854,191828854,204514317.4
4,4,5,SECRETARIA DE LA CONTRALORIA,64140103,64140103,69617673.46
4,4,6,SECRETARIA DE PLANEACION,46084966,46084966,38152596.25
4,4,7,SECRETARIA DE EDUCACION,5624306790,5624306790,5350070736
4,4,8,SECRETARIA DE CULTURA,161903189,161903189,158246651.1
4,4,9,SECRETARIA DE SALUD,282193505,282193505,299045853.1
4,4,10,SECRETARIA DE DESARROLLO SOCIAL Y HUMANO,225740952,225740952,226618288
4,4,11,SECRETARIA DE DESARROLLO ENERGETICO SUSTENTABLE,70573869,70573869,82639249.86
4,4,12,SECRETARIA DE DESARROLLO ECONOMICO,60127034,60127034,51671727.58
4,4,13,SECRETARIA DE DESARROLLO RURAL,140400010,140400010,197422396.8
4,4,14,SECRETARIA DE PESCA Y ACUACULTURA,49611397,49611397,69735524.24
4,4,15,SECRETARIA DE MEDIO AMBIENTE BIODIVERSIDAD Y CAMBIO CLIMATICO,66283578,66283578,79429077.04
4,4,16,SECRETARIA DE DESARROLLO URBANO OBRAS PUBLICAS E INFRAESTRUCTURA,615632990,615632990,1058655397
4,4,17,SECRETARIA DE TURISMO,61042424,61042424,115797109.7
4,4,18,SECRETARIA DE TRABAJO Y PREVISION SOCIAL,50739407,50739407,45343431.7
4,4,19,SECRETARIA DE SEGURIDAD PUBLICA,689057944,689057944,696453808.6
4,4,20,SECRETARIA DE PROTECCION CIVIL,104334875,104334875,155291194.5
4,4,21,CONSEJERIA JURIDICA,22402404,22402404,23432839.52
4,4,22,FISCALIA GENERAL DEL ESTADO DE CAMPECHE,442656129,442656129,444561340.8
4,4,23,CONSEJO ESTATAL DE POBLACION DE CAMPECHE,7081151,7081151,6916647.72
4,4,24,CONSEJO ESTATAL DE SEGURIDAD PUBLICA EN EL ESTADO DE CAMPECHE,191117494,191117494,164977179.3
4,4,25,INSTITUTO ESTATAL DEL TRANSPORTE DEL ESTADO DE CAMPECHE,8432735,8432735,8189205.69
4,4,26,ARCHIVO GENERAL DEL ESTADO DE CAMPECHE,5227017,5227017,5096103.29
4,4,27,SECRETARIA EJECUTIVA DEL SISTEMA ESTATAL DE PROTECCION INTEGRAL DE LOS DERECHOS DE NIÑAS NIÑOS Y ADOLESCENTES,2102368,2102368,2092239.79
4,4,28,COMISION LOCAL DE BUSQUEDA DE PERSONAS DEL ESTADO DE CAMPECHE,2465425,2465425,11870814.67
4,4,29,SERVICIO DE ADMINISTRACION FISCAL DEL ESTADO DE CAMPECHE,233014085,233014085,135391415.2
4,4,30,COMISION DE CONCILIACION Y ARBITRAJE MEDICO DEL ESTADO DE CAMPECHE,5583019,5583019,4731432.65
4,4,31,JUNTA ESTATAL DE ASISTENCIA PRIVADA,1772787,1772787,1624369.53
4,4,32,INSTITUTO CAMPECHANO DEL EMPRENDEDOR,4587325,4587325,3510446.43
4,4,33,INSTITUTO PARA EL DESARROLLO DE LA MICRO PEQUEÑA Y MEDIANA EMPRESA,5463670,5463670,5428248.52
4,4,34,PROMOTORA DE PRODUCTOS Y SERVICIOS DE CAMPECHE,5559461,5559461,4516727.59
4,4,35,COMISION DE MEJORA REGULATORIA DEL ESTADO DE CAMPECHE,2630707,2630707,2165063.98
4,4,36,COORDINACION GENERAL DE SEGURIDAD PUBLICA VIALIDAD Y TRANSPORTE DEL ESTADO DE CAMPECHE,37681590,37681590,31377189.28
4,4,37,COLEGIO DE ESTUDIOS CIENTIFICOS Y TECNOLOGICOS DEL ESTADO DE CAMPECHE,120551258,120551258,245559842.2
4,4,38,INSTITUTO DE CAPACITACION PARA EL TRABAJO DEL ESTADO DE CAMPECHE,63647353,63647353,161009350.8
4,4,39,COLEGIO DE BACHILLERES DEL ESTADO DE CAMPECHE,222017197,222017197,445569209
4,4,40,UNIVERSIDAD TECNOLOGICA DE CAMPECHE,44093284,44093284,95788481.31
4,4,41,COLEGIO DE EDUCACION PROFESIONAL TECNICA DEL ESTADO DE CAMPECHE,64247369,64247369,68240566.47
4,4,42,INSTITUTO ESTATAL DE LA EDUCACION PARA LOS ADULTOS DEL ESTADO DE CAMPECHE,86125314,86125314,90070919.71
4,4,43,INSTITUTO TECNOLOGICO SUPERIOR DE CALKINI EN EL ESTADO DE CAMPECHE,44281253,44281253,48889491
4,4,44,INSTITUTO TECNOLOGICO SUPERIOR DE ESCARCEGA,30157792,30157792,31156826
4,4,45,INSTITUTO TECNOLOGICO SUPERIOR DE CHAMPOTON,24726237,24726237,30011375.29
4,4,46,UNIVERSIDAD TECNOLOGICA DE CANDELARIA,8167416,8167416,20784133.8
4,4,47,INSTITUTO TECNOLOGICO SUPERIOR DE HOPELCHEN,10988659,10988659,12993440.35
4,4,48,UNIVERSIDAD TECNOLOGICA DE CALAKMUL,5802846,5802846,20451403.69
4,4,49,UNIVERSIDAD AUTONOMA DE CAMPECHE,934961913,934961913,965910681.3
4,4,50,UNIVERSIDAD AUTONOMA DEL CARMEN,573732018,573732018,597154940
4,4,51,INSTITUTO CAMPECHANO,141313216,141313216,170666844.5
4,4,52,FUNDACION PABLO GARCIA,39807438,39807438,40011776.99
4,4,53,CONSEJO ESTATAL DE INVESTIGACION CIENTIFICA Y DESARROLLO TECNOLOGICO,2718546,2718546,2987941.91
4,4,54,INSTITUTO DE LA INFRAESTRUCTURA FISICA EDUCATIVA DEL ESTADO DE CAMPECHE,236165845,236165845,209005241.1
4,4,55,PROMOTORA DE EVENTOS ARTISTICOS CULTURALES Y DE CONVENCIONES DEL ESTADO DE CAMPECHE,25158385,25158385,29907902.06
4,4,56,INSTITUTO ESTATAL PARA EL FOMENTO DE LAS ACTIVIDADES ARTESANALES EN CAMPECHE,16570781,16570781,13487970.76
4,4,57,SISTEMA PARA EL DESARROLLO INTEGRAL DE LA FAMILIA DEL ESTADO DE CAMPECHE,350499591,350499591,352004927.4
4,4,58,INSTITUTO DEL DEPORTE DEL ESTADO DE CAMPECHE,95224803,95224803,145541629.9
4,4,59,INSTITUTO DE LA MUJER DEL ESTADO DE CAMPECHE,11453594,11453594,20865239.19
4,4,60,INSTITUTO DE LA JUVENTUD DEL ESTADO DE CAMPECHE,8373490,8373490,7916902.63
4,4,61,HOSPITAL DOCTOR MANUEL CAMPOS,112291416,112291416,115349171.6
4,4,62,HOSPITAL PSIQUIATRICO DE CAMPECHE,48626435,48626435,53341589.97
4,4,63,INSTITUTO DE SERVICIOS DESCENTRALIZADOS DE SALUD PUBLICA DEL ESTADO DE CAMPECHE,2046038008,2046038008,2660744056
4,4,64,REGIMEN ESTATAL DE PROTECCION SOCIAL EN SALUD EN CAMPECHE,0,0,17400000
4,4,65,SISTEMA DE ATENCION A NIÑOS NIÑAS Y ADOLESCENTES FARMACODEPENDIENTES DEL ESTADO DE CAMPECHE VIDA NUEVA,26637190,26637190,26005047.24
4,4,66,COMISION DE AGUA POTABLE Y ALCANTARILLADO DEL ESTADO DE CAMPECHE,249502082,249502082,157380904.1
4,4,67,PROMOTORA PARA LA CONSERVACION Y DESARROLLO SUSTENTABLE DEL ESTADO DE CAMPECHE,10214627,10214627,9654582.17
4,4,68,COMISION ESTATAL DE DESARROLLO DE SUELO Y VIVIENDA,103967141,103967141,79072228.1
4,4,69,INSTITUTO DE DESARROLLO Y FORMACION SOCIAL,17920738,17920738,16675557.61
4,4,70,SISTEMA DE TELEVISION Y RADIO DE CAMPECHE,33094846,33094846,31340065.25
4,4,71,INSTITUTO DE INFORMACION ESTADISTICA GEOGRAFICA Y CATASTRAL DEL ESTADO DE CAMPECHE,20938958,20938958,27558662.14
4,4,72,INSTITUTO DE SEGURIDAD Y SERVICIOS SOCIALES DE LOS TRABAJADORES DEL ESTADO DE CAMPECHE,51917397,51917397,51610086.53
4,4,73,INSTITUTO DE ACCESO A LA JUSTICIA DEL ESTADO DE CAMPECHE,26152353,26152353,25577338.79
4,4,74,CENTRO DE CONCILIACION LABORAL EN EL ESTADO,15327705,17217175,16489552.5
4,4,75,AGENCIA DE ENERGIA DEL ESTADO DE CAMPECHE,2711525,2711525,2467493.57
4,4,76,SECRETARIA EJECUTIVA DEL SISTEMA ANTICORRUPCION,4619739,4619739,4439991.22
4,4,77,FIDEICOMISO FONDO CAMPECHE,16166000,16166000,16166000
4,4,78,FIDEICOMISO DE INVERSION DEL IMPUESTO DEL 2 SOBRE NOMINA,12300000,12300000,12600000
4,4,79,FIDEICOMISO FONDO DE FOMENTO AGROPECUARIO DEL ESTADO DE CAMPECHE,18685000,18685000,34181628.24
5,5,1,OFICINAS DEL EJECUTIVO,173931668.6,173931668.6,324759627.1
5,5,2,SECRETARIA DE GOBIERNO,342680727.9,342680727.9,839764297.6
5,5,3,COORDINACION DE COMUNICACION E IMAGEN INSTITUCIONAL,6332500,6332500,27565386.99
5,5,4,SECRETARIA DE FINANZAS,3334452937,3335896236,1136253758
5,5,5,ADMINISTRACION FISCAL GENERAL,1932278015,1930834717,3567655194
5,5,6,SECRETARIA DE ECONOMIA,215008103.1,215008103.1,130199291.6
5,5,7,SECRETARIA DE EDUCACION,20545339909,20541339909,20265011070
5,5,8,SECRETARIA DE INCLUSION Y DESARROLLO SOCIAL,1016043112,1016043112,2037453880
5,5,9,SECRETARIA DE SEGURIDAD PUBLICA,1857902995,1857902995,1970209621
5,5,10,SECRETARIA DE SALUD,706008874.3,706008874.3,1248909983
5,5,11,SECRETARIA DE INFRAESTRUCTURA DESARROLLO URBANO Y MOVILIDAD,3441278270,3441278270,2895334720
5,5,12,SECRETARIA DE DESARROLLO RURAL,217241681.6,217241681.6,165726161.4
5,5,13,SECRETARIA DE FISCALIZACION Y RENDICION DE CUENTAS,47255727.6,47255727.6,52719379.67
5,5,14,SECRETARIA DE MEDIO AMBIENTE,51002903.94,51002903.94,109247601.6
5,5,15,SECRETARIA DE CULTURA,196284433.9,196284433.9,197492258.4
5,5,16,SECRETARIA DEL TRABAJO,129386158.3,129386158.3,138412066.3
5,5,17,SECRETARIA DE VIVIENDA Y ORDENAMIENTO TERRITORIAL,44778294.71,44778294.71,19724906.95
5,5,18,SECRETARIA DE TURISMO Y DESARROLLO DE PUEBLOS MAGICOS,67867070.98,67867070.98,80656439.33
5,5,19,INSTITUTO COAHUILENSE DE LAS MUJERES,23538250.23,23538250.23,32306026.57
5,5,20,PROCURADURIA PARA NIÑOS NIÑAS Y LA FAMILIA,24089619.28,24089619.28,33005432.01
5,5,21,SISTEMA PARA EL DESARROLLO INTEGRAL DE LA FAMILIA Y PROTECCION DE DERECHOS DEL ESTADO DE COAHUILA,456336042.8,456336042.8,452357394
5,5,22,CENTRO DE JUSTICIA Y EMPODERAMIENTO PARA LAS MUJERES DEL ESTADO DE COAHUILA DE ZARAGOZA,26897648.65,30897648.65,28290904.75
5,5,23,COMISION EJECUTIVA ESTATAL DE ATENCION A VICTIMAS,19054202.08,19054202.08,20040150.87
5,5,24,COAHUILA RADIO,9074535.23,9074535.23,9830198.14
5,5,25,INSTITUTO DE PENSIONES PARA LOS TRABAJADORES AL SERVICIO DEL ESTADO,0,0,185767724
5,5,26,INSTITUTO REGISTRAL Y CATASTRAL DEL ESTADO DE COAHUILA DE ZARAGOZA,98213082.42,98213082.42,44559833.14
5,5,27,INSTITUTO COAHUILENSE DE ADULTOS MAYORES,2659996.88,2659996.88,14198028.51
5,5,28,PROMOTORA PARA EL DESARROLLO RURAL DE COAHUILA,13315531.6,13315531.6,14634555.6
5,5,29,COMISION ESTATAL PARA LA REGULARIZACION DE LA TENENCIA DE LA TIERRA URBANA Y RUSTICA DE COAHUILA,17909054.33,17909054.33,16448506.32
5,5,30,COMISION ESTATAL DE LA VIVIENDA,13550972,13550972,13550971.92
5,5,31,SERVICIOS ESTATALES AEROPORTUARIOS,0,0,0
5,5,32,SERVICIOS DE SALUD COAHUILA,2235354876,2235354876,2868801934
5,5,33,INSTITUTO DE SERVICIOS DE SALUD REHABILITACION Y EDUCACION ESPECIAL E INTEGRAL,30600000,30600000,30600000
5,5,34,COMISION ESTATAL DE AGUAS Y SANEAMIENTO DE COAHUILA,0,0,102879347.8
5,5,35,INSTITUTO DE CAPACITACION PARA EL TRABAJO DEL ESTADO DE COAHUILA,17843918,17843918,62839237.5
5,5,36,CONSEJO ESTATAL DE CIENCIA Y TECNOLOGIA DEL ESTADO DE COAHUILA,10084061.69,10084061.69,10311455.62
5,5,37,INSTITUTO ESTATAL DEL DEPORTE DE COAHUILA,95216183.19,95216183.19,186695421.8
5,5,38,INSTITUTO ESTATAL DE EDUCACION PARA LOS ADULTOS,160137039,160137039,182372520
5,5,39,COLEGIO DE ESTUDIOS CIENTIFICOS Y TECNOLOGICOS DEL ESTADO DE COAHUILA,162034452,162034452,528556861.7
5,5,40,COLEGIO DE BACHILLERES DE COAHUILA,91261414,91261414,247083784
5,5,41,COLEGIO DE EDUCACION PROFESIONAL TECNOLOGICA DEL ESTADO DE COAHUILA,165745402,165745402,172530392.5
5,5,42,INSTITUTO COAHUILENSE DE INFRAESTRUCTURA FISICA EDUCATIVA,18947121.35,18947121.35,298273261.6
5,5,43,INSTITUTO TECNOLOGICO DE ESTUDIOS SUPERIORES DE REGION CARBONIFERA,31527255,31527255,39657221.96
5,5,44,INSTITUTO TECNOLOGICO SUPERIOR DE CIUDAD ACUÑA,28449957,28449957,35260954.08
5,5,45,INSTITUTO TECNOLOGICO DE ESTUDIOS SUPERIORES DE MONCLOVA,27174442,27174442,29574442.08
5,5,46,INSTITUTO TECNOLOGICO SUPERIOR DE MELCHOR MUZQUIZ,13133667,13133667,13133576.94
5,5,47,INSTITUTO TECNOLOGICO SUPERIOR DE SAN PEDRO COAHUILA,14863231,14863231,19822018.8
5,5,48,UNIVERSIDAD TECNOLOGICA DE COAHUILA,38942738,38942738,94567257
5,5,49,UNIVERSIDAD TECNOLOGICA DEL NORTE DE COAHUILA,28592606,28592606,58355392
5,5,50,UNIVERSIDAD TECNOLOGICA DE LA REGION DEL CENTRO DE COAHUILA,32216675,32216675,77355622.04
5,5,51,UNIVERSIDAD TECNOLOGICA DE TORREON,38050948,38050948,89888397
5,5,52,UNIVERSIDAD TECNOLOGICA DE SALTILLO,9513763,9513763,21945656.84
5,5,53,UNIVERSIDAD TECNOLOGICA DE PARRAS,4453184,4453184,14597299.12
5,5,54,UNIVERSIDAD TECNOLOGICA DE LA REGION CARBONIFERA,7851681,7851681,17484140.88
5,5,55,UNIVERSIDAD POLITECNICA DE LA REGION LAGUNA,5500000,5500000,15667607.92
5,5,56,UNIVERSIDAD POLITECNICA DE RAMOS ARIZPE,6500000,6500000,15698710
5,5,57,UNIVERSIDAD POLITECNICA DE PIEDRAS NEGRAS,4500000,4500000,11002925
5,5,58,UNIVERSIDAD POLITECNICA DE MONCLOVA FRONTERA,5500000,5500000,15620000.01
5,5,59,UNIVERSIDAD TECNOLOGICA DE CIUDAD ACUÑA,3800000,3800000,10960113.92
6,6,1,OFICINA DE LA GUBERNATURA,102609045,98904759,83240504.91
6,6,2,SECRETARIA GENERAL DE GOBIERNO,444372382,441852842,461674385.4
6,6,3,SECRETARIA DE PLANEACION FINANZAS Y ADMINISTRACION,400433814,395271634,452357414.2
6,6,4,SECRETARIA DE BIENESTAR SOCIAL INCLUSION SOCIAL Y MUJERES,97870197,101864624,26790295.65
6,6,5,SECRETARIA DE INFRAESTRUCTURA DESARROLLO URBANO Y MOVILIDAD,155826807,156085367,337554545.7
6,6,6,SECRETARIA DE DESARROLLO ECONOMICO,215941062,214826324,186841774.5
6,6,7,SECRETARIA DE EDUCACION Y CULTURA,7236811808,7315021649,7302178657
6,6,8,SECRETARIA DE SALUD Y BIENESTAR,2049504815,2050492643,2368189886
6,6,9,SECRETARIA DE SEGURIDAD PUBLICA,607125119,596970539,526479466.5
6,6,10,CONSEJERIA JURIDICA DEL PODER EJECUTIVO DEL ESTADO,41410548,39759036,36092083.26
6,6,11,CONTRALORIA GENERAL DEL ESTADO,18360358,17734451,17132659.32
6,6,12,SISTEMA PARA EL DESARROLLO INTEGRAL DE LA FAMILIA EN EL ESTADO DE COLIMA,207275512,219760171,204645861.7
6,6,13,INSTITUTO COLIMENSE DEL DEPORTE,54695284,57717164,55494729.32
6,6,14,INSTITUTO PARA LA ATENCION DE LOS ADULTOS MAYORES,36812248,36929327,35988089.25
6,6,15,INSTITUTO COLIMENSE DE INFRAESTRUCTURA FISICA EDUCATIVA,8677756,8871537,8399995.82
6,6,16,INSTITUTO COLIMENSE DE RADIO Y TELEVISION,23299044,23784555,19398458.76
6,6,17,CENTRO ESTATAL PARA LA PREVENCION Y ATENCION DE LA VIOLENCIA FAMILIAR,4338424,4413909,3456057.73
6,6,18,INSTITUTO COLIMENSE PARA LA DISCAPACIDAD,3339108,3402686,2789911.15
6,6,19,COMISION ESTATAL DEL AGUA DE COLIMA,4283568,4377271,4377271
6,6,20,INSTITUTO COLIMENSE DE LAS MUJERES,5700480,11796043,12543606.84
6,6,21,INSTITUTO COLIMENSE PARA LA SOCIEDAD DE LA INFORMACION Y EL CONOCIMIENTO,17259960,17661492,15928842.89
6,6,22,INSTITUTO PARA EL MEDIO AMBIENTE Y DESARROLLO SUSTENTABLE,12573276,12853586,17079769.25
6,6,23,INSTITUTO PARA EL REGISTRO DEL TERRITORIO DEL ESTADO DE COLIMA,33846928,34586238,33427606.93
6,6,24,INSTITUTO DE SUELO URBANIZACION Y VIVIENDA DEL ESTADO DE COLIMA,0,0,0
6,6,25,PROCURADURIA DE PROTECCION DE NIÑAS NIÑOS Y ADOLESCENTES,8715812,8909732,7660721.93
6,6,26,PROTECCION CIVIL,14726724,15034027,14299178.5
6,6,27,INSTITUTO TECNICO HACENDARIO DEL ESTADO DE COLIMA,1000000,1000000,1248909.07
6,6,28,CONSEJO DE PARTICIPACION SOCIAL DEL ESTADO DE COLIMA,500000,500000,339136
6,6,29,JUNTA DE ASISTENCIA PRIVADA,2000000,2000000,2999999
6,6,30,CONCILIACION LABORAL DEL ESTADO,0,0,0
6,6,31,COMISION ESTATAL DE CONCILIACION Y ARBITRAJE MEDICO DEL ESTADO,2012172,2054552,1635647.1
6,6,32,ORGANO DE GESTION Y CONTROL DEL PATRIMONIO DEL ESTADO DE COLIMA,1500000,1500000,800000
6,6,33,INSTITUTO ESTATAL DE EDUCACION PARA ADULTOS,10000000,10000000,7265601
7,7,1,GUBERNATURA,33177572.65,33177572.65,27244324.86
7,7,2,SECRETARIA GENERAL DE GOBIERNO,408884015.5,408884015.5,469595766.5
7,7,3,SECRETARIA DE HACIENDA,29494140121,29494140121,30214088088
7,7,4,SECRETARIA DE LA HONESTIDAD Y FUNCION PUBLICA,170144259.7,170144259.7,175424751.9
7,7,5,SECRETARIA DE IGUALDAD DE GENERO,63469431.12,63469431.12,101479836.7
7,7,6,SECRETARIA DE PROTECCION CIVIL,99589492.3,99589492.3,114897315.5
7,7,7,SECRETARIA DE OBRAS PUBLICAS,1650305655,1650305655,1724223436
7,7,8,SECRETARIA DE MEDIO AMBIENTE E HISTORIA NATURAL,148068914.4,148068914.4,150189606
7,7,9,SECRETARIA DE ECONOMIA Y DEL TRABAJO,97926347.2,97926347.2,150214500.8
7,7,10,SECRETARIA DE BIENESTAR,103121379.2,103121379.2,71568701.85
7,7,11,SECRETARIA DE AGRICULTURA GANADERIA Y PESCA,227336922.4,227336922.4,336674870.7
7,7,12,SECRETARIA DE TURISMO,127942616.8,127942616.8,126318503
7,7,13,SECRETARIA PARA EL DESARROLLO SUSTENTABLE DE LOS PUEBLOS INDIGENAS,21176526.53,21176526.53,21349159.93
7,7,14,SECRETARIA DE SALUD,0,0,0
7,7,15,SECRETARIA DE EDUCACION,30503979797,30503979797,30607454864
7,7,16,SECRETARIA DE SEGURIDAD Y PROTECCION CIUDADANA,2682027292,2682027292,3139587607
7,7,17,SECRETARIA DE MOVILIDAD Y TRANSPORTE,45690916.33,45690916.33,75913714.45
7,7,18,COMISION ESTATAL DE BUSQUEDA DE PERSONAS,2647188.34,2647188.34,10569439.41
7,7,19,OFICIALIA MAYOR DEL ESTADO DE CHIAPAS,26700698.54,26700698.54,33595086.62
7,7,20,COORDINACION ESTATAL PARA EL MEJORAMIENTO DEL ZOOLOGICO MIGUEL ALVAREZ DEL TORO,41019130.53,41019130.53,42456267.71
7,7,21,JUNTA LOCAL DE CONCILIACION Y ARBITRAJE DEL ESTADO DE CHIAPAS,25106814.03,25106814.03,22963668.68
7,7,22,COMISION ESTATAL DE MEJORA REGULATORIA,6162449.38,6162449.38,5840425.32
7,7,23,INSTITUTO DE LA JUVENTUD DEL ESTADO DE CHIAPAS,10285344.67,10285344.67,11346402.21
7,7,24,INSTITUTO DE PROTECCION SOCIAL Y BENEFICENCIA PUBLICA DEL ESTADO DE CHIAPAS,6448230.96,6448230.96,6608020.5
7,7,25,CENTRO ESTATAL DE TRASPLANTES DEL ESTADO DE CHIAPAS,4225733.5,4225733.5,4090290
7,7,26,INSTITUTO DE ESTUDIOS DE POSGRADO,0,0,0
7,7,27,INSTITUTO ESTATAL DE EVALUACION E INNOVACION EDUCATIVA,0,0,0
7,7,28,INSTITUTO DE FORMACION POLICIAL,27819316.19,27819316.19,72250556.73
7,7,29,CENTRO ESTATAL DE PREVENCION SOCIAL DE LA VIOLENCIA Y PARTICIPACION CIUDADANA,23667427.85,23667427.85,28415044.9
7,7,30,INSTITUTO PARA LA GESTION INTEGRAL DE RIESGOS DE DESASTRES DEL ESTADO DE CHIAPAS,454340122.1,454340122.1,481352749.8
7,7,31,COMISION EJECUTIVA ESTATAL DE ATENCION A VICTIMAS PARA EL ESTADO DE CHIAPAS,10013115.13,10013115.13,13374422.29
7,7,32,INSTITUTO DEL PATRIMONIO DEL ESTADO,13980821.46,13980821.46,31861367.78
7,7,33,INSTITUTO DE BOMBEROS DEL ESTADO DE CHIAPAS,5511095.86,5511095.86,5351054.43
7,7,34,INSTITUTO ESTATAL DEL AGUA,18414105.34,18414105.34,20936860.34
7,7,35,COMISION DE CAMINOS E INFRAESTRUCTURA HIDRAULICA,1687053323,1687053323,3442208500
7,7,36,PROCURADURIA AMBIENTAL DEL ESTADO DE CHIAPAS,4534114.66,4534114.66,4160887.32
7,7,37,INSTITUTO DE CAPACITACION Y VINCULACION TECNOLOGICA DEL ESTADO DE CHIAPAS,195362626,195362626,198454616.6
7,7,38,INSTITUTO CASA DE LAS ARTESANIAS DE CHIAPAS,25916630.07,25916630.07,35268946.88
7,7,39,CENTRO DE CONCILIACION LABORAL DEL ESTADO DE CHIAPAS,11884029.07,11884029.07,12428762.2
7,7,40,PROMOTORA DE VIVIENDA CHIAPAS,21949127.89,21949127.89,34681970.41
7,7,41,INSTITUTO DEL CAFE DE CHIAPAS,21585893.18,21585893.18,21999694.63
7,7,42,OFICINA DE CONVENCIONES Y VISITANTES,17498978.58,17498978.58,18645884.33
7,7,43,INSTITUTO DE SALUD,9980983349,9980983349,15924672393
7,7,44,SISTEMA PARA EL DESARROLLO INTEGRAL DE LA FAMILIA DEL ESTADO DE CHIAPAS SISTEMA DIF CHIAPAS,1131578491,1131578491,1317797745
7,7,45,COLEGIO DE BACHILLERES DE CHIAPAS,2995642856,2995642856,3509122728
7,7,46,COLEGIO DE EDUCACION PROFESIONAL TECNICA DEL ESTADO DE CHIAPAS CONALEP CHIAPAS,243263399.7,243263399.7,284335495.6
7,7,47,UNIVERSIDAD TECNOLOGICA DE LA SELVA,111982410,111982410,119486764.1
7,7,48,COLEGIO DE ESTUDIOS CIENTIFICOS Y TECNOLOGICOS DEL ESTADO DE CHIAPAS,1014364614,1014364614,1078197901
7,7,49,INSTITUTO CHIAPANECO DE EDUCACION PARA JOVENES Y ADULTOS,337120679.7,337120679.7,317219950.3
7,7,50,INSTITUTO TECNOLOGICO SUPERIOR DE CINTALAPA,62297772.02,62297772.02,66334762.14
7,7,51,UNIVERSIDAD POLITECNICA DE CHIAPAS,71742136,71742136,94789138.46
7,7,52,UNIVERSIDAD POLITECNICA DE TAPACHULA,20899946,20899946,27693150
7,7,53,UNIVERSIDAD INTERCULTURAL DE CHIAPAS,77159395,77159395,129743545.7
7,7,54,INSTITUTO DE LA INFRAESTRUCTURA FISICA EDUCATIVA DEL ESTADO DE CHIAPAS,1134908594,1134908594,1388178681
7,7,55,CENTRO REGIONAL DE FORMACION DOCENTE E INVESTIGACION EDUCATIVA,0,0,15095681.24
7,7,56,TALLERES GRAFICOS DE CHIAPAS,0,0,0
7,7,57,SISTEMA CHIAPANECO DE RADIO TELEVISION Y CINEMATOGRAFIA,67400360.09,67400360.09,79419459.97
7,7,58,CENTRO ESTATAL DE CONTROL DE CONFIANZA CERTIFICADO DEL ESTADO DE CHIAPAS,71098767.49,71098767.49,71640347.95
7,7,59,INSTITUTO DE SEGURIDAD SOCIAL DE LOS TRABAJADORES DEL ESTADO DE CHIAPAS,0,0,0
7,7,60,CONSEJO ESTATAL PARA LAS CULTURAS Y LAS ARTES DE CHIAPAS,112449984.8,112449984.8,120906094
7,7,61,COMISION ESTATAL DE CONCILIACION Y ARBITRAJE MEDICO DEL ESTADO DE CHIAPAS,0,0,0
7,7,62,SECRETARIADO EJECUTIVO DEL SISTEMA ESTATAL DE SEGURIDAD PUBLICA,137192012.6,137192012.6,138719329.6
7,7,63,INSTITUTO DE CIENCIA TECNOLOGIA E INNOVACION DEL ESTADO DE CHIAPAS,44976800.06,44976800.06,51881876.03
7,7,64,SECRETARIA EJECUTIVA DEL SISTEMA ANTICORRUPCION DEL ESTADO DE CHIAPAS,17770992.46,17770992.46,19991917.07
7,7,65,ARCHIVO GENERAL DEL ESTADO,0,0,9320978.34
7,7,66,CONSEJERIA JURIDICA DEL GOBERNADOR,30194861.8,30194861.8,30132174.29
7,7,67,INSTITUTO DE COMUNICACION SOCIAL Y RELACIONES PUBLICAS DEL ESTADO DE CHIAPAS,30270804.34,30270804.34,70287529.88
7,7,68,INSTITUTO DEL DEPORTE DEL ESTADO DE CHIAPAS,62020392.9,62020392.9,68736926.63
7,7,69,SOCIEDAD OPERADORA DE LA TORRE CHIAPAS SA DE CV,0,0,0
7,7,70,SOCIEDAD OPERADORA DEL AEROPUERTO INTERNACIONAL ANGEL ALBINO CORZO,0,0,0
8,8,1,DESPACHO DEL EJECUTIVO,14701444,14701444,19088244
8,8,2,COMISION ESTATAL PARA PUEBLOS INDIGENAS,105288231,105288231,118364869
8,8,3,COORDINACION GENERAL DE COMUNICACION,116606084,116606084,121332413
8,8,4,COORDINACION DE RELACIONES PUBLICAS,26871525,26871525,18602095
8,8,5,FISCALIA GENERAL DEL ESTADO,2539431090,2539431090,2855464033
8,8,6,REPRESENTACION DEL GOBIERNO DEL ESTADO DE CHIHUAHUA EN LA CIUDAD DE MEXICO,9669400,9669400,9477574
8,8,7,SECRETARIA DE COMUNICACIONES Y OBRAS PUBLICAS,985726946,985726946,1206713803
8,8,8,SECRETARIA DE COORDINACION DE GABINETE,22179882,22179882,44842275
8,8,9,SECRETARIA DE CULTURA,150026341,150026341,163981356
8,8,10,SECRETARIA DE DESARROLLO HUMANO Y BIEN COMUN,416572764,416572764,381641721
8,8,11,SECRETARIA DE DESARROLLO RURAL,161310209,161310209,166631932
8,8,12,SECRETARIA DE DESARROLLO URBANO Y ECOLOGIA,348958162,348958162,203698046
8,8,13,SECRETARIA DE HACIENDA,6423337858,6423337858,9730843606
8,8,14,SECRETARIA DE INNOVACION Y DESARROLLO ECONOMICO,84014736,84014736,85686979
8,8,15,SECRETARIA DE LA FUNCION PUBLICA,92171206,92171206,98466080
8,8,16,SECRETARIA DE SALUD,67741539,67741539,62305199
8,8,17,SECRETARIA DE SEGURIDAD PUBLICA,2406928820,2406928820,2286143451
8,8,18,SECRETARIA DE TRABAJO Y PREVISION SOCIAL,169698037,169698037,165417198
8,8,19,SECRETARIA DE EDUCACION Y DEPORTE,6506888731,6506888731,5841058004
8,8,20,SECRETARIA GENERAL DE GOBIERNO,707343503,707343503,454149229
8,8,21,ADMINISTRADORA DE SERVICIOS AEROPORTUARIOS,9666680,9666680,5626177
8,8,22,COLEGIO DE BACHILLERES DEL ESTADO DE CHIHUAHUA,786973963,786973963,951219443
8,8,23,COLEGIO DE EDUCACION PROFESIONAL TECNICA DEL ESTADO DE CHIHUAHUA,257897650,257897650,260164623
8,8,24,COLEGIO DE ESTUDIOS CIENTIFICOS Y TECNOLOGICOS DEL ESTADO DE CHIHUAHUA,423381803,423381803,435257323
8,8,25,COMISION ESTATAL DE VIVIENDA SUELO E INFRAESTRUCTURA DE CHIHUAHUA,120344621,120344621,128343218
8,8,26,CONSEJO ESTATAL DE POBLACION,10550954,10550954,9893041
8,8,27,DESARROLLO INTEGRAL DE LA FAMILIA DEL ESTADO DE CHIHUAHUA,573233028,573233028,606942409
8,8,28,EL COLEGIO DE CHIHUAHUA,7853930,7853930,8564583
8,8,29,ESCUELA NORMAL SUPERIOR DEL ESTADO PROFESOR JOSE E MEDRANO,22540000,22540000,22540000
8,8,30,FIDEICOMISO ESTATAL PARA EL FOMENTO DE LAS ACTIVIDADES PRODUCTIVAS EN EL ESTADO DE CHIHUAHUA,18990772.9,18990772.9,17151141.63
8,8,31,FIDEICOMISO DE ADMINISTRACION PARA LA PROMOCION Y FOMENTO DE LAS ACTIVIDADES TURISTICAS DEL ESTADO,46337628,46337628,65821019
8,8,32,FIDEICOMISO DE PUENTES FRONTERIZOS,1316764567,1316764567,1070134147
8,8,33,FOMENTO Y DESARROLLO ARTESANAL,7357698,7357698,8880829
8,8,34,INSTITUTO CHIHUAHUENSE DE EDUCACION PARA ADULTOS,130444852,130444852,126127031
8,8,35,INSTITUTO CHIHUAHUENSE DE INFRAESTRUCTURA FISICA EDUCATIVA,40000000,40000000,184165786
8,8,36,INSTITUTO CHIHUAHUENSE DE LA JUVENTUD,14945726,14945726,12652134
8,8,37,INSTITUTO CHIHUAHUENSE DE LA SALUD,756890589,756890589,1381925287
8,8,38,INSTITUTO CHIHUAHUENSE DE LAS MUJERES,58232101,58232101,68160999
8,8,39,INSTITUTO CHIHUAHUENSE DEL DEPORTE Y CULTURA FISICA,119540467,119540467,79457933
8,8,40,INSTITUTO DE APOYO AL DESARROLLO TECNOLOGICO,62106428,62106428,65042477
8,8,41,INSTITUTO DE CAPACITACION PARA EL TRABAJO DEL ESTADO DE CHIHUAHUA,80021707,80021707,79899785
8,8,42,INSTITUTO DE INNOVACION Y COMPETITIVIDAD,5322350,5322350,9944098
8,8,43,INSTITUTO TECNOLOGICO SUPERIOR DE NUEVO CASAS GRANDES,65072252,65072252,75406921
8,8,44,JUNTA CENTRAL DE AGUA Y SANEAMIENTO,183856744,183856744,160545097
8,8,45,JUNTA DE ASISTENCIA SOCIAL PRIVADA DEL ESTADO DE CHIHUAHUA,8822500,8822500,7934441
8,8,46,OPERADORA DE TRANSPORTE VIVEBUS,62232630,62232630,59349396
8,8,47,PARQUE CUMBRES DE MAJALCA,482640,482640,292655
8,8,48,PENSIONES CIVILES DEL ESTADO,4576415846,4576415846,5651855600
8,8,49,PROMOTORA PARA EL DESARROLLO ECONOMICO DE CHIHUAHUA,140943773,140943773,52183975
8,8,50,SECRETARIA EJECUTIVA DEL SISTEMA ESTATAL ANTICORRUPCION,9279819,9279819,11981520
8,8,51,SERVICIOS DE SALUD DE CHIHUAHUA,5068689599,5068689599,5300427681
8,8,52,SERVICIOS EDUCATIVOS DEL ESTADO DE CHIHUAHUA,12441298688,12441298688,13621967984
8,8,53,SUBSISTEMA DE PREPARATORIA ABIERTA Y TELEBACHILLERATO DEL ESTADO DE CHIHUAHUA,179812866,179812866,200790861
8,8,54,UNIVERSIDAD AUTONOMA DE CHIHUAHUA,1617095803,1617095803,1678316548
8,8,55,UNIVERSIDAD AUTONOMA DE CIUDAD JUAREZ,1647573585,1647573585,1630439317
8,8,56,UNIVERSIDAD PEDAGOGICA NACIONAL DEL ESTADO DE CHIHUAHUA,130633440,130633440,178085655
8,8,57,UNIVERSIDAD POLITECNICA DE CHIHUAHUA,21858171,21858171,30939533
8,8,58,UNIVERSIDAD TECNOLOGICA DE CAMARGO,25496868,25496868,36271634
8,8,59,UNIVERSIDAD TECNOLOGICA DE CHIHUAHUA,109837996,109837996,140492365
8,8,60,UNIVERSIDAD TECNOLOGICA DE CHIHUAHUA SUR,23063039,23063039,36095754
8,8,61,UNIVERSIDAD TECNOLOGICA DE CIUDAD JUAREZ,170229147,170229147,231601673
8,8,62,UNIVERSIDAD TECNOLOGICA DE LA BABICORA,16522176,16522176,27716464
8,8,63,UNIVERSIDAD TECNOLOGICA DE LA TARAHUMARA,20941362,20941362,23040547
8,8,64,UNIVERSIDAD TECNOLOGICA DE PAQUIME,25739496,25739496,39981041
8,8,65,UNIVERSIDAD TECNOLOGICA DE PARRAL,24479047,24479047,31191212
8,8,66,UNIVERSIDAD TECNOLOGICA PASO DEL NORTE,30814488,30814488,42961219
9,9,1,JEFATURA DE GOBIERNO DE LA CIUDAD DE MEXICO,218775319,218775319,203096208.3
9,9,2,SECRETARIA DE GOBIERNO,4810403513,4810403513,4497796435
9,9,3,SECRETARIA DE DESARROLLO URBANO Y VIVIENDA,262805944,262805944,277975549.7
9,9,4,SECRETARIA DE DESARROLLO ECONOMICO,391456703,391456703,227163025
9,9,5,SECRETARIA DE TURISMO,77996868,77996868,73180093.94
9,9,6,SECRETARIA DEL MEDIO AMBIENTE,2394863336,2394863336,3345810950
9,9,7,SECRETARIA DE OBRAS Y SERVICIOS,14908555309,14908555309,15691596437
9,9,8,SECRETARIA DE INCLUSION Y BIENESTAR SOCIAL,2392460130,2392460130,2328908600
9,9,9,SECRETARIA DE ADMINISTRACION Y FINANZAS,13793795770,13793795770,13827710897
9,9,10,SECRETARIA DE MOVILIDAD,2716141386,2716141386,2658905322
9,9,11,SECRETARIA DE SEGURIDAD CIUDADANA,31787686144,31787686144,33249670898
9,9,12,SECRETARIA DE LA CONTRALORIA GENERAL,326547024,326547024,320019847.6
9,9,13,CONSEJERIA JURIDICA Y DE SERVICIOS LEGALES,1471885908,1471885908,1474299360
9,9,14,SECRETARIA DE SALUD,12135818177,12135818177,13499968308
9,9,15,SECRETARIA DE CULTURA,892131455,892131455,940805928.1
9,9,16,SECRETARIA DE TRABAJO Y FOMENTO AL EMPLEO,869761005,869761005,800556665
9,9,17,SECRETARIA DE GESTION INTEGRAL DE RIESGOS Y PROTECCION CIVIL,127356631,127356631,130145830.4
9,9,18,SECRETARIA DE PUEBLOS Y BARRIOS ORIGINARIOS Y COMUNIDADES INDIGENAS RESIDENTES,120962215,120962215,108536997.1
9,9,19,SECRETARIA DE EDUCACION CIENCIA TECNOLOGIA E INNOVACION,1046634860,1046634860,1218627805
9,9,20,SECRETARIA DE LAS MUJERES,233054164,233054164,235187189.8
9,9,21,CENTRO DE COMANDO CONTROL COMPUTO COMUNICACIONES Y CONTACTO CIUDADANO DE LA CIUDAD DE MEXICO,1394439187,1394439187,1424165987
9,9,22,AGENCIA DIGITAL DE INNOVACION PUBLICA DE LA CIUDAD DE MEXICO,233754529,233754529,261837327.6
9,9,23,COMISION DE BUSQUEDA DE PERSONAS DE LA CIUDAD DE MEXICO,15537824,15537824,20080627.95
9,9,24,INSTANCIA EJECUTORA DEL SISTEMA INTEGRAL DE DERECHOS HUMANOS DE LA CIUDAD DE MEXICO,10667153,10667153,9655686.53
9,9,25,SISTEMA DE AGUAS DE LA CIUDAD DE MEXICO,13676453417,13676453417,16978637674
9,9,26,AGENCIA DE ATENCION ANIMAL DE LA CIUDAD DE MEXICO,5648600,5648600,22850333.68
9,9,27,PLANTA PRODUCTORA DE MEZCLAS ASFALTICAS,1273831667,1273831667,1461266192
9,9,28,ORGANO REGULADOR DE TRANSPORTE,249177545,249177545,192595810.1
9,9,29,UNIVERSIDAD DE LA POLICIA DE LA CIUDAD DE MEXICO,140556030,140556030,133428772.9
9,9,30,AGENCIA DE PROTECCION SANITARIA DEL GOBIERNO DE LA CIUDAD DE MEXICO,29006364,29006364,46063416.5
9,9,31,UNIVERSIDAD DE LA SALUD,56138360,56138360,132616556.8
9,9,32,INSTITUTO DE ESTUDIOS SUPERIORES DE LA CIUDAD DE MEXICO ROSARIO CASTELLANOS,156852205,156852205,276368549.5
9,9,33,SISTEMA PUBLICO DE RADIODIFUSION DE LA CIUDAD DE MEXICO,109478402,109478402,101824640.6
9,9,34,AUTORIDAD DEL CENTRO HISTORICO,70759252,70759252,44902336.64
9,9,35,COMISION EJECUTIVA DE ATENCION A VICTIMAS DE LA CIUDAD DE MEXICO,19538733,19538733,48318768.65
9,9,36,MECANISMO DE PROTECCION INTEGRAL DE PERSONAS DEFENSORAS DE DERECHOS HUMANOS Y PERIODISTAS DE LA CIUDAD DE MEXICO,11782767,11782767,11403447.62
9,9,37,INSTITUTO DE VIVIENDA DE LA CIUDAD DE MEXICO,3269397578,3269397578,3094109540
9,9,38,PROCURADURIA AMBIENTAL Y DEL ORDENAMIENTO TERRITORIAL DE LA CIUDAD DE MEXICO,111424011,111424011,106477209.8
9,9,39,INSTITUTO LOCAL DE LA INFRAESTRUCTURA FISICA EDUCATIVA DE LA CIUDAD DE MEXICO,77000000,77000000,389368811.2
9,9,40,INSTITUTO PARA LA SEGURIDAD DE LAS CONSTRUCCIONES EN EL DISTRITO FEDERAL,118803414,118803414,118128289.5
9,9,41,SISTEMA PARA EL DESARROLLO INTEGRAL DE LA FAMILIA DE LA CIUDAD DE MEXICO,2178316688,2178316688,1638766234
9,9,42,CONSEJO PARA PREVENIR Y ELIMINAR LA DISCRIMINACION DE LA CIUDAD DE MEXICO,26725799,26725799,25060861.51
9,9,43,INSTITUTO DE LAS PERSONAS CON DISCAPACIDAD DE LA CIUDAD DE MEXICO,17209020,17209020,16611074.02
9,9,44,INSTITUTO DE LA JUVENTUD DE LA CIUDAD DE MEXICO,156836928,156836928,110368219.4
9,9,45,PROCURADURIA SOCIAL DEL DISTRITO FEDERAL,388709117,388709117,342761325.1
9,9,46,CAJA DE PREVISION PARA TRABAJADORES A LISTA DE RAYA DEL GOBIERNO DE LA CIUDAD DE MEXICO,1346838964,1346838964,5202498418
9,9,47,CAJA DE PREVISION DE LA POLICIA AUXILIAR DE LA CIUDAD DE MEXICO,1697134995,1697134995,1326098204
9,9,48,CAJA DE PREVISION DE LA POLICIA PREVENTIVA DE LA CIUDAD DE MEXICO,2626822026,2626822026,6333024375
9,9,49,CORPORACION MEXICANA DE IMPRESION SA DE CV,630000000,630000000,333009977.1
9,9,50,SERVICIOS METROPOLITANOS SA DE CV,194244437,194244437,144106429.8
9,9,51,METROBUS,2011066186,2011066186,2530204219
9,9,52,SISTEMA DE TRANSPORTE COLECTIVO,15081871997,15081871997,15684244349
9,9,53,RED DE TRANSPORTE DE PASAJEROS DE LA CIUDAD DE MEXICO,1706431659,1706431659,1704306417
9,9,54,SERVICIO DE TRANSPORTES ELECTRICOS DE LA CIUDAD DE MEXICO,1391627457,1391627457,1235595823
9,9,55,ESCUELA DE ADMINISTRACION PUBLICA DE LA CIUDAD DE MEXICO,35925736,35925736,32910467.33
9,9,56,INSTITUTO DE VERIFICACION ADMINISTRATIVA DE LA CIUDAD DE MEXICO,289791059,289791059,283306017.4
9,9,57,INSTITUTO PARA LA ATENCION Y PREVENCION DE LAS ADICCIONES EN LA CIUDAD DE MEXICO,54213807,54213807,52938044.51
9,9,58,SERVICIOS DE SALUD PUBLICA DEL DISTRITO FEDERAL,6083038369,6083038369,7808393322
9,9,59,INSTITUTO DE CAPACITACION PARA EL TRABAJO DE LA CIUDAD DE MEXICO,35072740,35072740,30971082.09
9,9,60,HEROICO CUERPO DE BOMBEROS DE LA CIUDAD DE MEXICO,1307833226,1307833226,1189273526
9,9,61,INSTITUTO DEL DEPORTE DE LA CIUDAD DE MEXICO,284365322,284365322,261188800.5
9,9,62,INSTITUTO DE EDUCACION MEDIA SUPERIOR DEL DISTRITO FEDERAL,950372360,950372360,962820556.6
9,9,63,INSTITUTO DE PLANEACION DEMOCRATICA Y PROSPECTIVA,0,0,15395818.98
9,9,64,FIDEICOMISO CENTRO HISTORICO DE LA CIUDAD DE MEXICO,41700146,41700146,67999079.85
9,9,65,FIDEICOMISO DE RECUPERACION CREDITICIA DE LA CIUDAD DE MEXICO,56134268,56134268,61483991.41
9,9,66,FIDEICOMISO PARA LA RECONSTRUCCION INTEGRAL DE LA CIUDAD DE MEXICO,0,0,2352938105
9,9,67,FIDEICOMISO MUSEO DE ARTE POPULAR MEXICANO,18650539,18650539,17835234.11
9,9,68,FIDEICOMISO MUSEO DEL ESTANQUILLO,10166546,10166546,13492706.97
9,9,69,FIDEICOMISO PARA LA PROMOCION Y DESARROLLO DEL CINE MEXICANO EN LA CIUDAD DE MEXICO,18000000,18000000,15011180.21
9,9,70,FIDEICOMISO EDUCACION GARANTIZADA DE LA CIUDAD DE MEXICO,6478056761,6478056761,6341552162
9,9,71,FONDO PARA EL DESARROLLO ECONOMICO Y SOCIAL DE LA CIUDAD DE MEXICO,13737666,13737666,8276417.73
9,9,72,FONDO DE DESARROLLO ECONOMICO DEL DISTRITO FEDERAL,9000000,9000000,82275535.08
9,9,73,FONDO PARA EL DESARROLLO SOCIAL DE LA CIUDAD DE MEXICO,496521540,496521540,502151915.8
9,9,74,FONDO MIXTO DE PROMOCION TURISTICA DE LA CIUDAD DE MEXICO,133724911,133724911,91032470.61
10,10,1,DESPACHO DEL EJECUTIVO,196733244,179242259,297115653.4
10,10,2,SECRETARIA GENERAL DE GOBIERNO,170939107,180339999,226731098.3
10,10,3,SECRETARIA DE FINANZAS Y DE ADMINISTRACION,495913825,493684291,524970062.7
10,10,4,SECRETARIA DE COMUNICACIONES Y OBRAS PUBLICAS,1040969957,876363176,1689416843
10,10,5,SECRETARIA DE DESARROLLO ECONOMICO,30841297,30487440,148401769.5
10,10,6,SECRETARIA DE AGRICULTURA GANADERIA Y DESARROLLO RURAL,55431270,152290671,371394460.5
10,10,7,SECRETARIA DE EDUCACION,12135603686,11672671349,11798086780
10,10,8,SECRETARIA DE CONTRALORIA,58888567,56957116,62609462.33
10,10,9,SECRETARIA DE RECURSOS NATURALES Y MEDIO AMBIENTE,56584032,54528217,84898192.58
10,10,10,SECRETARIA DE SEGURIDAD PUBLICA,565452672,914302576,1036147753
10,10,11,SECRETARIA DE BIENESTAR SOCIAL,156301727,356318566,437928465.9
10,10,12,FISCALIA GENERAL DEL ESTADO,588486315,567317839,636792488.3
10,10,13,SECRETARIA DE TURISMO,24144992,45916859,74057924.17
10,10,14,SECRETARIA DEL TRABAJO Y PREVISION SOCIAL,404399376,39195927,46865920.77
10,10,15,SECRETARIADO EJECUTIVO DEL CONSEJO ESTATAL DE SEGURIDAD PUBLICA,257815214,257815214,280509473
10,10,16,INSTITUTO DE ATENCION Y PROTECCION A MIGRANTES Y SUS FAMILIAS,16740337,10310099,10557188.88
10,10,17,COMISION ESTATAL DE ATENCION INTEGRAL A VICTIMAS,11804264,10804264,12363030.06
10,10,18,DIRECCION DE TRANSPORTE AEREO DEL GOBIERNO DEL ESTADO,14170353,19678822,36542689.13
10,10,19,COMISION DE AGUAS DEL ESTADO,660026708,133818692,330146468.7
10,10,20,INSTITUTO PARA LA INFRAESTRUCTURA FISICA EDUCATIVA DEL ESTADO DE DURANGO,372391303,372391303,237076754.5
10,10,21,CENTRO CULTURAL Y DE CONVENCIONES DEL ESTADO DE DURANGO,7223885,7223885,9980374.07
10,10,22,SERVICIOS DE SALUD DEL ESTADO,2671527965,2908527965,4435136610
10,10,23,SISTEMA ESTATAL PARA EL DESARROLLO INTEGRAL DE LA FAMILIA,436522764,449678099,495677220.3
10,10,24,COLEGIO DE BACHILLERES DEL ESTADO DE DURANGO,158069211,156069211,675555672.2
10,10,25,CONSEJO DE CIENCIA Y TECNOLOGIA DEL ESTADO DE DURANGO,6101603,6101603,5914985.2
10,10,26,COLEGIO DE EDUCACION PROFESIONAL TECNICA DEL ESTADO DE DURANGO,63727191,64227759,69997887.63
10,10,27,COLEGIO DE ESTUDIOS CIENTIFICOS Y TECNOLOGICOS DEL ESTADO DE DURANGO,40821030,40821030,343421798.6
10,10,28,INSTITUTO DURANGUENSE DE EDUCACION PARA ADULTOS,83567174,83567174,115573582.8
10,10,29,INSTITUTO TECNOLOGICO SUPERIOR DE LERDO,21955944,19955944,42216067.5
10,10,30,INSTITUTO TECNOLOGICO SUPERIOR DE LA REGION DE LOS LLANOS,11227446,10227446,16986793
10,10,31,INSTITUTO TECNOLOGICO SUPERIOR DE SANTIAGO PAPASQUIARO,11698818,10698818,29272521.8
10,10,32,INSTITUTO DE CULTURA DEL ESTADO DE DURANGO,55327990,56418012,80041810.83
10,10,33,SISTEMA ESTATAL DE TELESECUNDARIAS,1347597026,791953274,898335948
10,10,34,UNIVERSIDAD PEDAGOGICA DE DURANGO,74427703,74757340,78435552.78
10,10,35,UNIVERSIDAD POLITECNICA DE DURANGO,14288576,13288576,34827550.61
10,10,36,UNIVERSIDAD POLITECNICA DE GOMEZ PALACIO,13231838,12231838,31629156.4
10,10,37,BENEMERITA Y CENTENARIA ESCUELA NORMAL DEL ESTADO DE DURANGO,2763965,2763965,2724601.5
10,10,38,INSTITUTO TECNOLOGICO SUPERIOR DE SANTA MARIA DEL ORO,3866635,3866635,10589404
10,10,39,UNIVERSIDAD TECNOLOGICA DE DURANGO,17621072,16621072,50939018.41
10,10,40,UNIVERSIDAD TECNOLOGICA DE LA LAGUNA,7300092,7300092,27603353.83
10,10,41,UNIVERSIDAD TECNOLOGICA DE EL MEZQUITAL,1471919,1471919,6603329.38
10,10,42,BEBELECHE MUSEO INTERACTIVO DE DURANGO,10692981,3091090,5456336.98
10,10,43,UNIVERSIDAD TECNOLOGICA DE POANAS,4020964,4020964,15703986.71
10,10,44,UNIVERSIDAD POLITECNICA DE CUENCAME,4848702,4848702,12055145.85
10,10,45,UNIVERSIDAD TECNOLOGICA DE RODEO,2924085,2924085,12787308.18
10,10,46,UNIVERSIDAD TECNOLOGICA DE TAMAZULA,2150000,2150000,6150014.43
10,10,47,SECRETARIA EJECUTIVA DEL SISTEMA LOCAL ANTICORRUPCION,10963533,3963533,6876401.51
10,10,48,FISCALIA ESPECIALIZADA EN COMBATE A LA CORRUPCION DEL ESTADO DE DURANGO,66221906,25409097,26859097
10,10,49,PROCURADURIA DE PROTECCION AL AMBIENTE DEL ESTADO DE DURANGO,6987942,1987942,5411701.73
10,10,50,INSTITUTO DURANGUENSE DE LA JUVENTUD,5981367,5981367,6371809.76
10,10,51,INSTITUTO ESTATAL DE LAS MUJERES,9576729,10586113,20982939.71
10,10,52,COMISION ESTATAL DE SUELO Y VIVIENDA,45866862,29566862,83572068.61
10,10,53,FERIAS ESPECTACULOS Y PASEOS TURISTICOS DE DURANGO,31571640,11197445,13646666.22
10,10,54,CENTROS DE CONCILIACION LABORAL DEL ESTADO DE DURANGO,13916800,16936800,4674786.34
10,10,55,DIRECCION DE PENSIONES DEL ESTADO DE DURANGO,603021815,503021815,423857738.5
11,11,1,OFICINA DEL GOBERNADOR,14344911.43,14254911.43,14461654.76
11,11,2,COORDINACION GENERAL DE COMUNICACION SOCIAL,101055384.1,89100605.44,118056430.3
11,11,3,OFICINA DEL SECRETARIO PARTICULAR,83734010.09,83730182.58,80882320.62
11,11,4,INSTITUTO DE PLANEACION ESTADISTICA Y GEOGRAFIA DEL ESTADO DE GUANAJUATO,34231861.87,33306861.87,47024200.31
11,11,5,JEFATURA DE GABINETE DEL PODER EJECUTIVO,40014458.04,40014458.04,43466447.18
11,11,6,UNIDAD DE TRANSPARENCIA Y ARCHIVOS DEL PODER EJECUTIVO,31029625.61,31029625.61,26799181.03
11,11,7,OFICINA DE REPRESENTACION DEL GOBIERNO DEL ESTADO DE GUANAJUATO EN LA CIUDAD DE MEXICO,9077301.48,9068601.48,8402185.2
11,11,8,COORDINACION GENERAL JURIDICA,28585456.06,28585456.06,28724835.46
11,11,9,SECRETARIA DE GOBIERNO,1297167842,1295296500,1235975535
11,11,10,SECRETARIA DE DESARROLLO SOCIAL Y HUMANO,1735226513,1742549013,2321691713
11,11,11,SECRETARIA DE FINANZAS INVERSION Y ADMINISTRACION,885486599.8,884623149.8,818112836.9
11,11,12,SECRETARIA DE SEGURIDAD PUBLICA,6119532762,6118237301,5329941614
11,11,13,SECRETARIA DE DESARROLLO AGROALIMENTARIO Y RURAL,1076168224,1091168224,1059370071
11,11,14,SECRETARIA DE DESARROLLO ECONOMICO SUSTENTABLE,560927268,562027268,956820010.7
11,11,15,SECRETARIA DE EDUCACION,24392129522,24384839951,24359697457
11,11,16,SECRETARIA DE INFRAESTRUCTURA CONECTIVIDAD Y MOVILIDAD,2206817421,2202464171,2803546585
11,11,17,SECRETARIA DE TURISMO,159244125.3,197811758.9,590929773.1
11,11,18,SECRETARIA DE LA TRANSPARENCIA Y RENDICION DE CUENTAS,171843974.5,169304474.5,198890275.3
11,11,19,SECRETARIA DE MEDIO AMBIENTE Y ORDENAMIENTO TERRITORIAL,141063217.8,144818253.2,227696318.2
11,11,20,SECRETARIA DEL MIGRANTE Y ENLACE INTERNACIONAL,34988012.73,37333262.73,35225439.11
11,11,21,SERVICIO DE ADMINISTRACION TRIBUTARIA DEL ESTADO DE GUANAJUATO,460087883.6,457394661.1,703067961.2
11,11,22,SECRETARIADO EJECUTIVO DEL SISTEMA ESTATAL DE SEGURIDAD PUBLICA,565271720.8,565271720.8,540946526.8
11,11,23,COORDINACION GENERAL DE INFORMACION ESTRATEGICA,64297888.99,64297888.99,63282686.01
11,11,24,UNIDAD DE ANALISIS Y ESTRATEGIA DE SEGURIDAD CIUDADANA,3158835.74,3158835.74,243265.24
11,11,25,SECRETARIA EJECUTIVA DEL SISTEMA DE PROTECCION DE LOS DERECHOS DE NIÑAS NIÑOS Y ADOLESCENTES,9560918.17,9063735.58,8486731.16
11,11,26,COMISION ESTATAL DE BUSQUEDA DE PERSONAS,8852041.4,8835041.4,16872014.51
11,11,27,COMISION ESTATAL DEL AGUA DE GUANAJUATO,294503646.8,292831146.8,400327594.7
11,11,28,COORDINADORA DE FOMENTO AL COMERCIO EXTERIOR,69830297.92,68412016.67,84347899.82
11,11,29,INSTITUTO ESTATAL DE LA CULTURA,158271783.7,156984661.9,201299432.3
11,11,30,UNIVERSIDAD TECNOLOGICA DE LEON,160702676,160685828.6,175713371
11,11,31,INSTITUTO TECNOLOGICO SUPERIOR DE IRAPUATO,98417647.98,98105147.98,114541508.2
11,11,32,SISTEMA AVANZADO DE BACHILLERATO Y EDUCACION SUPERIOR EN EL ESTADO DE GUANAJUATO,878085590.7,877481540.7,899200658.4
11,11,33,INSTITUTO DE SALUD PUBLICA DEL ESTADO DE GUANAJUATO,13327943598,13351763598,14660900520
11,11,34,INSTITUTO TECNOLOGICO SUPERIOR DEL SUR DE GUANAJUATO,27036677,27036677,34769730.4
11,11,35,COMISION ESTATAL DE CONCILIACION Y ARBITRAJE MEDICO,10238467.17,10102745.82,11882013.16
11,11,36,UNIVERSIDAD TECNOLOGICA DEL SUROESTE DE GUANAJUATO,57252264,57094514,68995505.24
11,11,37,INSTITUTO PARA EL DESARROLLO Y ATENCION A LAS JUVENTUDES DEL ESTADO DE GUANAJUATO,108365918.5,102774119.9,568948291.9
11,11,38,PROCURADURIA AMBIENTAL Y DE ORDENAMIENTO TERRITORIAL DEL ESTADO DE GUANAJUATO,44996697.38,45267197.38,48414357.7
11,11,39,COLEGIO DE EDUCACION PROFESIONAL TECNICA DEL ESTADO DE GUANAJUATO,331109880.4,331109880.4,362454479.8
11,11,40,INSTITUTO DE LA MUJER GUANAJUATENSE,58316495.21,67036495.21,73694798.63
11,11,41,INSTITUTO DE SEGURIDAD SOCIAL DEL ESTADO DE GUANAJUATO,0,0,0
11,11,42,ESCUELA PREPARATORIA REGIONAL DEL RINCON,27017044.68,27017044.68,27263439.35
11,11,43,INSTITUTO DE ALFABETIZACION Y EDUCACION BASICA PARA ADULTOS,267786258.9,266744758.9,294248803.6
11,11,44,UNIVERSIDAD POLITECNICA DE GUANAJUATO,93114537.35,92986537.35,128086695.5
11,11,45,FORUM CULTURAL GUANAJUATO,31300797.53,30448047.53,47069284.11
11,11,46,INSTITUTO ESTATAL DE CAPACITACION,226374287.4,225879287.4,227608777.1
11,11,47,UNIVERSIDAD VIRTUAL DEL ESTADO DE GUANAJUATO,360635764.3,360236464.3,342663379.3
11,11,48,CENTRO DE EVALUACION Y CONTROL DE CONFIANZA DEL ESTADO DE GUANAJUATO,87812800.5,87812800.5,91624365.85
11,11,49,INSTITUTO TECNOLOGICO SUPERIOR DE GUANAJUATO,18569688,18569688,20176904.46
11,11,50,INSTITUTO TECNOLOGICO SUPERIOR DE SALVATIERRA,19882800,19842800,31006246.01
11,11,51,UNIVERSIDAD POLITECNICA DE PENJAMO,38987649.17,38960483.87,52562459.23
11,11,52,UNIVERSIDAD POLITECNICA DE JUVENTINO ROSAS,44241483.34,44241483.34,58964837.09
11,11,53,UNIVERSIDAD POLITECNICA DEL BICENTENARIO,55909089.46,55909089.46,69211386.2
11,11,54,UNIVERSIDAD TECNOLOGICA DE SAN MIGUEL DE ALLENDE,39053398,39021679.24,52462427.76
11,11,55,GUANAJUATO PUERTO INTERIOR,0,0,0
11,11,56,UNIVERSIDAD TECNOLOGICA DE SALAMANCA,40439656,40439656,53744794.19
11,11,57,PARQUE AGRO TECNOLOGICO XONOTLI SA DE CV,9437731.66,9437731.66,9792318.2
11,11,58,INSTITUTO GUANAJUATENSE PARA PERSONAS CON DISCAPACIDAD,47703312.11,47624629.38,62904199.61
11,11,59,INSTITUTO TECNOLOGICO SUPERIOR DE ABASOLO,23053555,23003555,34366186.04
11,11,60,INSTITUTO TECNOLOGICO SUPERIOR DE PURISIMA DEL RINCON,21611645,21611645,27796848.94
11,11,61,UNIVERSIDAD TECNOLOGICA LAJA BAJIO,12943272,12893272,14239459.46
11,11,62,SECRETARIA EJECUTIVA DEL SISTEMA ESTATAL ANTICORRUPCION,18166409.02,18166409.02,18607083.06
11,11,63,INSTITUTO DE FORMACION EN SEGURIDAD PUBLICA DEL ESTADO,28166433,28166433,37986125.27
11,11,64,PROCURADURIA DE PROTECCION DE NIÑAS NIÑOS Y ADOLESCENTES,83963632.91,83963632.91,89247770.73
11,11,65,INSTITUTO DE INNOVACION CIENCIA Y EMPRENDIMIENTO PARA LA COMPETITIVIDAD,46718476.66,46328751.98,144215165.4
11,11,66,COMISION ESTATAL DE ATENCION INTEGRAL A VICTIMAS,17668436,17533436,41698213.7
11,11,67,CENTRO DE CONCILIACION LABORAL DEL ESTADO DE GUANAJUATO,0,0,77038073.57
11,11,68,COMISION DE DEPORTE DEL ESTADO DE GUANAJUATO,111058404.9,121896752.2,323538348.5
11,11,69,UNIDAD DE TELEVISION DE GUANAJUATO,69940816.32,69940816.32,136564990.2
11,11,70,SISTEMA ESTATAL PARA EL DESARROLLO INTEGRAL DE LA FAMILIA,749869148.1,745584148.1,878429963
11,11,71,COLEGIO DE ESTUDIOS CIENTIFICOS Y TECNOLOGICOS DEL ESTADO DE GUANAJUATO,1116150719,1116150719,1149760874
11,11,72,UNIVERSIDAD TECNOLOGICA DEL NORTE DEL ESTADO DE GUANAJUATO,87233704,87233703.99,95685293.83
11,11,73,MUSEO ICONOGRAFICO DEL QUIJOTE,14700677.47,14700677.47,16127580.05
11,11,74,CONSEJO GUANAJUATENSE PARA LA PREVENSION Y CONTROL DEL VIH-SIDA,74168,74168,74168
11,11,75,FONDOS GUANAJUATO,0,0,0
11,11,76,CENTRO DE LAS ARTES,22235064.32,22045879.32,27121918.02
11,11,77,MUSEO DE ARTE E HISTORIA DE GUANAJUATO,33840561.73,33194311.73,37290347.5
11,11,78,TEATRO BICENTENARIO,33532320.96,32798820.96,35236313.66
11,11,79,PARQUE GUANAJUATO BICENTENARIO,20000000,20000000,22267261.93
12,12,1,JEFE DE LA OFICINA DEL GOBERNADOR,18607920.52,18607920.52,16556685.22
12,12,2,SECRETARIA GENERAL DE GOBIERNO,305654104.2,305654104.2,432130681.2
12,12,3,SECRETARIA DE FINANZAS Y ADMINISTRACION,2027646371,1991930709,2648276855
12,12,4,SECRETARIA DE EDUCACION GUERRERO,21874312456,22074312456,24065469763
12,12,5,SECRETARIA DE CULTURA,53521979.57,53521979.57,74337722.81
12,12,6,SECRETARIA DE SALUD,7036203968,7136203968,8877310569
12,12,7,SECRETARIA DE DESARROLLO URBANO OBRAS PUBLICAS Y ORDENAMIENTO TERRITORIAL,893232928.8,915600060,856739685.2
12,12,8,SECRETARIA DE DESARROLLO Y BIENESTAR SOCIAL,282344377.4,281144377.4,228906134.1
12,12,9,SECRETARIA DE AGRICULTURA GANADERIA PESCA Y DESARROLLO RURAL,207336916.8,209836916.8,138373136.3
12,12,10,SECRETARIA DE FOMENTO Y DESARROLLO ECONOMICO,62931258.34,63931258.34,44606206.91
12,12,11,SECRETARIA DEL TRABAJO Y PREVISION SOCIAL,69342720.95,69342720.95,127515990.7
12,12,12,SECRETARIA DE TURISMO,123726502.1,123726502.1,171823358.1
12,12,13,SECRETARIA DE MEDIO AMBIENTE Y RECURSOS NATURALES,55212228.73,55212228.73,25517501.05
12,12,14,SECRETARIA DE SEGURIDAD PUBLICA,2911688147,2911688147,2394297354
12,12,15,SECRETARIA DE PROTECCION CIVIL,251862682.3,201198597.3,160821775.3
12,12,16,SECRETARIA DE CONTRALORIA Y TRANSPARENCIA GUBERNAMENTAL,106996543.3,106996543.3,141013492.5
12,12,17,SECRETARIA DE LA MUJER,76486850.32,76486850.32,82638317.78
12,12,18,SECRETARIA DE PLANEACION Y DESARROLLO REGIONAL,103498990.2,103498990.2,107584729.2
12,12,19,CONSEJERIA JURIDICA DEL PODER EJECUTIVO DEL ESTADO,11591110.84,11591110.84,16961509.67
12,12,20,SECRETARIA DE ASUNTOS INDIGENAS Y AFROMEXICANOS,50780882.34,50780882.34,32646226.01
12,12,21,SECRETARIA DE LA JUVENTUD Y LA NIÑEZ,31982787.22,31982787.22,27344875.04
12,12,22,SECRETARIA DE LOS MIGRANTES Y ASUNTOS INTERNACIONALES,53459344.37,53459344.37,31267205.89
12,12,23,CONSEJO DE POLITICAS PUBLICAS,5382879.4,5382879.4,4048416.5
12,12,24,REPRESENTACION DEL PODER EJECUTIVO DEL ESTADO DE GUERRERO EN LA CIUDAD DE MEXICO,12523896.45,12523896.45,15537367.02
12,12,25,PROCURADURIA DE PROTECCION AMBIENTAL,29671611.58,29671611.58,43268011.12
12,12,26,TRIBUNAL DE CONCILIACION Y ARBITRAJE,32720109.25,33720109.25,25006747.71
12,12,27,INSTITUTO ESTATAL PARA LA EDUCACION DE JOVENES Y ADULTOS DE GUERRERO,115205085,115205085,149425089.9
12,12,28,COLEGIO DE BACHILLERES DEL ESTADO DE GUERRERO,306240647.1,306240647.1,823486812.6
12,12,29,COLEGIO DE EDUCACION PROFESIONAL TECNICA DEL ESTADO DE GUERRERO,181350336.7,181350336.7,191325064.5
12,12,30,COLEGIO DE ESTUDIOS CIENTIFICOS Y TECNOLOGICOS DEL ESTADO DE GUERRERO,47508044.26,47508044.26,330040271.1
12,12,31,ESCUELA DE PARTERAS PROFESIONALES DEL ESTADO DE GUERRERO OPD,4210791.98,4210791.98,3993710.32
12,12,32,INSTITUTO DE CAPACITACION PARA EL TRABAJO DEL ESTADO DE GUERRERO,21020224.94,21020224.94,55457642.71
12,12,33,INSTITUTO DE BACHILLERATO DEL ESTADO DE GUERRERO,93110322.64,93110322.64,192582125.1
12,12,34,INSTITUTO DE BACHILLERATO INTERCULTURAL DEL ESTADO DE GUERRERO,5500000,5500000,13726702.66
12,12,35,INSTITUTO TECNOLOGICO SUPERIOR DE LA COSTA CHICA,25909042.53,25909042.53,31649308.18
12,12,36,INSTITUTO TECNOLOGICO SUPERIOR DE LA MONTAÑA,26101451.76,26101451.76,27230103.81
12,12,37,UNIVERSIDAD INTERCULTURAL DEL ESTADO DE GUERRERO,14705181.68,14705181.68,38222645.1
12,12,38,UNIVERSIDAD POLITECNICA DEL ESTADO DE GUERRERO,13199005.97,13199005.97,28425838.88
12,12,39,UNIVERSIDAD TECNOLOGICA DE ACAPULCO,16967434,16967434,30298863.27
12,12,40,UNIVERSIDAD TECNOLOGICA DE LA COSTA GRANDE DE GUERRERO,41056139.75,41056139.75,83730294.15
12,12,41,UNIVERSIDAD TECNOLOGICA DE LA REGION NORTE DE GUERRERO,34270580.12,34270580.12,69592784.05
12,12,42,UNIVERSIDAD TECNOLOGICA DEL MAR DEL ESTADO DE GUERRERO,5588723.96,5588723.96,13801692.35
12,12,43,UNIVERSIDAD TECNOLOGICA DE TIERRA CALIENTE,5588723.96,5588723.96,11112042.11
12,12,44,CONSEJO DE CIENCIA TECNOLOGIA E INNOVACION DEL ESTADO DE GUERRERO,3739918.64,3739918.64,3885261.1
12,12,45,INSTITUTO DE RADIO Y TELEVISION DE GUERRERO,25537130.28,25537130.28,38941957.91
12,12,46,LA AVISPA MUSEO INTERACTIVO,7465952.61,7465952.61,9575681.4
12,12,47,ORQUESTA FILARMONICA DE ACAPULCO,34013463.33,34013463.32,40439149.56
12,12,48,INSTITUTO DEL DEPORTE DE GUERRERO,12807712.17,12807712.17,95128215.07
12,12,49,HOSPITAL DE LA MADRE Y EL NIÑO GUERRERENSE,79764724.39,79764724.39,133569181.7
12,12,50,HOSPITAL DE LA MADRE Y EL NIÑO INDIGENA GUERRERENSE,53969881.39,53969881.39,64935737.64
12,12,51,INSTITUTO ESTATAL DE CANCEROLOGIA DR ARTURO BELTRAN ORTEGA,36474288.92,36474288.92,69121882.89
12,12,52,INSTITUTO ESTATAL DE OFTALMOLOGIA,24553892.11,24553892.11,32015034.59
12,12,53,INSTITUTO DE SEGURIDAD SOCIAL DE LOS SERVIDORES PUBLICOS DEL ESTADO DE GUERRERO,100000000,100000000,214751690.5
12,12,54,INSTITUTO GUERRERENSE DE LA INFRAESTRUCTURA FISICA EDUCATIVA,514034442.5,518034442.5,524876902.2
12,12,55,ACABUS,12800000,12800000,51070459.92
12,12,56,COMISION DE INFRAESTRUCTURA CARRETERA Y AEROPORTUARIA DEL ESTADO DE GUERRERO,587762449.8,613162449.8,872518461.7
12,12,57,INSTITUTO GUERRERENSE PARA LA ATENCION INTEGRAL DE LAS PERSONAS ADULTAS MAYORES,6893592.01,6893592.01,12404388.1
12,12,58,PARQUE PAPAGAYO,25190513.18,25190513.18,62345078.18
12,12,59,SISTEMA PARA EL DESARROLLO INTEGRAL DE LA FAMILIA,705221974.9,725221974.9,889013260.5
12,12,60,CONSEJO ESTATAL DEL COCOTERO,5257129.56,5257129.56,5020028.66
12,12,61,AGROINDUSTRIAS DEL SUR,8000000,8000000,8000000
12,12,62,CONSEJO ESTATAL DEL CAFE,4874025.58,4874025.58,5640965.24
12,12,63,FIDEICOMISO GUERRERO INDUSTRIAL,3461174.07,3461174.07,3117147.72
12,12,64,FIDEICOMISO PARA EL DESARROLLO ECONOMICO Y SOCIAL DE ACAPULCO,6032062.77,6032062.77,9747562.54
12,12,65,FONDO DE APOYO A LA MICRO PEQUEÑA Y MEDIANA EMPRESA DEL ESTADO DE GUERRERO,2870331.04,2870331.04,3358002.12
12,12,66,INSTITUTO GUERRERENSE DEL EMPRENDEDOR OPD,5242641.48,5242641.48,5763845.63
12,12,67,FIDEICOMISO CENTRO INTERNACIONAL ACAPULCO,0,0,0
12,12,68,FIDEICOMISO PARA LA PROMOCION TURISTICA DE ACAPULCO,40000000,40000000,22860966.3
12,12,69,PROMOTORA TURISTICA DE GUERRERO,16825000,16825000,19719081.52
12,12,70,PROMOTORA ADMINISTRADORA DE LOS SERVICIOS DE PLAYA DE ZONA FEDERAL MARITIMO TERRESTRE DE ZIHUATANEJO,0,0,695057.27
12,12,71,FIDEICOMISO BAHIA DE ZIHUATANEJO,64000000,64000000,87242880.41
12,12,72,INSTITUTO DE VIVIENDA Y SUELO URBANO DE GUERRERO,9397875.03,9397875.03,26063501.35
12,12,73,COMISION DE AGUA POTABLE ALCANTARILLADO Y SANEAMIENTO DEL ESTADO DE GUERRERO,411259973.6,430459973.6,599466628.6
12,12,74,INSTITUTO DE LA POLICIA AUXILIAR DEL ESTADO DE GUERRERO,47606453,47606453,40782885
12,12,75,FIDEICOMISO DE ADMINISTRACION E INVERSION DEL IMPUESTO SOBRE LA PRESTACION DE SERVICIOS DE HOSPEDAJE DE TAXCO,2180000,2180000,677164.76
12,12,76,FIDEICOMISO PARA LA ADMINISTRACION DEL IMPUESTO SOBRE LA PRESTACION DEL SERVICIO DE HOSPEDAJE DE IXTAPA ZIHUATANEJO,20000000,24719990,18491971.1
12,12,77,PROMOTORA Y ADMINISTRADORA DE LOS SERVICIOS DE PLAYA DE ZONA FEDERAL MARITIMO TERRESTRE DE ACAPULCO,35219827.5,35219827.5,111307501
12,12,78,SECRETARIA EJECUTIVA DEL SISTEMA ESTATAL ANTICORRUPCION DE GUERRERO,4250002.7,4250002.7,6792515.66
12,12,79,COMISION EJECUTIVA ESTATAL DE ATENCION A VICTIMAS,18619610.42,18619610.42,35361815.4
13,13,1,OFICIALIA MAYOR,1040604901,1040604901,1196192926
13,13,2,OFICINA DEL GOBERNADOR,26593970,26593970,21905277.27
13,13,3,PROCURADURIA GENERAL DE JUSTICIA,750751630,750751630,777392737
13,13,4,SECRETARIA DE CONTRALORIA,152242415,152242415,265509974.7
13,13,5,SECRETARIA DE CULTURA,50258482,50258482,80080707.8
13,13,6,SECRETARIA DE DESARROLLO AGROPECUARIO,232451318,232451318,314921418.8
13,13,7,SECRETARIA DE DESARROLLO ECONOMICO,87952017,87952017,104015648.9
13,13,8,SECRETARIA DE DESARROLLO SOCIAL,319739191.6,319739191.6,203702524.6
13,13,9,SECRETARIA DE EDUCACION PUBLICA,310458708.8,310458708.8,172957408.3
13,13,10,SECRETARIA DE FINANZAS PUBLICAS,1336806699,1336806699,1061178937
13,13,11,SECRETARIA DE GOBIERNO,633255755,633255755,662577236.1
13,13,12,SECRETARIA DE OBRAS PUBLICAS Y ORDENAMIENTO TERRITORIAL,969529731.1,969529731.1,1341800911
13,13,13,SECRETARIA DE SALUD,66513158,66513158,88555065.52
13,13,14,SECRETARIA DE SEGURIDAD PUBLICA,2219144081,2219144081,2073277523
13,13,15,SECRETARIA DE TURISMO,79663979.98,79663979.98,54236529.23
13,13,16,SECRETARIA DEL MEDIO AMBIENTE Y RECURSOS NATURALES,125984218,125984218,120131644.6
13,13,17,SECRETARIA DE MOVILIDAD Y TRANSPORTE,10788504,10788504,28749086.56
13,13,18,SECRETARIA DEL TRABAJO Y PREVISION SOCIAL,307035516,307035516,100136929.5
13,13,19,SECRETARIA EJECUTIVA DE LA POLITICA PUBLICA ESTATAL,164339395,164339395,157149560.8
13,13,20,UNIDAD DE PLANEACION Y PROSPECTIVA,87588684,87588684,80867961.2
13,13,21,AGENCIA DE DESARROLLO VALLE DE PLATA,2685158,2685158,2591835.58
13,13,22,AGENCIA ESTATAL DE ENERGIA DE HIDALGO,5586240,5557246,5466457.96
13,13,23,BACHILLERATO DEL ESTADO DE HIDALGO,159961705.5,157570588.5,186330157.9
13,13,24,CENTRO DE CONCILIACION LABORAL DEL ESTADO DE HIDALGO,32276785,32276785,32809068.4
13,13,25,CENTRO DE JUSTICIA PARA MUJERES DEL ESTADO DE HIDALGO,22782073,22782073,24233205.15
13,13,26,CENTRO ESTATAL DE MAQUINARIA PARA EL DESARROLLO,14253443,11456444,11456444
13,13,27,CIUDAD DE LAS MUJERES,29751010,29751010,23548722.32
13,13,28,COLEGIO DE BACHILLERES DEL ESTADO DE HIDALGO,1153526871,1121733651,1292346988
13,13,29,COLEGIO DE EDUCACION PROFESIONAL TECNICA DEL ESTADO DE HIDALGO,113559912,100626488,111505157.9
13,13,30,COLEGIO DE ESTUDIOS CIENTIFICOS Y TECNOLOGICOS DEL ESTADO DE HIDALGO,902374966.5,861780476.5,972207933.1
13,13,31,COMISION DE AGUA Y ALCANTARILLADO DE SISTEMAS INTERMUNICIPALES,679553721,10769946,1007208.66
13,13,32,COMISION DE AGUA Y ALCANTARILLADO DEL SISTEMA VALLE DEL MEZQUITAL,18257516,7997308,7997308
13,13,33,COMISION ESTATAL DE VIVIENDA,46328304,31259190,65411092.25
13,13,34,COMISION ESTATAL DEL AGUA Y ALCANTARILLADO,66072741,59097651,166304694.4
13,13,35,COMISION ESTATAL DE BIODIVERSIDAD DE HIDALGO,1800000,1800000,720000
13,13,36,COMISION ESTATAL PARA EL DESARROLLO SOSTENIBLE DE LOS PUEBLOS INDIGENAS CEDSPI,70203693,70203693,64298307.91
13,13,37,CONSEJO DE CIENCIA TECNOLOGIA E INNOVACION DE HIDALGO CITNOVA,13724207,13046028,39831504.06
13,13,38,CONSEJO EJECUTIVO DEL COMPLEJO CIENTIFICO Y TECNOLOGICO SINCROTRON EN EL ESTADO DE HIDALGO,300000,300000,0
13,13,39,CONSEJO ESTATAL PARA LA CULTURA Y LAS ARTES DE HIDALGO,39641211,36714984,32460029.4
13,13,40,CONSEJO RECTOR PACHUCA CIUDAD DEL CONOCIMIENTO Y LA CULTURA,10886833,10525662,9880775.5
13,13,41,CORPORACION DE FOMENTO DE INFRAESTRUCTURA INDUSTRIAL,25076944,14345310,12105870.72
13,13,42,CORPORACION INTERNACIONAL HIDALGO,6282045,6282045,5784735.85
13,13,43,EL COLEGIO DEL ESTADO DE HIDALGO,14714976,11699952,10833676
13,13,44,ESCUELA DE MUSICA DEL ESTADO DE HIDALGO,11381604,8573852,9232852
13,13,45,INSTITUTO CATASTRAL DEL ESTADO DE HIDALGO,19478856,19260711,13455933.81
13,13,46,INSTITUTO DE CAPACITACION PARA EL TRABAJO DEL ESTADO DE HIDALGO,161916471,151416471,131295451
13,13,47,INSTITUTO DE VIVIENDA DESARROLLO URBANO Y ASENTAMIENTOS HUMANOS,1599106,229067,342002.19
13,13,48,INSTITUTO HIDALGUENSE DE COMPETITIVIDAD EMPRESARIAL,822297,745520,8982078.42
13,13,49,INSTITUTO HIDALGUENSE DE EDUCACION,15711840652,15667460513,16933162563
13,13,50,INSTITUTO HIDALGUENSE DE EDUCACION PARA ADULTOS,115016957,109116253,153363239.4
13,13,51,INSTITUTO HIDALGUENSE DE FINANCIAMIENTO A LA EDUCACION SUPERIOR,6079916,5420846,5256998.99
13,13,52,INSTITUTO HIDALGUENSE DE INFRAESTRUCTURA FISICA EDUCATIVA,618149572,617455785,533735477.8
13,13,53,INSTITUTO HIDALGUENSE DE LA JUVENTUD,8559608,8559608,7049984.26
13,13,54,INSTITUTO HIDALGUENSE DE LAS MUJERES,28528011,28528011,32322800.54
13,13,55,INSTITUTO HIDALGUENSE DEL DEPORTE,50839976,45073394,46099426.78
13,13,56,INSTITUTO HIDALGUENSE PARA EL DESARROLLO MUNICIPAL,10964520,10959065,9186808.09
13,13,57,INSTITUTO PARA LA ATENCION DE LAS Y LOS ADULTOS MAYORES DEL ESTADO DE HIDALGO,39887992,39887992,29711000.84
13,13,58,INSTITUTO TECNOLOGICO SUPERIOR DE HUICHAPAN,47880359.94,38669033.94,35623189.48
13,13,59,INSTITUTO TECNOLOGICO SUPERIOR DEL OCCIDENTE DEL ESTADO DE HIDALGO,53771327.21,40643289.21,40026196.81
13,13,60,INSTITUTO TECNOLOGICO SUPERIOR DEL ORIENTE DEL ESTADO DE HIDALGO,56424667.73,40153198.73,40190610.6
13,13,61,MUSEO INTERACTIVO PARA LA NIÑEZ Y LA JUVENTUD HIDALGUENSE EL REHILETE,35013374,26617589,26251466.5
13,13,62,OPERADORA DE EVENTOS DEL ESTADO DE HIDALGO,61825132,17330353,12955917.51
13,13,63,POLICIA INDUSTRIAL BANCARIA DEL ESTADO DE HIDALGO,390092294,0,0
13,13,64,RADIO Y TELEVISION DE HIDALGO,56228285,52713199,139355971.2
13,13,65,SECRETARIA TECNICA DEL SISTEMA ESTATAL ANTICORRUPCION DE HIDALGO,5993405,5993405,5881726.64
13,13,66,SERVICIOS DE SALUD DE HIDALGO,5656481391,5637170645,5922001976
13,13,67,SISTEMA DE TRANSPORTE CONVENCIONAL DE HIDALGO,101753243,13627996,13627996
13,13,68,SISTEMA INTEGRADO DE TRANSPORTE MASIVO DE HIDALGO,44993162,42697200,105529866.7
13,13,69,SISTEMA PARA EL DESARROLLO INTEGRAL DE LA FAMILIA DEL ESTADO DE HIDALGO,1038823890,858663749,880454700
13,13,70,UNIVERSIDAD DIGITAL DEL ESTADO DE HIDALGO,0,0,0
13,13,71,UNIVERSIDAD INTERCULTURAL DEL ESTADO DE HIDALGO,30727176.97,30493197.97,29889549.46
13,13,72,UNIVERSIDAD POLITECNICA DE FRANCISCO I MADERO,72787662.89,59591153.89,60647638.22
13,13,73,UNIVERSIDAD POLITECNICA DE HUEJUTLA,23589820.95,19919025.95,20870255.69
13,13,74,UNIVERSIDAD POLITECNICA DE LA ENERGIA,19442113.9,16125806.9,17970799.9
13,13,75,UNIVERSIDAD POLITECNICA DE PACHUCA,144363353.5,114471534.5,112549600.9
13,13,76,UNIVERSIDAD POLITECNICA DE TULANCINGO,104206328,87127736,84820161
13,13,77,UNIVERSIDAD POLITECNICA METROPOLITANA DE HIDALGO,86322297.41,63161217.41,64272908.14
13,13,78,UNIVERSIDAD TECNOLOGICA DE LA HUASTECA HIDALGUENSE,103694389.9,85806882.94,84592876.94
13,13,79,UNIVERSIDAD TECNOLOGICA DE LA SIERRA HIDALGUENSE,71839145.95,66014331.95,62380813.12
13,13,80,UNIVERSIDAD TECNOLOGICA DE LA ZONA METROPOLITANA DEL VALLE DE MEXICO,31451337.61,27804607.61,27994001.32
13,13,81,UNIVERSIDAD TECNOLOGICA DE MINERAL DE LA REFORMA,15714438.1,13369644.1,13357800.91
13,13,82,UNIVERSIDAD TECNOLOGICA DEL VALLE DEL MEZQUITAL,94425868.04,83545498.04,93870399.7
13,13,83,UNIVERSIDAD TECNOLOGICA MINERA DE ZIMAPAN,19154347.07,15621345.07,13793385.34
13,13,84,UNIVERSIDAD TECNOLOGICA TULA TEPEJI,154711643.6,127442054.6,120463381.8
13,13,85,UNIVERSIDAD TECNOLOGICA TULANCINGO,77649130.88,63668939.88,62519550.44
14,14,1,CONSEJERIA JURIDICA DEL PODER EJECUTIVO DEL ESTADO,25642896,25642896,20519007.45
14,14,2,CONSEJO CIUDADANO DE SEGURIDAD,5153148.77,5153148.77,5153148.77
14,14,3,CONTRALORIA DEL ESTADO,109382288,109382288,94051811
14,14,4,COORDINACION GENERAL ESTRATEGICA DE CRECIMIENTO Y DESARROLLO ECONOMICO,NSS,NSS,NSS
14,14,5,COORDINACION GENERAL ESTRATEGICA DE DESARROLLO SOCIAL,16207333,16207333,16207333
14,14,6,COORDINACION GENERAL ESTRATEGICA DE GESTION DEL TERRITORIO,64248996.6,67486843.69,67486843.69
14,14,7,COORDINACION GENERAL ESTRATEGICA DE SEGURIDAD,281624868.4,261624868.4,201793483.6
14,14,8,DESPACHO DEL GOBERNADOR Y UNIDADES AUXILIARES DEL GOBERNADOR,399126276.7,364339595.5,329134441
14,14,9,FISCALIA ESPECIALIZADA EN COMBATE A LA CORRUPCION,60916049,60916049,53323632.7
14,14,10,FISCALIA ESTATAL JALISCO,2819898646,2819898646,2293015036
14,14,11,JEFATURA DE GABINETE,92483056,92483056,85241545
14,14,12,PROCURADURIA SOCIAL,147404110,147404110,147404110
14,14,13,SECRETARIA DE ADMINISTRACION,1286975835,1286975835,1371643348
14,14,14,SECRETARIA DE AGRICULTURA Y DESARROLLO RURAL SADER,1737385417,1601138173,1601138173
14,14,15,SECRETARIA DE CULTURA,522488375.3,507827198.3,507827192.9
14,14,16,SECRETARIA DE DESARROLLO ECONOMICO,228388988.8,228388988.8,226510275
14,14,17,SECRETARIA DE EDUCACION,20661667664,34125666042,34125665802
14,14,18,SECRETARIA DE GESTION INTEGRAL DEL AGUA,5462910.79,5462910.79,4758136.2
14,14,19,SECRETARIA DE IGUALDAD SUSTANTIVA ENTRE MUJERES Y HOMBRES SISEMH,360590407,360590406.9,343541185.5
14,14,20,SECRETARIA DE INFRAESTRUCTURA Y OBRA PUBLICA SIOP,4563426412,6028698773,10613077577
14,14,21,SECRETARIA DE INNOVACION CIENCIA Y TECNOLOGIA,187194396.7,161379222,136524713
14,14,22,SECRETARIA DE LA HACIENDA PUBLICA,1094801496,1289311857,1289311857
14,14,23,SECRETARIA DE MEDIO AMBIENTE Y DESARROLLO TERRITORIAL SEMADET,296091712.2,373826834.2,345519683.8
14,14,24,SECRETARIA DE PLANEACION Y PARTICIPACION CIUDADANA,82698853,82698853,82361090
14,14,25,SECRETARIA DE SALUD,94759535.06,91176321.54,79958660.53
14,14,26,SECRETARIA DE SEGURIDAD,5076934335,4390352926,4334161211
14,14,27,SECRETARIA DE TRABAJO Y PREVISION SOCIAL STPS,NSS,NSS,NSS
14,14,28,SECRETARIA DE TRANSPORTE,1229276844,1229276844,1221863302
14,14,29,SECRETARIA DE TURISMO SECTUR,163492870.2,163492870.2,163492869
14,14,30,SECRETARIA DEL SISTEMA DE ASISTENCIA SOCIAL,3391494498,3391494498,3194596858
14,14,31,SECRETARIA GENERAL DE GOBIERNO,386663800,754153170,740391541.6
14,14,32,UNIDAD DE ENLACE FEDERAL Y ASUNTOS INTERNACIONALES,26838917,27573509,18296408
14,14,33,AGENCIA DE SANIDAD INOCUIDAD Y CALIDAD AGROALIMENTARIA DE JALISCO ASICA,62666666.67,62666667.22,54759219.88
14,14,34,AGENCIA ESTATAL DE ENTRETENIMIENTO DE JALISCO,90116540,90116540,81188561.77
14,14,35,AGENCIA PARA EL DESARROLLO DE INDUSTRIAS CREATIVAS Y DIGITALES DEL ESTADO DE JALISCO,25530282,25530282,20320851.93
14,14,36,BOSQUE LA PRIMAVERA,27857643,27857643,24199711
14,14,37,CENTRO DE COORDINACION COMANDO CONTROL COMUNICACIONES Y COMPUTO DEL ESTADO DE JALISCO C5,420501615.6,420501615.6,408876146.1
14,14,38,COLEGIO DE BACHILLERES DEL ESTADO DE JALISCO COBAEJ,NSS,NSS,NSS
14,14,39,COLEGIO DE EDUCACION PROFESIONAL TECNICA DEL ESTADO DE JALISCO CONALEP,377163800,357342657.8,376859688.1
14,14,40,COLEGIO DE ESTUDIOS CIENTIFICOS Y TECNOLOGICOS DEL ESTADO DE JALISCO CECYTEJ,581640547,603384690.2,601089286.8
14,14,41,COMISION DE ARBITRAJE MEDICO DEL ESTADO DE JALISCO CAMEJAL,9536300,9496325,10318415.56
14,14,42,COMISION ESTATAL DEL AGUA DE JALISCO CEA,570383117.7,2550262706,2022166667
14,14,43,COMISION ESTATAL INDIGENA,8209798,8209798,8209798
14,14,44,CONSEJO ESTATAL CONTRA LAS ADICCIONES,75885684.12,75885684.12,72914856.04
14,14,45,CONSEJO ESTATAL DE CIENCIA Y TECNOLOGIA DE JALISCO COECYTJAL,280206879,280206879,148551642
14,14,46,CONSEJO ESTATAL DE SEGURIDAD,NSS,NSS,NSS
14,14,47,CONSEJO ESTATAL PARA EL FOMENTO DEPORTIVO DEL ESTADO DE JALISCO CODE,429243650,494541001.4,473351669.5
14,14,48,CONSEJO ESTATAL PARA LA PREVENCION DE ACCIDENTES CEPAJ,24887561.33,24520777,21731698
14,14,49,ESCUELA DE CONSERVACION Y RESTAURACION DE OCCIDENTE,17123897,17328560.59,14578451.5
14,14,50,FIDEICOMISO MAESTRO CIUDAD CREATIVA DIGITAL,14114250,18312159.49,17153647
14,14,51,FIDEICOMISO PARA LA ADMINISTRACION DEL PROGRAMA DE DESARROLLO FORESTAL DEL ESTADO DE JALISCO FIPRODEFO,25000000,14302289,12912006.64
14,14,52,FONDO JALISCO DE FOMENTO EMPRESARIAL FOJAL,400000000,660000000,317161706.5
14,14,53,HOGAR CABAÑAS,92619200,123114577,123114577
14,14,54,HOSPITAL CIVIL DE GUADALAJARA,5025235574,5217102088,5137537464
14,14,55,INDUSTRIA JALISCIENSE DE REHABILITACION SOCIAL INJALRESO,37952800,37952800,37952800
14,14,56,INSTITUTO CULTURAL CABAÑAS,35998180.99,34165268.68,32548745.25
14,14,57,INSTITUTO DE FORMACION PARA EL TRABAJO DEL ESTADO DE JALISCO,1294100343,1294100343,150245667
14,14,58,INSTITUTO DE INFORMACION ESTADISTICA Y GEOGRAFICA DEL ESTADO DE JALISCO IIEG,34597260,34597260,33554244.43
14,14,59,INSTITUTO DE LA INFRAESTRUCTURA FISICA EDUCATIVA DEL ESTADO DE JALISCO INFEJAL,650077535,1004749586,510566313
14,14,60,INSTITUTO DE PENSIONES DEL ESTADO DE JALISCO IPEJAL,10615717382,10615717382,10075224923
14,14,61,INSTITUTO ESTATAL PARA LA EDUCACION DE JOVENES Y ADULTOS INEEJAD,171323620.6,173329562.3,153817465.2
14,14,62,INSTITUTO JALISCIENSE DE CANCEROLOGIA,415100461.5,415100461.5,285460915
14,14,63,INSTITUTO JALISCIENSE DE CIENCIAS FORENSES IJCF,311043800,337572325,312607909
14,14,64,INSTITUTO JALISCIENSE DE LA VIVIENDA,46570885,46570885,18449225
14,14,65,INSTITUTO METROPOLITANO DE PLANEACION DEL AREA METROPOLITANA DE GUADALAJARA IMEPLAN,54389320.57,53300000,49480779.91
14,14,66,INSTITUTO TECNOLOGICO JOSE MARIO MOLINA PASQUEL Y HENRIQUEZ,629078583,685212834.6,589818846.6
14,14,67,MUSEO CABAÑAS,35998180.99,34165268.68,32548745.25
14,14,68,ORGANISMO OPERADOR DEL PARQUE DE LA SOLIDARIDAD Y MONTENEGRO,29613345,29613345,25093748
14,14,69,PARQUE METROPOLITANO DE GUADALAJARA,20453900,20453900,18594023
14,14,70,PLATAFORMA ABIERTA DE INNOVACION Y DESARROLLO DE JALISCO,34760835,29092406,28336613
14,14,71,PROCURADURIA DE DESARROLLO URBANO PRODEUR,21907088,21907088,21543250.34
14,14,72,SECRETARIA EJECUTIVA DEL SISTEMA ESTATAL ANTICORRUPCION,40953000,40462656.8,40325713.31
14,14,73,SERVICIOS DE SALUD JALISCO OPD,10614179254,11693098464,11507309863
14,14,74,SISTEMA DE TREN ELECTRICO URBANO SITEUR,1461273734,1461273734,1140370175
14,14,75,SISTEMA INTERMUNICIPAL DE LOS SERVICIOS DE AGUA POTABLE Y ALCANTARILLADO SIAPA,4749852205,4749852205,4002236400
14,14,76,SISTEMA JALISCIENSE DE RADIO Y TELEVISION,NSS,NSS,NSS
14,14,77,SISTEMA PARA EL DESARROLLO INTEGRAL DE LA FAMILIA DIF JALISCO,1389083477,1378614596,1298619371
14,14,78,UNIDAD ESTATAL DE PROTECCION CIVIL Y BOMBEROS,196113585,196113585,182050686
14,14,79,UNIVERSIDAD POLITECNICA DE LA ZONA METROPOLITANA DE GUADALAJARA,47785267,49585267,33638022.99
14,14,80,UNIVERSIDAD TECNOLOGICA DE JALISCO,130685196,191934368.4,149191579.5
14,14,81,UNIVERSIDAD TECNOLOGICA DE LA ZONA METROPOLITANA DE GUADALAJARA,54840324,55660367.55,47708215.31
15,15,1,GUBERNATURA,52732726,52732726,35272400.8
15,15,2,SECRETARIA GENERAL DE GOBIERNO,1569651004,1569651004,1202470736
15,15,3,SECRETARIA DE FINANZAS,14998100242,14998100242,69372971529
15,15,4,SECRETARIA DEL TRABAJO,1001112962,1001112962,1108765018
15,15,5,SECRETARIA DE EDUCACION,46857634013,46857634013,53512457107
15,15,6,SECRETARIA DEL CAMPO,2502726531,2502726531,1256961831
15,15,7,SECRETARIA DE DESARROLLO ECONOMICO,464061843,464061843,480800638.4
15,15,8,SECRETARIA DE LA CONTRALORIA,374258961,374258961,343597481.3
15,15,9,SECRETARIA DEL MEDIO AMBIENTE,1201422547,1201422547,561593672
15,15,10,COORDINACION GENERAL DE COMUNICACION SOCIAL,161783328,161783328,697122654.7
15,15,11,SECRETARIA DE DESARROLLO SOCIAL,7911168392,7911168392,7795909070
15,15,12,SECRETARIA DE SALUD,520687961,520687961,1752170131
15,15,13,SECRETARIA DE MOVILIDAD,2974846385,2974846385,6784243712
15,15,14,SECRETARIA DE DESARROLLO URBANO Y OBRA,1997086710,1997086710,10449576788
15,15,15,SECRETARIA DE CULTURA Y TURISMO,3632673319,3632673319,2326869994
15,15,16,SECRETARIA DE SEGURIDAD,16916702799,16916702799,15418662061
15,15,17,SECRETARIA DE JUSTICIA Y DERECHOS HUMANOS,1553126741,1553126741,1330368858
15,15,18,SECRETARIA DE LAS MUJERES,753844710,753844710,473661670.4
15,15,19,SISTEMA MEXIQUENSE DE MEDIOS PUBLICOS,378000000,378000000,909183600
15,15,20,SISTEMA PARA EL DESARROLLO INTEGRAL DE LA FAMILIA DEL ESTADO DE MEXICO,1800873100,1800873100,3853384400
15,15,21,SECRETARIA EJECUTIVA DEL SISTEMA ANTICORRUPCION DEL ESTADO DE MEXICO,90019900,90019900,77272800
15,15,22,INSTITUTO MEXIQUENSE DE LA PIROTECNIA,25182200,25182200,23516300
15,15,23,CONSEJO MEXIQUENSE DE CIENCIA Y TECNOLOGIA,240630100,240630100,391831100
15,15,24,COMITE DE PLANEACION PARA EL DESARROLLO DEL ESTADO DE MEXICO,46535900,46535900,35093000
15,15,25,INSTITUTO DE INFORMACION E INVESTIGACION GEOGRAFICA ESTADISTICA Y CATASTRAL DEL ESTADO DE MEXICO,106621200,106621200,99493700
15,15,26,INSTITUTO DE SEGURIDAD SOCIAL DEL ESTADO DE MEXICO Y MUNICIPIOS,29271431500,29271431500,31146710900
15,15,27,INSTITUTO DE ADMINISTRACION PUBLICA DEL ESTADO DE MEXICO AC,31427400,31427400,27233400
15,15,28,INSTITUTO HACENDARIO DEL ESTADO DE MEXICO,79363100,79363100,61877700
15,15,29,FIDEICOMISO PUBLICO PARA LA CONSTRUCCION DE CENTROS PREVENTIVOS Y DE READAPTACION SOCIAL EN EL ESTADO DE MEXICO,164414700,164414700,121074600
15,15,30,JUNTA LOCAL DE CONCILIACION Y ARBITRAJE VALLE DE TOLUCA,69884758,69884758,58001488.84
15,15,31,JUNTA LOCAL DE CONCILIACION Y ARBITRAJE VALLE CUAUTITLAN TEXCOCO,119923789,119923789,100815540.4
15,15,32,TRIBUNAL ESTATAL DE CONCILIACION Y ARBITRAJE,38068234,38068234,34923267
15,15,33,INSTITUTO DE CAPACITACION Y ADIESTRAMIENTO PARA EL TRABAJO INDUSTRIAL,457941500,457941500,449064600
15,15,34,CENTRO DE CONCILIACION LABORAL DEL ESTADO DE MEXICO,87512500,87512500,83349400
15,15,35,CENTRO REGIONAL DE FORMACION DOCENTE E INVESTIGACION EDUCATIVA,21235500,21235500,20226200
15,15,36,COLEGIO DE BACHILLERES DEL ESTADO DE MEXICO,854592400,854592400,841683800
15,15,37,COLEGIO DE EDUCACION PROFESIONAL TECNICA DEL ESTADO DE MEXICO,1152456200,1152456200,1182666300
15,15,38,COLEGIO DE ESTUDIOS CIENTIFICOS Y TECNOLOGICOS DEL ESTADO DE MEXICO,1066953600,1066953600,1136381000
15,15,39,INSTITUTO MEXIQUENSE DE LA INFRAESTRUCTURA FISICA EDUCATIVA,174594500,174594500,1086840900
15,15,40,SERVICIOS EDUCATIVOS INTEGRADOS AL ESTADO DE MEXICO,34541434600,34541434600,37911594200
15,15,41,TECNOLOGICO DE ESTUDIOS SUPERIORES DE CHALCO,69230100,69230100,74309000
15,15,42,TECNOLOGICO DE ESTUDIOS SUPERIORES DE CHICOLOAPAN,17574800,17574800,17004500
15,15,43,TECNOLOGICO DE ESTUDIOS SUPERIORES DE CHIMALHUACAN,114115000,114115000,109864900
15,15,44,TECNOLOGICO DE ESTUDIOS SUPERIORES DE COACALCO,144638400,144638400,159538100
15,15,45,TECNOLOGICO DE ESTUDIOS SUPERIORES DE CUAUTITLAN IZCALLI,161201400,161201400,160629600
15,15,46,TECNOLOGICO DE ESTUDIOS SUPERIORES DE ECATEPEC,294198400,294198400,295075800
15,15,47,TECNOLOGICO DE ESTUDIOS SUPERIORES DE HUIXQUILUCAN,71447400,71447400,86210500
15,15,48,TECNOLOGICO DE ESTUDIOS SUPERIORES DE IXTAPALUCA,78828800,78828800,79060900
15,15,49,TECNOLOGICO DE ESTUDIOS SUPERIORES DE JILOTEPEC,63249100,63249100,60658800
15,15,50,TECNOLOGICO DE ESTUDIOS SUPERIORES DE JOCOTITLAN,95085000,95085000,104407400
15,15,51,TECNOLOGICO DE ESTUDIOS SUPERIORES DE SAN FELIPE DEL PROGRESO,60781300,60781300,68539800
15,15,52,TECNOLOGICO DE ESTUDIOS SUPERIORES DE TIANGUISTENCO,78407800,78407800,87318400
15,15,53,TECNOLOGICO DE ESTUDIOS SUPERIORES DE VALLE DE BRAVO,74736100,74736100,77962800
15,15,54,TECNOLOGICO DE ESTUDIOS SUPERIORES DE VILLA GUERRERO,77334400,77334400,75155100
15,15,55,TECNOLOGICO DE ESTUDIOS SUPERIORES DEL ORIENTE DEL ESTADO DE MEXICO,94944500,94944500,98063400
15,15,56,UNIVERSIDAD DIGITAL DEL ESTADO DE MEXICO,124562800,124562800,126797800
15,15,57,UNIVERSIDAD ESTATAL DEL VALLE DE ECATEPEC,139353300,139353300,135969900
15,15,58,UNIVERSIDAD ESTATAL DEL VALLE DE TOLUCA,63740100,63740100,80553700
15,15,59,UNIVERSIDAD INTERCULTURAL DEL ESTADO DE MEXICO,118708800,118708800,139153800
15,15,60,UNIVERSIDAD MEXIQUENSE DEL BICENTENARIO,357951800,357951800,401794400
15,15,61,UNIVERSIDAD POLITECNICA DE ATLACOMULCO,22597300,22597300,24203400
15,15,62,UNIVERSIDAD POLITECNICA DE ATLAUTLA,21332500,21332500,21403700
15,15,63,UNIVERSIDAD POLITECNICA DE CHIMALHUACAN,17591900,17591900,20401200
15,15,64,UNIVERSIDAD POLITECNICA DE CUAUTITLAN IZCALLI,22270100,22270100,36533200
15,15,65,UNIVERSIDAD POLITECNICA DE OTZOLOTEPEC,25801900,25801900,24449800
15,15,66,UNIVERSIDAD POLITECNICA DE TECAMAC,54312100,54312100,56270100
15,15,67,UNIVERSIDAD POLITECNICA DE TEXCOCO,41248300,41248300,41515000
15,15,68,UNIVERSIDAD POLITECNICA DEL VALLE DE MEXICO,141337300,141337300,132146500
15,15,69,UNIVERSIDAD POLITECNICA DEL VALLE DE TOLUCA,112016900,112016900,118286200
15,15,70,UNIVERSIDAD TECNOLOGICA DE NEZAHUALCOYOTL,247336400,247336400,233224400
15,15,71,UNIVERSIDAD TECNOLOGICA DE TECAMAC,201079500,201079500,209492000
15,15,72,UNIVERSIDAD TECNOLOGICA DE ZINACANTEPEC,19306800,19306800,19437700
15,15,73,UNIVERSIDAD TECNOLOGICA DEL SUR DEL ESTADO DE MEXICO,76731500,76731500,78621500
15,15,74,UNIVERSIDAD TECNOLOGICA DEL VALLE DE TOLUCA,147689900,147689900,160674200
15,15,75,UNIVERSIDAD TECNOLOGICA FIDEL VELAZQUEZ,230527800,230527800,232521200
15,15,76,INSTITUTO DE FORMACION CONTINUA PROFESIONALIZACION E INVESTIGACION DEL MAGISTERIO DEL ESTADO DE MEXICO,11203200,11203200,0
15,15,77,INSTITUTO DE INVESTIGACION Y CAPACITACION AGROPECUARIA ACUICOLA Y FORESTAL DEL ESTADO DE MEXICO,48892400,48892400,48833600
15,15,78,PROTECTORA DE BOSQUES DEL ESTADO DE MEXICO,509210100,509210100,584386300
15,15,79,FIDEICOMISO PARA EL DESARROLLO DE PARQUES Y ZONAS INDUSTRIALES EN EL ESTADO DE MEXICO,63547400,63547400,74383300
15,15,80,INSTITUTO DE FOMENTO MINERO Y ESTUDIOS GEOLOGICOS DEL ESTADO DE MEXICO,11362400,11362400,9750200
15,15,81,INSTITUTO MEXIQUENSE DEL EMPRENDEDOR,51849300,51849300,419464700
15,15,82,COMISION ESTATAL DE PARQUES NATURALES Y DE LA FAUNA,144768500,144768500,215932700
15,15,83,RECICLAGUA AMBIENTAL SA DE CV,147776700,147776700,110850400
15,15,84,PROCURADURIA DE PROTECCION AL AMBIENTE DEL ESTADO DE MEXICO,46959600,46959600,39947500
15,15,85,INSTITUTO ESTATAL DE ENERGIA Y CAMBIO CLIMATICO,29288700,29288700,29756200
15,15,86,CONSEJO DE INVESTIGACION Y EVALUACION DE LA POLITICA SOCIAL,9840300,9840300,21592400
15,15,87,CONSEJO ESTATAL PARA EL DESARROLLO INTEGRAL DE LOS PUEBLOS INDIGENAS DEL ESTADO DE MEXICO,34585800,34585800,121429200
15,15,88,INSTITUTO MEXIQUENSE DE LA JUVENTUD,22498700,22498700,71462600
15,15,89,JUNTA DE ASISTENCIA PRIVADA DEL ESTADO DE MEXICO,27938600,27938600,37679700
15,15,90,BANCO DE TEJIDOS DEL ESTADO DE MEXICO,21479000,21479000,36835800
15,15,91,COMISION DE CONCILIACION Y ARBITRAJE MEDICO DEL ESTADO DE MEXICO,33793200,33793200,29902400
15,15,92,INSTITUTO DE SALUD DEL ESTADO DE MEXICO,26832539900,26832539900,25595263000
15,15,93,HOSPITAL REGIONAL DE ALTA ESPECIALIDAD DE ZUMPANGO,1105392900,1105392900,1314393700
15,15,94,INSTITUTO MATERNO INFANTIL DEL ESTADO DE MEXICO,1273551100,1273551100,1445661800
15,15,95,INSTITUTO MEXIQUENSE PARA LA PROTECCION E INTEGRACION AL DESARROLLO DE LAS PERSONAS CON DISCAPACIDAD,9172200,9172200,6024600
15,15,96,JUNTA DE CAMINOS DEL ESTADO DE MEXICO,1601773900,1601773900,3173376900
15,15,97,SISTEMA DE AUTOPISTAS AEROPUERTOS SERVICIOS CONEXOS Y AUXILIARES DEL ESTADO DE MEXICO,221595000,221595000,149024000
15,15,98,SISTEMA DE TRANSPORTE MASIVO Y TELEFERICO DEL ESTADO DE MEXICO,1705035300,1705035300,4761236600
15,15,99,INSTITUTO MEXIQUENSE DE LA VIVIENDA SOCIAL,332099500,332099500,462057100
15,15,100,COMISION DEL AGUA DEL ESTADO DE MEXICO,2042999600,2042999600,4313857600
15,15,101,COMISION TECNICA DEL AGUA DEL ESTADO DE MEXICO,8238400,8238400,7199400
15,15,102,INSTITUTO DE INVESTIGACION Y FOMENTO DE LAS ARTESANIAS DEL ESTADO DE MEXICO,57436400,57436400,37630000
15,15,103,UNIVERSIDAD MEXIQUENSE DE SEGURIDAD,416222600,416222600,304459700
15,15,104,CENTRO DE CONTROL DE CONFIANZA DEL ESTADO DE MEXICO,262747400,262747400,204051700
15,15,105,UNIDAD DE ASUNTOS INTERNOS,66331500,66331500,65309100
15,15,106,INSTITUTO DE LA FUNCION REGISTRAL DEL ESTADO DE MEXICO,2363412300,2363412300,3133468400
15,15,107,COMISION PARA EL DESARROLLO TURISTICO DEL VALLE DE TEOTIHUACAN,35147600,35147600,0
15,15,108,PROCURADURIA DEL COLONO DEL ESTADO DE MEXICO,21815200,21815200,5596700
16,16,1,EJECUTIVO DEL ESTADO,87476814,87476814,62002608.74
16,16,2,JEFATURA DE LA OFICINA DEL GOBERNADOR,109353738,109353738,101633516.4
16,16,3,COORDINACION GENERAL DE COMUNICACION SOCIAL,69232280,69232280,82507135.03
16,16,4,SECRETARIA DE GOBIERNO,843274492,843274492,942339003
16,16,5,SECRETARIA DE FINANZAS Y ADMINISTRACION,1458132586,1458132586,2186499804
16,16,6,SECRETARIA DE COMUNICACIONES Y OBRAS PUBLICAS,651104079,651104079,4089919077
16,16,7,SECRETARIA DE DESARROLLO RURAL Y AGROALIMENTARIO,818708836,818708836,408362743
16,16,8,SECRETARIA DE DESARROLLO ECONOMICO,184870745,184870745,163193405.3
16,16,9,SECRETARIA DE TURISMO,210517923,210517923,174037699.5
16,16,10,SECRETARIA DE EDUCACION,25642441788,25642441788,29335866011
16,16,11,SECRETARIA DEL MIGRANTE,34676702,34676702,24434210.44
16,16,12,SECRETARIA DE SEGURIDAD PUBLICA,4076246260,4076246260,3988229935
16,16,13,SECRETARIA DE MEDIO AMBIENTE CAMBIO CLIMATICO Y DESARROLLO TERRITORIAL,120736170,120736170,116048232.7
16,16,14,SECRETARIA DE CONTRALORIA,117597536,117597536,124317834.6
16,16,15,SECRETARIA DE DESARROLLO SOCIAL Y HUMANO,160127170,160127170,132642078.8
16,16,16,SECRETARIA DE CULTURA,210587069,210587069,205314437.6
16,16,17,SECRETARIA DE IGUALDAD SUSTANTIVA Y DESARROLLO DE LAS MUJERES MICHOACANAS,64586826,64586826,62575993.29
16,16,18,SECRETARIA DE SALUD,8249525048,8249525048,9295060209
16,16,19,CONSEJERIA JURIDICA DEL EJECUTIVO DEL ESTADO DE MICHOACAN DE OCAMPO,34731796,34731796,32204140.28
16,16,20,TRIBUNAL DE CONCILIACION Y ARBITRAJE,22965214,22965214,17899267.88
16,16,21,COORDINACION DEL SISTEMA PENITENCIARIO DEL ESTADO DE MICHOACAN DE OCAMPO,1374886394,1374886394,1391240020
16,16,22,INSTITUTO REGISTRAL Y CATATASTRAL DEL ESTADO DE MICHOACAN DE OCAMPO,0,0,122588920.9
16,16,23,COMISION COORDINADORA DEL TRANSPORTE PUBLICO,57660508,57660508,54357339.46
16,16,24,SECRETARIADO EJECUTIVO DEL SISTEMA ESTATAL DE SEGURIDAD PUBLICA,289507473,289507473,283500453.1
16,16,25,PROCURADURIA DE PROTECCION AL AMBIENTE DEL ESTADO DE MICHOACAN DE OCAMPO,16165828,16165828,10305489.58
16,16,26,JUNTA LOCAL DE CONCILIACION Y ARBITRAJE,69587273,69587273,66629863.42
16,16,27,SECRETARIA EJECUTIVA DEL SISTEMA ESTATAL DE PROTECCION INTEGRAL DE NIÑAS NIÑOS Y ADOLESCENTES DEL ESTADO DE MICHOACAN,7654514,7654514,3578229.2
16,16,28,INSTITUTO DEL ARTESANO MICHOACANO,44360053,44360053,47085485.24
16,16,29,COMISION ESTATAL DE CULTURA FISICA Y DEPORTE,71496597,71496597,60634175.14
16,16,30,SISTEMA MICHOACANO DE RADIO Y TELEVISION,69420890,69420890,71770601.86
16,16,31,CENTRO DE CONVENCIONES DE MORELIA,24007596,24007596,25875439.37
16,16,32,PARQUE ZOOLOGICO BENITO JUAREZ,47969790,47969790,50253330.52
16,16,33,SISTEMA PARA EL DESARROLLO DE LA FAMILIA MICHOACANA,979371675,979371675,974107790.6
16,16,34,UNIVERSIDAD VIRTUAL DEL ESTADO DE MICHOACAN,23293575,23293575,23293570
16,16,35,TELEBACHILLERATO MICHOACAN,159669164,159669164,184677108.2
16,16,36,INSTITUTO DE VIVIENDA DEL ESTADO DE MICHOACAN,38290916,38290916,36183941.1
16,16,37,COMISION FORESTAL DEL ESTADO,108004443,108004443,105917681.7
16,16,38,COMISION DE PESCA DEL ESTADO DE MICHOACAN,57811355,57811355,55394468.26
16,16,39,COLEGIO DE BACHILLERES DEL ESTADO DE MICHOACAN,1312958814,1312958814,1519632463
16,16,40,COLEGIO DE EDUCACION PROFESIONAL TECNICA DEL ESTADO DE MICHOACAN,290804945,290804945,342969507.4
16,16,41,UNIVERSIDAD TECNOLOGICA DE MORELIA,60425368,60425368,87908130
16,16,42,COLEGIO DE ESTUDIOS CIENTIFICOS Y TECNOLOGICOS DEL ESTADO DE MICHOACAN,964505726,964505726,1113669640
16,16,43,INSTITUTO DE CAPACITACION PARA EL TRABAJO DEL ESTADO DE MICHOACAN,212643695,212643695,239228667.8
16,16,44,INSTITUTO DE LA INFRAESTRUCTURA FISICA EDUCATIVA DEL ESTADO DE MICHOACAN,571067629,571067629,778413344.7
16,16,45,UNIVERSIDAD DE LA CIENEGA DEL ESTADO DE MICHOACAN DE OCAMPO,79757936,79757936,80406104
16,16,46,CENTRO ESTATAL DE CERTIFICACION ACREDITACION Y CONTROL DE CONFIANZA,25236503,25236503,28324807.16
16,16,47,UNIVERSIDAD INTERCULTURAL INDIGENA,36795172,36795172,65287081.99
16,16,48,COMISION ESTATAL DE ARBITRAJE MEDICO DE MICHOACAN,4931920,4931920,4905104
16,16,49,JUNTA DE ASISTENCIA PRIVADA DEL ESTADO DE MICHOACAN DE OCAMPO,10607837,10607837,9684015.64
16,16,50,COMISION ESTATAL PARA EL DESARROLLO DE PUEBLOS INDIGENAS,24110433,24110433,22419731.65
16,16,51,INSTITUTO DE PLANEACION DEL ESTADO DE MICHOACAN,51025117,51025117,50763092.34
16,16,52,COMISION ESTATAL DEL AGUA Y GESTION DE CUENCAS,236073321,236073321,373052457
16,16,53,COMITE DE ADQUISICIONES DEL PODER EJECUTIVO,23418414,23418414,23723810.59
16,16,54,UNIVERSIDAD POLITECNICA DE URUAPAN,8603614,8603614,9912095
16,16,55,UNIVERSIDAD POLITECNICA DE LAZARO CARDENAS,8075614,8075614,9766626.99
16,16,56,INSTITUTO DE DEFENSORIA PUBLICA DEL ESTADO DE MICHOACAN,101537142,101537142,92723737.7
16,16,57,INSTITUTO ESTATAL DE ESTUDIOS SUPERIORES EN SEGURIDAD Y PROFESIONALIZACION POLICIAL DEL ESTADO DE MICHOACAN,35320352,35320352,30340377.61
16,16,58,COMISION EJECUTIVA ESTATAL DE ATENCION A VICTIMAS,49957432,49957432,41479611.16
16,16,59,CENTRO ESTATAL DE FOMENTO GANADERO DEL ESTADO DE MICHOACAN DE OCAMPO,43732487,43732487,14260033.6
16,16,60,SISTEMA INTEGRAL DE FINANCIAMIENTO PARA EL DESARROLLO DE MICHOACAN,92282963,92282963,85162990.3
16,16,61,INSTITUTO DE LA JUVENTUD MICHOACANA,32336831,32336831,27801626.69
16,16,62,INSTITUTO DE CIENCIA TECNOLOGIA E INNOVACION DEL ESTADO DE MICHOACAN DE OCAMPO,9091760,9091760,7186125.48
16,16,63,CONSEJO ESTATAL PARA PREVENIR Y ELIMINAR LA DISCRIMINACION Y LA VIOLENCIA,9711059,9711059,8241285.22
16,16,64,UNIVERSIDAD TECNOLOGICA DE ORIENTE,8031776,8031776,8442710
16,16,65,CASA DEL ADULTO MAYOR,3844077,3844077,2561853.6
17,17,1,JEFATURA DE LA OFICINA DE LA GUBERNATURA,141607499.1,141607499.1,272567032.2
17,17,2,SECRETARIA DE GOBIERNO,86469482.52,86469482.52,69787023.17
17,17,3,SECRETARIA DE HACIENDA,1598625980,1598625980,7586070344
17,17,4,SECRETARIA DE DESARROLLO ECONOMICO Y DEL TRABAJO,36460076.14,36460076.14,79928530.61
17,17,5,SECRETARIA DE DESARROLLO AGROPECUARIO,74142428.7,74142428.7,75800953.44
17,17,6,SECRETARIA DE OBRAS PUBLICAS,98627999.02,98627999.02,483217523.5
17,17,7,SECRETARIA DE EDUCACION,249978217.4,249978217.4,28170400.03
17,17,8,SECRETARIA DE SALUD,50010971.08,50010971.08,18159026.56
17,17,9,SECRETARIA DE ADMINISTRACION,112234203.4,112234203.4,660913919.4
17,17,10,SECRETARIA DE LA CONTRALORIA,42183999.2,42183999.2,50961940.98
17,17,11,SECRETARIA DE TURISMO Y CULTURA,98286358.12,98286358.12,93554920.92
17,17,12,SECRETARIA DE DESARROLLO SOCIAL,168016186.8,168016186.8,32880487.5
17,17,13,SECRETARIA DE DESARROLLO SUSTENTABLE,122037628.5,122037628.5,78382290.38
17,17,14,SECRETARIA DE MOVILIDAD Y TRANSPORTE,96615720.88,96615720.88,95035891.86
17,17,15,COMISION ESTATAL DE SEGURIDAD PUBLICA,1332184329,1332184329,1590539552
17,17,16,CONSEJERIA JURIDICA,29922626.87,33719203.93,27979417.01
17,17,17,INSTITUTO ESTATAL DE DOCUMENTACION DEL ESTADO DE MORELOS,3663864.72,3663864.72,3672693.83
17,17,18,SECRETARIADO EJECUTIVO DEL SISTEMA ESTATAL DE SEGURIDAD PUBLICA,9118241.54,9118241.54,17095440.53
17,17,19,SECRETARIA EJECUTIVO DEL SISTEMA DE PROTECCION INTEGRAL DE NIÑAS NIÑOS Y ADOLESCENTES DEL ESTADO DE MORELOS,4584273.2,4584273.2,1173658.9
17,17,20,COORDINACION ESTATAL DEL SUBSISTEMA DE PREPARATORIA ABIERTA,4454184.84,4454184.84,5906751.05
17,17,21,TRIBUNAL ESTATAL DE CONCILIACION Y ARBITRAJE DEL ESTADO DE MORELOS,14042362.6,14042362.6,13740922.37
17,17,22,INSTITUTO MORELENSE DE LAS PERSONAS ADOLESCENTES Y JOVENES,7840000.3,7840000.3,7844015.91
17,17,23,FONDO ESTATAL PARA LA ADMINISTRACION Y OPERACION DEL RECINTO DEPORTIVO AGUSTIN CORUCO DIAZ,4663146.92,4663146.92,3315929.95
17,17,24,PROCURADURIA DE PROTECCION AL AMBIENTE DEL ESTADO DE MORELOS,5446744.54,5446744.54,5294543.06
17,17,25,COMISION ESTATAL DE BIODIVERSIDAD,3879126.01,3879126.01,3592490.61
17,17,26,COMISION DE BUSQUEDA DE PERSONAS DEL ESTADO DE MORELOS,4708146.9,4708146.9,26249365.19
17,17,27,JUNTA LOCAL DE CONCILIACION Y ARBITRAJE DEL ESTADO DE MORELOS,34962460.58,34962460.58,37504840
17,17,28,COMISION ESTATAL DE EVALUACION DEL DESARROLLO SOCIAL,3000002.4,3000002.4,4368744.14
17,17,29,FONDO ESTATAL PARA LA PROMOCION Y DESARROLLO DE EVENTOS VINCULADOS CON LA CULTURA Y EL TURISMO,1459711.92,1459711.92,1044343.31
17,17,30,PROCURADURIA ESTATAL DE LA DEFENSA DEL TRABAJO,2491966.36,2491966.36,4444268.63
17,17,31,CENTRO ESTATAL DE PREVENCION SOCIAL DE LA VIOLENCIA Y DELINCUENCIA CON PARTICIPACION CIUDADANA,4314605.98,4314605.98,4494789.1
17,17,32,COMISION EJECUTIVA DE ATENCION Y REPARACION A VICTIMAS DEL ESTADO DE MORELOS,7725951,7725951,7725951
17,17,33,COMISION ESTATAL DEL AGUA,102680000,102680000,433283321.4
17,17,34,COORDINACION ESTATAL DE PROTECCION CIVIL MORELOS,28392395,28392395,33507441.18
17,17,35,COMISION ESTATAL DE MEJORA REGULATORIA,4004000,4004000,4004000
17,17,36,INSTITUTO MORELENSE DE RADIO Y TELEVISION,38239588,38239588,38239586.02
17,17,37,INSTITUTO PROVETERANOS DE LA REVOLUCION DEL SUR,484000,484000,562950.25
17,17,38,COMISION ESTATAL DE RESERVAS TERRITORIALES,7638001,7638001,8127419.93
17,17,39,INSTITUTO DE SERVICIOS REGISTRALES Y CATASTRALES DEL ESTADO DE MORELOS,31703776,31703776,33117652.88
17,17,40,INSTITUTO DE LA DEFENSORIA PUBLICA DEL ESTADO DE MORELOS,21061424,21061424,20889005.18
17,17,41,INSTITUTO DE CREDITO PARA LOS TRABAJADORES AL SERVICIO DEL GOBIERNO DEL ESTADO DE MORELOS,133059888,133059888,107050653
17,17,42,COMISION ESTATAL DE ARBITRAJE MEDICO,5797568,5797568,5797568
17,17,43,HOSPITAL DEL NIÑO MORELENSE,260102001,260102001,262452755
17,17,44,SERVICIOS DE SALUD DE MORELOS,2538441347,2538441347,4702423478
17,17,45,SISTEMA PARA EL DESARROLLO INTEGRAL DE LA FAMILIA DEL ESTADO DE MORELOS,390352419,390352419,399860986.5
17,17,46,INSTITUTO DE CAPACITACION PARA EL TRABAJO DEL ESTADO DE MORELOS,27778000,27778000,56452727.6
17,17,47,INSTITUTO DE EDUCACION BASICA DEL ESTADO DE MORELOS,8719116028,8719116028,9157127396
17,17,48,INSTITUTO ESTATAL DE EDUCACION PARA ADULTOS,71506154,71506154,76840332.07
17,17,49,COLEGIO DE BACHILLERES DEL ESTADO DE MORELOS,159704000,159704000,317540426
17,17,50,COLEGIO NACIONAL DE EDUCACION PROFESIONAL TECNICA DEL ESTADO DE MORELOS,98332300,98332300,119889990.7
17,17,51,COLEGIO DE ESTUDIOS CIENTIFICOS Y TECNOLOGICOS DEL ESTADO DE MORELOS,64808030,64808030,152123314
17,17,52,UNIVERSIDAD POLITECNICA DEL ESTADO DE MORELOS,31587000,31587000,83061966.39
17,17,53,UNIVERSIDAD TECNOLOGICA EMILIANO ZAPATA DEL ESTADO DE MORELOS,44115456,44115456,96551164.58
17,17,54,UNIVERSIDAD TECNOLOGICA DEL SUR DEL ESTADO DE MORELOS,10262145,10262145,21234654.29
17,17,55,CONSEJO DE CIENCIA Y TECNOLOGIA DEL ESTADO DE MORELOS,11896378,11896378,12370355.4
17,17,56,INSTITUTO ESTATAL DE INFRAESTRUCTURA EDUCATIVA,27957790,27957790,239487672.1
17,17,57,INSTITUTO DEL DEPORTE Y CULTURA FISICA DEL ESTADO DE MORELOS,40089000,40089000,47744228.79
17,17,58,CENTRO MORELENSE DE LAS ARTES,17027000,17027000,30046317.84
17,17,59,MUSEO MORELENSE DE ARTE POPULAR,2860000,2860000,2860000
17,17,60,AEROPUERTO DE CUERNAVACA SA DE CV,50839731,50841707.2,25757451.08
17,17,61,OPERADOR DE CARRETERAS DE CUOTA,6850000,6850000,9534002.08
17,17,62,INSTITUTO MORELENSE PARA EL FINANCIAMIENTO DEL SECTOR PRODUCTIVO,NSS,NSS,NSS
18,18,1,SECRETARIA DE ADMINISTRACION Y FINANZAS,4963010612,4963010612,5475941677
18,18,2,SECRETARIA DE DESARROLLO RURAL,139666971.4,139666971.4,151082394.2
18,18,3,SECRETARIA DE EDUCACION,919344116.3,919344116.3,2123309235
18,18,4,SECRETARIA DE BIENESTAR E IGUALDAD SUSTANTIVA,25427151.18,25427151.18,16185818.7
18,18,5,SECRETARIA PARA LA HONESTIDAD Y BUENA GOBERNANZA,55397605.93,55397605.93,51459107.11
18,18,6,SECRETARIA DE INFRAESTRUCTURA,624840123.6,624840123.6,725602894.6
18,18,7,SECRETARIA DE DESARROLLO SUSTENTABLE,108967192.8,108967192.8,130242202.5
18,18,8,SECRETARIA DE SEGURIDAD Y PROTECCION CIUDADANA,793129908.6,793129908.6,851644120.8
18,18,9,SECRETARIA DE TURISMO,59480337.25,59480337.25,42100845.84
18,18,10,SECRETARIA DE ECONOMIA,126253513.5,126253513.5,98691486.6
18,18,11,SECRETARIA GENERAL DE GOBIERNO,251759661.1,251759661.1,235984770
18,18,12,SECRETARIA EJECUTIVA DEL SISTEMA LOCAL ANTICORRUPCION,5026159.63,5026159.63,5264816.14
18,18,13,DESPACHO DEL EJECUTIVO,79926862.88,79926862.88,79285582
18,18,14,SECRETARIA DE MOVILIDAD,111630975,111630975,108583103.5
18,18,15,BENEFICENCIA PUBLICA DEL ESTADO DE NAYARIT,6357497.1,6357497.1,6508854.69
18,18,16,CENTRO DE DESARROLLO ECONOMICO EDUCATIVO DE LA MESA DE EL NAYAR,7980445.41,7980445.41,8280357.37
18,18,17,CENTRO DE JUSTICIA FAMILIAR,16972562.93,16972562.93,16528770.06
18,18,18,COLEGIO DE BACHILLERES DEL ESTADO DE NAYARIT,64854466.59,64854466.59,78073418.4
18,18,19,COLEGIO DE EDUCACION PROFESIONAL TECNICA DEL ESTADO DE NAYARIT,77601379.4,77601379.4,93134494.32
18,18,20,COLEGIO DE ESTUDIOS CIENTIFICOS Y TECNOLOGICOS DEL ESTADO DE NAYARIT,193934978.2,193934978.2,227607372.7
18,18,21,COMISION ESTATAL DE AGUA POTABLE Y ALCANTARILLADO,83468568.81,88468568.81,148835679.7
18,18,22,COMISION ESTATAL DE CONCILIACION Y ARBITRAJE MEDICO PARA EL ESTADO DE NAYARIT,2098720.64,2098720.64,4518094.47
18,18,23,COMISION FORESTAL DE NAYARIT,8734799.77,8734799.77,8986607.81
18,18,24,COMITE ADMINISTRADOR DE LA FERIA NACIONAL TEPIC,8500000,8500000,0
18,18,25,INSTITUTO DE PLANEACION DE NAYARIT,19770736.82,19770736.82,25036521.52
18,18,26,CONSEJO DE CIENCIA Y TECNOLOGIA DEL ESTADO DE NAYARIT,8773229.72,9642794.72,33335831.68
18,18,27,CONSEJO ESTATAL CONTRA LAS ADICCIONES,29745969.92,29745969.92,33458630.39
18,18,28,CONSEJO ESTATAL PARA LA CULTURA Y LAS ARTES DE NAYARIT,56091803.6,56961368.6,56292841.07
18,18,29,FIDEICOMISO BAHIA DE BANDERAS,116259219.2,116259219.2,424940808.5
18,18,30,FIDEICOMISO DE PROMOCION TURISTICA,140000000,140000000,104997662.2
18,18,31,FONDO DE FOMENTO INDUSTRIAL DEL ESTADO DE NAYARIT,0,0,6306330.91
18,18,32,INSTITUTO DE CAPACITACION PARA EL TRABAJO DEL ESTADO DE NAYARIT,60309373.58,60309373.58,60367337.92
18,18,33,INSTITUTO MARAKAME,15164079.56,15164079.56,14032670.2
18,18,34,INSTITUTO NAYARITA DE CULTURA FISICA Y DEPORTE,49687967.59,49687967.59,48473787.88
18,18,35,INSTITUTO NAYARITA DE EDUCACION PARA ADULTOS,62674047,62674047,56575112.5
18,18,36,INSTITUTO NAYARITA DE LA JUVENTUD,4172863.6,4172863.6,4726181.59
18,18,37,INSTITUTO NAYARITA PARA LA INFRAESTRUCTURA FISICA EDUCATIVA,376356267.1,381356267.1,299816291.9
18,18,38,INSTITUTO PARA LA MUJER NAYARITA,13602164.63,13602164.63,27056817.81
18,18,39,INSTITUTO PROMOTOR DE LA VIVIENDA DE NAYARIT,74516717.4,74516717.4,73922897.41
18,18,40,PATRONATO DEL TEATRO DEL PUEBLO,9165401.02,9165401.02,13618524.13
18,18,41,SERVICIOS DE EDUCACION PUBLICA DEL ESTADO DE NAYARIT,5779455822,5779455822,5561879927
18,18,42,SERVICIOS DE SALUD EN NAYARIT,2348831335,2348831335,3257136807
18,18,43,SECRETARIADO EJECUTIVO DEL SISTEMA ESTATAL DE SEGURIDAD PUBLICA,180832104,252801046.7,229770472.6
18,18,44,SISTEMA PARA EL DESARROLLO INTEGRAL DE LA FAMILIA DEL ESTADO DE NAYARIT,352847299,434327299,400507609.4
18,18,45,UNIVERSIDAD TECNOLOGICA DE BAHIA DE BANDERAS,55879699.71,55879699.71,67233915.28
18,18,46,UNIVERSIDAD TECNOLOGICA DE LA COSTA,46317469.24,46317469.24,49534583.57
18,18,47,UNIVERSIDAD TECNOLOGICA DE LA SIERRA,20959103.6,20959103.6,23689242.42
18,18,48,UNIVERSIDAD TECNOLOGICA DE NAYARIT,113542051.4,113542051.4,123853518.9
18,18,49,UNIVERSIDAD TECNOLOGICA DE MAZATAN,13000000,13000000,23213292.44
18,18,50,UNIVERSIDAD POLITECNICA DEL ESTADO DE NAYARIT,8317328.82,8317328.82,18351227.84
18,18,51,COMISION ESTATAL DE ATENCION INTEGRAL A VICTIMAS DEL ESTADO DE NAYARIT,7796058,7796058,7634611
18,18,52,PATRONATO DE LA UNIVERSIDAD AUTONOMA DE NAYARIT,45099355,45099355,177783277
18,18,53,FONDO MIXTO CONACYT GOBIERNO DEL ESTADO DE NAYARIT,0,0,216274.1
18,18,54,SISTEMA DE RADIO Y TELEVISION DE NAYARIT,47100797,47100797,42074430.08
19,19,1,SECRETARIA PARTICULAR DEL GOBERNADOR,63479138.68,63479138.68,49325789.09
19,19,2,OFICINA EJECUTIVA DEL GOBERNADOR,12252237.4,12252237.4,12964854.33
19,19,3,SECRETARIA GENERAL DE GOBIERNO,1528467974,1528467974,1492809812
19,19,4,SECRETARIA DE FINANZAS Y TESORERIA GENERAL DEL ESTADO,13489866761,13489866761,14608611172
19,19,5,REPRESENTACION DEL GOBIERNO DEL ESTADO DE NUEVO LEON EN LA CIUDAD DE MEXICO,24566513.65,24566513.65,21328838.11
19,19,6,SECRETARIA DE SEGURIDAD PUBLICA,5521743179,5521743179,5448058742
19,19,7,SECRETARIA DE EDUCACION,11832218894,11832218894,13151179993
19,19,8,SECRETARIA DE SALUD,46605163.59,46605163.59,48982280.07
19,19,9,SECRETARIA DE ECONOMIA Y TRABAJO,520569981.5,520569981.5,253413809.1
19,19,10,SECRETARIA DE INFRAESTRUCTURA,1480611207,1480611207,548672185.6
19,19,11,SECRETARIA DE DESARROLLO SOCIAL,890096273.5,890096273.5,694889285.1
19,19,12,SECRETARIA DE ADMINISTRACION,1516074841,1516074841,1802208973
19,19,13,SECRETARIA DE DESARROLLO SUSTENTABLE,107303982.8,107303982.8,101410886.6
19,19,14,CONTRALORIA Y TRANSPARENCIA GUBERNAMENTAL,140755985.8,140755985.8,122399206.1
19,19,15,SECRETARIA DE DESARROLLO AGROPECUARIO,332416433.1,332416433.1,317634767.6
19,19,16,JUNTA LOCAL DE CONCILIACION Y ARBITRAJE,142810092,142810092,154385842.7
19,19,17,TRIBUNAL DE JUSTICIA ADMINISTRATIVA,123616526.1,123616526.1,122003656.4
19,19,18,TRIBUNAL DE ARBITRAJE,8099327.67,8099327.67,7492191.51
19,19,19,COLEGIO DE BACHILLERES MILITARIZADO GENERAL MARIANO ESCOBEDO,254321391,254321391,211265394.3
19,19,20,COLEGIO DE EDUCACION PROFESIONAL TECNICA DE NUEVO LEON CONALEP,360739439.7,360739439.7,360874477.3
19,19,21,COLEGIO DE ESTUDIOS CIENTIFICOS Y TECNOLOGICOS CECYTE,247203142.1,247203142.1,404594988.4
19,19,22,CONSEJO ESTATAL DEL TRANSPORTE CET,7131901.05,7131901.05,0
19,19,23,CONSEJO ESTATAL PARA LA PROMOCION DE VALORES Y CULTURA DE LA LEGALIDAD,5448083.29,5448083.29,4707386.97
19,19,24,CONSEJO PARA LA CULTURA Y LAS ARTES CONARTE,194281144.6,194281144.6,225410509.5
19,19,25,CORPORACION PARA EL DESARROLLO TURISTICO DE NUEVO LEON CODETUR,82445181,82445181,113483897.5
19,19,26,FIDEICOMISO FESTIVAL INTERNACIONAL DE SANTA LUCIA FISL,30656797,30656797,39757047.05
19,19,27,FIDEICOMISO FONDO DE APOYO PARA LA CREACION Y CONSOLIDACION DEL EMPLEO PRODUCTIVO EN EL ESTADO DE NUEVO LEON FOCRECE,36721574.07,36721574.07,36721574
19,19,28,FIDEICOMISO FONDO EDITORIAL DE NUEVO LEON,5413493.79,5413493.79,8049579.42
19,19,29,FIDEICOMISO PARA EL DESARROLLO DE LA ZONA CITRICOLA FIDECITRUS,9804604.99,9804604.99,9804597
19,19,30,FIDEICOMISO PARA EL DESARROLLO DEL SUR DEL ESTADO DE NUEVO LEON FIDESUR,10864188.41,10864188.41,10864188
19,19,31,FIDEICOMISO PARA LA REORDENACION COMERCIAL FIRECOM,794192.12,794192.12,1408991.64
19,19,32,FIDEICOMISO PROMOTOR DE PROYECTOS ESTRATEGICOS URBANOS FIDEPROES,890391867.7,890391867.7,243258971.9
19,19,33,FIDEICOMISO SISTEMA INTEGRAL DE TRANSITO METROPOLITANO SINTRAM,4133947.84,4133947.84,4002998.01
19,19,34,FIDEICOMISO TURISMO NUEVO LEON FITUR,43573779.45,43573779.45,39942628
19,19,35,FIDEICOMISO VIDA SILVESTRE DE NUEVO LEON FVS,1634098.46,1634098.46,559175.74
19,19,36,FOMENTO METROPOLITANO DE MONTERREY FOMERREY,21109100.96,21109100.96,42304101.25
19,19,37,INSTITUTO CONSTRUCTOR DE INFRAESTRUCTURA FISICA EDUCATIVA Y DEPORTIVA DE NUEVO LEON ICIFED,302920518.8,302920518.8,315528458.6
19,19,38,INSTITUTO DE CAPACITACION Y EDUCACION PARA EL TRABAJO ICET,82197647.09,82197647.09,86809443.6
19,19,39,INSTITUTO DE CONTROL VEHICULAR ICV,36604085.96,36604085.96,4103229197
19,19,40,INSTITUTO DE DEFENSORIA PUBLICA DE NUEVO LEON,281121170.2,281121170.2,327435138
19,19,41,INSTITUTO DE INNOVACION Y TRANSFERENCIA DE TECNOLOGIA IITT,28252597.53,28252597.53,27416127.58
19,19,42,INSTITUTO DE INVESTIGACION INNOVACION Y ESTUDIOS DE POSGRADO PARA LA EDUCACION DE NUEVO LEON IIIEPE,11347159.27,11347159.27,12345449.6
19,19,43,INSTITUTO DE LA VIVIENDA DE NUEVO LEON,61597863.7,61597863.7,87597863
19,19,44,INSTITUTO DE MOVILIDAD Y ACCESIBILIDAD DEL ESTADO DE NUEVO LEON IMA,248260812.1,248260812.1,197028607.7
19,19,45,INSTITUTO DE SEGURIDAD Y SERVICIOS SOCIALES DE LOS TRABAJADORES DEL ESTADO DE NUEVO LEON ISSSTELEON,5139538843,5139538843,4197862669
19,19,46,INSTITUTO DEL AGUA DEL ESTADO DE NUEVO LEON,1650722.75,1650722.75,1610607.8
19,19,47,INSTITUTO ESTATAL DE CULTURA FISICA Y DEPORTE INDE,324987467.7,324987467.7,446227749.8
19,19,48,INSTITUTO ESTATAL DE LA JUVENTUD,20761604.03,20761604.03,20761603.14
19,19,49,INSTITUTO ESTATAL DE LAS MUJERES,89171804.27,89171804.27,72864948.86
19,19,50,INSTITUTO ESTATAL DE LAS PERSONAS ADULTAS MAYORES IEPAM,19525658.36,19525658.36,19476531
19,19,51,INSTITUTO ESTATAL DE SEGURIDAD PUBLICA IESP,6541012.15,6541012.15,5976141.66
19,19,52,INSTITUTO REGISTRAL Y CATASTRAL DEL ESTADO DE NUEVO LEON IRCNL,228173217.7,228173217.7,236578876
19,19,53,MUSEO DE HISTORIA MEXICANA MHM,85498167.9,85498167.9,84747152.57
19,19,54,OPERADORA DE SERVICIOS TURISTICOS DE NUEVO LEON OSETUR,1744243.73,1744243.73,2837750.73
19,19,55,PARQUE FUNDIDORA,10000000,30000000,34378596.69
19,19,56,PARQUES Y VIDA SILVESTRE DE NUEVO LEON,49602360.47,49602360.47,60085587.87
19,19,57,PROMOTORA DE DESARROLLO RURAL PRODERLEON,40000000,40000000,21000000
19,19,58,SECRETARIA EJECUTIVA DEL SISTEMA ESTATAL ANTICORRUPCION,19366658.35,19366658.35,19060146.38
19,19,59,SERVICIOS DE AGUA Y DRENAJE DE MONTERREY SADM,1136489315,1136489315,1078142149
19,19,60,SERVICIOS DE SALUD SSNL,6617235445,6817235445,6453481036
19,19,61,SISTEMA DE CAMINOS SCNL,134784148.9,134784148.9,129935744
19,19,62,SISTEMA DE RADIO Y TELEVISION DE NUEVO LEON,74177156.54,74177156.54,95648811.63
19,19,63,SISTEMA DE TRANSPORTE COLECTIVO METRORREY,1225320715,1225320715,901183869.5
19,19,64,SISTEMA PARA EL DESARROLLO INTEGRAL DE LA FAMILIA DIF,847751749.7,847751749.7,841296259.2
19,19,65,UNIDAD DE INTEGRACION EDUCATIVA UIE,15946362870,15946362870,17234676600
19,19,66,UNIVERSIDAD DE CIENCIAS DE LA SEGURIDAD UCS,94543259.9,94543259.9,83436746.42
19,19,67,UNIVERSIDAD POLITECNICA DE APODACA,8916652.48,8916652.48,16102936.78
19,19,68,UNIVERSIDAD POLITECNICA DE GARCIA,5069908.99,5069908.99,9616887.45
19,19,69,UNIVERSIDAD TECNOLOGICA BILINGUE FRANCO MEXICANA DE NUEVO LEON,4112048.4,4112048.4,8305552.09
19,19,70,UNIVERSIDAD TECNOLOGICA CADEREYTA,20062467.72,20062467.72,44041031.87
19,19,71,UNIVERSIDAD TECNOLOGICA GENERAL MARIANO ESCOBEDO,32322864.82,32322864.82,74135521.92
19,19,72,UNIVERSIDAD TECNOLOGICA LINARES,16718723.1,16718723.1,47261308.36
19,19,73,UNIVERSIDAD TECNOLOGICA SANTA CATARINA,33437446.2,33437446.2,74424136.2
19,19,74,CORPORACION PARA EL DESARROLLO DE LA ZONA FRONTERIZA DE NUEVO LEON CODEFRONT,0,0,0
19,19,75,FIDEICOMISO FONDO PARA LA VIVIENDA DE LOS TRABAJADORES DE LA EDUCACION FOVILEON EDUCACION,0,0,0
19,19,76,FIDEICOMISO FONDO PARA LA VIVIENDA DE LOS TRABAJADORES DEL ESTADO FOVILEON SERVIDORES PUBLICOS,0,0,0
19,19,77,FIDEICOMISO ZARAGOZA,0,0,0
19,19,78,RED ESTATAL DE AUTOPISTAS DE NUEVO LEON REA,0,0,0
19,19,79,SISTEMA INTEGRAL PARA EL MANEJO ECOLOGICO Y PROCESAMIENTO DE DESECHOS SIMEPRODE,0,0,0
20,20,1,GUBERNATURA,173460693,238910495.1,237780877.9
20,20,2,SECRETARIA GENERAL DE GOBIERNO,337574376,459139621,456358315.4
20,20,3,SECRETARIA DE SEGURIDAD PUBLICA DE OAXACA,1475747477,1827215712,1826394373
20,20,4,SECRETARIA DE LAS INFRAESTRUCTURAS Y EL ORDENAMIENTO TERRITORIAL SUSTENTABLE,257769361.7,2666376622,1574033862
20,20,5,SECRETARIA DE TURISMO,94557739.38,142600880.7,141610058.5
20,20,6,SECRETARIA DE ECONOMIA,175621967.5,244893015.9,242772214.1
20,20,7,SECRETARIA DE MOVILIDAD,154093067.6,364362998.7,363907382.9
20,20,8,SECRETARIA DE LAS CULTURAS Y ARTES DE OAXACA,181748392.3,244196100.5,243937528.4
20,20,9,SECRETARIA DE BIENESTAR DEL ESTADO DE OAXACA,80051933.72,834804695.5,723263618.1
20,20,10,SECRETARIA DE PUEBLOS INDIGENAS Y AFROMEXICANO,26605281.4,64067124.96,63930010.16
20,20,11,SECRETARIA DE DESARROLLO AGROPECUARIO PESCA Y ACUACULTURA,272725757.2,456581078.2,454320687.9
20,20,12,SECRETARIA DE FINANZAS,663979376.7,971946561,971371543.2
20,20,13,SECRETARIA DE ADMINISTRACION,966797681.3,1481480173,1475005103
20,20,14,SECRETARIA DE MEDIO AMBIENTE ENERGIAS Y DESARROLLO SUSTENTABLE,35328563.18,98307483.61,76085441.89
20,20,15,SECRETARIA DE LAS MUJERES DE OAXACA,18290782.95,80424901.32,80302884.78
20,20,16,SECRETARIADO EJECUTIVO DEL SISTEMA ESTATAL DE SEGURIDAD PUBLICA,31176492.98,441178203.5,363894651
20,20,17,SECRETARIA DE LA CONTRALORIA Y TRANSPARENCIA GUBERNAMENTAL,116352210.9,230756929.3,230374676.3
20,20,18,JEFATURA DE LA GUBERNATURA,27775752.44,9200418.37,9200418.37
20,20,19,CONSEJERIA JURIDICA DEL GOBIERNO DEL ESTADO,341682262.8,539662884.6,533956634.1
20,20,20,COORDINACION GENERAL DE EDUCACION MEDIA SUPERIOR Y SUPERIOR CIENCIA Y TECNOLOGIA,32077150.7,101012778.7,100972460.6
20,20,21,COORDINACION GENERAL DE COMUNICACION SOCIAL Y VOCERIA DEL GOBIERNO DEL ESTADO,271682068.8,270376040.2,269064107.8
20,20,22,COORDINACION PARA LA ATENCION DE LOS DERECHOS HUMANOS,8265861.21,11143791.45,11120265.83
20,20,23,COORDINACION GENERAL DEL COMITE ESTATAL DE PLANEACION PARA EL DESARROLLO DE OAXACA,125136774.7,172347716.6,169697541.8
20,20,24,CAMINOS Y AEROPISTAS DE OAXACA,216181986.9,705959563.6,655510809.3
20,20,25,CASA DE LA CULTURA OAXAQUEÑA,28119479.72,37745043.34,37663820.14
20,20,26,CENTRO DE LAS ARTES DE SAN AGUSTIN,5925713.59,10779146.97,8181502.13
20,20,27,COLEGIO DE BACHILLERES DEL ESTADO DE OAXACA,1077607172,1160260097,1157268494
20,20,28,COLEGIO DE ESTUDIOS CIENTIFICOS Y TECNOLOGICOS DEL ESTADO DE OAXACA,761402484,821249600.3,820561980
20,20,29,COLEGIO SUPERIOR PARA LA EDUCACION INTEGRAL INTERCULTURAL DE OAXACA,217281157,232715730.8,232674769.9
20,20,30,INSTITUTO DE CULTURA FISICA Y DEPORTE DE OAXACA,59100353.87,79985831.79,73688084.46
20,20,31,COMISION ESTATAL DE LA VIVIENDA,86611575.72,574440918.9,480507328.8
20,20,32,COMISION ESTATAL DEL AGUA,249129774.1,590134282.6,545321819.8
20,20,33,COMISION ESTATAL FORESTAL,8973480.29,28325786.43,28325786.43
20,20,34,COMISION ESTATAL PARA LA PLANEACION DE LA EDUCACION SUPERIOR EN EL ESTADO DE OAXACA,1851011.52,1815156.02,1815156.02
20,20,35,COMISION ESTATAL PARA LA PLANEACION Y PROGRAMACION DE LA EDUCACION MEDIA SUPERIOR DEL ESTADO DE OAXACA,1160501.76,924285.35,704954.6
20,20,36,COMISION PARA LA REGULARIZACION DE LA TENENCIA DE LA TIERRA URBANA DEL ESTADO DE OAXACA,4591832.04,4876679.51,4813893.33
20,20,37,CONSEJO ESTATAL PARA LA PREVENCION Y CONTROL DEL SIDA,9897296.18,16948574.99,16948574.99
20,20,38,CONSEJO OAXAQUEÑO DE CIENCIA TECNOLOGIA E INNOVACION,3814778.6,12091878.45,9737308.55
20,20,39,COORDINACION ESTATAL DE PROTECCION CIVIL DE OAXACA,14412179.1,118664478.1,117383194.7
20,20,40,CORPORACION OAXAQUEÑA DE RADIO Y TELEVISION,57859970.34,65744485.28,65743621.1
20,20,41,DIRECCION GENERAL DE POBLACION DE OAXACA,4370708.41,5000412.46,4752412.46
20,20,42,HOSPITAL DE LA NIÑEZ OAXAQUEÑA,47668792.4,52720706.56,52720580.92
20,20,43,INSTITUTO DE CAPACITACION Y PRODUCTIVIDAD PARA EL TRABAJO DEL ESTADO DE OAXACA,84917933,93892768.29,93818607.86
20,20,44,INSTITUTO DE ESTUDIOS DE BACHILLERATO DEL ESTADO DE OAXACA,363236672.1,478790052.1,478606418.3
20,20,45,INSTITUTO DE LA JUVENTUD DEL ESTADO DE OAXACA,22377517.41,30379395.82,30027549.26
20,20,46,INSTITUTO DEL PATRIMONIO CULTURAL DEL ESTADO DE OAXACA,6841467.02,162921758.8,88019841.41
20,20,47,INSTITUTO ESTATAL DE EDUCACION PUBLICA DE OAXACA,24691912509,26832337464,26732651913
20,20,48,INSTITUTO ESTATAL DE EDUCACION PARA ADULTOS,164211566,241445294.2,241445294.2
20,20,49,INSTITUTO OAXAQUEÑO CONSTRUCTOR DE INFRAESTRUCTURA FISICA EDUCATIVA,30165077.7,346344837.4,291469818.4
20,20,50,INSTITUTO OAXAQUEÑO DE ATENCION AL MIGRANTE,24580099.62,27806941.22,27789477.42
20,20,51,INSTITUTO OAXAQUEÑO DE LAS ARTESANIAS,11323158.25,14219190.24,14185656.96
20,20,52,INSTITUTO TECNOLOGICO SUPERIOR DE SAN MIGUEL EL GRANDE,29921562,31237650,25103995.38
20,20,53,INSTITUTO TECNOLOGICO SUPERIOR DE TEPOSCOLULA,30220092,42901397.35,30873566.22
20,20,54,NOVAUNIVERSITAS,29336393,44980868.84,42499143.95
20,20,55,SERVICIOS DE AGUA POTABLE Y ALCANTARILLADO DE OAXACA,246325077.5,434857893.8,431822901.8
20,20,56,SISTEMA PARA EL DESARROLLO INTEGRAL DE LA FAMILIA DEL ESTADO DE OAXACA,298783822.1,1201261147,1192727108
20,20,57,UNIVERSIDAD DE CHALCATONGO,15878580,16448854.04,16448854.04
20,20,58,UNIVERSIDAD DE LA CAÑADA,25809476,55014876.15,48389636.71
20,20,59,UNIVERSIDAD DE LA COSTA,14336534,17850738.92,17850738.92
20,20,60,UNIVERSIDAD DE LA SIERRA JUAREZ,30306970,58288419.86,49314546.72
20,20,61,UNIVERSIDAD DE LA SIERRA SUR,72351681,155622903.6,138203425.9
20,20,62,UNIVERSIDAD DEL ISTMO,81474987,130789353.7,121107102.1
20,20,63,UNIVERSIDAD DEL MAR,184060042,246694836.4,244777559
20,20,64,UNIVERSIDAD DEL PAPALOAPAN,86607566,164871809.3,161675802
20,20,65,UNIVERSIDAD TECNOLOGICA DE LA MIXTECA,159921438,216448618,210164664.9
20,20,66,UNIVERSIDAD TECNOLOGICA DE LA SIERRA SUR DE OAXACA,13337836,20329193,19182206.11
20,20,67,UNIVERSIDAD TECNOLOGICA DE LOS VALLES CENTRALES DE OAXACA,41223512,55585904,54929350.47
20,20,68,UNIVERSIDAD POLITECNICA DE NOCHIXTLAN ABRAHAM CASTELLANOS,NSS,7435207.74,6513117.26
20,20,69,DEFENSORIA PUBLICA DEL ESTADO DE OAXACA,62449119.94,87741614.79,87212190.78
20,20,70,INSTITUTO OAXAQUEÑO DEL EMPRENDEDOR Y DE LA COMPETITIVIDAD,12258692.74,81908940.59,79904484.13
20,20,71,INSTITUTO DE LA FUNCION REGISTRAL DEL ESTADO DE OAXACA,16388217.47,35455345.04,35392676.04
20,20,72,FIDEICOMISO PARA EL DESARROLLO LOGISTICO DEL ESTADO DE OAXACA,7024815.58,8613903.11,8613903.11
20,20,73,FIDEICOMISO DE FOMENTO PARA EL ESTADO DE OAXACA,5796156.46,6931947.64,6863692.64
20,20,74,OFICINA DE CONVENCIONES Y VISITANTES DE OAXACA,3663922.82,8902149.16,8902149.16
20,20,75,OFICINA DE PENSIONES DEL ESTADO DE OAXACA,165749361.9,475334819.7,475185348.9
20,20,76,SERVICIOS DE SALUD DE OAXACA,7716613487,12579545141,10196403218
20,20,77,SECRETARIA EJECUTIVA DEL SISTEMA ESTATAL DE COMBATE A LA CORRUPCION,17323113.15,16088098.17,16088098.17
20,20,78,COORDINACION GENERAL DE UNIDADES Y CARAVANAS MOVILES DE SERVICIOS GRATUITOS,13510427.45,13284984.89,13284984.89
20,20,79,COORDINACION GENERAL DE ATENCION REGIONAL,27394891,26219023.41,26219023.41
20,20,80,COORDINACION GENERAL DE RELACIONES INTERNACIONALES,4543151.76,6294843.55,6285597.5
20,20,81,COORDINACION GENERAL DE ENLACE FEDERAL,4425717.05,3614693.61,3614052.94
20,20,82,SISTEMA DE TRANSPORTE COLECTIVO METROPOLITANO CITYBUS OAXACA,6101754.53,6101754.53,6096869.53
20,20,83,DIRECCION GENERAL DEL HANGAR OFICIAL DEL GOBIERNO DEL ESTADO,NSS,5406964.56,5301745.54
20,20,84,CENTRO DE CONCILIACION LABORAL DEL ESTADO DE OAXACA,2135986.16,2135986.16,1618045.13
21,21,1,EJECUTIVO DEL ESTADO,46130479,36947214.88,36602634.45
21,21,2,SECRETARIA DE GOBERNACION,428832545,495821140.9,485504520.5
21,21,3,SECRETARIA DE PLANEACION Y FINANZAS,15583227504,13875222912,13183654656
21,21,4,SECRETARIA DE ADMINISTRACION,877946162,1246670194,1231943737
21,21,5,SECRETARIA DE LA FUNCION PUBLICA,156499916,168267408,165486030
21,21,6,SECRETARIA DE TRABAJO,34614962,65368090.91,63429769.9
21,21,7,SECRETARIA DE ECONOMIA,466871566,406119339.6,403133016.3
21,21,8,SECRETARIA DE CULTURA,207983552,224704276.4,221057407.7
21,21,9,SECRETARIA DE TURISMO,156738907,168564637.1,167505595.4
21,21,10,SECRETARIA DE DESARROLLO RURAL,1272425309,1252424907,1245626800
21,21,11,SECRETARIA DE INFRAESTRUCTURA,3053041511,2846721537,2590723878
21,21,12,SECRETARIA DE MOVILIDAD Y TRANSPORTE,122627720,155840375.3,153361098.3
21,21,13,SECRETARIA DE EDUCACION,32986873261,33528615921,33521301897
21,21,14,SECRETARIA DE BIENESTAR,10423281026,10611049520,10600069090
21,21,15,SECRETARIA DE SEGURIDAD PUBLICA,3457066189,3663170519,3574018233
21,21,16,SECRETARIA DE MEDIO AMBIENTE DESARROLLO SUSTENTABLE Y ORDENAMIENTO TERRITORIAL,113959388,127739029,125053683.6
21,21,17,SECRETARIA DE IGUALDAD SUSTANTIVA,99512589,76619527.11,76107234.43
21,21,18,CONSEJERIA JURIDICA,73649487,96146204.88,95692936.61
21,21,19,SERVICIOS DE SALUD DEL ESTADO DE PUEBLA,10251092288,11116779366,11116779366
21,21,20,AGENCIA DE ENERGIA DEL ESTADO DE PUEBLA,66568168,37151196.99,37119108.44
21,21,21,BENEMERITA UNIVERSIDAD AUTONOMA DE PUEBLA,6754056325,6975318633,6975318633
21,21,22,CARRETERAS DE CUOTA PUEBLA,519012231,714828653.5,713710922.7
21,21,23,CENTRO DE CONCILIACION LABORAL DEL ESTADO DE PUEBLA,6546404,22452471.46,22415486.89
21,21,24,CENTRO DE INVESTIGACION Y SEGURIDAD,6748555,1048795.62,1044368.67
21,21,25,CIUDAD MODELO,66476244,51644701.43,49554331.8
21,21,26,COMISION DE BUSQUEDA DE PERSONAS DEL ESTADO DE PUEBLA,8960138,55268506.21,55189209.49
21,21,27,COMISION DE MEJORA REGULATORIA DEL ESTADO DE PUEBLA,7289098,11281377.1,11281377.1
21,21,28,COMISION EJECUTIVA ESTATAL DE ATENCION A VICTIMAS,30178698,19114228.78,19027987.14
21,21,29,COMISION EJECUTIVA PARA LA ACTUALIZACION Y MODERNIZACION DE LA PROCURACION Y LA ADMINISTRACION DE JUSTICIA,6546424,4390136.76,4242784.89
21,21,30,COMISION ESTATAL DE AGUA Y SANEAMIENTO DE PUEBLA,264627367,250360149.4,249548985.9
21,21,31,FIDEICOMISO PUBLICO DENOMINADO COMISION ESTATAL DE VIVIENDA PUEBLA,4750811,4582767.03,4576688.57
21,21,32,COMITE ADMINISTRADOR POBLANO PARA LA CONSTRUCCION DE ESPACIOS EDUCATIVOS,883654995,893204394.1,892987774.7
21,21,33,CONSEJO ESTATAL DE COORDINACION DEL SISTEMA NACIONAL DE SEGURIDAD PUBLICA,349340304,373851679.6,373801621
21,21,34,CONVENCIONES Y PARQUES,0,124461359.7,124461359.7
21,21,35,COORDINACION GENERAL DE COMUNICACION Y AGENDA DIGITAL,137829560,349751453.9,349510459
21,21,36,FIDEICOMISO PUBLICO BANCO ESTATAL DE TIERRA,17583288,17071162.24,16261012.25
21,21,37,FIDEICOMISO PUBLICO PARA LA ADMINISTRACION DE INMUEBLES Y EJECUCION DE OBRAS PUBLICAS EN LA RESERVA TERRITORIAL ATLIXCAYOTL-QUETZALCOATL,0,8242670.74,8235211.62
21,21,38,INSTITUTO DE BIENESTAR ANIMAL,6426587,6970811.36,6931228.61
21,21,39,INSTITUTO DE CAPACITACION PARA EL TRABAJO DEL ESTADO DE PUEBLA,102117724,134354730.8,134354730.8
21,21,40,INSTITUTO ESTATAL DE EDUCACION PARA ADULTOS,150352013,199642811.9,199642811.9
21,21,41,INSTITUTO DE SEGURIDAD Y SERVICIOS SOCIALES DE LOS TRABAJADORES AL SERVICIO DE LOS PODERES DEL ESTADO DE PUEBLA,0,27707489.46,27707489.46
21,21,42,INSTITUTO POBLANO DE ASISTENCIA AL MIGRANTE,48821624,41374742.7,40779881.59
21,21,43,INSTITUTO POBLANO DE LA JUVENTUD,19695436,12110058.2,12066210.19
21,21,44,INSTITUTO POBLANO DE LOS PUEBLOS INDIGENAS,40229544,32227875.44,30870813.35
21,21,45,INSTITUTO POBLANO DEL DEPORTE,0,71375125.39,71375125.39
21,21,46,INSTITUTO REGISTRAL Y CATASTRAL DEL ESTADO DE PUEBLA,114181830,126516395.4,124473764
21,21,47,JUNTA LOCAL DE CONCILIACION Y ARBITRAJE,13026992,31396867.01,28540201.21
21,21,48,JUNTA PARA EL CUIDADO DE LAS INSTITUCIONES DE ASISTENCIA PRIVADA,0,1054108.86,1021288.98
21,21,49,MUSEOS PUEBLA,90117412,85431103.73,84035307.77
21,21,50,PROCURADURIA DE LA DEFENSA DEL TRABAJO,3601287,3947146.21,3947146.21
21,21,51,SECRETARIA EJECUTIVA DEL SISTEMA ESTATAL ANTICORRUPCION,21820947,20433825,20423200.51
21,21,52,SISTEMA ESTATAL DE TELECOMUNICACIONES,77460767,77770725.57,77626130.56
21,21,53,SISTEMA PARA EL DESARROLLO INTEGRAL DE LA FAMILIA DEL ESTADO DE PUEBLA,1039254695,1158958516,1158958516
21,21,54,TRIBUNAL DE ARBITRAJE DE LOS TRABAJADORES AL SERVICIO DE LOS PODERES DEL ESTADO,3497005,6275976.73,6265803.6
21,21,55,COLEGIO DE BACHILLERES DEL ESTADO DE PUEBLA,722943384,752488257.9,752488257.9
21,21,56,COLEGIO DE EDUCACION PROFESIONAL TECNICA DEL ESTADO DE PUEBLA,190520986,213970312.7,213970312.7
21,21,57,COLEGIO DE ESTUDIOS CIENTIFICOS Y TECNOLOGICOS DEL ESTADO DE PUEBLA,193014360,199365268.3,199365268
21,21,58,CONSEJO DE CIENCIA Y TECNOLOGIA DEL ESTADO DE PUEBLA,49166792,43319453.56,43319453.56
21,21,59,INSTITUTO DE EDUCACION DIGITAL DEL ESTADO DE PUEBLA,76157785,77783767.45,77783767.45
21,21,60,INSTITUTO DE PROFESIONALIZACION DEL MAGISTERIO POBLANO,8038002,7011688.58,7011688.58
21,21,61,INSTITUTO TECNOLOGICO SUPERIOR DE ACATLAN DE OSORIO,19387609,20747000.26,20747000.26
21,21,62,INSTITUTO TECNOLOGICO SUPERIOR DE ATLIXCO,30514557,31441661.71,31441661.71
21,21,63,INSTITUTO TECNOLOGICO SUPERIOR DE CIUDAD SERDAN,24843341,25540218.24,25540218.24
21,21,64,INSTITUTO TECNOLOGICO SUPERIOR DE HUAUCHINANGO,30727761,32216397.4,32216397.4
21,21,65,INSTITUTO TECNOLOGICO SUPERIOR DE LA SIERRA NEGRA DE AJALPAN,14975301,14532948.13,14532948.13
21,21,66,INSTITUTO TECNOLOGICO SUPERIOR DE LA SIERRA NORTE DE PUEBLA,30882266,31749958.89,31749958.89
21,21,67,INSTITUTO TECNOLOGICO SUPERIOR DE LIBRES,27103023,26630464.57,26630464.56
21,21,68,INSTITUTO TECNOLOGICO SUPERIOR DE SAN MARTIN TEXMELUCAN,26669763,29038664.4,29038664.4
21,21,69,INSTITUTO TECNOLOGICO SUPERIOR DE TEPEACA,24283709,26538043.21,26538043.21
21,21,70,INSTITUTO TECNOLOGICO SUPERIOR DE TEPEXI DE RODRIGUEZ,15885832,16248373.15,16248373.15
21,21,71,INSTITUTO TECNOLOGICO SUPERIOR DE TEZIUTLAN,39624798,43649433.8,43649433.8
21,21,72,INSTITUTO TECNOLOGICO SUPERIOR DE TLATLAUQUITEPEC,11665115,12412635.32,12412635.32
21,21,73,INSTITUTO TECNOLOGICO SUPERIOR DE VENUSTIANO CARRANZA,14399023,15088614.52,15088614.52
21,21,74,INSTITUTO TECNOLOGICO SUPERIOR DE ZACAPOAXTLA,34985172,36483395.55,36483395.55
21,21,75,UNIVERSIDAD DE LA SALUD,47968949,42615213.4,42615213.4
21,21,76,UNIVERSIDAD INTERCULTURAL DEL ESTADO DE PUEBLA,45845810,52847615.42,52847615.42
21,21,77,UNIVERSIDAD INTERSERRANA DEL ESTADO DE PUEBLA AHUACATLAN,33964084,34329727.33,34329727.33
21,21,78,UNIVERSIDAD INTERSERRANA DEL ESTADO DE PUEBLA CHILCHOTLA,33822795,35233697.08,35233697.08
21,21,79,UNIVERSIDAD POLITECNICA DE AMOZOC,30990154,36521461.52,36521461.52
21,21,80,UNIVERSIDAD POLITECNICA DE PUEBLA,64286205,76096988.39,76096988.39
21,21,81,UNIVERSIDAD POLITECNICA METROPOLITANA DE PUEBLA,23534016,28248584.31,28248584.31
21,21,82,UNIVERSIDAD TECNOLOGICA BILINGUE INTERNACIONAL Y SUSTENTABLE DE PUEBLA,13408858,18691107.81,18691107.81
21,21,83,UNIVERSIDAD TECNOLOGICA DE HUEJOTZINGO,104842868,114764629.8,114764629.8
21,21,84,UNIVERSIDAD TECNOLOGICA DE IZUCAR DE MATAMOROS,68027632,76243602.84,76243602.84
21,21,85,UNIVERSIDAD TECNOLOGICA DE ORIENTAL,20697259,25748281.15,25748281.15
21,21,86,UNIVERSIDAD TECNOLOGICA DE PUEBLA,265772780,283972878.5,283972878.5
21,21,87,UNIVERSIDAD TECNOLOGICA DE TECAMACHALCO,95260016,108101066.3,108101066.3
21,21,88,UNIVERSIDAD TECNOLOGICA DE TEHUACAN,69918336,78152212.87,78152212.87
21,21,89,UNIVERSIDAD TECNOLOGICA DE XICOTEPEC DE JUAREZ,85795871,86807238.87,86807238.87
21,21,90,INSTITUTO DE LA DISCAPACIDAD DEL ESTADO DE PUEBLA,0,15154199.52,15154199.52
21,21,91,INSTITUTO POBLANO DEL DEPORTE Y JUVENTUD,4048911,52441.61,52441.61
22,22,1,JEFATURA DE GABINETE,47094645,47094645,32470180.21
22,22,2,SECRETARIA PARTICULAR,81975703,81975703,93410793.94
22,22,3,UNIDAD DE COMUNICACION SOCIAL,261538820,261538820,289454819.1
22,22,4,SECRETARIA DE GOBIERNO,251911825,251911825,237154045.4
22,22,5,SECRETARIA DE SEGURIDAD CIUDADANA,712128124,712128124,631196052.7
22,22,6,SECRETARIA DE FINANZAS,691921838,691921838,661605257.6
22,22,7,SECRETARIA DE LA CONTRALORIA,133910906,133910906,123920620.4
22,22,8,SECRETARIA DE DESARROLLO SUSTENTABLE,134119004,134119004,120862402.7
22,22,9,SECRETARIA DE DESARROLLO AGROPECUARIO,135878131,135878131,125291622.1
22,22,10,SECRETARIA DE DESARROLLO URBANO Y OBRAS PUBLICAS,182692951,182692951,192020936.6
22,22,11,SECRETARIA DE EDUCACION,197248770,197248770,168315440.9
22,22,12,SECRETARIA DE LA JUVENTUD,28605208,28605208,26777151.09
22,22,13,SECRETARIA DE DESARROLLO SOCIAL,73367345,73367345,65261467.38
22,22,14,SECRETARIA DEL TRABAJO,112740453,112740453,106857381.2
22,22,15,SECRETARIA DE TURISMO,140784614,140784614,133664844.2
22,22,16,SECRETARIA DE SALUD,10753711,10753711,9585726.32
22,22,17,OFICIALIA MAYOR,1419424332,1419424332,1589940160
22,22,18,SECRETARIA DE PLANEACION Y PARTICIPACION CIUDADANA,0,0,1000857.07
22,22,19,SECRETARIA DE CULTURA,156971205,156971205,144164565.3
22,22,20,COORDINACION ESTATAL DE DESARROLLO MUNICIPAL,4655372,4655372,2960034.01
22,22,21,INSTITUTO DE ESTUDIOS CONSTITUCIONALES DEL ESTADO DE QUERETARO,9192280,9192280,8169191.32
22,22,22,CONSEJO ESTATAL DE POBLACION DEL ESTADO DE QUERETARO,6400121,6400121,6259792.01
22,22,23,COORDINACION ESTATAL DE PROTECCION CIVIL,28296306,28296306,31429422.24
22,22,24,DIRECCION ESTATAL DE ARCHIVOS,14450979,14450979,14216417.71
22,22,25,SISTEMA ESTATAL DE PROTECCION INTEGRAL A NIÑOS NIÑAS Y ADOLESCENTES,3411799,3411799,2055558.11
22,22,26,INSTITUTO DE LA DEFENSORIA PENAL PUBLICA DEL ESTADO DE QUERETARO,62612431,62612431,58310677.12
22,22,27,AUTORIDAD DE EJECUCION DE MEDIDAS DEL SISTEMA INTEGRAL DE JUSTICIA PENAL PARA ADOLESCENTES DEL ESTADO DE QUERETARO,32964075,32964075,30557376.14
22,22,28,AUTORIDAD DE SUPERVISION DE MEDIDAS CAUTELARES SUSPENSION CONDICIONAL DEL PROCESO LIBERTAD CONDICIONADA Y MEDIDAS DE SEGURIDAD EN LIBERTAD DEL ESTADO DE QUERETARO,38232404,38232404,43046820.21
22,22,29,COMISION LOCAL DE BUSQUEDA DE PERSONAS DEL ESTADO DE QUERETARO,6492276,6492276,4256046.82
22,22,30,CONSEJO ESTATAL DE SEGURIDAD PUBLICA,0,0,0
22,22,31,CENTRO ESTATAL DE PREVENCION SOCIAL,1230258,1230258,992633.8
22,22,32,CENTRO DE JUSTICIA PARA LAS MUJERES DEL ESTADO DE QUERETARO,2752350,2752350,2579780.27
22,22,33,UNIDAD ESTATAL DEL SISTEMA DE EVALUACION DEL DESEMPEÑO,5770465,5770465,4348307.48
22,22,34,UNIDAD DE TRANSPARENCIA DEL PODER EJECUTIVO DEL ESTADO DE QUERETARO,5482149,5482149,3472098.02
22,22,35,JUNTA DE ASISTENCIA PRIVADA,4039132,4039132,1622193.86
22,22,36,ESCUELA NORMAL DEL ESTADO DE QUERETARO ANDRES BALVANERA,169128213,169128213,168988058.6
22,22,37,ESCUELA NORMAL SUPERIOR DE QUERETARO,5128830,5128830,5128830
22,22,38,UNIVERSIDAD PEDAGOGICA NACIONAL,8263822,8263822,8263822
22,22,39,CENTRO EDUCATIVO Y CULTURAL DEL ESTADO DE QUERETARO MANUEL GOMEZ MORIN,37566918,37566918,34358169.89
22,22,40,CONSEJO ESTATAL CONTRA LAS ADICCIONES,5973991,5973991,6046474.88
22,22,41,COMISION DE ARBITRAJE MEDICO DEL ESTADO DE QUERETARO,4907851,4907851,5025551.42
22,22,42,CASA DEL JUBILADO Y PENSIONADO DEL ESTADO DE QUERETARO,3134134,3134134,1828828.37
22,22,43,COMISION DE MEJORA REGULATORIA DEL ESTADO DE QUERETARO,9966156,9966156,10699615.89
22,22,44,CENTRO ESTATAL DE PARTICIPACION CIUDADANA DE QUERETARO,10344607,10344607,9300047.06
22,22,45,COMISION ESTATAL DE AGUAS,0,0,18225616.37
22,22,46,PROCURADURIA ESTATAL DE PROTECCION AL MEDIO AMBIENTE Y DESARROLLO URBANO,11189783,11189783,12136783
22,22,47,PATRONATO DE LAS FIESTAS DE QUERETARO,13253811,13253811,13253811
22,22,48,COMISION PARA EL FOMENTO ECONOMICO DE LAS EMPRESAS DEL SECTOR INDUSTRIAL COMERCIAL Y DE SERVICIOS DEL ESTADO DE QUERETARO,1120132,1120132,1120132
22,22,49,SISTEMA ESTATAL DE COMUNICACION CULTURAL Y EDUCATIVA,41498934,41498934,48848278
22,22,50,SISTEMA PARA EL DESARROLLO INTEGRAL DE LA FAMILIA DEL ESTADO DE QUERETARO,249570508,249570508,273217054.6
22,22,51,INSTITUTO QUERETANO DEL TRANSPORTE,59319000,59319000,59319000
22,22,52,CENTRO DE CAPACITACION FORMACION E INVESTIGACION PARA LA SEGURIDAD DEL ESTADO DE QUERETARO,0,0,0
22,22,53,CENTRO DE INFORMACION Y ANALISIS PARA LA SEGURIDAD DE QUERETARO,57952947,57952947,57952947
22,22,54,CENTRO DE EVALUACION Y CONTROL DE CONFIANZA DEL ESTADO DE QUERETARO,35103574,35103574,35103574
22,22,55,COMISION ESTATAL DEL SISTEMA PENITENCIARIO DE QUERETARO,710957525,710957525,710957525
22,22,56,AEROPUERTO INTERCONTINENTAL DE QUERETARO SA DE CV,0,0,0
22,22,57,FIDEICOMISO PROMOTOR DEL EMPLEO,0,0,0
22,22,58,INSTITUTO QUERETANO DE LAS MUJERES,25935280,25935280,29635690.1
22,22,59,CASA QUERETANA DE LAS ARTESANIAS,6919056,6919056,9701015
22,22,60,INSTITUTO DE LA VIVIENDA DEL ESTADO DE QUERETARO,16686778,16686778,19363249
22,22,61,COMISION ESTATAL DE INFRAESTRUCTURA DE QUERETARO,276328206,276328206,276328206
22,22,62,UNIVERSIDAD TECNOLOGICA DE SAN JUAN DEL RIO,140530673,140530673,151124062.2
22,22,63,CONSEJO DE CIENCIA Y TECNOLOGIA DEL ESTADO DE QUERETARO,24001472,24001472,24001472
22,22,64,INSTITUTO DE ARTES Y OFICIOS DE QUERETARO,9036214,9036214,11206214
22,22,65,UNIDAD DE SERVICIOS PARA LA EDUCACION BASICA EN EL ESTADO DE QUERETARO,7931748245,7931748245,8129236993
22,22,66,UNIVERSIDAD AUTONOMA DE QUERETARO,2336144963,2336144963,2373096155
22,22,67,COLEGIO DE BACHILLERES DEL ESTADO DE QUERETARO,964445600,964445600,1035891171
22,22,68,UNIVERSIDAD TECNOLOGICA DE QUERETARO,285817824,285817824,351792102
22,22,69,INSTITUTO DE CAPACITACION PARA EL TRABAJO DEL ESTADO DE QUERETARO,122657952,122657952,131619107.9
22,22,70,COLEGIO DE ESTUDIOS CIENTIFICOS Y TECNOLOGICOS DEL ESTADO DE QUERETARO,218054103,218054103,231407584
22,22,71,INSTITUTO DE INFRAESTRUCTURA FISICA EDUCATIVA DEL ESTADO DE QUERETARO,25294549,25294549,102674715.2
22,22,72,COLEGIO DE EDUCACION PROFESIONAL TECNICA DEL ESTADO DE QUERETARO,109646988,109646988,104646988
22,22,73,UNIVERSIDAD POLITECNICA DE QUERETARO,67005964,67005964,72833387
22,22,74,UNIVERSIDAD AERONAUTICA EN QUERETARO,154993195,154993195,154150439
22,22,75,UNIVERSIDAD POLITECNICA DE SANTA ROSA JAUREGUI,40912995,40912995,42847837.5
22,22,76,UNIVERSIDAD TECNOLOGICA DE CORREGIDORA,25954871,25954871,27360397
22,22,77,INSTITUTO DEL DEPORTE Y LA RECREACION DEL ESTADO DE QUERETARO,248600898,248600898,248600898
22,22,78,CENTRO DE CONCILIACION LABORAL DEL ESTADO DE QUERETARO,0,0,0
22,22,79,SERVICIOS DE SALUD DEL ESTADO DE QUERETARO,4520596041,4520596041,4493025691
22,22,80,CENTRO ESTATAL DE TRASPLANTES DE QUERETARO,3881374,3881374,4351374
22,22,81,FIDEICOMISO PROMOTOR DE PROYECTOS ECONOMICOS Y DE BIENESTAR SOCIAL,0,0,0
22,22,82,FIDEICOMISO PROMOTOR DE TURISMO EN EL ESTADO DE QUERETARO,21893023,21893023,21707089.5
22,22,83,SECRETARIA EJECUTIVA DEL SISTEMA ESTATAL ANTICORRUPCION,7760662,7760662,7760662
23,23,1,DESPACHO DEL GOBERNADOR,61651480,61651480,60821841.08
23,23,2,SECRETARIA DE DESARROLLO AGROPECUARIO RURAL Y PESCA,171576625,171576625,171576625
23,23,3,SECRETARIA DE FINANZAS Y PLANEACION,382682669,696912592,696912592
23,23,4,SECRETARIA DE OBRAS PUBLICAS,97282420,812234836,812183206
23,23,5,SECRETARIA DE DESARROLLO TERRITORIAL URBANO SUSTENTABLE,83186178,83186178,77654024.51
23,23,6,SECRETARIA DE DESARROLLO SOCIAL,196242836,239128481.3,239128481.3
23,23,7,SECRETARIA DE DESARROLLO ECONOMICO,49845525,90319092.89,90319092.89
23,23,8,SECRETARIA DE EDUCACION,435858735,346249492.5,346249492.5
23,23,9,SECRETARIA DE LA CONTRALORIA DEL ESTADO,226923453,226923453,120797928.7
23,23,10,SECRETARIA DE GOBIERNO,133098791,133098791,NSS
23,23,11,SECRETARIA DE ECOLOGIA Y MEDIO AMBIENTE,47340384,47340384,41296222.61
23,23,12,SECRETARIA DE SALUD,75019651,75019651,50458011.86
23,23,13,SECRETARIA DE SEGURIDAD PUBLICA,2280729819,2280729819,2279376516
23,23,14,SECRETARIA DEL TRABAJO Y PREVISION SOCIAL,91470051,91470051,82394933.36
23,23,15,SECRETARIA DE TURISMO,NSS,NSS,NSS
23,23,16,CONSEJERIA JURIDICA DEL PODER EJECUTIVO,NSS,NSS,NSS
23,23,17,COORDINACION GENERAL DE COMUNICACION DEL GOBIERNO DEL ESTADO DE QUINTANA ROO,134545122,199287244.6,199287244.6
23,23,18,SERVICIO DE ADMINISTRACION TRIBUTARIA DE QUINTANA ROO,365128530,365128530,266738033.8
23,23,19,PROCURADURIA FISCAL DEL ESTADO DE QUINTANA ROO,6861121,6861121,5150720.54
23,23,20,CENTRO DE EVALUACION DEL DESEMPEÑO DEL ESTADO DE QUINTANA ROO,9038528,9038528,9038528
23,23,21,COMISION DE BUSQUEDA DE PERSONAS DEL ESTADO DE QUINTANA ROO,23487135,23487135,20535101
23,23,22,INSTITUTO QUINTANARROENSE DE INNOVACION Y TECNOLOGIA,16037577,16037577,11563080.22
23,23,23,COMISION ESTATAL DE MEJORA REGULATORIA,301911.49,301911.49,266246.76
23,23,24,REPRESENTACION DEL GOBIERNO DEL ESTADO EN LA CIUDAD DE MEXICO,13653195,13653195,11414813.32
23,23,25,SECRETARIA EJECUTIVA DEL SISTEMA ESTATAL DE PROTECCION DE LOS DERECHOS DE NIÑAS NIÑOS Y ADOLESCENTES,5310488,5310488,4224875
23,23,26,PROCURADURIA DE PROTECCION AL AMBIENTE DEL ESTADO DE QUINTANA ROO,34255553.93,34255553.93,34255553.93
23,23,27,INSTITUTO DE BIODIVERSIDAD Y AREAS NATURALES PROTEGIDAS DEL ESTADO DE QUINTANA ROO,22738034,22738034,22133228
23,23,28,COORDINACION ESTATAL DE PROTECCION CIVIL,24099668.91,24099668.91,24099668.91
23,23,29,JUNTA DE ASISTENCIA SOCIAL PRIVADA DE QUINTANA ROO,4326977,3285034.05,2995000
23,23,30,ADMINISTRACION DEL PATRIMONIO DE LA BENEFICIENCIA PUBLICA DEL ESTADO DE QUINTANA ROO,10377145,10377145,9463735.27
23,23,31,CENTRO ESTATAL DE EVALUACION Y CONTROL DE CONFIANZA,45817481,45817481,36836838
23,23,32,ARCHIVO GENERAL DEL ESTADO,9962739,9962739,9962739
23,23,33,INSTITUTO GEOGRAFICO Y CATASTRAL DEL ESTADO DE QUINTANA ROO,10173866,28151496,28151496
23,23,34,REGISTRO PUBLICO DE LA PROPIEDAD Y DEL COMERCIO DEL ESTADO DE QUINTANA ROO,33774055.1,33774055.1,21185725
23,23,35,SERVICIO ESTATAL DEL EMPLEO Y CAPACITACION PARA EL TRABAJO,20408986,20408986,12023123
23,23,36,INSTITUTO DE CULTURA Y LAS ARTES DE QUINTANA ROO,64975368,68246162.86,68246162.86
23,23,37,SISTEMA QUINTANARROENSE DE COMUNICACION SOCIAL,122977013.1,122977013.1,105810868.4
23,23,38,FUNDACION DE PARQUES Y MUSEOS DE COZUMEL QUINTANA ROO,57326067,57326067,51049046
23,23,39,INSTITUTO PARA EL DESARROLLO Y FINANCIAMIENTO DEL ESTADO DE QUINTANA ROO,26819484,26819484,22223038
23,23,40,INSTITUTO PARA EL DESARROLLO DEL PUEBLO MAYA Y LAS COMUNIDADES INDIGENAS DEL ESTADO DE QUINTANA ROO,25580657,25580657,21931079.39
23,23,41,COMISION EJECUTIVA DE ATENCION A VICTIMAS DEL ESTADO DE QUINTANA ROO,32635494.61,32635494.61,30340948.89
23,23,42,CONSEJO QUINTANARROENSE DE CIENCIA Y TECNOLOGIA,36095725,36095725,31233144.77
23,23,43,INSTITUTO DE MOVILIDAD DEL ESTADO DE QUINTANA ROO,71611818.93,71611818.93,63747728.54
23,23,44,COMISION PARA LA JUVENTUD Y EL DEPORTE DE QUINTANA ROO,262783351,301900913.5,301900913.5
23,23,45,INSTITUTO QUINTANARROENSE DE LA JUVENTUD,26642762,26642762,23570367.13
23,23,46,AGENCIA DE PROYECTOS ESTRATEGICOS DEL ESTADO DE QUINTANA ROO,792028072,792028072,280566600
23,23,47,SERVICIOS EDUCATIVOS DE QUINTANA ROO,6927832270,6773601973,6747866123
23,23,48,INSTITUTO DE INFRAESTRUCTURA FISICA EDUCATIVA DEL ESTADO DE QUINTANA ROO,376992.49,376992.49,344492.59
23,23,49,INSTITUTO ESTATAL PARA LA EDUCACION DE JOVENES Y ADULTOS,59578234.58,59578234.58,59578234.58
23,23,50,CENTRO DE ESTUDIOS DE BACHILLERATO TECNICO EVA SAMANO DE LOPEZ MATEOS,46418916,46418916,40622877.87
23,23,51,COLEGIO DE BACHILLERES DEL ESTADO DE QUINTANA ROO,797458329.3,797458329.3,781315574.4
23,23,52,COLEGIO DE ESTUDIOS CIENTIFICOS Y TECNOLOGICOS DE QUINTANA ROO,355654139,355654139,348678699
23,23,53,COLEGIO DE EDUCACION PROFESIONAL Y TECNICA DEL ESTADO DE QUINTANA ROO,286673915,286673915,286673915
23,23,54,INSTITUTO TECNOLOGICO SUPERIOR DE FELIPE CARRILLO PUERTO,NSS,NSS,NSS
23,23,55,UNIVERSIDAD DEL CARIBE,147624195,152069661.6,152069661.6
23,23,56,UNIVERSIDAD POLITECNICA DE BACALAR,17389026,17389026,17389026
23,23,57,UNIVERSIDAD DE QUINTANA ROO,503686471.3,503686471.3,486677080.9
23,23,58,UNIVERSIDAD TECNOLOGICA DE CHETUMAL,34811537,34811537,28689472.84
23,23,59,UNIVERSIDAD POLITECNICA DE QUINTANA ROO,50498154.91,50498154.91,33614994.36
23,23,60,UNIVERSIDAD INTERCULTURAL MAYA DE QUINTANA ROO,44495710,44495710,44495710
23,23,61,UNIVERSIDAD TECNOLOGICA DE CANCUN,134242656,134242656,125088322.1
23,23,62,UNIVERSIDAD TECNOLOGICA DE LA RIVIERA MAYA,53811605,53811605,48249832.52
23,23,63,SECRETARIA EJECUTIVA DEL SISTEMA ANTICORRUPCION DEL ESTADO DE QUINTANA ROO,16197398,16197398,14917524.24
23,23,64,INSTITUTO QUINTANARROENSE DE LA MUJER,58348598.63,58348598.63,58348598.63
23,23,65,CENTRO DE CONCILIACION LABORAL,24759586.54,24759586.54,6850935.17
23,23,66,SISTEMA PARA EL DESARROLLO INTEGRAL DE LA FAMILIA DEL ESTADO DE QUINTANA ROO,674096817,674096871,511927985.8
23,23,67,SERVICIOS ESTATALES DE SALUD,5194887557,5194887557,5173061029
23,23,68,SECRETARIADO EJECUTIVO DEL SISTEMA ESTATAL DE SEGURIDAD PUBLICA,45855971.59,45855971.59,44296303.31
23,23,69,COMISION DE AGUA POTABLE Y ALCANTARILLADO,1164993556,1164993556,943508452.9
23,23,70,INSTITUTO DE CAPACITACION PARA EL TRABAJO DEL ESTADO DE QUINTANA ROO,99561697,99561697,99561697
23,23,71,CONSEJO DE PROMOCION TURISTICA DE QUINTANA ROO,NSS,NSS,NSS
23,23,72,ADMINISTRACION PORTUARIA INTEGRAL DE QUINTANA ROO,203360289,156046795,141392606
23,23,73,VIP SERVICIOS AREOS EJECUTIVOS,35375784,35375784,30355704.75
24,24,1,DESPACHO DEL EJECUTIVO,111599490.1,111599490.1,95536066.32
24,24,2,SECRETARIA GENERAL DE GOBIERNO,430770491.5,430770491.5,456038036.6
24,24,3,SECRETARIA TECNICA DEL GABINETE,16827430,16827430,16092731.56
24,24,4,UNIDAD DE SISTEMAS E INFORMATICA DEL PODER EJECUTIVO DE SAN LUIS POTOSI,7562452.45,7562452.45,9014285.67
24,24,5,SECRETARIA DE FINANZAS,657889015.3,657889015.3,902022348.3
24,24,6,SISTEMA EDUCATIVO ESTATAL REGULAR,2247801193,2247801193,2369363159
24,24,7,SECRETARIA DE EDUCACION,13614221165,13634221165,14183550527
24,24,8,SECRETARIA DE CULTURA,337766389.1,337766389.1,400850919.6
24,24,9,SECRETARIA DE COMUNICACIONES Y TRANSPORTES,105592986,105592986,103062710.9
24,24,10,SECRETARIA DE DESARROLLO SOCIAL Y REGIONAL,406659077,406659077,435577378.5
24,24,11,SECRETARIA DE DESARROLLO AGROPECUARIO Y RECURSOS HIDRAULICOS,312171981,339071981.4,286541764.4
24,24,12,SECRETARIA DE DESARROLLO URBANO VIVIENDA Y OBRAS PUBLICAS,139301505,139301505,290010667.5
24,24,13,SECRETARIA DE DESARROLLO ECONOMICO,187326114.6,187326114.6,206057803.1
24,24,14,SECRETARIA DEL TRABAJO Y PREVISION SOCIAL,231717006,234717006,227537284.3
24,24,15,SECRETARIA DE TURISMO,67954308.4,67954308.4,72732410.04
24,24,16,SECRETARIA DE ECOLOGIA Y GESTION AMBIENTAL,53711113.5,53711113.5,58109498.43
24,24,17,SECRETARIADO EJECUTIVO DEL CONSEJO ESTATAL DE SEGURIDAD PUBLICA DEL ESTADO,1020000,1020000,252431052.8
24,24,18,SECRETARIA DE SEGURIDAD PUBLICA,2688980450,2688980450,2470306123
24,24,19,OFICIALIA MAYOR,880429282.8,880429282.8,832093081.1
24,24,20,CONTRALORIA GENERAL DEL ESTADO,117759816,117759816,121544637.2
24,24,21,COORDINACION GENERAL DE LA DEFENSORIA PUBLICA DEL ESTADO,159968422,159968422,183517287.9
24,24,22,CONSEJERIA JURIDICA,6743581,6743581,7747730.85
24,24,23,COORDINACION GENERAL DE COMUNICACION SOCIAL,75018191,75018191,71182762.58
24,24,24,CONSEJO POTOSINO DE CIENCIA Y TECNOLOGIA,10015049.65,10015049.65,8899165.65
24,24,25,ARCHIVO HISTORICO DEL ESTADO LICENCIADO ANTONIO ROCHA CORDERO,19020597,19020597,17493463.44
24,24,26,CENTRO ESTATAL DE CULTURA Y RECREACION TANGAMANGA I Y II PROFESOR CARLOS JONGUITUD BARRIOS,244104575.5,244104575.5,248849553.1
24,24,27,INSTITUTO POTOSINO DE CULTURA FISICA Y DEPORTE,105112447.9,105112447.9,131289039.1
24,24,28,INSTITUTO POTOSINO DE LA JUVENTUD,9249000,9249000,9211766.37
24,24,29,SERVICIOS DE SALUD DE SAN LUIS POTOSI,4187673252,4187673252,4570894720
24,24,30,JUNTA ESTATAL DE CAMINOS,136363420,136363420,204652656
24,24,31,INSTITUTO ESTATAL DE INFRAESTRUCTURA FISICA EDUCATIVA,54089668.18,54089668.18,52726287.78
24,24,32,CONSEJO ESTATAL DE POBLACION,13389032.15,13389032.15,17810165.06
24,24,33,INSTITUTO DE DESARROLLO HUMANO Y SOCIAL DE LOS PUEBLOS INDIGENAS,22090146.03,22090146.03,21031922.89
24,24,34,SISTEMA ESTATAL PARA EL DESARROLLO INTEGRAL DE LA FAMILIA,856078211,857078210.5,956714954.6
24,24,35,INSTITUTO ESTATAL DE CIEGOS,4730377.54,4730377.54,4303949.91
24,24,36,PROMOTORA DEL ESTADO DE SAN LUIS POTOSI,24926724.96,24926724.96,24404685.83
24,24,37,CENTRO DE CONVENCIONES DE SAN LUIS POTOSI,21796187.6,21796187.6,10450246.5
24,24,38,INSTITUTO DE VIVIENDA DEL ESTADO,33052204.6,33052204.6,33101627.06
24,24,39,COMISION ESTATAL DEL AGUA,844155857.1,844155857.1,522241440.4
24,24,40,COMISION EJECUTIVA ESTATAL DE ATENCION A VICTIMAS,42686804.89,42686804.89,37145358.76
24,24,41,COORDINACION ESTATAL PARA EL FORTALECIMIENTO INSTITUCIONAL DE LOS MUNICIPIOS,27177494.34,27177494.34,28203063.01
24,24,42,INSTITUTO DE LAS MUJERES DEL ESTADO DE SAN LUIS POTOSI,30017453.55,30017453.55,47524576.49
24,24,43,INSTITUTO REGISTRAL Y CATASTRAL DEL ESTADO DE SAN LUIS POTOSI,26067375.74,26067375.74,23151311.32
24,24,44,CENTRO DE JUSTICIA PARA MUJERES DEL ESTADO DE SAN LUIS POTOSI,11684375.2,11684375.2,11291999.37
24,24,45,INSTITUTO DE TELEVISION PUBLICA DE SAN LUIS POTOSI XHSLS CANAL 9,9256353.05,9256353.05,8649639
24,24,46,CENTRO DE CONCILIACION LABORAL DEL ESTADO DE SAN LUIS POTOSI,4609013,9609012.56,8473012.56
24,24,47,SECRETARIA EJECUTIVA DEL SISTEMA ESTATAL ANTICORRUPCION,3000000,8000000,5377553.51
24,24,48,INSTITUTO ESTATAL DE EDUCACION PARA ADULTOS,82225745,82225745,115546526.8
24,24,49,COLEGIO DE BACHILLERES,792054656.1,792054656.1,796769500
24,24,50,COLEGIO DE EDUCACION PROFESIONAL TECNICA DEL ESTADO DE SAN LUIS POTOSI,107894847.6,107894847.6,95196993.98
24,24,51,COLEGIO DE ESTUDIOS CIENTIFICOS Y TECNOLOGICOS,229142517,229142517,279439736.7
24,24,52,UNIVERSIDAD INTERCULTURAL,49937088.38,49937088.38,41144118.53
24,24,53,INSTITUTO TECNOLOGICO SUPERIOR DE EBANO,19905446.89,19905446.89,8860671.27
24,24,54,INSTITUTO TECNOLOGICO SUPERIOR DE TAMAZUNCHALE,50154777.93,50154777.93,19577448.92
24,24,55,UNIVERSIDAD TECNOLOGICA DE SAN LUIS POTOSI,60582961.93,60582961.93,54921592.86
24,24,56,INSTITUTO TECNOLOGICO SUPERIOR DE RIOVERDE,49366252.87,49366252.87,14427946.77
24,24,57,UNIVERSIDAD POLITECNICA DE SAN LUIS POTOSI,152841816.1,152841816.1,84248896.5
24,24,58,INSTITUTO TECNOLOGICO SUPERIOR DE SAN LUIS POTOSI CAPITAL,84058480.6,84058480.6,58755997.95
24,24,59,INSTITUTO POTOSINO DE BELLAS ARTES,35558191.02,35558191.02,36403683.94
24,24,60,MUSEO DEL VIRREINATO,4984932.76,4984932.76,5359194.86
24,24,61,CENTRO CULTURAL REAL DE CATORCE,1491655.17,1491655.17,1158926.99
24,24,62,MUSEO DEL FERROCARRIL,7505382.58,7505382.58,7387408.34
24,24,63,MUSEO DE ARTE CONTEMPORANEO,4575237.38,4575237.38,3849113.94
24,24,64,MUSEO LABERINTO DE LAS CIENCIAS Y LAS ARTES,36350345.77,36350345.77,30450997.76
24,24,65,CENTRO DE LAS ARTES DE SAN LUIS POTOSI,43765754.49,43765754.49,37432107.23
24,24,66,MUSEO FRANCISCO COSSIO,22533728.28,22533728.28,21343941.57
24,24,67,MUSEO FEDERICO SILVA ESCULTURA CONTEMPORANEA,7290234.03,7290234.03,4214228.46
24,24,68,CINETECA ALAMEDA,7114214.35,7114214.35,5916144.66
24,24,69,MUSEO NACIONAL DE LA MASCARA,7833135.69,7833135.69,9272233.2
24,24,70,INSTITUTO TEMAZCALLI PREVENCION Y REHABILITACION,49253553.2,49253553.2,55003050.57
24,24,71,INSTITUTO GERIATRICO DOCTOR NICOLAS AGUILAR,44875767.78,44875767.78,46144039.56
24,24,72,CENTRO DE ASISTENCIA SOCIAL ROSARIO CASTELLANOS,13835883.44,13835883.44,12846383.44
24,24,73,CENTRO DE ASISTENCIA SOCIAL RAFAEL NIETO,20940124.93,20940124.93,22129462.02
24,24,74,CENTRO DE ASISTENCIA SOCIAL MARGARITA MAZA DE JUAREZ,27652779.14,27652779.14,26734405.14
24,24,75,SISTEMA DE FINANCIAMIENTO PARA EL DESARROLLO DEL ESTADO DE SAN LUIS POTOSI,36031016.52,36031016.52,8612529.5
24,24,76,INSTITUTO DE CAPACITACION PARA EL TRABAJO DEL ESTADO DE SAN LUIS POTOSI,68550394.28,68550394.28,66180545.68
24,24,77,UNIVERSIDAD TECNOLOGICA METROPOLITANA DE SAN LUIS POTOSI,7111384.19,7111384.19,10682378.94
24,24,78,CENTRO ESTATAL DE TRASPLANTES,5415578.78,5415578.78,4503133.15
24,24,79,MUSEO CASA DEL REBOZO,2522069.44,2522069.44,2198771.59
25,25,1,EJECUTIVO DEL ESTADO,51575040,51575040,38145602.33
25,25,2,SECRETARIA GENERAL DE GOBIERNO,572804855,535873511,988401375.1
25,25,3,SECRETARIA DE ADMINISTRACION Y FINANZAS,598521346,585673137,1686754998
25,25,4,SECRETARIA DE INNOVACION,101131295,101131295,110971650.3
25,25,5,SECRETARIA DE DESARROLLO SOCIAL,300552129,299552129,516488263.5
25,25,6,SECRETARIA DE DESARROLLO SUSTENTABLE,74458647,74458647,1045144125
25,25,7,SECRETARIA DE ECONOMIA,129778720,129778720,492850639.4
25,25,8,SECRETARIA DE OBRAS PUBLICAS,682923525,682923525,682034087.9
25,25,9,SECRETARIA DE EDUCACION PUBLICA Y CULTURA,4700208384,4733213927,4833441359
25,25,10,SECRETARIA DE SALUD,35376783,35376783,302268328.8
25,25,11,SECRETARIA DE AGRICULTURA Y GANADERIA,425986210,485986210,142088653
25,25,12,SECRETARIA DE PESCA Y ACUACULTURA,91684925,97534925,136187524.9
25,25,13,SECRETARIA DE TURISMO,144792315,144792315,186552029.7
25,25,14,SECRETARIA DE SEGURIDAD PUBLICA,739030531,739030531,642597360.7
25,25,15,SECRETARIA DE TRANSPARENCIA Y RENDICION DE CUENTAS,56515854,56515854,75020487.62
25,25,16,PROCURADURIA FISCAL,9800338,9800338,7968474.6
25,25,17,ARCHIVO HISTORICO DE SINALOA,8414188,8414188,7354185.32
25,25,18,ADMINISTRACION DE LA BENEFICIENCIA PUBLICA DEL ESTADO DE SINALOA,2430592,2430592,2512649.85
25,25,19,COORDINACION DE PROYECTOS ESPECIALES E INTERINSTITUCIONALES,1249120,1249120,766778.62
25,25,20,COMISION ESTATAL DE PREVENCION TRATAMIENTO Y CONTROL DE LAS ADICCIONES,4659597,4659597,10352799.42
25,25,21,COORDINACION DE ESTRATEGIA DIGITAL,1877799,1877799,1227524.27
25,25,22,COORDINACION DE COMUNICACION SOCIAL,49753373,49753373,47288689.3
25,25,23,DIRECCION DE PREVENCION Y REINSERCION SOCIAL,0,0,195936.2
25,25,24,JUNTA LOCAL DE CONCILIACION Y ARBITRAJE,44413127,44413127,37154952.67
25,25,25,JUNTA DE ASISTENCIA PRIVADA DE SINALOA,6472247,6472247,4282485
25,25,26,CENTRO DE INTERNAMIENTO PARA ADOLESCENTES,3784738,3784738,0
25,25,27,CONSEJO ESTATAL DE POBLACION,6320779,6320779,5123412.44
25,25,28,COMISION PARA LA ATENCION DE LAS COMUNIDADES INDIGENAS DE SINALOA,9278830,15522425,7496725.15
25,25,29,CONSEJO ESTATAL PARA LA PREVENCION Y ATENCION DE LA VIOLENCIA FAMILIAR,13890004,0,2995803.84
25,25,30,INSTITUTO PARA LA ATENCION INTEGRAL DEL MENOR DEL ESTADO DE SINALOA,39216618,39216618,36123025.75
25,25,31,INSTITUTO ESTATAL DE PROTECCION CIVIL DE SINALOA,47654816,47654816,26217146.54
25,25,32,REPRESENTACION DEL GOBIERNO DEL ESTADO DE SINALOA EN LA CIUDAD DE MEXICO,7786191,7786191,5488430.85
25,25,33,INSTITUTO DE LA DEFENSORIA PUBLICA,69153504,69153504,66732322.94
25,25,34,INSTITUTO SINALOENSE DE DESARROLLO SOCIAL,14881812,7440906,5938703.71
25,25,35,INSTITUTO CATASTRAL DEL ESTADO DE SINALOA,54172572,54172572,61327733.88
25,25,36,TRIBUNAL DE JUSTICIA ADMINISTRATIVA,76845003,76845003,82547198.32
25,25,37,INSTITUTO ESTATAL DE CIENCIAS PENALES,20194337,20194337,18037998.06
25,25,38,COMISION ESTATAL PARA LA PROTECCION CONTRA RIESGOS SANITARIOS DE SINALOA,8601882,8601882,11806528.25
25,25,39,SISTEMA SINALOENSE DE RADIO Y TELEVISION,6223435,6223435,6092699.92
25,25,40,PREESFORZADOS CONCRETOS Y AGREGADOS DE SINALOA,356020961,356020961,489206350
25,25,41,INSTITUTO SINALOENSE DE LA INFRAESTRUCTURA FISICA EDUCATIVA,562460539,562460539,475930842.4
25,25,42,INSTITUTO SINALOENSE DE LAS MUJERES,25487585,25487585,30715266.08
25,25,43,UNIVERSIDAD PEDAGOGICA DEL ESTADO DE SINALOA,143416011,143416011,154893839.2
25,25,44,SERVICIOS DE SALUD DE SINALOA,6056422591,4743973613,4119004130
25,25,45,SERVICIOS DE EDUCACION PUBLICA DESCENTRALIZADA DEL ESTADO DE SINALOA,11308803649,11312526115,12448978361
25,25,46,INSTITUTO DE SEGURIDAD Y SERVICIOS SOCIALES DE LOS TRABAJADORES DE LA EDUCACION DEL ESTADO DE SINALOA,2547071668,2362071668,2589724758
25,25,47,INSTITUTO SINALOENSE PARA LA EDUCACION DE LOS ADULTOS,89566576,89566576,98559876.19
25,25,48,INTERNADO INFANTIL PROFRA PAQUITA NUÑEZ ZEPEDA,0,1832318,2042864.36
25,25,49,INSTITUTO SINALOENSE DE LA JUVENTUD,14820449,14820449,12309291.6
25,25,50,INSTITUTO SINALOENSE DE LA CULTURA FISICA Y EL DEPORTE,119550619,119550619,178606326.6
25,25,51,INSTITUTO SINALOENSE DE CULTURA,124465274,124465274,151765811.8
25,25,52,INSTITUTO DE CAPACITACION PARA EL TRABAJO DEL ESTADO DE SINALOA,243894897,243894897,181199606.7
25,25,53,HOSPITAL PEDIATRICO DE SINALOA,0,136093246,117913006.9
25,25,54,HOSPITAL CIVIL DE CULIACAN,448595864,448595864,387618946.9
25,25,55,FONDO PARA LA DOTACION Y MANTENIMIENTO DE EQUIPOS Y PROGRAMAS DE COMPUTO A LOS PLANTELES DE EDUCACION PUBLICA BASICA DEL ESTADO DE SINALOA,0,0,0
25,25,56,ESCUELA NORMAL DE SINALOA,109654161,109654161,109830428.9
25,25,57,ESCUELA NORMAL DE ESPECIALIZACION DEL ESTADO DE SINALOA,42669164,42669164,40156365.17
25,25,58,COLEGIO DE SINALOA,11314822,11314822,11239341.2
25,25,59,SISTEMA PARA EL DESARROLLO INTEGRAL DE LA FAMILIA,697603688,697603688,641782923.8
25,25,60,DESARROLLO URBANO TRES RIOS,12000000,12000000,25111632.45
25,25,61,SECRETARIADO EJECUTIVO DEL SISTEMA ESTATAL DE SEGURIDAD PUBLICA,445472153,445472153,424058139.3
25,25,62,COLEGIO NACIONAL DE EDUCACION PROFESIONAL TECNICA DE SINALOA,0,7939229,7939229
25,25,63,COMISION ESTATAL DE AGUA POTABLE Y ALCANTARILLADO DE SINALOA,124541917,124541917,99057625.04
25,25,64,COMISION DE ARBITRAJE MEDICO DEL ESTADO DE SINALOA,3526866,3526866,3115349.61
25,25,65,CONSEJO PARA EL DESARROLLO ECONOMICO DE SINALOA,76597562,26597562,21097824
25,25,66,COMISION COORDINADORA DE CAPACITACION Y ASESORIA FISCAL,0,0,0
25,25,67,COLEGIO DE BACHILLERES DEL ESTADO DE SINALOA,1413359811,1413359811,1342117025
25,25,68,CENTRO DE CIENCIAS DE SINALOA,84133160,84133160,92695036.5
25,25,69,COMISION ESTATAL DE MEJORA REGULATORIA Y GESTION EMPRESARIAL,20596655,20596655,18247951.5
25,25,70,INSTITUTO DE APOYO A LA INVESTIGACION E INNOVACION,6514239,6514239,4629855.7
25,25,71,INSTITUTO DE PENSIONES DEL ESTADO DE SINALOA,86198397,86198397,90927852.28
25,25,72,REGIMEN ESTATAL DE PROTECCION SOCIAL EN SALUD DEL ESTADO DE SINALOA,0,1220087732,964181714.1
25,25,73,INSTITUTO SINALOENSE DE ACUACULTURA Y PESCA,3920582,3920582,3552416.43
25,25,74,UNIVERSIDAD POLITECNICA DEL MAR Y LA SIERRA,18306429,18306429,20726098.63
25,25,75,UNIVERSIDAD POLITECNICA DEL VALLE DEL EVORA,15868121,15868121,18021806
25,25,76,UNIVERSIDAD POLITECNICA DE SINALOA,103697268,103697268,151065636.8
25,25,77,UNIVERSIDAD TECNOLOGICA DE CULIACAN,23785349,23785349,23486830
25,25,78,UNIVERSIDAD TECNOLOGICA DE ESCUINAPA,24617163,24617163,25997993.56
25,25,79,INSTITUTO TECNOLOGICO SUPERIOR DE GUASAVE,33197330,33197330,36359161.19
25,25,80,INSTITUTO TECNOLOGICO SUPERIOR DE EL DORADO,22246721,22246721,21430022
25,25,81,ESCUELA NORMAL EXPERIMENTAL DE EL FUERTE,7531796,7531796,7033610
25,25,82,COMISION DE VIVIENDA DEL ESTADO DE SINALOA,29757079,29757079,110973453.3
25,25,83,COLEGIO DE ESTUDIOS CIENTIFICOS Y TECNOLOGICOS DEL ESTADO DE SINALOA,29396749,29396749,31190501.5
25,25,84,SISTEMA ESTATAL Y MUNICIPAL ANTICORRUPCION DEL ESTADO DE SINALOA,16438028,16438028,16594828
26,26,1,EJECUTIVO DEL ESTADO,112151806,112151806,98269542.28
26,26,2,SAGARHPA,225786817,225786817,647355978.1
26,26,3,SECRETARIA DE DESARROLLO SOCIAL,456284871,436761419,461434012.5
26,26,4,SECRETARIA DE ECONOMIA,72672328,268432088,16832259.5
26,26,5,SECRETARIA DE EDUCACION Y CULTURA,20069717812,19811376854,20236247197
26,26,6,SECRETARIA DE GOBIERNO,703211587.2,907182490,1018610296
26,26,7,SECRETARIA DE HACIENDA,1448183658,65924891.37,65924891.37
26,26,8,SECRETARIA DE INFRAESTRUCTURA Y DESARROLLO URBANO,2522768383,2522768383,2225964449
26,26,9,SECRETARIA DE LA CONSEJERIA JURIDICA,98482014,218322419.5,218322419.5
26,26,10,SECRETARIA DE LA CONTRALORIA GENERAL,200842169,200842169,208647175.1
26,26,11,SECRETARIA DE SALUD PUBLICA,153453228.3,153206179,145408148
26,26,12,SECRETARIA DE SEGURIDAD PUBLICA,2219209160,2219209160,2642569788
26,26,13,SECRETARIA DE TURISMO,74637253,74637253,69313290.86
26,26,14,SECRETARIA DEL TRABAJO,151253853.8,150423243,154582553.9
26,26,15,OFICIALIA MAYOR,NSS,NSS,NSS
26,26,16,ADMINISTRACION PORTUARIA INTEGRAL DE SONORA SA DE CV,93341033,93341033,93341033
26,26,17,CENTRO DE EVALUACION Y CONTROL DE CONFIANZA,74019678,74019678,62264430
26,26,18,CENTRO ESTATAL DE TRASPLANTES,10765921,6643801,6510680.67
26,26,19,CENTRO REGIONAL DE FORMACION PROFESIONAL DOCENTE DE SONORA,248948557,248948557,271208803.2
26,26,20,COLEGIO DE BACHILLERES DEL ESTADO DE SONORA,1084539494,1084539494,1084539494
26,26,21,COLEGIO DE EDUCACION PROFESIONAL TECNICA DEL ESTADO DE SONORA,476783033.2,456341673,478172727.2
26,26,22,COLEGIO DE ESTUDIOS CIENTIFICOS Y TECNOLOGICOS DEL ESTADO DE SONORA,864565844,864565844,864565844
26,26,23,COMISION DE ECOLOGIA Y DESARROLLO SUSTENTABLE DEL ESTADO DE SONORA,128397386.1,87260196,107341485.4
26,26,24,COMISION DE VIVIENDA DEL ESTADO DE SONORA,81000000,50095556,82509217.35
26,26,25,COMISION DEL DEPORTE DEL ESTADO DE SONORA,123564494,123564494,NSS
26,26,26,COMISION EJECUTIVA ESTATAL DE ATENCION A VICTIMAS,8533184.73,8533184.73,2451135.39
26,26,27,COMISION ESTATAL DEL AGUA,1149498032,788280901.1,647355978.1
26,26,28,COMISION ESTATAL PARA EL DESARROLLO DE LOS PUEBLOS Y COMUNIDADES INDIGENAS,25024738,16427609,13825185.81
26,26,29,COMITE DE CAMPAÑA PARA LA ERRADICACION DE LA TUBERCULOSIS Y BRUCELOSIS BOVINA DEL ESTADO DE SONORA,NSS,NSS,NSS
26,26,30,CONSEJO ESTATAL DE CIENCIA Y TECNOLOGIA,15507892,15507892,27884198.66
26,26,31,CONSEJO ESTATAL DE CONCERTACION PARA LA OBRA PUBLICA,460725806,289232159,205436136.3
26,26,32,CONSEJO PARA EL RECINTO FIZCALIZADO ESTRATEGICO DE SONORA,NSS,NSS,NSS
26,26,33,CONSEJO SONORENSE REGULADOR DEL BACANORA,5281418.66,3041656,2127484.43
26,26,34,COORDINACION ESTATAL DE PROTECCION CIVIL,72629100.72,131443846,42110441.35
26,26,35,FIDEICOMISO MAESTRO PARA EL FINANCIAMIENTO DEL SECTOR AGROPECUARIO,4725244,4725244,4616856
26,26,36,FIDEICOMISO FONDO REVOLVENTE SONORA,98269542.28,98269542.28,98269542.28
26,26,37,FIDEICOMISO PUENTE COLORADO,100674313,100674314,65924891.37
26,26,38,FINANCIERA PARA EL DESARROLLO ECONOMICO DE SONORA,24527442,24527442,27884198.66
26,26,39,FONDO DE OPERACION DE OBRAS SONORA SI,372638531,306969645,218322419.5
26,26,40,FONDO ESTATAL DE SOLIDARIDAD,5000000,1000000,1073977.83
26,26,41,FONDO ESTATAL PARA LA MODERNIZACION DEL TRANSPORTE,864760572,768205209,853549639
26,26,42,IMPULSOR FIDEICOMISO OPERADORA DE PROYECTOS ESTRATEGICOS DEL ESTADO DE SONORA,20855180,20855180,23481681.05
26,26,43,INSTITUTO DE ACUACULTURA DEL ESTADO DE SONORA,28202429.21,19708629.03,18169779.39
26,26,44,INSTITUTO DE CAPACITACION PARA EL TRABAJO DEL ESTADO DE SONORA,138150000,128059484.5,66169287.5
26,26,45,INSTITUTO DE CREDITO Y BECAS DEL ESTADO DE SONORA,372533809.1,274794817,323865371.6
26,26,46,INSTITUTO SONORENSE DE CULTURA,232000000,192945521,170950532.6
26,26,47,INSTITUTO SONORENSE DE EDUCACION PARA LOS ADULTOS,174669558,122822009,141352139
26,26,48,INSTITUTO SONORENSE DE INFRAESTRUCTURA EDUCATIVA,710597154.4,649126303,457581126.8
26,26,49,INSTITUTO SONORENSE DE LA JUVENTUD,20917279,20917279,1014514821
26,26,50,INSTITUTO SONORENSE DE LAS MUJERES,52318726,52318726,34536811.67
26,26,51,INSTITUTO SONORENSE PARA LA ATENCION DE ADULTOS MAYORES,NSS,NSS,NSS
26,26,52,INSTITUTO TECNOLOGICO SUPERIOR DE CAJEME,127227181,122953546,119632908
26,26,53,INSTITUTO TECNOLOGICO SUPERIOR DE CANANEA,79067434,79067434,79067434
26,26,54,INSTITUTO TECNOLOGICO SUPERIOR DE PUERTO PEÑASCO,30589150,30589150,NSS
26,26,55,INSTUITUTO SUPERIOR DE SEGURIDAD PUBLICA DEL ESTADO,110682179,110682179,93041937
26,26,56,INSTITUTO DE SEGURIDAD Y SERVICIOS SOCIALES DE LOS TRABAJADORES DEL ESTADO DE SONORA,9415278127,9415278127,8304202031
26,26,57,JUNTA DE CAMINOS DEL ESTADO DE SONORA,1370000000,405410716,262346523
26,26,58,PROCURADURIA AMBIENTAL DEL ESTADO DE SONORA,24374130.34,18296043.8,30979570.03
26,26,59,PROGRESO FIDEICOMISO PROMOTOR URBANO,60591465.38,60591465.38,24610960
26,26,60,PROMOTORA PARA EL DESARROLLO REGIONAL DE LA MINERIA,NSS,NSS,NSS
26,26,61,PROSONORA,330955289,42867977,116920975.3
26,26,62,RADIO SONORA,30953861.38,30840806,27154418.33
26,26,63,SECRETARIA EJECUTIVA DEL SISTEMA ESTATAL ANTICORRUPCION,14545158,14545158,62075113
26,26,64,SERVICIO DE ADMINISTRACION Y ENAJENACION DE BIENES DE ENTIDADES DEL GOBIERNO DEL ESTADO,3967461.36,3247768,3170114.85
26,26,65,SERVICIOS DE SALUD DE SONORA,8468185135,6057624476,6329327540
26,26,66,SERVICIOS EDUCATIVOS DEL ESTADO DE SONORA,8887810456,8887505523,9218046465
26,26,67,SISTEMA ESTATAL DE TELEVISION SONORENSE,12000000,5000000,3145879.12
26,26,68,SISTEMA PARA EL DESARROLLO INTEGRAL DE LA FAMILIA DEL ESTADO DE SONORA,1286769374,742317911,651684600.9
26,26,69,TELEFONIA RURAL DE SONORA,97259818.62,7286187,8827480.26
26,26,70,TELEVISORA DE HERMOSILLO SA DE CV,103543736,103543736,89633778.45
26,26,71,UNIVERSIDAD DE LA SIERRA,44509552,44509552,NSS
26,26,72,UNIVERSIDAD ESTATAL DE SONORA,775418481,775418481,793017410.6
26,26,73,UNIVERSIDAD TECNOLOGICA DE ETCHOJOA,22680560,18799696,20487216
26,26,74,UNIVERSIDAD TECNOLOGICA DE GUAYMAS,41862917,39323877,27527566
26,26,75,UNIVERSIDAD TECNOLOGICA DE HERMOSILLO,162484513,150699625,145141998
26,26,76,UNIVERSIDAD TECNOLOGICA DE NOGALES,85784951,94896254,93341031
26,26,77,UNIVERSIDAD TECNOLOGICA DE PUERTO PEÑASCO,25014650,25014650,21013193
26,26,78,UNIVERSIDAD TECNOLOGICA DE SAN LUIS RIO COLORADO,40688747,49905032.6,46350531.32
26,26,79,UNIVERSIDAD TECNOLOGICA DEL SUR DE SONORA,63090773.22,60126343.99,60126343.99
27,27,1,GUBERNATURA,392984881,476028110.4,476028110.4
27,27,2,COORDINACION GENERAL DE ASUNTOS JURIDICOS,81735451,80166920.05,80166920.05
27,27,3,SECRETARIA DE ADMINISTRACION E INNOVACION GUBERNAMENTAL,580425032,630341153.3,630341153.3
27,27,4,SECRETARIA DE BIENESTAR SUSTENTABILIDAD Y CAMBIO CLIMATICO,343000574,381032093,368745526.2
27,27,5,SECRETARIA DE CULTURA,303168741,311371226,311371226
27,27,6,SECRETARIA DE DESARROLLO AGROPECUARIO FORESTAL Y PESCA,326129287,409430522,409430522
27,27,7,SECRETARIA DE EDUCACION,11489774331,13779482246,13705504592
27,27,8,SECRETARIA DE FINANZAS,14371180424,16172551901,16172551901
27,27,9,SECRETARIA DE GOBIERNO,629902502,754461949.7,750182736.6
27,27,10,SECRETARIA DE LA FUNCION PUBLICA,142260159,159662930.9,159662930.9
27,27,11,SECRETARIA DE MOVILIDAD,226821298,139218245.9,139218245.9
27,27,12,SECRETARIA DE ORDENAMIENTO TERRITORIAL Y OBRAS PUBLICAS,756123557.3,2612171737,2433376873
27,27,13,SECRETARIA DE SALUD,8224497435,10227439902,10226244902
27,27,14,SECRETARIA DE SEGURIDAD Y PROTECCION CIUDADANA,2625478681,2603061627,2580243133
27,27,15,SECRETARIA DE TURISMO,66032644,62223766.45,62223766.45
27,27,16,SECRETARIA PARA EL DESARROLLO ECONOMICO Y LA COMPETITIVIDAD,223128829,76896411.92,76896411.92
27,27,17,SECRETARIA PARA EL DESARROLLO ENERGETICO,77641890,272917627.3,272917627.3
27,27,18,CENTRAL DE MAQUINARIA DE TABASCO,126487843,122442562.2,122442562.2
27,27,19,CENTRO DE INTERPRETACION Y CONVIVENCIA CON LA NATURALEZA YUMKA,50245438,50208256.31,50208256.31
27,27,20,COMISION DE RADIO Y TELEVISION DE TABASCO,64477282,67457874.3,67457874.3
27,27,21,COORDINACION ESTATAL PARA LA REGULARIZACION DE LA TENENCIA DE LA TIERRA,18392952,18356359.19,18356359.19
27,27,22,INSTITUTO DE LA JUVENTUD Y EL DEPORTE DE TABASCO,111334578,125317852.4,125317852.4
27,27,23,JUNTA ESTATAL DE CAMINOS,123161638,251857544.2,237056915.2
27,27,24,CENTRAL DE ABASTO DE VILLAHERMOSA,19721024,25463167.35,25463167.35
27,27,25,CENTRO DE CONCILIACION LABORAL DEL ESTADO DE TABASCO,8139421.39,7743813.69,7743813.69
27,27,26,COLEGIO DE BACHILLERES DE TABASCO,1549145908,2306649008,2304367266
27,27,27,COLEGIO DE EDUCACION PROFESIONAL TECNICA DEL ESTADO DE TABASCO,151549296,157401753.7,157401753.7
27,27,28,COLEGIO DE ESTUDIOS CIENTIFICOS Y TECNOLOGICOS DEL ESTADO DE TABASCO,386520893,597612006.1,597612006.1
27,27,29,COMISION ESTATAL DE AGUA Y SANEAMIENTO,556201908,1155566407,1090901593
27,27,30,COMISION ESTATAL DE CONCILIACION Y ARBITRAJE MEDICO,8002944,7781399.74,7781399.74
27,27,31,CONSEJO DE CIENCIA Y TECNOLOGIA DEL ESTADO DE TABASCO,13250000,18788583.25,18788583.25
27,27,32,INSTITUTO DE BENEFICENCIA PUBLICA DEL ESTADO DE TABASCO,8672005,7787378.14,7787378.14
27,27,33,INSTITUTO DE EDUCACION PARA ADULTOS DE TABASCO,116737203,122969841.8,122969841.8
27,27,34,INSTITUTO DE FORMACION PARA EL TRABAJO DEL ESTADO DE TABASCO,107075378,109151413,109151413
27,27,35,INSTITUTO DE PROTECCION CIVIL DEL ESTADO DE TABASCO,67524774,109554084.3,78441595.17
27,27,36,INSTITUTO DE SEGURIDAD SOCIAL DEL ESTADO DE TABASCO,3259004,669567537.8,669567537.8
27,27,37,INSTITUTO DE VIVIENDA DE TABASCO,119439156,81752524.51,81752524.51
27,27,38,INSTITUTO ESTATAL DE LAS MUJERES,39769573,48033830.27,48033830.27
27,27,39,INSTITUTO PARA EL FOMENTO DE LAS ARTESANIAS DE TABASCO,24818551,21010523.26,21010523.26
27,27,40,INSTITUTO TABASQUEÑO DE LA INFRAESTRUCTURA FISICA EDUCATIVA,23234064,23825059.49,23825059.49
27,27,41,INSTITUTO TECNOLOGICO SUPERIOR DE CENTLA,70391069,7454781.46,74547861.46
27,27,42,INSTITUTO TECNOLOGICO SUPERIOR DE COMALCALCO,115638364,125673211.3,125673211.3
27,27,43,INSTITUTO TECNOLOGICO SUPERIOR DE LA REGION SIERRA,68964094,71188560.23,71188560.23
27,27,44,INSTITUTO TECNOLOGICO SUPERIOR DE LOS RIOS,80547430,82972128.13,82972128.13
27,27,45,INSTITUTO TECNOLOGICO SUPERIOR DE MACUSPANA,68608086,70126366.26,70126366.26
27,27,46,INSTITUTO TECNOLOGICO SUPERIOR DE VILLA LA VENTA HUIMANGUILLO,74406728,79883305.24,79883305.24
27,27,47,MUSEO INTERACTIVO PAPAGAYO,21515367,17730487.61,17730487.61
27,27,48,SECRETARIA EJECUTIVA DEL SISTEMA ESTATAL ANTICORRUPCION,22500000,23227839.99,23227839.99
27,27,49,SERVICIO ESTATAL DE ADMINISTRACION DE BIENES ASEGURADOS ABANDONADOS O DECOMISADOS DEL ESTADO DE TABASCO,9697180,9186789.97,9186789.97
27,27,50,SISTEMA PARA EL DESARROLLO INTEGRAL DE LA FAMILIA,1016848485,1043623614,1043623614
27,27,51,UNIVERSIDAD INTERCULTURAL DEL ESTADO DE TABASCO,71059399,75108273,75108273
27,27,52,UNIVERSIDAD POLITECNICA DEL CENTRO,35528231,37740299.53,37740299.53
27,27,53,UNIVERSIDAD POLITECNICA DEL GOLFO DE MEXICO,49195223,62786623.74,62786623.74
27,27,54,UNIVERSIDAD POLITECNICA MESOAMERICANA,24803417,28696651.57,28696651.57
27,27,55,UNIVERSIDAD POPULAR DE LA CHONTALPA,188823927,240926242.7,240926242.7
27,27,56,UNIVERSIDAD TECNOLOGICA DE TABASCO,133297207,153070393.8,153070393.8
27,27,57,UNIVERSIDAD TECNOLOGICA DEL USUMACINTA,36784420,39993115.77,39993115.77
27,27,58,UNIVERSIDAD JUAREZ AUTONOMA DE TABASCO,2179012734,2559078369,2559078369
27,27,59,ADMINISTRACION PORTUARIA INTEGRAL,4400000,4399992,4399992
27,27,60,MOVILIDAD INTEGRAL DE TABASCO,0,5015872,5015872
28,28,1,JEFE DE LA OFICINA DEL GOBERNADOR,NSS,NSS,0
28,28,2,SECRETARIA GENERAL DE GOBIERNO,NSS,NSS,0
28,28,3,SECRETARIA DE FINANZAS,NSS,NSS,0
28,28,4,SECRETARIA DE ADMINISTRACION,NSS,NSS,0
28,28,5,SECRETARIA DE BIENESTAR SOCIAL,NSS,NSS,0
28,28,6,SECRETARIA DE DESARROLLO ECONOMICO,NSS,NSS,0
28,28,7,SECRETARIA DE DESARROLLO RURAL,NSS,NSS,0
28,28,8,SECRETARIA DE DESARROLLO URBANO Y MEDIO AMBIENTE,NSS,NSS,0
28,28,9,SECRETARIA DE EDUCACION,NSS,NSS,0
28,28,10,SECRETARIA DE OBRAS PUBLICAS,NSS,NSS,0
28,28,11,SECRETARIA PESCA Y ACUACULTURA,NSS,NSS,0
28,28,12,SECRETARIA DE SALUD,NSS,NSS,0
28,28,13,SECRETARIA DE SEGURIDAD PUBLICA,NSS,NSS,0
28,28,14,SECRETARIA DE TURISMO,NSS,NSS,0
28,28,15,SECRETARIA DEL TRABAJO,NSS,NSS,0
28,28,16,CONTRALORIA GUBERNAMENTAL,NSS,NSS,0
28,28,17,CENTRO DE CONCILIACION LABORAL DEL ESTADO DE TAMAULIPAS,NSS,NSS,0
28,28,18,CENTRO REGIONAL DE FORMACION DOCENTE E INVESTIGACION EDUCATIVA,NSS,NSS,0
28,28,19,COLEGIO DE BACHILLERES DEL ESTADO DE TAMAULIPAS,NSS,NSS,0
28,28,20,COLEGIO DE EDUCACION PROFESIONAL TECNICA DEL ESTADO DE TAMAULIPAS,NSS,NSS,0
28,28,21,COLEGIO DE TAMAULIPAS,NSS,NSS,0
28,28,22,COLEGIO SAN JUAN SIGLO XXI,NSS,NSS,0
28,28,23,COMISION DE CAZA Y PESCA DEPORTIVA DE TAMAULIPAS,NSS,NSS,0
28,28,24,COMISION DE ENERGIA DE TAMAULIPAS,NSS,NSS,0
28,28,25,COMISION DE PARQUES Y BIODIVERSIDAD DE TAMAULIPAS,NSS,NSS,0
28,28,26,COMISION ESTATAL DE CONCILIACION Y ARBITRAJE MEDICO,NSS,NSS,0
28,28,27,COMISION ESTATAL DE AGUA DE TAMAULIPAS,NSS,NSS,0
28,28,28,CONSEJO TAMAULIPECO DE CIENCIA Y TECNOLOGIA,NSS,NSS,0
28,28,29,INSTITUTO DE LA JUVENTUD DE TAMAULIPAS,NSS,NSS,0
28,28,30,INSTITUTO DE LAS MUJERES EN TAMAULIPAS,NSS,NSS,0
28,28,31,INSTITUTO DE PREVISION Y SEGURIDAD SOCIAL DEL ESTADO DE TAMAULIPAS,NSS,NSS,0
28,28,32,INSTITUTO DEL DEPORTE DE TAMAULIPAS,NSS,NSS,0
28,28,33,INSTITUTO METROPOLITANO DE PLANEACION DEL SUR DE TAMAULIPAS,NSS,NSS,0
28,28,34,INSTITUTO REGISTRAL Y CATASTRAL DEL ESTADO DE TAMAULIPAS,NSS,NSS,0
28,28,35,INSTITUTO TAMAULIPECO DE BECAS ESTIMULOS Y CREDITOS EDUCATIVOS,NSS,NSS,0
28,28,36,INSTITUTO TAMAULIPECO DE CAPACITACION PARA EL EMPLEO,NSS,NSS,0
28,28,37,INSTITUTO TAMAULIPECO DE EDUCACION PARA ADULTOS,NSS,NSS,0
28,28,38,INSTITUTO TAMAULIPECO DE INFRAESTRUCTURA FISICA Y EDUCATIVA,NSS,NSS,0
28,28,39,INSTITUTO TAMAULIPECO DE VIVIENDA Y URBANISMO,NSS,NSS,0
28,28,40,INSTITUTO TAMAULIPECO PARA LA CULTURA Y LAS ARTES,NSS,NSS,0
28,28,41,INSTITUTO TECNOLOGICO SUPERIOR DE EL MANTE,NSS,NSS,0
28,28,42,SECRETARIA EJECUTIVA DEL SISTEMA ESTATAL ANTICORRUPCION,NSS,NSS,0
28,28,43,SERVICIOS DE SALUD DE TAMAULIPAS,NSS,NSS,0
28,28,44,SISTEMA ESTATAL RADIO TAMAULIPAS,NSS,NSS,0
28,28,45,SISTEMA DE BACHILLERATOS MILITARIZADOS DEL ESTADO DE TAMAULIPAS,NSS,NSS,0
28,28,46,SISTEMA PARA EL DESARROLLO INTEGRAL DE LA FAMILIA DE TAMAULIPAS,NSS,NSS,0
28,28,47,UNIVERSIDAD DE SEGURIDAD Y JUSTICIA DE TAMAULIPAS,NSS,NSS,0
28,28,48,UNIVESIDAD POLITECNICA DE ALTAMIRA,NSS,NSS,0
28,28,49,UNIVERSIDAD POLITECNICA DE LA REGION RIBEREÑA,NSS,NSS,0
28,28,50,UNIVERSIDAD POLITECNICA DE VICTORIA,NSS,NSS,0
28,28,51,UNIVERSIDAD TECNOLOGICA DE ALTAMIRA,NSS,NSS,0
28,28,52,UNIVERSIDAD TECNOLOGICA DE MATAMOROS,NSS,NSS,0
28,28,53,UNIVERSIDAD TECNOLOGICA DE NUEVO LAREDO,NSS,NSS,0
28,28,54,UNIVERSIDAD TECNOLOGICA DE TAMAULIPAS NORTE,NSS,NSS,0
28,28,55,UNIVERSIDAD TECNOLOGICA DEL MAR DE TAMAULIPAS BICENTENARIO,NSS,NSS,0
29,29,1,DESPACHO DEL GOBERNADOR,97821062.67,100650058,87285220.33
29,29,2,SECRETARIA DE GOBIERNO,126821915,126821915,368209687.5
29,29,3,SECRETARIA DE FINANZAS,991193339,668228739,276314184.7
29,29,4,SECRETARIA DE TURISMO,36716545,36716545,18232778.07
29,29,5,SECRETARIA DE DESARROLLO ECONOMICO,50815032,50815032,43829525.65
29,29,6,SECRETARIA DE INFRAESTRUCTURA,256710924,264094556,157890816.6
29,29,7,SECRETARIA DE EDUCACION PUBLICA,1089282313,1089282313,1094960391
29,29,8,SECRETARIA DE MOVILIDAD Y TRANSPORTE,106509965,106509965,95605738.49
29,29,9,SECRETARIA DE FOMENTO AGROPECUARIO,213473531,213473531,208447619.9
29,29,10,SECRETARIA DE LA FUNCION PUBLICA,34232730,34232730,31387274.42
29,29,11,SECRETARIA DE MEDIO AMBIENTE,76067893,7606789300,7391292787
29,29,12,OFICIALIA MAYOR DE GOBIERNO,NSS,NSS,NSS
29,29,13,PROCURADURIA GENERAL DE JUSTICIA DEL ESTADO,NSS,NSS,NSS
29,29,14,COORDINACION GENERAL DE INFORMACION Y RELACIONES PUBLICAS,28137130,28137130,28137130
29,29,15,COORDINACION GENERAL DE PLANEACION E INVERSION,12380350,11870234,9361054
29,29,16,COORDINACION DE RADIO CINE Y TELEVISION,29878267,29878267,28098238
29,29,17,CENTRO DE EDUCACION CONTINUA Y A DISTANCIA DEL INSTITUTO POLITECNICO NACIONAL UNIDAD TLAXCALA,9536806,9536806,8625366.78
29,29,18,CASA DE LAS ARTESANIAS,11591457,11591457,9402902.15
29,29,19,SISTEMA ESTATAL DE PROMOCION DEL EMPLEO,NSS,NSS,NSS
29,29,20,COORDINACION ESTATAL DE PROTECCION CIVIL,10282076,10282076,9092585
29,29,21,COMISION EJECUTIVA DEL SISTEMA ESTATAL DE SEGURIDAD PUBLICA,224777982.5,221725203.2,219827413.5
29,29,22,INSTITUTO TLAXCALTECA DE DESARROLLO TAURINO,NSS,NSS,NSS
29,29,23,INSTITUTO ESTATAL DE LA MUJER,12372471,12372471,12372471
29,29,24,INSTITUTO TLAXCALTECA DE ASISTENCIA ESPECIALIZADA A LA SALUD,32316471.13,32316471.13,30502939.94
29,29,25,COMISION ESTATAL DE ARBITRAJE MEDICO,2784245,2784245,2621613.39
29,29,26,INSTITUTO DE CATASTRO,NSS,NSS,NSS
29,29,27,INSTITUTO TLAXCALTECA DE LA JUVENTUD,8819288,8819288,6263318.95
29,29,28,INSTITUTO TLAXCALTECA DE LA CULTURA,43759566,43759566,37572229.37
29,29,29,INSTITUTO TLAXCALTECA PARA PERSONAS CON DISCAPACIDAD,NSS,NSS,NSS
29,29,30,CONSEJO ESTATAL DE POBLACION,4135634.55,4135634.55,3434850.55
29,29,31,INSTITUTO DE CAPACITACION PARA EL TRABAJO DEL ESTADO DE TLAXCALA,79348322,79348322,79348322
29,29,32,COMISION ESTATAL PARA LA PROTECCION CONTRA RIESGOS SANITARIOS,13593104,13593104,13580180
29,29,33,COLEGIO DE BACHILLERES DEL ESTADO DE TLAXCALA,529762074,519618662.5,518620089.8
29,29,34,FONDO MACRO PARA EL DESARROLLO INTEGRAL DE TLAXCALA,12487307,12487307,10511244.73
29,29,35,FIDEICOMISO CIUDAD INDUSTRIAL XICOHTENCATL,4221591,4221591,3965328.58
29,29,36,INSTITUTO DEL DEPORTE DE TLAXCALA,22389196,22389196,22436494.68
29,29,37,COORDINACION DE SERVICIO SOCIAL DE INSTITUCIONES DE EDUCACION SUPERIOR,1545406,1545406,1477880.22
29,29,38,COLEGIO DE ESTUDIOS CIENTIFICOS Y TECNOLOGICOS DEL ESTADO DE TLAXCALA,249602298,523374088,541468409.6
29,29,39,INSTITUTO TLAXCALTECA DE LA INFRAESTRUCTURA FISICA EDUCATIVA,256710924,264094556,157890816.6
29,29,40,ORGANISMO PUBLICO DESCENTRALIZADO DE SALUD TLAXCALA,2487257900,2487257900,2519633718
29,29,41,UNIVERSIDAD POLITECNICA DE TLAXCALA,37806000,43914697,43914697
29,29,42,INSTITUTO TECNOLOGICO SUPERIOR DE TLAXCO,NSS,NSS,NSS
29,29,43,UNIVERSIDAD TECNOLOGICA DE TLAXCALA,40000000,41046784,41046784
29,29,44,INSTITUTO TLAXCALTECA PARA LA EDUCACION DE LOS ADULTOS,NSS,NSS,NSS
29,29,45,EL COLEGIO DE TLAXCALA ASOCIACION CIVIL,16232822,16232822,16161497
29,29,46,SISTEMA ESTATAL PARA EL DESARROLLO INTEGRAL DE LA FAMILIA,230041081,263658144.5,255123814.1
29,29,47,COMISION EJECUTIVA DE ATENCION A VICTIMAS Y OFENDIDOS,4089932,4089932,4134956
29,29,48,UNIDAD DE SERVICIOS EDUCATIVOS DE TLAXCALA,5719339566,5719339566,5796817728
29,29,49,COLEGIO DE EDUCACION PROFESIONAL TECNICA DEL ESTADO DE TLAXCALA,64566545,64566545,62056980.93
29,29,50,INSTITUTO INMOBILIARIO DE DESARROLLO URBANO Y VIVIENDA DEL ESTADO DE TLAXCALA,22220743,22220743,22220743
29,29,51,COMISION ESTATAL DE AGUA DE TLAXCALA,16073545,15269868,14682059.84
29,29,52,CENTRO DE SERVICIOS INTEGRALES PARA EL TRATAMIENTO DE AGUAS RESIDUALES DEL ESTADO DE TLAXCALA,55384224,55384224,51171945
29,29,53,UNIVERSIDAD POLITECNICA DE TLAXCALA REGION PONIENTE,17135004,17135004,19407976
29,29,54,CENTRO DE CONCILIACION LABORAL DEL ESTADO DE TLAXCALA,3000000,3000000,2998721.93
29,29,55,CENTRO DE REHABILITACION INTEGRAL Y ESCUELA EN TERAPIA FISICA Y REHABILITACION,NSS,NSS,NSS
29,29,56,PENSIONES CIVILES DEL ESTADO DE TLAXCALA,NSS,NSS,NSS
30,30,1,OFICINA DEL C GOBERNADOR,113148446,113148446,104981876.9
30,30,2,SECRETARIA DE DESARROLLO AGROPECUARIO RURAL Y PESCA,262048525,262048525,366482126.9
30,30,3,SECRETARIA DE SALUD,8030420,8030420,8341946.32
30,30,4,SECRETARIA DE EDUCACION,46217458469,46217458469,55141529449
30,30,5,SECRETARIA DE DESARROLLO SOCIAL,967213310,967213310,1057071334
30,30,6,SECRETARIA DE DESARROLLO ECONOMICO Y PORTUARIO,95396157,95396157,115309131.8
30,30,7,SECRETARIA DE GOBIERNO,487420075,487420075,492490475
30,30,8,SECRETARIA DE FINANZAS Y PLANEACION,9707699913,9707699913,10466943128
30,30,9,COORDINACION GENERAL DE COMUNICACION SOCIAL,69176150,69176150,177086433.7
30,30,10,CONTRALORIA GENERAL,136630650,136630650,167856881.6
30,30,11,SECRETARIA DE INFRAESTRUCTURA Y OBRAS PUBLICAS,1848202435,1848202435,3414436946
30,30,12,OFICINA DEL PROGRAMA DE GOBIERNO,33371736,33371736,31037729.52
30,30,13,SECRETARIA DE SEGURIDAD PUBLICA,5802544050,5802544050,5590940505
30,30,14,SECRETARIA DE TRABAJO PREVISION SOCIAL Y PRODUCTIVIDAD,104517149,104517149,226622421.4
30,30,15,SECRETARIA DE TURISMO Y CULTURA,117386504,117386504,113009716.3
30,30,16,SECRETARIA DE PROTECCION CIVIL,88803981,88803981,80107353.21
30,30,17,SECRETARIA DE MEDIO AMBIENTE,89874025,89874025,94963499.81
30,30,18,SERVICIOS DE SALUD DE VERACRUZ,14242235711,14242235711,17410932735
30,30,19,SISTEMA PARA EL DESARROLLO INTEGRAL DE LA FAMILIA,1315091295,1315091295,1493799973
30,30,20,COMISION DE ARBITRAJE MEDICO,12471779,12471779,12471779
30,30,21,ACADEMIA VERACRUZANA DE LAS LENGUAS INDIGENAS,6009918,6009918,6087829.12
30,30,22,INSTITUTO VERACRUZANO DEL DEPORTE,83204596,83204596,95373272.93
30,30,23,INSTITUTO DE ESPACIOS EDUCATIVOS DEL ESTADO DE VERACRUZ,351407738,351407738,566989197.1
30,30,24,COLEGIO DE BACHILLERES DEL ESTADO DE VERACRUZ,1331215630,1331215630,1661001749
30,30,25,INSTITUTO TECNOLOGICO SUPERIOR DE MISANTLA,47842741,47842741,38562754
30,30,26,INSTITUTO TECNOLOGICO SUPERIOR DE SAN ANDRES TUXTLA,46459944,46459944,48734840.24
30,30,27,INSTITUTO TECNOLOGICO SUPERIOR DE TANTOYUCA,43625508,43625508,50789970.6
30,30,28,INSTITUTO TECNOLOGICO SUPERIOR DE COSAMALOAPAN,30137653,30137653,35833427
30,30,29,INSTITUTO TECNOLOGICO SUPERIOR DE PANUCO,37665655,37665655,46372544.4
30,30,30,INSTITUTO TECNOLOGICO SUPERIOR DE POZA RICA,74082303,74082303,91597563.09
30,30,31,INSTITUTO TECNOLOGICO SUPERIOR DE XALAPA,100601390,100601390,91849130
30,30,32,INSTITUTO TECNOLOGICO SUPERIOR DE COATZACOALCOS,85269627,85269627,101685028.2
30,30,33,INSTITUTO TECNOLOGICO SUPERIOR DE TIERRA BLANCA,44866805,44866805,57616048
30,30,34,INSTITUTO TECNOLOGICO SUPERIOR DE ALAMO,33585576,33585576,37880130
30,30,35,INSTITUTO TECNOLOGICO SUPERIOR DE ACAYUCAN,41218783,41218783,55032605.4
30,30,36,INSTITUTO TECNOLOGICO SUPERIOR DE LAS CHOAPAS,44252931,44252931,47412716.34
30,30,37,INSTITUTO TECNOLOGICO SUPERIOR DE HUATUSCO,33740439,33740439,41411912.8
30,30,38,INSTITUTO TECNOLOGICO SUPERIOR DE ALVARADO,41135218,41135218,47789442
30,30,39,INSTITUTO TECNOLOGICO SUPERIOR DE PEROTE,26505518,26505518,29545475
30,30,40,INSTITUTO TECNOLOGICO SUPERIOR DE ZONGOLICA,31474255,31474255,37406333
30,30,41,INSTITUTO TECNOLOGICO SUPERIOR DE NARANJOS,22987956,22987956,25745089
30,30,42,INSTITUTO TECNOLOGICO SUPERIOR DE CHICONTEPEC,14514845,14514845,16065610
30,30,43,INSTITUTO TECNOLOGICO SUPERIOR DE MARTINEZ DE LA TORRE,24586342,24586342,24585196.34
30,30,44,INSTITUTO TECNOLOGICO SUPERIOR DE JESUS CARRANZA,18033579,18033579,23702687.17
30,30,45,INSTITUTO TECNOLOGICO SUPERIOR DE RODRIGUEZ CLARA,18186269,18186269,22946191.65
30,30,46,INSTITUTO VERACRUZANO DE EDUCACION PARA LOS ADULTOS,227903021,227903021,247486038.3
30,30,47,COLEGIO NACIONAL DE EDUCACION PROFESIONAL TECNICA,260459835,260459835,283292709.6
30,30,48,UNIVERSIDAD TECNOLOGICA DEL SURESTE,50673263,50673263,93249418.76
30,30,49,UNIVERSIDAD TECNOLOGICA DEL CENTRO,87250567,87250567,159038845.2
30,30,50,UNIVERSIDAD TECNOLOGICA DE GUTIERREZ ZAMORA,43400545,43400545,81550677.7
30,30,51,CONSEJO VERACRUZANO DE INVESTIGACION CIENTIFICA Y DESARROLLO TECNOLOGICO,8310914,8310914,8710644
30,30,52,COLEGIO DE ESTUDIOS CIENTIFICOS Y TECNOLOGICOS,384324614,384324614,489751047.3
30,30,53,COLEGIO DE VERACRUZ,31339451,31339451,32658311.66
30,30,54,UNIVERSIDAD POLITECNICA DE HUATUSCO,19820330,19820330,40502213.35
30,30,55,UNIVERSIDAD POPULAR AUTONOMA DE VERACRUZ,40488788,40488788,29825169.44
30,30,56,INSTITUTO VERACRUZANO DE LA VIVIENDA,203134034,203134034,344020840
30,30,57,AGENCIA ESTATAL DE ENERGIA DEL ESTADO DE VERACRUZ,10000000,10000000,9609168.14
30,30,58,INSTITUTO VERACRUZANO DE LAS MUJERES,23000000,23000000,43244623.84
30,30,59,INSTITUTO VERACRUZANO DE DESARROLLO MUNICIPAL,6000000,6000000,11435723.86
30,30,60,COMISION EJECUTIVA PARA LA ATENCION INTEGRAL A VICTIMAS DEL DELITO,95000000,95000000,96167708.44
30,30,61,CENTRO DE JUSTICIA PARA MUJERES DEL ESTADO DE VERACRUZ,9000000,9000000,8935370.57
30,30,62,INSTITUTO DE PENSIONES DEL ESTADO,3300000000,3300000000,3223923687
30,30,63,COMISION DEL AGUA DEL ESTADO DE VERACRUZ,627854071,627854071,2036247250
30,30,64,RADIOTELEVISION DE VERACRUZ,104587650,104587650,156137209.5
30,30,65,SECRETARIA EJECUTIVA DEL SISTEMA ESTATAL ANTICORRUPCION,18500000,18500000,16149728.5
30,30,66,INSTITUTO DE LA POLICIA AUXILIAR Y PROTECCION PATRIMONIAL,984064483,984064483,1173478975
30,30,67,ACADEMIA REGIONAL DE SEGURIDAD PUBLICA DEL SURESTE,0,0,5127301.58
30,30,68,INSTITUTO DE CAPACITACION PARA EL TRABAJO,215732580,215732580,231617502
30,30,69,CENTRO DE CONCILIACION LABORAL DEL ESTADO DE VERACRUZ DE IGNACIO DE LA LLAVE,0,0,7195929.63
30,30,70,INSTITUTO VERACRUZANO DE LA CULTURA,96553417,96553417,94915030.49
30,30,71,PROCURADURIA ESTATAL DE PROTECCION AL MEDIO AMBIENTE,69550485,69550485,158607973.2
30,30,72,FIDEICOMISO FONDO DEL FUTURO,NSS,NSS,NSS
31,31,1,SECRETARIA DE DESARROLLO RURAL,193747091,193747091,391874512.8
31,31,2,SECRETARIA DE PESCA Y ACUACULTURA SUSTENTABLES,92959334,92959334,92521332.96
31,31,3,SECRETARIA DE LA CULTURA Y LAS ARTES,359553257,359553257,346418614.7
31,31,4,SECRETARIA DE ADMINISTRACION Y FINANZAS,903797059,903797059,1059099484
31,31,5,CONSEJERIA JURIDICA,112630901,112630901,112569237.8
31,31,6,SECRETARIA DE INVESTIGACION INNOVACION Y EDUCACION SUPERIOR,132025687,132025687,123503258.5
31,31,7,SECRETARIA DE DESARROLLO SOCIAL,435028572,435028572,457808600.7
31,31,8,DESPACHO DEL GOBERNADOR,27916360,27916360,30422450.28
31,31,9,SECRETARIA DE FOMENTO ECONOMICO Y TRABAJO,322403630,322403630,202111092.4
31,31,10,SECRETARIA DE EDUCACION,10709211221,10709211221,10187388526
31,31,11,SECRETARIA DE LA CONTRALORIA GENERAL,88312294,88312294,100489339
31,31,12,SECRETARIA GENERAL DE GOBIERNO,418340615,418340615,410356615.7
31,31,13,SECRETARIA DE LAS MUJERES,73312348,73312348,78624757.75
31,31,14,FISCALIA GENERAL DEL ESTADO,399423742,399423742,381970788
31,31,15,SECRETARIA DE DESARROLLO SUSTENTABLE,51257781,51257781,55397271.77
31,31,16,SECRETARIA DE SALUD,79110,79110,0
31,31,17,SECRETARIA DE SEGURIDAD PUBLICA,2761999598,2761999598,3542961010
31,31,18,SECRETARIA DE OBRAS PUBLICAS,13446119,13446119,88441902.27
31,31,19,SECRETARIA DE FOMENTO TURISTICO,60445664,60445664,70165752.7
31,31,20,CASA DE LAS ARTESANIAS DEL GOBIERNO DEL ESTADO DE YUCATAN,14016720,14016720,10147342.94
31,31,21,FIDEICOMISO GARANTE DE LA ORQUESTA SINFONICA DE YUCATAN,17019822,17019822,29446556.4
31,31,22,FIDEICOMISO PUBLICO PARA LA ADMINISTRACION DEL PALACIO DE LA MUSICA,12837783,12837783,10718603.93
31,31,23,INSTITUTO DE INFRAESTRUCTURA CARRETERA DE YUCATAN,203623426,203623426,336806926
31,31,24,SISTEMA TELE YUCATAN S A DE C V,31449835,31449835,31672728.93
31,31,25,INSTITUTO DEL DEPORTE DEL ESTADO DE YUCATAN,197744039,197744039,206412777.5
31,31,26,FIDEICOMISO PUBLICO PARA LA ADMINISTRACION DE LA RESERVA TERRITORIAL DE UCU,13013438,13013438,19405812.87
31,31,27,INSTITUTO DE MOVILIDAD Y DESARROLLO URBANO TERRITORIAL,480120823,480120823,455205445.4
31,31,28,INSTITUTO DE VIVIENDA DEL ESTADO DE YUCATAN,437494658,437494658,405943207.5
31,31,29,ADMINISTRACION DEL PATRIMONIO DE LA BENEFICENCIA PUBLICA DEL ESTADO DE YUCATAN,2157016,2157016,8292183.62
31,31,30,INSTITUTO PARA EL DESARROLLO DE LA CULTURA MAYA DEL ESTADO DE YUCATAN,12884891,12884891,12875642.57
31,31,31,INSTITUTO PARA LA INCLUSION DE LAS PERSONAS CON DISCAPACIDAD DEL ESTADO DE YUCATAN,4874441,4874441,4369356.95
31,31,32,JUNTA DE ASISTENCIA PRIVADA DEL ESTADO DE YUCATAN,3500114,3500114,3441486.48
31,31,33,SISTEMA PARA EL DESARROLLO INTEGRAL DE LA FAMILIA EN YUCATAN,544658442,544658442,568291384.3
31,31,34,AGENCIA PARA EL DESARROLLO DE YUCATAN,0,0,5531093.99
31,31,35,INSTITUTO PROMOTOR DE FERIAS DE YUCATAN,74956918,74956918,13298366.8
31,31,36,INSTITUTO YUCATECO DE EMPRENDEDORES,40512153,40512153,39018001.79
31,31,37,COLEGIO DE BACHILLERES DEL ESTADO DE YUCATAN,496839892,496839892,511340608.8
31,31,38,COLEGIO DE EDUCACION PROFESIONAL TECNICA DEL ESTADO DE YUCATAN,148466630,148466630,143616643.8
31,31,39,COLEGIO DE ESTUDIOS CIENTIFICOS Y TECNOLOGICOS DEL ESTADO DE YUCATAN,104291816,104291816,96260168.01
31,31,40,ESCUELA SUPERIOR DE ARTES DE YUCATAN,31244726,31244726,31232202.65
31,31,41,INSTITUTO DE EDUCACION PARA ADULTOS DEL ESTADO DE YUCATAN,99807981,99807981,96453812.17
31,31,42,INSTITUTO TECNOLOGICO SUPERIOR DE MOTUL,12412948,12412948,37095183.82
31,31,43,INSTITUTO TECNOLOGICO SUPERIOR DE PROGRESO,12103967,12103967,52639016.94
31,31,44,INSTITUTO TECNOLOGICO SUPERIOR DE VALLADOLID,12715151,12715151,46714387.07
31,31,45,INSTITUTO TECNOLOGICO SUPERIOR DEL SUR DEL ESTADO DE YUCATAN,9989722,9989722,43176230.98
31,31,46,UNIVERSIDAD DE ORIENTE,52884871,52884871,29830732.94
31,31,47,UNIVERSIDAD POLITECNICA DE YUCATAN,47050830,47050830,16151747.39
31,31,48,UNIVERSIDAD TECNOLOGICA DEL CENTRO,19771369,19771369,19337519.77
31,31,49,UNIVERSIDAD TECNOLOGICA REGIONAL DEL SUR,32499460,32499460,30977502.34
31,31,50,UNIVERSIDAD TECNOLOGICA DEL MAYAB,20871759,20871759,21069302.7
31,31,51,UNIVERSIDAD TECNOLOGICA DEL PONIENTE,16661955,16661955,17896937.29
31,31,52,UNIVERSIDAD TECNOLOGICA METROPOLITANA,144447655,144447655,119825937.8
31,31,53,SECRETARIA EJECUTIVA DEL SISTEMA ESTATAL ANTICORRUPCION,14721717,14721717,14300439.53
31,31,54,SECRETARIA TECNICA DE PLANEACION Y EVALUACION,19322553,19322553,26599219.48
31,31,55,COMISION EJECUTIVA ESTATAL DE ATENCION A VICTIMAS,17418837,17418837,16608971.03
31,31,56,INSTITUTO DE SEGURIDAD SOCIAL DE LOS TRABAJADORES DEL ESTADO DE YUCATAN,1955075903,1955075903,1843969857
31,31,57,CENTRO ESTATAL DE TRASPLANTES DE YUCATAN,2569232,2569232,2530532.32
31,31,58,HOSPITAL COMUNITARIO DE PETO YUCATAN,5945207,5945207,40650468.92
31,31,59,HOSPITAL COMUNITARIO DE TICUL YUCATAN,45153147,45153147,44157051.13
31,31,60,HOSPITAL DE LA AMISTAD COREA MEXICO,72394302,72394302,70437991.66
31,31,61,HOSPITAL GENERAL DE TEKAX YUCATAN,8999117,8999117,6281418.03
31,31,62,SERVICIOS DE SALUD DE YUCATAN,4858438427,4858438427,4726748057
31,31,63,INSTITUTO PARA EL DESARROLLO Y CERTIFICACION DE LA INFRAESTRUCTURA FISICA EDUCATIVA Y ELECTRICA DE YUCATAN,41451297,41451297,375437767.1
31,31,64,INSTITUTO PARA LA CONSTRUCCION Y CONSERVACION DE OBRA PUBLICA EN YUCATAN,47356854,47356854,498511420.5
31,31,65,JUNTA DE AGUA POTABLE Y ALCANTARILLADO DE YUCATAN,495763490,495763490,523797017.4
31,31,66,INSTITUTO DE SEGURIDAD JURIDICA PATRIMONIAL DE YUCATAN,67372499,67372499,69008440.68
31,31,67,INSTITUTO DE CAPACITACION PARA EL TRABAJO DEL ESTADO DE YUCATAN,8876363,8876363,10593378.79
31,31,68,FIDEICOMISO PUBLICO PARA EL DESARROLLO DEL TURISMO DE REUNIONES EN YUCATAN,76690180,76690180,35910246.73
31,31,69,PATRONATO DE LAS UNIDADES DE SERVICIOS CULTURALES Y TURISTICOS DEL ESTADO DE YUCATAN,252778826,252778826,353766095.1
32,32,1,JEFATURA DE OFICINA DEL CIUDADANO GOBERNADOR,233521128,233521128,259763730.5
32,32,2,SECRETARIA GENERAL DE GOBIERNO,393301542,393689392,237247842.8
32,32,3,SECRETARIA DE FINANZAS,1718268130,1836768130,1793799832
32,32,4,SECRETARIA DE SEGURIDAD PUBLICA,1251808266,1271808266,1252218562
32,32,5,SECRETARIA DE ADMINISTRACION,187371018,187371018,195144765.6
32,32,6,SECRETARIA DE LA FUNCION PUBLICA,85788129,85788129,106069044.6
32,32,7,SECRETARIA DE ECONOMIA,136417283,136417283,103457844.4
32,32,8,SECRETARIA DE TURISMO,73139335,73139335,59108381.98
32,32,9,SECRETARIA DE OBRAS PUBLICAS,337287859,351400009,394991868.2
32,32,10,SECRETARIA DE EDUCACION,10511270804,10311270804,10181773709
32,32,11,SECRETARIA DE DESARROLLO SOCIAL,199427868,199427868,132611299.9
32,32,12,SECRETARIA DE SALUD,250000,250000,250000
32,32,13,SECRETARIA DE DESARROLLO URBANO VIVIENDA Y ORDENAMIENTO TERRITORIAL,154966579,154966579,130100716.1
32,32,14,SECRETARIA DEL AGUA Y MEDIO AMBIENTE,179006230,182006230,164253266.9
32,32,15,SECRETARIA DEL CAMPO,185609966,190109966,159048965.6
32,32,16,SECRETARIA DE LAS MUJERES,53157001,53157001,64867611.57
32,32,17,SECRETARIA DEL ZACATECANO MIGRANTE,43884443,64884443,32916813.29
32,32,18,COORDINACION GENERAL JURIDICA,48047988,48047988,43519020.35
32,32,19,COORDINACION ESTATAL DE PLANEACION,32733533,32733533,33404349.47
32,32,20,SISTEMA ESTATAL PARA EL DESARROLLO INTEGRAL DE LA FAMILIA,407479817,407479817,410622006.8
32,32,21,CONSEJO ESTATAL DE DESARROLLO ECONOMICO,6715466,6715466,6727147.64
32,32,22,CONSEJO ZACATECANO DE CIENCIA TECNOLOGIA E INNOVACION,57300371,57300371,37573413.59
32,32,23,SERVICIOS DE SALUD DE ZACATECAS,3295551105,3306551105,4244076377
32,32,24,INSTITUTO DE LA DEFENSORIA PUBLICA,50713573,50713573,50211022.77
32,32,25,INSTITUTO DE CULTURA FISICA Y DEPORTE DEL ESTADO DE ZACATECAS,87346465,87346465,94266035.16
32,32,26,SISTEMA ZACATECANO DE RADIO Y TELEVISION,34566204,34566204,31225375.89
32,32,27,PATRONATO ESTATAL DE PROMOTORES VOLUNTARIOS,9056729,9056729,10639105.06
32,32,28,INSTITUTO ZACATECANO DE EDUCACION PARA ADULTOS,75691226,75691226,95759446.43
32,32,29,INSTITUTO DE CAPACITACION PARA EL TRABAJO,3353796,3353796,8816825.86
32,32,30,INSTITUTO ZACATECANO DE CULTURA RAMON LOPEZ VELARDE,96486018,96486018,107799423.7
32,32,31,INSTITUTO ZACATECANO DE CONSTRUCCION DE ESCUELAS,228494496,228494496,271647866.1
32,32,32,JUNTA DE PROTECCION Y CONSERVACION DE MONUMENTOS Y ZONAS TIPICAS DEL ESTADO DE ZACATECAS,21618560,21618560,21620454.78
32,32,33,INSTITUTO DE LA JUVENTUD DEL ESTADO DE ZACATECAS,27955369,27955369,21947355.53
32,32,34,INSTITUTO PARA LA ATENCION E INCLUSION DE LAS PERSONAS CON DISCAPACIDAD,41095236,41595236,25335906.52
32,32,35,UNIVERSIDAD POLITECNICA DE ZACATECAS,18394336,20894336,54223246.73
32,32,36,UNIVERSIDAD POLITECNICA DEL SUR DE ZACATECAS,9472842,9472842,22029529.71
32,32,37,INSTITUTO TECNOLOGICO SUPERIOR DE NOCHISTLAN,13328058,13328058,13328058
32,32,38,INSTITUTO TECNOLOGICO SUPERIOR DE FRESNILLO,29059208,29059208,33090902.61
32,32,39,INSTITUTO TECNOLOGICO SUPERIOR DE TLALTENANGO,15727611,15727611,18657753.45
32,32,40,INSTITUTO TECNOLOGICO SUPERIOR DE LORETO,14953359,14953359,16901138.84
32,32,41,INSTITUTO TECNOLOGICO SUPERIOR DE RIO GRANDE,22201915,22201915,26006842.86
32,32,42,INSTITUTO TECNOLOGICO SUPERIOR DE JEREZ,13636445,13636445,13636445
32,32,43,INSTITUTO TECNOLOGICO SUPERIOR DE SOMBRERETE,17573781,17573781,17573781
32,32,44,ESCUELA DE CONSERVACION Y RESTAURACION DE ZACATECAS REFUGIO REYES,2793100,2793100,4866081.84
32,32,45,COLEGIO DE BACHILLERES DEL ESTADO DE ZACATECAS,158422713,158422713,554647455.4
32,32,46,COLEGIO DE EDUCACION PROFESIONAL TECNICA DE ZACATECAS,67243918,67243918,77455617.06
32,32,47,COLEGIO DE ESTUDIOS CIENTIFICOS Y TECNOLOGICOS DEL ESTADO DE ZACATECAS,76977426,76977426,394816004.2
32,32,48,INSTITUTO DE SELECCION Y CAPACITACION DEL ESTADO DE ZACATECAS,15257731,15257731,17475900.05
32,32,49,UNIVERSIDAD TECNOLOGICA DEL ESTADO DE ZACATECAS,39625711,39625711,88276464.55
32,32,50,COMISION ESTATAL DE LA DEFENSA DEL CONTRIBUYENTE,6096194,6096194,6615595.88
32,32,51,SECRETARIA EJECUTIVA DEL SISTEMA ESTATAL ANTICORRUPCION,7329368,7329368,7234838.06
32,32,52,CENTRO DE CONCILIACION LABORAL DEL ESTADO DE ZACATECAS,1000052,1000052,11113024.35
32,32,53,AGENCIA DE ENERGIA DEL ESTADO DE ZACATECAS,3288610,3288610,4343943.94
32,32,54,INSTITUTO DE SEGURIDAD Y SERVICIOS SOCIALES PARA EL ESTADO DE ZACATECAS,1586224204,1586224204,1383728840