entidad_a,enticve1,numeral,nombre1,rnspni1,nombre2,elepro1,elepro2,elepro3,elepro4,elepro5,elepro6,elepro7,elepro8,elepro9,elepro10,elepro11,elepro12,elepro13
1,01,1,DESPACHO EJECUTIVO ESTATAL,1,MANUAL DE LINEAMIENTOS DE LA DIRECCION GENERAL DE CAPITAL HUMANO,1,1,1,1,1,1,1,1,1,1,1,1,
1,01,2,COORDINACION GENERAL EJECUTIVA DE GABINETE,1,MANUAL DE LINEAMIENTOS DE LA DIRECCION GENERAL DE CAPITAL HUMANO,1,1,1,1,1,1,1,1,1,1,1,1,
1,01,3,SECRETARIA DE COMUNICACION Y VOCERIA DEL GOBIERNO,1,MANUAL DE LINEAMIENTOS DE LA DIRECCION GENERAL DE CAPITAL HUMANO,1,1,1,1,1,1,1,1,1,1,1,1,
1,01,4,SECRETARIA GENERAL DE GOBIERNO,1,MANUAL DE LINEAMIENTOS DE LA DIRECCION GENERAL DE CAPITAL HUMANO,1,1,1,1,1,1,1,1,1,1,1,1,
1,01,5,SECRETARIA DE SEGURIDAD PUBLICA,1,MANUAL DE LINEAMIENTOS DE LA DIRECCION GENERAL DE CAPITAL HUMANO,1,1,1,1,1,1,1,1,1,1,1,1,
1,01,6,SECRETARIA DE FINANZAS,1,MANUAL DE LINEAMIENTOS DE LA DIRECCION GENERAL DE CAPITAL HUMANO,1,1,1,1,1,1,1,1,1,1,1,1,
1,01,7,SECRETARIA DE DESARROLLO ECONOMICO CIENCIA Y TECNOLOGIA,1,MANUAL DE LINEAMIENTOS DE LA DIRECCION GENERAL DE CAPITAL HUMANO,1,1,1,1,1,1,1,1,1,1,1,1,
1,01,8,SECRETARIA DE SALUD,1,MANUAL DE LINEAMIENTOS DE LA DIRECCION GENERAL DE CAPITAL HUMANO,1,1,1,1,1,1,1,1,1,1,1,1,
1,01,9,SECRETARIA DE SUSTENTABILIDAD MEDIO AMBIENTE Y AGUA,1,MANUAL DE LINEAMIENTOS DE LA DIRECCION GENERAL DE CAPITAL HUMANO,1,1,1,1,1,1,1,1,1,1,1,1,
1,01,10,SECRETARIA DE DESARROLLO SOCIAL,1,MANUAL DE LINEAMIENTOS DE LA DIRECCION GENERAL DE CAPITAL HUMANO,1,1,1,1,1,1,1,1,1,1,1,1,
1,01,11,SECRETARIA DE OBRAS PUBLICAS,1,MANUAL DE LINEAMIENTOS DE LA DIRECCION GENERAL DE CAPITAL HUMANO,1,1,1,1,1,1,1,1,1,1,1,1,
1,01,12,SECRETARIA DE DESARROLLO RURAL Y AGROEMPRESARIAL,1,MANUAL DE LINEAMIENTOS DE LA DIRECCION GENERAL DE CAPITAL HUMANO,1,1,1,1,1,1,1,1,1,1,1,1,
1,01,13,SECRETARIA DE TURISMO,1,MANUAL DE LINEAMIENTOS DE LA DIRECCION GENERAL DE CAPITAL HUMANO,1,1,1,1,1,1,1,1,1,1,1,1,
1,01,14,SECRETARIA DE PLANEACION PARTICIPACION Y DESARROLLO,1,MANUAL DE LINEAMIENTOS DE LA DIRECCION GENERAL DE CAPITAL HUMANO,1,1,1,1,1,1,1,1,1,1,1,1,
1,01,15,SECRETARIA DE ADMINISTRACION,1,MANUAL DE LINEAMIENTOS DE LA DIRECCION GENERAL DE CAPITAL HUMANO,1,1,1,1,1,1,1,1,1,1,1,1,
1,01,16,COORDINACION GENERAL DE MOVILIDAD,1,MANUAL DE LINEAMIENTOS DE LA DIRECCION GENERAL DE CAPITAL HUMANO,1,1,1,1,1,1,1,1,1,1,1,1,
1,01,17,CONTRALORIA DEL ESTADO,1,MANUAL DE LINEAMIENTOS DE LA DIRECCION GENERAL DE CAPITAL HUMANO,1,1,1,1,1,1,1,1,1,1,1,1,
1,01,18,SECRETARIA DE LA FAMILIA,1,MANUAL DE LINEAMIENTOS DE LA DIRECCION GENERAL DE CAPITAL HUMANO,1,1,1,1,1,1,1,1,1,1,1,1,
1,01,19,SECRETARIA DE INNOVACION Y GOBIERNO DIGITAL,1,MANUAL DE LINEAMIENTOS DE LA DIRECCION GENERAL DE CAPITAL HUMANO,1,1,1,1,1,1,1,1,1,1,1,1,
1,01,20,SECRETARIA DE GESTION URBANISTICA ORDENAMIENTO TERRITORIAL REGISTRAL Y CATASTRAL,1,MANUAL DE LINEAMIENTOS DE LA DIRECCION GENERAL DE CAPITAL HUMANO,1,1,1,1,1,1,1,1,1,1,1,1,
1,01,21,CONSEJERIA JURIDICA DEL ESTADO,1,MANUAL DE LINEAMIENTOS DE LA DIRECCION GENERAL DE CAPITAL HUMANO,1,1,1,1,1,1,1,1,1,1,1,1,
1,01,22,INSTITUTO ESTATAL DE SEGURIDAD PUBLICA DE AGUASCALIENTES,1,MANUAL DE LINEAMIENTOS PARA LA GESTION DE CAPITAL HUMANO,1,1,,1,1,,,1,1,1,,1,
1,01,23,INSTITUTO DE SEGURIDAD Y SERVICIOS SOCIALES PARA LOS SERVIDORES PUBLICOS DEL ESTADO DE AGUASCALIENTES,1,MANUAL DE LINEAMIENTOS DE CAPITAL HUMANO,,1,,,1,,,1,1,,,,
1,01,24,SISTEMA PARA EL DESARROLLO INTEGRAL DE LA FAMILIA,1,MANUAL DE LINEAMIENTOS DE CAPITAL HUMANO,,,,1,1,1,,1,1,1,,,
1,01,25,INSTITUTO DE ASESORIA Y DEFENSORIA PUBLICA DEL ESTADO DE AGUASCALIENTES,3,NO APLICA,NA,NA,NA,NA,NA,NA,NA,NA,NA,NA,NA,NA,NA
1,01,26,INSTITUTO AGUASCALENTENSE DE LA JUVENTUD,1,MANUAL DE LINEAMIENTOS DE CAPITAL HUMANO,,1,,,1,1,,1,1,,,,
1,01,27,INSTITUTO DE VIVIENDA SOCIAL Y ORDENAMIENTO DE LA PROPIEDAD DEL ESTADO DE AGUASCALIENTES,1,MANUAL DE LINEAMIENTOS DE CAPITAL HUMANO,,,,,,,,1,,1,1,,
1,01,28,PROCURADURIA ESTATAL DE PROTECCION AL AMBIENTE,1,MANUAL DE LINEAMIENTOS DE CAPITAL HUMANO,,1,,,1,,,1,1,,,1,
1,01,29,INSTITUTO DEL AGUA DEL ESTADO,1,MANUAL DE LINEAMIENTOS DE LA DIRECCION GENERAL DE CAPITAL HUMANO,,,,,1,,,1,1,,,1,
1,01,30,INSTITUTO DE CIENCIA Y TECNOLOGIA DEL ESTADO DE AGUASCALIENTES,1,MANUAL DE LINEAMIENTOS DE LA DIRECCION GENERAL DE CAPITAL HUMANO,,1,1,1,1,1,1,1,1,1,1,,
1,01,31,PATRONATO DE LA FERIA NACIONAL DE SAN MARCOS,1,MANUAL DE LINEAMIENTOS DE LA DIRECCION GENERAL DE CAPITAL HUMANO DE LASECRETARIA DE ADMINISTRACION DEL ESTADO DE AGUASCALIENTES,,1,1,,1,,1,1,1,,1,,
1,01,32,INSTITUTO AGUASCALENTENSE DE LAS MUJERES,1,MANUAL DE LINEAMIENTOS DE LA DIRECCION GENERAL DE CAPITAL HUMANO DE LASECRETARIA DE ADMINISTRACION DEL ESTADO DE AGUASCALIENTES,1,1,1,1,1,1,1,1,1,1,,,
1,01,33,ESCUELA NORMAL DE AGUASCALIENTES,1,NO APLICA,,1,,,1,,1,1,,,,,
1,01,34,INSTITUTO PARA LA EDUCACION DE LAS PERSONAS JOVENES Y ADULTAS DEL ESTADO DE AGUASCALIENTES,1,PROGRAMA DE PROFESIONALIZACION DERIVADO DEL CONTRATO COLECTIVO DE TRABAJO,,1,1,,1,,1,1,1,,1,,
1,01,35,UNIVERSIDAD POLITECNICA DE AGUASCALIENTES,1,MANUAL DE LINEAMIENTOS DE LA DIRECCION GENERAL DE CAPITAL HUMANO DE LA SECRETARIA DE ADMINISTRACION DEL ESTADO DE AGUASCALIENTES,,1,,1,1,1,1,1,1,,,,
1,01,36,INSTITUTO CULTURAL DE AGUASCALIENTES,1,MANUAL DE LINEAMIENTOS DE CAPITAL HUMANO DE LA ADMINISTRACION PUBLICA ESTATAL,1,1,1,1,1,,1,1,1,1,1,1,
1,01,37,INSTITUTO DEL DEPORTE DEL ESTADO DE AGUASCALIENTES,1,REGLAMENTO INTERNO DE TRABAJO DEL INSTITUTO DEL DEPORTE DEL ESTADO DE AGUASCALIENTES,,1,,,,,,,1,,,,
1,01,38,RADIO Y TELEVISION DE AGUASCALIENTES,1,DIRECCION ADMINISTRATIVA,,1,1,,1,1,,1,1,,,1,
1,01,39,UNIVERSIDAD TECNOLOGICA METROPOLITANA DE AGUASCALIENTES,1,REGLAMENTO DE INGRESO PROMOCION Y PERMANENCIA DEL PERSONAL ACADEMICO,,1,1,,1,,1,1,1,,,,
1,01,40,INSTITUTO DE CAPACITACION PARA EL TRABAJO DEL ESTADO DE AGUASCALIENTES,1,DIRECCION GENERAL DE ADMINISTRACION Y SERVICIOS,,,,,,,,1,,,,,
1,01,41,COMISION ESTATAL DE ARBITRAJE MEDICO,1,MANUAL DE LINEAMIENTOS DE LA DIRECCION GENERAL DE CAPITAL HUMANO DE LASECRETARIA DE ADMINISTRACION DEL ESTADO DE AGUASCALIENTES,,1,,,1,,,1,1,,,,
1,01,42,UNIVERSIDAD TECNOLOGICA EL RETOÑO,1,MANUAL DE PROCEDIMIENTOS,,1,1,,1,1,1,,1,,,,
1,01,43,UNIVERSIDAD TECNOLOGICA DE CALVILLO,1,MANUAL DE LINEAMIENTOS DE LA DIRECCION GENERAL DE CAPITAL HUMANO,,1,1,1,1,1,,1,1,1,1,1,
1,01,44,INSTITUTO DE INFRAESTRUCTURA FISICA EDUCATIVA DEL ESTADO DE AGUASCALIENTES,1,ESTATUTO JURIDICO DE LOS TRABAJADORES AL SERVICIO DE LOS GOBIERNOS DEL ESTADO DE AGUASCALIENTES SUS MUNICIPIOS ORGANOS INSTITUCIONALES AUTONOMOS Y ORGANISMOS DESCENTRALIZADOS,,1,,1,1,1,,1,1,,,,
1,01,45,CENTRO DE CONCILIACION LABORAL DEL ESTADO DE AGUASCALIENTES,1,PLAN ANUAL DE CAPACITACION,,,,,,,,1,1,,,,
1,01,46,FIDEICOMISO DE INVERSION Y ADMINISTRACION PARA EL DESARROLLO ECONOMICO DEL ESTADO DE AGUASCALIENTES,3,NO APLICA,NA,NA,NA,NA,NA,NA,NA,NA,NA,NA,NA,NA,NA
1,01,47,FIDEICOMISO DEL COMPLEJO TRES CENTURIAS,1,MANUAL DE LINEAMIENTOS DE LA DIRECCION GENERAL DE CAPITAL HUMANO,,1,,,1,1,1,1,,,,,
1,01,48,FIDEICOMISO DE DESARROLLOS INDUSTRIALES,1,MANUAL DE LINEAMIENTOS,,1,,1,1,1,,1,1,1,,,
1,01,49,SISTEMA DE FINANCIAMIENTO DE AGUASCALIENTES,1,MANUALES DE LINEAMIENTOS DE LA SECRETARIA DE ADMINISTRACION DEL ESTADO DE AGUASCALIENTES,,1,,1,1,1,,1,1,1,,,
1,01,50,INSTITUTO DE EDUCACION DE AGUASCALIENTES,1,REGLAMENTO INTERIOR DEL INSTITUTO DE EDUCACION DE AGUASCALIENTES ARTICULO 96 BIS FRACCION XI,,,,,,,,,1,,,,
1,01,51,COLEGIO DE ESTUDIOS CIENTIFICOS Y TECNOLOGICOS DEL ESTADO DE AGUASCALIENTES,1,DIRECCION GENERAL DE ADMINISTRACION Y SERVICIOS,,1,1,1,1,1,1,1,1,1,1,,
1,01,52,UNIVERSIDAD AUTONOMA DE AGUASCALIENTES,1,LINEAMIENTOS INTERNOS DE CAPACITACION,,1,1,1,1,1,1,1,1,1,1,,
1,01,53,UNIVERSIDAD TECNOLOGICA DE AGUASCALIENTES,1,REGLAMENTO DE INGRESO PROMOCION Y PERMANENCIA DEL PERSONAL ACADEMICO RIPPPA,,1,1,,1,,1,1,1,,1,,
1,01,54,UNIVERSIDAD TECNOLOGICA DEL NORTE DE AGUASCALIENTES,1,MANUAL DE LINEAMIENTOS DE LA DIRECCION GENERAL DE CAPITAL HUMANO,,1,,1,1,,1,1,1,,,,
1,01,55,INSTITUTO DE SERVICIOS DE SALUD DEL ESTADO DE AGUASCALIENTES,1,REGLAMENTO DE CAPACITACION DE LA SECRETARIA DE SALUD,,,,,,,,,1,,1,,
1,01,56,SECRETARIA EJECUTIVA DEL SISTEMA ESTATAL ANTICORRUPCION,1,MANUAL DE PROCEDIMIENTOS Y MANUAL DE ORGANIZACION,,1,1,,1,,1,1,1,,,,
1,01,57,COLEGIO DE EDUCACION PROFESIONAL TECNICA DEL ESTADO DE AGUASCALIENTES,3,NO APLICA,NA,NA,NA,NA,NA,NA,NA,NA,NA,NA,NA,NA,NA
2,02,1,COORDINACION DE GABINETE,2,NO APLICA,NA,NA,NA,NA,NA,NA,NA,NA,NA,NA,NA,NA,NA
2,02,2,SECRETARIA GENERAL DE GOBIERNO,3,NO APLICA,NA,NA,NA,NA,NA,NA,NA,NA,NA,NA,NA,NA,NA
2,02,3,OFICIALIA MAYOR DE GOBIERNO,1,CATALOGO GENERAL DE PUESTOS TIPO LINEAMIENTOS PARA LA ELABORACION Y ACTUALIZACION DE PUESTOS ESPECIFICOS DE LA ADMINISTRACION PUBLICA CENTRALIZADA DEL ESTADO DE BAJA CALIFORNIA,,1,1,,1,,,1,1,1,1,,
2,02,4,DIRECCION DE COMUNICACION SOCIAL,3,NO APLICA,NA,NA,NA,NA,NA,NA,NA,NA,NA,NA,NA,NA,NA
2,02,5,SECRETARIA DE HACIENDA DEL ESTADO,1,REGLAMENTO INTERNO,,,,,,,,,,,,,1
2,02,6,SECRETARIA DE LA HONESTIDAD Y LA FUNCION PUBLICA,1,LEY DEL SERVICIO CIVIL REGLAMENTO INTERNO DE OFICIALIA MAYOR CONDICIONES GENERALES,,1,,,,1,,1,,1,,,
2,02,7,SECRETARIA DE PESCA Y ACUACULTURA,1,REGLAMENTO INTERNO DE LA SECRETARIA DE PESCA Y ACUACULTURA POA 2022,,,,,,,,,1,,,,
2,02,8,SECRETARIA DE INFRAESTRUCTURA DESARROLLO URBANO Y REORDENACION TERRITORIAL,1,LEY DEL SERVICIO CIVIL PARA EL ESTADO DE BAJA CALIFORNIA,,,,,,,,1,1,,,,
2,02,9,SECRETARIA DE ECONOMIA E INNOVACION,3,NO APLICA,NA,NA,NA,NA,NA,NA,NA,NA,NA,NA,NA,NA,NA
2,02,10,SECRETARIA DE CAMPO Y SEGURIDAD ALIMENTARIA,1,NORMA DE SELECCION RECLUTAMIENTO Y CAPACITACIONES,,,,,1,,,1,1,,,,
2,02,11,SECRETARIA DE TURISMO,3,NO APLICA,NA,NA,NA,NA,NA,NA,NA,NA,NA,NA,NA,NA,NA
2,02,12,SECRETARIA DE EDUCACION,3,NO APLICA,NA,NA,NA,NA,NA,NA,NA,NA,NA,NA,NA,NA,NA
2,02,13,SECRETARIA DE MEDIO AMBIENTE Y DESARROLLO SUSTENTABLE,3,NO APLICA,NA,NA,NA,NA,NA,NA,NA,NA,NA,NA,NA,NA,NA
2,02,14,SECRETARIA DE BIENESTAR,1,REGLAMENTO INTERNO,,,,,,,,1,1,,,,
2,02,15,SECRETARIA DEL TRABAJO Y PREVISION SOCIAL,3,NO APLICA,NA,NA,NA,NA,NA,NA,NA,NA,NA,NA,NA,NA,NA
2,02,16,DIRECCION DEL REGISTRO PUBLICO DE LA PROPIEDAD Y DEL COMERCIO,1,CENTRO DE PROFESIONALIZACION Y DESARROLLO DEL CAPITAL HUMANO,,,,,,,,,1,,,,
2,02,17,SECRETARIA DE CULTURA,3,NO APLICA,NA,NA,NA,NA,NA,NA,NA,NA,NA,NA,NA,NA,NA
2,02,18,SECRETARIA DE INCLUSION SOCIAL E IGUALDAD DE GENERO,2,NO APLICA,NA,NA,NA,NA,NA,NA,NA,NA,NA,NA,NA,NA,NA
2,02,19,SECRETARIA DE SEGURIDAD CIUDADANA,2,NO APLICA,NA,NA,NA,NA,NA,NA,NA,NA,NA,NA,NA,NA,NA
2,02,20,SECRETARIA DE SALUD,3,NO APLICA,NA,NA,NA,NA,NA,NA,NA,NA,NA,NA,NA,NA,NA
2,02,21,SECRETARIA PARA EL MANEJO SANEAMIENTO Y PROTECCION DEL AGUA,3,NO APLICA,NA,NA,NA,NA,NA,NA,NA,NA,NA,NA,NA,NA,NA
2,02,22,CONSEJERIA JURIDICA,2,NO APLICA,NA,NA,NA,NA,NA,NA,NA,NA,NA,NA,NA,NA,NA
2,02,23,ADMINISTRADORA DE LA VIA CORTA TIJUANA TECATE,1,DECRETO DE CREACION,,,,,,,,1,,1,,,
2,02,24,CENTRO DE CONCILIACION LABORAL DEL ESTADO DE BAJA CALIFORNIA,1,LEY FEDERAL DEL TRABAJO ART 684 DEL PROCEDIMIENTO DE CONCILIACION,,1,,,1,,1,,1,,,,
2,02,25,CENTRO DE JUSTICIA PARA LAS MUJERES,1,LEY QUE CREA EL CENTRO DE JUSTICIA PARA LAS MUJERES DEL ESTADO DE BAJA CALIFORNIA,,,,,,,,1,1,,,,
2,02,26,CENTRO METROPOLITANO DE CONVENCIONES TIJUANA PLAYAS DE ROSARITO TECATE,3,NO APLICA,NA,NA,NA,NA,NA,NA,NA,NA,NA,NA,NA,NA,NA
2,02,27,COLEGIO DE BACHILLERES DEL ESTADO DE BAJA CALIFORNIA,1,DECRETO DE CREACION,,1,,,,,,,1,,,,
2,02,28,COLEGIO DE EDUCACION PROFESIONAL TECNICA DEL ESTADO DE BAJA CALIFORNIA,1,REGLAS DE OPERACION DE LA FORMACION ACADEMICA,,,,,,,,1,,,1,,
2,02,29,COLEGIO DE ESTUDIOS CIENTIFICOS Y TECNOLOGICOS DEL ESTADO DE BAJA CALIFORNIA,1,DECRETO DE CREACION,,1,,,1,,,1,1,,,,
2,02,30,COMISION DE ARBITRAJE MEDICO DEL ESTADO DE BAJA CALIFORNIA,1,REGLAMENTO INTERNO,1,1,,,1,,,1,1,,,,
2,02,31,COMISION ESTATAL DE ENERGIA DE BAJA CALIFORNIA,1,CENTRO DE PROFESIONALIZACION Y DESARROLLO DEL CAPITAL HUMANO,,,,,,,,1,1,,,,
2,02,32,COMISION ESTATAL DE SERVICIOS PUBLICOS DE ENSENADA,1,PROGRAMA OPERATIVO ANUAL,,1,,1,,1,,1,1,1,,1,
2,02,33,COMISION ESTATAL DE SERVICIOS PUBLICOS DE MEXICALI,9,NO IDENTIFICADO,NSS,NSS,NSS,NSS,NSS,NSS,NSS,NSS,NSS,NSS,NSS,NSS,NSS
2,02,34,COMISION ESTATAL DE SERVICIOS PUBLICOS DE TECATE,1,REGLAMENTO INTERNO,,,,,,,,,1,,,,
2,02,35,COMISION ESTATAL DE SERVICIOS PUBLICOS DE TIJUANA,1,DECRETO DE CREACION,,1,1,,1,1,,1,1,,1,,
2,02,36,COMISION ESTATAL DEL AGUA DEL ESTADO DE BAJA CALIFORNIA,3,NO APLICA,NA,NA,NA,NA,NA,NA,NA,NA,NA,NA,NA,NA,NA
2,02,37,COMISION ESTATAL DEL SISTEMA PENITENCIARIO,2,NO APLICA,NA,NA,NA,NA,NA,NA,NA,NA,NA,NA,NA,NA,NA
2,02,38,COMITE DE PLANEACION PARA EL DESARROLLO DEL ESTADO,1,NORMAS INTERNAS,,1,,,1,,,1,1,,1,,
2,02,39,FIDEICOMISO FONDO DE GARANTIAS COMPLEMENTARIAS Y CREDITOS PUENTE,1,MANUAL DE ORGANIZACION,,,,,1,,,,,,,,
2,02,40,FIDEICOMISO PUBLICO DE ADMINISTRACION DE FONDOS E INVERSION DEL TRAMO CARRETERO CENTINELA RUMOROSA,1,REGLAMENTO INTERNO,,,,,1,1,,,1,1,,,
2,02,41,FIDEICOMISO PUBLICO PARA LA PROMOCION TURISTICA DEL ESTADO,3,NO APLICA,NA,NA,NA,NA,NA,NA,NA,NA,NA,NA,NA,NA,NA
2,02,42,FIDEICOMISO SAN ANTONIO DEL MAR,3,NO APLICA,NA,NA,NA,NA,NA,NA,NA,NA,NA,NA,NA,NA,NA
2,02,43,INSTITUTO DE CAPACITACION DE ALTA TECNOLOGIA,3,NO APLICA,NA,NA,NA,NA,NA,NA,NA,NA,NA,NA,NA,NA,NA
2,02,44,INSTITUTO DE CULTURA DE BAJA CALIFORNIA,1,CAPACITACION,,1,,,,,,,1,,1,,
2,02,45,INSTITUTO DE LA INFRAESTRUCTURA FISICA EDUCATIVA DE BAJA CALIFORNIA,1,MANUAL DE ORGANIZACION,,,,,,,,,1,,,,
2,02,46,INSTITUTO DE LA JUVENTUD DE BAJA CALIFORNIA,3,NO APLICA,NA,NA,NA,NA,NA,NA,NA,NA,NA,NA,NA,NA,NA
2,02,47,INSTITUTO DE LA MUJER PARA EL ESTADO DE BAJA CALIFORNIA,1,DIAGNOSTICO DE NECESIDADES DE CAPACITACION,,,,,,,,,1,,,,
2,02,48,INSTITUTO DE MOVILIDAD SUSTENTABLE DEL ESTADO DE BAJA CALIFORNIA,1,REGLAMENTO INTERNO,,,,,,,,1,1,,,,
2,02,49,INSTITUTO DE PSIQUIATRIA DEL ESTADO DE BAJA CALIFORNIA,1,REGLAMENTO INTERNO POA,,,,,1,,,,1,,,,
2,02,50,INSTITUTO DE SEGURIDAD Y SERVICIOS SOCIALES DE LOS TRABAJADORES DEL GOBIERNO Y MUNICIPIOS DE BAJA CALIFORNIA,1,NORMA PARA EL RECLUTAMIENTO SELECCION CONTRATACION Y CAPACITACION DE LOS SERVIDORES PUBLICOS,,1,,,1,,,1,1,1,,,
2,02,51,INSTITUTO DE SERVICIOS DE SALUD PUBLICA DEL ESTADO DE BAJA CALIFORNIA,3,NO APLICA,NA,NA,NA,NA,NA,NA,NA,NA,NA,NA,NA,NA,NA
2,02,52,INSTITUTO DE SERVICIOS EDUCATIVOS Y PEDAGOGICOS DE BAJA CALIFORNIA,1,REGLAMENTO INTERNO DEL INSTITUTO DE SERVICIOS EDUCATIVOS Y PEDAGOGICOS DE BAJA CALIFORNIA,,1,,,1,,,1,1,1,,,
2,02,53,INSTITUTO DEL DEPORTE Y LA CULTURA FISICA DE BAJA CALIFORNIA,3,NO APLICA,NA,NA,NA,NA,NA,NA,NA,NA,NA,NA,NA,NA,NA
2,02,54,INSTITUTO PARA EL DESARROLLO INMOBILIARIO Y DE LA VIVIENDA PARA EL ESTADO DE BAJA CALIFORNIA,1,CENTRO DE PROFESIONALIZACION Y DESARROLLO DEL CAPITAL HUMANO,,,,,,,,,1,,,,
2,02,55,JUNTA DE URBANIZACION DEL ESTADO DE BAJA CALIFORNIA,1,DECRETO DE CREACION,,,,,,,,1,1,1,,,
2,02,56,PROMOTORA DEL DESARROLLO URBANO DE TIJUANA,3,NO APLICA,NA,NA,NA,NA,NA,NA,NA,NA,NA,NA,NA,NA,NA
2,02,57,SECRETARIA EJECUTIVA DEL SISTEMA ESTATAL ANTICORRUPCION,2,NO APLICA,NA,NA,NA,NA,NA,NA,NA,NA,NA,NA,NA,NA,NA
2,02,58,SISTEMA PARA EL DESARROLLO INTEGRAL DE LA FAMILIA DE BAJA CALIFORNIA,1,REGLAMENTO INTERNO DE DIF BAJA CALIFORNIA,,1,1,,1,1,,1,1,1,,,
2,02,59,UNIDAD DE ESPECIALIDADES MEDICAS DE BAJA CALIFORNIA,3,NO APLICA,NA,NA,NA,NA,NA,NA,NA,NA,NA,NA,NA,NA,NA
2,02,60,UNIVERSIDAD INTERCULTURAL DE BAJA CALIFORNIA,3,NO APLICA,NA,NA,NA,NA,NA,NA,NA,NA,NA,NA,NA,NA,NA
2,02,61,UNIVERSIDAD POLITECNICA DE BAJA CALIFORNIA,1,REGLAMENTO INTERNO DE UPBC RIPPPA,,,,,,,,,1,,1,,
2,02,62,UNIVERSIDAD TECNOLOGICA DE TIJUANA,1,CONTRATO COLECTIVO DE TRABAJO Y EL REGLAMENTO DE INGRESO PROMOCION Y PERMANENCIA DEL PERSONAL ACADEMICO DE LA UNIVERSIDAD TECNOLOGICA DE TIJUANA,,1,,,,,,,1,,,,
3,03,1,JEFATURA DE LA OFICINA DEL EJECUTIVO,9,NO IDENTIFICADO,NSS,NSS,NSS,NSS,NSS,NSS,NSS,NSS,NSS,NSS,NSS,NSS,NSS
3,03,2,SECRETARIA GENERAL DE GOBIERNO,9,NO IDENTIFICADO,NSS,NSS,NSS,NSS,NSS,NSS,NSS,NSS,NSS,NSS,NSS,NSS,NSS
3,03,3,SECRETARIA DE FINANZAS Y ADMINISTRACION,9,NO IDENTIFICADO,NSS,NSS,NSS,NSS,NSS,NSS,NSS,NSS,NSS,NSS,NSS,NSS,NSS
3,03,4,SECRETARIA DE PLANEACION URBANA INFRAESTRUCTURA MOVILIDAD MEDIO AMBIENTE Y RECURSOS NATURALES,9,NO IDENTIFICADO,NSS,NSS,NSS,NSS,NSS,NSS,NSS,NSS,NSS,NSS,NSS,NSS,NSS
3,03,5,SECRETARIA DE EDUCACION PUBLICA,9,NO IDENTIFICADO,NSS,NSS,NSS,NSS,NSS,NSS,NSS,NSS,NSS,NSS,NSS,NSS,NSS
3,03,6,SECRETARIA DE TURISMO Y ECONOMIA,9,NO IDENTIFICADO,NSS,NSS,NSS,NSS,NSS,NSS,NSS,NSS,NSS,NSS,NSS,NSS,NSS
3,03,7,SECRETARIA DE SALUD,2,NO APLICA,NA,NA,NA,NA,NA,NA,NA,NA,NA,NA,NA,NA,NA
3,03,8,SECRETARIA DE PESCA ACUACULTURA Y DESARROLLO AGROPECUARIO,9,NO IDENTIFICADO,NSS,NSS,NSS,NSS,NSS,NSS,NSS,NSS,NSS,NSS,NSS,NSS,NSS
3,03,9,SECRETARIA DEL TRABAJO BIENESTAR Y DESARROLLO SOCIAL,9,NO IDENTIFICADO,NSS,NSS,NSS,NSS,NSS,NSS,NSS,NSS,NSS,NSS,NSS,NSS,NSS
3,03,10,PROCURADURIA GENERAL DE JUSTICIA,9,NO IDENTIFICADO,NSS,NSS,NSS,NSS,NSS,NSS,NSS,NSS,NSS,NSS,NSS,NSS,NSS
3,03,11,CONTRALORIA GENERAL,9,NO IDENTIFICADO,NSS,NSS,NSS,NSS,NSS,NSS,NSS,NSS,NSS,NSS,NSS,NSS,NSS
3,03,12,SECRETARIA DE SEGURIDAD PUBLICA,9,NO IDENTIFICADO,NSS,NSS,NSS,NSS,NSS,NSS,NSS,NSS,NSS,NSS,NSS,NSS,NSS
3,03,13,COLEGIO DE BACHILLERES DEL ESTADO DE BAJA CALIFORNIA SUR,1,CONTRATO COLECTIVO DE TRABAJO LEY GENERAL DEL SISTEMA PARA LA CARRERA DE LAS Y LOS MAESTROS,,,,1,1,,1,1,1,,,,
3,03,14,COLEGIO DE ESTUDIOS CIENTIFICOS Y TECNOLOGICOS DEL ESTADO,1,LEY GENERAL DE LA UNIDAD DEL SISTEMA DE CARRERA DE LAS MAESTRAS Y LOS MAESTROS Y PROYECTO DE REVALORIZACION Y DESARROLLO PROFESIONAL DOCENTE DEL COLEGIO,,1,,,,,1,,1,,,,1
3,03,15,INSTITUTO TECNOLOGICO SUPERIOR DE CIUDAD CONSTITUCION,1,MANUAL ORGANIZACIONAL,,1,1,,1,,1,1,1,,1,,
3,03,16,INSTITUTO TECNOLOGICO SUPERIOR DE LOS CABOS,1,TECNOLOGICO NACIONAL DE MEXICO,,1,,1,1,,1,1,1,,1,,
3,03,17,INSTITUTO TECNOLOGICO SUPERIOR DE MULEGE,1,NORMAS OFICIALES Y REGLAMENTO INTERNO PROGRAMAS DEL TECNOLOGICO NACIONAL DE MEXICO,1,1,1,1,1,1,1,1,1,1,1,1,1
3,03,18,COLEGIO NACIONAL DE EDUCACION PROFESIONAL TECNICA,1,REGLAMENTO INTERIOR DEL INSTITUTO SUDCALIFORNIANO DE LA INFRAESTRUCTURA FISICA EDUCATIVA MANUALES DE ORGANIZACION PROCEDIMIENTOS DECRETO DE CREACION,1,1,1,1,1,1,1,1,1,1,1,1,1
3,03,19,INSTITUTO SUDCALIFORNIANO DE LA INFRAESTRUCTURA FISICA EDUCATIVA,3,NO APLICA,NA,NA,NA,NA,NA,NA,NA,NA,NA,NA,NA,NA,NA
3,03,20,INSTITUTO ESTATAL DE EDUCACION PARA LOS ADULTOS,1,COMISIONES ESTATALES Y SUBCOMISIONES MIXTAS DE CAPACITACION ADIESTRAMIENTO PRODUCTIVIDAD Y PROFESIONALIZACION EN LOS ESTADOS PARTE INSTITUCIONAL Y SINDICAL,,,,,,,,1,,1,,,
3,03,21,CONSEJO SUDCALIFORNIANO DE CIENCIA Y TECNOLOGIA,3,NO APLICA,NA,NA,NA,NA,NA,NA,NA,NA,NA,NA,NA,NA,NA
3,03,22,BENEMERITA ESCUELA NORMAL URBANA PROFESOR DOMINGO CARBALLO FELIX,1,REGLAMENTO DEL SERVICIO PROFESIONAL DE CARRERA DE BAJA CALIFORNIA SUR,,,1,1,1,1,1,1,1,1,1,,
3,03,23,UNIVERSIDAD TECNOLOGICA DE LA PAZ,1,REGLAMENTO DE INGRESO PROMOCION Y PERMANENCIA DEL PERSONAL ACADEMICO Y EL SISTEMA DE GESTION DE CALIDAD,,1,,1,,,,1,1,1,,,
3,03,24,INSTITUTO DE SERVICIOS DE SALUD,2,NO APLICA,NA,NA,NA,NA,NA,NA,NA,NA,NA,NA,NA,NA,NA
3,03,25,COMISION ESTATAL PARA LA PROTECCION CONTRA RIESGOS SANITARIOS,2,NO APLICA,NA,NA,NA,NA,NA,NA,NA,NA,NA,NA,NA,NA,NA
3,03,26,INSTITUTO DE SALUD PARA EL BIENESTAR,2,NO APLICA,NA,NA,NA,NA,NA,NA,NA,NA,NA,NA,NA,NA,NA
3,03,27,JUNTA ESTATAL DE CAMINOS,9,NO IDENTIFICADO,NSS,NSS,NSS,NSS,NSS,NSS,NSS,NSS,NSS,NSS,NSS,NSS,NSS
3,03,28,COMISION ESTATAL DEL AGUA,3,NO APLICA,NA,NA,NA,NA,NA,NA,NA,NA,NA,NA,NA,NA,NA
3,03,29,INSTITUTO DE VIVIENDA DE BAJA CALIFORNIA SUR,3,NO APLICA,NA,NA,NA,NA,NA,NA,NA,NA,NA,NA,NA,NA,NA
3,03,30,INSTITUTO SUDCALIFORNIANO DE LA JUVENTUD,9,NO IDENTIFICADO,NSS,NSS,NSS,NSS,NSS,NSS,NSS,NSS,NSS,NSS,NSS,NSS,NSS
3,03,31,INSTITUTO SUDCALIFORNIANO DEL DEPORTE,9,NO IDENTIFICADO,NSS,NSS,NSS,NSS,NSS,NSS,NSS,NSS,NSS,NSS,NSS,NSS,NSS
3,03,32,INSTITUTO SUDCALIFORNIANO DE CULTURA,9,NO IDENTIFICADO,NSS,NSS,NSS,NSS,NSS,NSS,NSS,NSS,NSS,NSS,NSS,NSS,NSS
3,03,33,INSTITUTO SUDCALIFORNIANO DE LAS MUJERES,9,NO IDENTIFICADO,NSS,NSS,NSS,NSS,NSS,NSS,NSS,NSS,NSS,NSS,NSS,NSS,NSS
3,03,34,INSTITUTO SUDCALIFORNIANO PARA LA INCLUSION DE PERSONAS CON DISCAPACIDAD,9,NO IDENTIFICADO,NSS,NSS,NSS,NSS,NSS,NSS,NSS,NSS,NSS,NSS,NSS,NSS,NSS
3,03,35,INSTITUTO ESTATAL DE RADIO Y TELEVISION,9,NO IDENTIFICADO,NSS,NSS,NSS,NSS,NSS,NSS,NSS,NSS,NSS,NSS,NSS,NSS,NSS
3,03,36,INSTITUTO DE CAPACITACION PARA LOS TRABAJADORES DEL ESTADO DE BAJA CALIFORNIA SUR,2,NO APLICA,NA,NA,NA,NA,NA,NA,NA,NA,NA,NA,NA,NA,NA
3,03,37,PATRONATO DEL ESTUDIANTE SUDCALIFORNIANO,2,NO APLICA,NA,NA,NA,NA,NA,NA,NA,NA,NA,NA,NA,NA,NA
3,03,38,SISTEMA ESTATAL PARA EL DESARROLLO INTEGRAL DE LA FAMILIA,1,MANUAL DE PROCEDIMIENTO DE LA DIRECCION GENERAL DE PROFESIONALIZACION,,,,,,,,,1,,,,
3,03,39,ADMINISTRACION PORTUARIA INTEGRAL DE BAJA CALIFORNIA SUR SA DE CV,1,LEY FEDERAL DEL TRABAJO Y REGLAMENTO INTERIOR DE TRABAJO,,,,,1,,,,1,,,,1
4,04,1,OFICINA DE LA GOBERNADORA,3,NO APLICA,NA,NA,NA,NA,NA,NA,NA,NA,NA,NA,NA,NA,NA
4,04,2,SECRETARIA DE GOBIERNO,3,NO APLICA,NA,NA,NA,NA,NA,NA,NA,NA,NA,NA,NA,NA,NA
4,04,3,SECRETARIA DE ADMINISTRACION Y FINANZAS,3,NO APLICA,NA,NA,NA,NA,NA,NA,NA,NA,NA,NA,NA,NA,NA
4,04,4,SECRETARIA DE MODERNIZACION ADMINISTRATIVA E INNOVACION GUBERNAMENTAL,3,NO APLICA,NA,NA,NA,NA,NA,NA,NA,NA,NA,NA,NA,NA,NA
4,04,5,SECRETARIA DE EDUCACION,3,NO APLICA,NA,NA,NA,NA,NA,NA,NA,NA,NA,NA,NA,NA,NA
4,04,6,SECRETARIA DE SALUD,3,NO APLICA,NA,NA,NA,NA,NA,NA,NA,NA,NA,NA,NA,NA,NA
4,04,7,SECRETARIA DE DESARROLLO TERRITORIAL URBANO Y OBRAS PUBLICAS,3,NO APLICA,NA,NA,NA,NA,NA,NA,NA,NA,NA,NA,NA,NA,NA
4,04,8,SECRETARIA DE DESARROLLO ECONOMICO,3,NO APLICA,NA,NA,NA,NA,NA,NA,NA,NA,NA,NA,NA,NA,NA
4,04,9,SECRETARIA DE DESARROLLO AGROPECUARIO,3,NO APLICA,NA,NA,NA,NA,NA,NA,NA,NA,NA,NA,NA,NA,NA
4,04,10,SECRETARIA DE BIENESTAR,3,NO APLICA,NA,NA,NA,NA,NA,NA,NA,NA,NA,NA,NA,NA,NA
4,04,11,SECRETARIA DE INCLUSION,3,NO APLICA,NA,NA,NA,NA,NA,NA,NA,NA,NA,NA,NA,NA,NA
4,04,12,SECRETARIA DE MEDIO AMBIENTE BIODIVERSIDAD Y CAMBIO CLIMATICO,3,NO APLICA,NA,NA,NA,NA,NA,NA,NA,NA,NA,NA,NA,NA,NA
4,04,13,SECRETARIA DE TURISMO,3,NO APLICA,NA,NA,NA,NA,NA,NA,NA,NA,NA,NA,NA,NA,NA
4,04,14,SECRETARIA DE PROTECCION Y SEGURIDAD CIUDADANA,3,NO APLICA,NA,NA,NA,NA,NA,NA,NA,NA,NA,NA,NA,NA,NA
4,04,15,SECRETARIA DE PROTECCION CIVIL,3,NO APLICA,NA,NA,NA,NA,NA,NA,NA,NA,NA,NA,NA,NA,NA
4,04,16,CONSEJERIA JURIDICA,3,NO APLICA,NA,NA,NA,NA,NA,NA,NA,NA,NA,NA,NA,NA,NA
4,04,17,SECRETARIA DE LA CONTRALORIA,3,NO APLICA,NA,NA,NA,NA,NA,NA,NA,NA,NA,NA,NA,NA,NA
4,04,18,FISCALIA GENERAL DEL ESTADO DE CAMPECHE,3,NO APLICA,NA,NA,NA,NA,NA,NA,NA,NA,NA,NA,NA,NA,NA
4,04,19,ARCHIVO GENERAL DEL ESTADO DE CAMPECHE,3,NO APLICA,NA,NA,NA,NA,NA,NA,NA,NA,NA,NA,NA,NA,NA
4,04,20,COMISION LOCAL DE BUSQUEDA DE PERSONAS DEL ESTADO DE CAMPECHE,3,NO APLICA,NA,NA,NA,NA,NA,NA,NA,NA,NA,NA,NA,NA,NA
4,04,21,CONSEJO ESTATAL DE POBLACION DE CAMPECHE,3,NO APLICA,NA,NA,NA,NA,NA,NA,NA,NA,NA,NA,NA,NA,NA
4,04,22,INSTITUTO ESTATAL DEL TRANSPORTE DEL ESTADO DE CAMPECHE,3,NO APLICA,NA,NA,NA,NA,NA,NA,NA,NA,NA,NA,NA,NA,NA
4,04,23,SECRETARIA EJECUTIVA DEL SISTEMA ESTATAL DE PROTECCION INTEGRAL DE LOS DERECHOS DE NIÑAS NIÑOS Y ADOLESCENTES,3,NO APLICA,NA,NA,NA,NA,NA,NA,NA,NA,NA,NA,NA,NA,NA
4,04,24,CONSEJO ESTATAL DE SEGURIDAD PUBLICA EN EL ESTADO DE CAMPECHE,3,NO APLICA,NA,NA,NA,NA,NA,NA,NA,NA,NA,NA,NA,NA,NA
4,04,25,SERVICIO DE ADMINISTRACION FISCAL DEL ESTADO DE CAMPECHE,3,NO APLICA,NA,NA,NA,NA,NA,NA,NA,NA,NA,NA,NA,NA,NA
4,04,26,COMISION DE MEJORA REGULATORIA DEL ESTADO DE CAMPECHE,3,NO APLICA,NA,NA,NA,NA,NA,NA,NA,NA,NA,NA,NA,NA,NA
4,04,27,COMISION DE CONCILIACION Y ARBITRAJE MEDICO DEL ESTADO DE CAMPECHE,3,NO APLICA,NA,NA,NA,NA,NA,NA,NA,NA,NA,NA,NA,NA,NA
4,04,28,INSTITUTO CAMPECHANO DEL EMPRENDEDOR,3,NO APLICA,NA,NA,NA,NA,NA,NA,NA,NA,NA,NA,NA,NA,NA
4,04,29,PROMOTORA DE PRODUCTOS Y SERVICIOS DE CAMPECHE,3,NO APLICA,NA,NA,NA,NA,NA,NA,NA,NA,NA,NA,NA,NA,NA
4,04,30,INSTITUTO PARA EL DESARROLLO DE LA MICRO PEQUEÑA Y MEDIANA EMPRESA,3,NO APLICA,NA,NA,NA,NA,NA,NA,NA,NA,NA,NA,NA,NA,NA
4,04,31,JUNTA ESTATAL DE ASISTENCIA PRIVADA,3,NO APLICA,NA,NA,NA,NA,NA,NA,NA,NA,NA,NA,NA,NA,NA
4,04,32,COLEGIO DE ESTUDIOS CIENTIFICOS Y TECNOLOGICOS DEL ESTADO DE CAMPECHE,3,NO APLICA,NA,NA,NA,NA,NA,NA,NA,NA,NA,NA,NA,NA,NA
4,04,33,INSTITUTO DE CAPACITACION PARA EL TRABAJO DEL ESTADO DE CAMPECHE,3,NO APLICA,NA,NA,NA,NA,NA,NA,NA,NA,NA,NA,NA,NA,NA
4,04,34,COLEGIO DE BACHILLERES DEL ESTADO DE CAMPECHE,3,NO APLICA,NA,NA,NA,NA,NA,NA,NA,NA,NA,NA,NA,NA,NA
4,04,35,UNIVERSIDAD TECNOLOGICA DE CAMPECHE,3,NO APLICA,NA,NA,NA,NA,NA,NA,NA,NA,NA,NA,NA,NA,NA
4,04,36,COLEGIO DE EDUCACION PROFESIONAL TECNICA DEL ESTADO DE CAMPECHE,3,NO APLICA,NA,NA,NA,NA,NA,NA,NA,NA,NA,NA,NA,NA,NA
4,04,37,INSTITUTO ESTATAL DE LA EDUCACION PARA LOS ADULTOS DEL ESTADO DE CAMPECHE,3,NO APLICA,NA,NA,NA,NA,NA,NA,NA,NA,NA,NA,NA,NA,NA
4,04,38,INSTITUTO TECNOLOGICO SUPERIOR DE CALKINI EN EL ESTADO DE CAMPECHE,3,NO APLICA,NA,NA,NA,NA,NA,NA,NA,NA,NA,NA,NA,NA,NA
4,04,39,INSTITUTO TECNOLOGICO SUPERIOR DE ESCARCEGA,3,NO APLICA,NA,NA,NA,NA,NA,NA,NA,NA,NA,NA,NA,NA,NA
4,04,40,INSTITUTO TECNOLOGICO SUPERIOR DE CHAMPOTON,3,NO APLICA,NA,NA,NA,NA,NA,NA,NA,NA,NA,NA,NA,NA,NA
4,04,41,UNIVERSIDAD TECNOLOGICA DE CANDELARIA,3,NO APLICA,NA,NA,NA,NA,NA,NA,NA,NA,NA,NA,NA,NA,NA
4,04,42,INSTITUTO TECNOLOGICO SUPERIOR DE HOPELCHEN,3,NO APLICA,NA,NA,NA,NA,NA,NA,NA,NA,NA,NA,NA,NA,NA
4,04,43,UNIVERSIDAD TECNOLOGICA DE CALAKMUL,3,NO APLICA,NA,NA,NA,NA,NA,NA,NA,NA,NA,NA,NA,NA,NA
4,04,44,UNIVERSIDAD AUTONOMA DE CAMPECHE,3,NO APLICA,NA,NA,NA,NA,NA,NA,NA,NA,NA,NA,NA,NA,NA
4,04,45,UNIVERSIDAD AUTONOMA DEL CARMEN,3,NO APLICA,NA,NA,NA,NA,NA,NA,NA,NA,NA,NA,NA,NA,NA
4,04,46,INSTITUTO CAMPECHANO,3,NO APLICA,NA,NA,NA,NA,NA,NA,NA,NA,NA,NA,NA,NA,NA
4,04,47,FUNDACION PABLO GARCIA,3,NO APLICA,NA,NA,NA,NA,NA,NA,NA,NA,NA,NA,NA,NA,NA
4,04,48,CONSEJO ESTATAL DE INVESTIGACION CIENTIFICA Y DESARROLLO TECNOLOGICO,3,NO APLICA,NA,NA,NA,NA,NA,NA,NA,NA,NA,NA,NA,NA,NA
4,04,49,INSTITUTO DE LA INFRAESTRUCTURA FISICA EDUCATIVA DEL ESTADO DE CAMPECHE,3,NO APLICA,NA,NA,NA,NA,NA,NA,NA,NA,NA,NA,NA,NA,NA
4,04,50,PROMOTORA DE EVENTOS ARTISTICOS CULTURALES Y DE CONVENCIONES DEL ESTADO DE CAMPECHE,3,NO APLICA,NA,NA,NA,NA,NA,NA,NA,NA,NA,NA,NA,NA,NA
4,04,51,INSTITUTO ESTATAL PARA EL FOMENTO DE LAS ACTIVIDADES ARTESANALES EN CAMPECHE,3,NO APLICA,NA,NA,NA,NA,NA,NA,NA,NA,NA,NA,NA,NA,NA
4,04,52,SISTEMA PARA EL DESARROLLO INTEGRAL DE LA FAMILIA DEL ESTADO DE CAMPECHE,1,CONOCER,,,,,,1,,,,,,,
4,04,53,INSTITUTO DEL DEPORTE DEL ESTADO DE CAMPECHE,3,NO APLICA,NA,NA,NA,NA,NA,NA,NA,NA,NA,NA,NA,NA,NA
4,04,54,INSTITUTO DE LA MUJER DEL ESTADO DE CAMPECHE,3,NO APLICA,NA,NA,NA,NA,NA,NA,NA,NA,NA,NA,NA,NA,NA
4,04,55,INSTITUTO DE LA JUVENTUD DEL ESTADO DE CAMPECHE,3,NO APLICA,NA,NA,NA,NA,NA,NA,NA,NA,NA,NA,NA,NA,NA
4,04,56,HOSPITAL DR MANUEL CAMPOS,3,NO APLICA,NA,NA,NA,NA,NA,NA,NA,NA,NA,NA,NA,NA,NA
4,04,57,HOSPITAL PSIQUIATRICO DE CAMPECHE,3,NO APLICA,NA,NA,NA,NA,NA,NA,NA,NA,NA,NA,NA,NA,NA
4,04,58,INSTITUTO DE SERVICIOS DESCENTRALIZADOS DE SALUD PUBLICA DEL ESTADO DE CAMPECHE,3,NO APLICA,NA,NA,NA,NA,NA,NA,NA,NA,NA,NA,NA,NA,NA
4,04,59,SISTEMA DE ATENCION A NIÑOS NIÑAS Y ADOLESCENTES FARMACODEPENDIENTES DEL ESTADO DE CAMPECHE VIDA NUEVA,3,NO APLICA,NA,NA,NA,NA,NA,NA,NA,NA,NA,NA,NA,NA,NA
4,04,60,COMISION DE AGUA POTABLE Y ALCANTARILLADO DEL ESTADO DE CAMPECHE,3,NO APLICA,NA,NA,NA,NA,NA,NA,NA,NA,NA,NA,NA,NA,NA
4,04,61,PROMOTORA PARA LA CONSERVACION Y DESARROLLO SUSTENTABLE DEL ESTADO DE CAMPECHE,3,NO APLICA,NA,NA,NA,NA,NA,NA,NA,NA,NA,NA,NA,NA,NA
4,04,62,COMISION ESTATAL DE DESARROLLO DE SUELO Y VIVIENDA,3,NO APLICA,NA,NA,NA,NA,NA,NA,NA,NA,NA,NA,NA,NA,NA
4,04,63,INSTITUTO DE DESARROLLO Y FORMACION SOCIAL,3,NO APLICA,NA,NA,NA,NA,NA,NA,NA,NA,NA,NA,NA,NA,NA
4,04,64,SISTEMA DE TELEVISION Y RADIO DE CAMPECHE,3,NO APLICA,NA,NA,NA,NA,NA,NA,NA,NA,NA,NA,NA,NA,NA
4,04,65,INSTITUTO DE INFORMACION ESTADISTICA GEOGRAFICA Y CATASTRAL DEL ESTADO DE CAMPECHE,3,NO APLICA,NA,NA,NA,NA,NA,NA,NA,NA,NA,NA,NA,NA,NA
4,04,66,INSTITUTO DE SEGURIDAD Y SERVICIOS SOCIALES DE LOS TRABAJADORES DEL ESTADO DE CAMPECHE,3,NO APLICA,NA,NA,NA,NA,NA,NA,NA,NA,NA,NA,NA,NA,NA
4,04,67,INSTITUTO DE ACCESO A LA JUSTICIA DEL ESTADO DE CAMPECHE,3,NO APLICA,NA,NA,NA,NA,NA,NA,NA,NA,NA,NA,NA,NA,NA
4,04,68,CENTRO DE CONCILIACION LABORAL EN EL ESTADO,3,NO APLICA,NA,NA,NA,NA,NA,NA,NA,NA,NA,NA,NA,NA,NA
4,04,69,AGENCIA DE ENERGIA DEL ESTADO DE CAMPECHE,3,NO APLICA,NA,NA,NA,NA,NA,NA,NA,NA,NA,NA,NA,NA,NA
4,04,70,SECRETARIA EJECUTIVA DEL SISTEMA ANTICORRUPCION,3,NO APLICA,NA,NA,NA,NA,NA,NA,NA,NA,NA,NA,NA,NA,NA
4,04,71,INSTITUTO DE PESCA Y ACUACULTURA DEL ESTADO DE CAMPECHE,3,NO APLICA,NA,NA,NA,NA,NA,NA,NA,NA,NA,NA,NA,NA,NA
4,04,72,INSTITUTO DE CULTURA Y ARTES DEL ESTADO DE CAMPECHE,3,NO APLICA,NA,NA,NA,NA,NA,NA,NA,NA,NA,NA,NA,NA,NA
4,04,73,AUTORIDAD DEL PATRIMONIO CULTURAL DEL ESTADO DE CAMPECHE,3,NO APLICA,NA,NA,NA,NA,NA,NA,NA,NA,NA,NA,NA,NA,NA
4,04,74,UNIVERSIDAD INTERCULTURAL DE CAMPECHE,3,NO APLICA,NA,NA,NA,NA,NA,NA,NA,NA,NA,NA,NA,NA,NA
4,04,75,FIDEICOMISO FONDO CAMPECHE,9,NO IDENTIFICADO,NSS,NSS,NSS,NSS,NSS,NSS,NSS,NSS,NSS,NSS,NSS,NSS,NSS
4,04,76,FIDEICOMISO DE INVERSION DEL IMPUESTO DEL 2 SOBRE NOMINA,9,NO IDENTIFICADO,NSS,NSS,NSS,NSS,NSS,NSS,NSS,NSS,NSS,NSS,NSS,NSS,NSS
4,04,77,FIDEICOMISO FONDO DE FOMENTO AGROPECUARIO DEL ESTADO DE CAMPECHE,9,NO IDENTIFICADO,NSS,NSS,NSS,NSS,NSS,NSS,NSS,NSS,NSS,NSS,NSS,NSS,NSS
5,05,1,OFICINAS DEL EJECUTIVO,3,NO APLICA,NA,NA,NA,NA,NA,NA,NA,NA,NA,NA,NA,NA,NA
5,05,2,SECRETARIA DE GOBIERNO,3,NO APLICA,NA,NA,NA,NA,NA,NA,NA,NA,NA,NA,NA,NA,NA
5,05,3,COORDINACION DE COMUNICACION E IMAGEN INSTITUCIONAL,3,NO APLICA,NA,NA,NA,NA,NA,NA,NA,NA,NA,NA,NA,NA,NA
5,05,4,SECRETARIA DE FINANZAS,3,NO APLICA,NA,NA,NA,NA,NA,NA,NA,NA,NA,NA,NA,NA,NA
5,05,5,ADMINISTRACION FISCAL GENERAL,3,NO APLICA,NA,NA,NA,NA,NA,NA,NA,NA,NA,NA,NA,NA,NA
5,05,6,SECRETARIA DE ECONOMIA,3,NO APLICA,NA,NA,NA,NA,NA,NA,NA,NA,NA,NA,NA,NA,NA
5,05,7,SECRETARIA DE EDUCACION,3,NO APLICA,NA,NA,NA,NA,NA,NA,NA,NA,NA,NA,NA,NA,NA
5,05,8,SECRETARIA DE INCLUSION Y DESARROLLO SOCIAL,3,NO APLICA,NA,NA,NA,NA,NA,NA,NA,NA,NA,NA,NA,NA,NA
5,05,9,SECRETARIA DE SEGURIDAD PUBLICA,1,LEY SISTEMA NACIONAL DE SEGURIDAD PUBLICA Y LEY ORGANICA DE SEGURIDAD PUBLICA,,1,1,,1,1,1,1,1,1,1,1,
5,05,10,SECRETARIA DE SALUD,3,NO APLICA,NA,NA,NA,NA,NA,NA,NA,NA,NA,NA,NA,NA,NA
5,05,11,SECRETARIA DE INFRAESTRUCTURA DESARROLLO URBANO Y MOVILIDAD,3,NO APLICA,NA,NA,NA,NA,NA,NA,NA,NA,NA,NA,NA,NA,NA
5,05,12,SECRETARIA DE DESARROLLO RURAL,3,NO APLICA,NA,NA,NA,NA,NA,NA,NA,NA,NA,NA,NA,NA,NA
5,05,13,SECRETARIA DE FISCALIZACION Y RENDICION DE CUENTAS,3,NO APLICA,NA,NA,NA,NA,NA,NA,NA,NA,NA,NA,NA,NA,NA
5,05,14,SECRETARIA DE MEDIO AMBIENTE,3,NO APLICA,NA,NA,NA,NA,NA,NA,NA,NA,NA,NA,NA,NA,NA
5,05,15,SECRETARIA DE CULTURA,3,NO APLICA,NA,NA,NA,NA,NA,NA,NA,NA,NA,NA,NA,NA,NA
5,05,16,SECRETARIA DEL TRABAJO,3,NO APLICA,NA,NA,NA,NA,NA,NA,NA,NA,NA,NA,NA,NA,NA
5,05,17,SECRETARIA DE VIVIENDA Y ORDENAMIENTO TERRITORIAL,3,NO APLICA,NA,NA,NA,NA,NA,NA,NA,NA,NA,NA,NA,NA,NA
5,05,18,SECRETARIA DE TURISMO Y DESARROLLO DE PUEBLOS MAGICOS,3,NO APLICA,NA,NA,NA,NA,NA,NA,NA,NA,NA,NA,NA,NA,NA
5,05,19,SECRETARIA DE INVERSION PUBLICA PRODUCTIVA,3,NO APLICA,NA,NA,NA,NA,NA,NA,NA,NA,NA,NA,NA,NA,NA
5,05,20,INSTITUTO COAHUILENSE DE LAS MUJERES,3,NO APLICA,NA,NA,NA,NA,NA,NA,NA,NA,NA,NA,NA,NA,NA
5,05,21,PROCURADURIA PARA NIÑOS NIÑAS Y LA FAMILIA,3,NO APLICA,NA,NA,NA,NA,NA,NA,NA,NA,NA,NA,NA,NA,NA
5,05,22,SISTEMA PARA EL DESARROLLO INTEGRAL DE LA FAMILIA Y PROTECCION DE DERECHOS DEL ESTADO DE COAHUILA,3,NO APLICA,NA,NA,NA,NA,NA,NA,NA,NA,NA,NA,NA,NA,NA
5,05,23,CENTRO DE JUSTICIA Y EMPODERAMIENTO PARA LAS MUJERES DEL ESTADO DE COAHUILA DE ZARAGOZA,3,NO APLICA,NA,NA,NA,NA,NA,NA,NA,NA,NA,NA,NA,NA,NA
5,05,24,COMISION EJECUTIVA ESTATAL DE ATENCION A VICTIMAS,3,NO APLICA,NA,NA,NA,NA,NA,NA,NA,NA,NA,NA,NA,NA,NA
5,05,25,COAHUILA RADIO,3,NO APLICA,NA,NA,NA,NA,NA,NA,NA,NA,NA,NA,NA,NA,NA
5,05,26,INSTITUTO DE PENSIONES PARA LOS TRABAJADORES AL SERVICIO DEL ESTADO,3,NO APLICA,NA,NA,NA,NA,NA,NA,NA,NA,NA,NA,NA,NA,NA
5,05,27,INSTITUTO REGISTRAL Y CATASTRAL DEL ESTADO DE COAHUILA DE ZARAGOZA,3,NO APLICA,NA,NA,NA,NA,NA,NA,NA,NA,NA,NA,NA,NA,NA
5,05,28,INSTITUTO COAHUILENSE DE ADULTOS MAYORES,3,NO APLICA,NA,NA,NA,NA,NA,NA,NA,NA,NA,NA,NA,NA,NA
5,05,29,PROMOTORA PARA EL DESARROLLO RURAL DE COAHUILA,3,NO APLICA,NA,NA,NA,NA,NA,NA,NA,NA,NA,NA,NA,NA,NA
5,05,30,COMISION ESTATAL PARA LA REGULARIZACION DE LA TENENCIA DE LA TIERRA URBANA Y RUSTICA DE COAHUILA,3,NO APLICA,NA,NA,NA,NA,NA,NA,NA,NA,NA,NA,NA,NA,NA
5,05,31,COMISION ESTATAL DE LA VIVIENDA,3,NO APLICA,NA,NA,NA,NA,NA,NA,NA,NA,NA,NA,NA,NA,NA
5,05,32,SERVICIOS ESTATALES AEROPORTUARIOS,3,NO APLICA,NA,NA,NA,NA,NA,NA,NA,NA,NA,NA,NA,NA,NA
5,05,33,SERVICIOS DE SALUD COAHUILA,3,NO APLICA,NA,NA,NA,NA,NA,NA,NA,NA,NA,NA,NA,NA,NA
5,05,34,INSTITUTO DE SERVICIOS DE SALUD REHABILITACION Y EDUCACION ESPECIAL E INTEGRAL,3,NO APLICA,NA,NA,NA,NA,NA,NA,NA,NA,NA,NA,NA,NA,NA
5,05,35,COMISION ESTATAL DE AGUAS Y SANEAMIENTO DE COAHUILA,3,NO APLICA,NA,NA,NA,NA,NA,NA,NA,NA,NA,NA,NA,NA,NA
5,05,36,INSTITUTO DE CAPACITACION PARA EL TRABAJO DEL ESTADO DE COAHUILA,3,NO APLICA,NA,NA,NA,NA,NA,NA,NA,NA,NA,NA,NA,NA,NA
5,05,37,CONSEJO ESTATAL DE CIENCIA Y TECNOLOGIA DEL ESTADO DE COAHUILA,3,NO APLICA,NA,NA,NA,NA,NA,NA,NA,NA,NA,NA,NA,NA,NA
5,05,38,INSTITUTO ESTATAL DEL DEPORTE DE COAHUILA,3,NO APLICA,NA,NA,NA,NA,NA,NA,NA,NA,NA,NA,NA,NA,NA
5,05,39,INSTITUTO ESTATAL DE EDUCACION PARA LOS ADULTOS,3,NO APLICA,NA,NA,NA,NA,NA,NA,NA,NA,NA,NA,NA,NA,NA
5,05,40,COLEGIO DE ESTUDIOS CIENTIFICOS Y TECNOLOGICOS DEL ESTADO DE COAHUILA,3,NO APLICA,NA,NA,NA,NA,NA,NA,NA,NA,NA,NA,NA,NA,NA
5,05,41,COLEGIO DE BACHILLERES DE COAHUILA,3,NO APLICA,NA,NA,NA,NA,NA,NA,NA,NA,NA,NA,NA,NA,NA
5,05,42,COLEGIO DE EDUCACION PROFESIONAL TECNOLOGICA DEL ESTADO DE COAHUILA,3,NO APLICA,NA,NA,NA,NA,NA,NA,NA,NA,NA,NA,NA,NA,NA
5,05,43,INSTITUTO COAHUILENSE DE INFRAESTRUCTURA FISICA EDUCATIVA,3,NO APLICA,NA,NA,NA,NA,NA,NA,NA,NA,NA,NA,NA,NA,NA
5,05,44,INSTITUTO TECNOLOGICO DE ESTUDIOS SUPERIORES DE REGION CARBONIFERA,3,NO APLICA,NA,NA,NA,NA,NA,NA,NA,NA,NA,NA,NA,NA,NA
5,05,45,INSTITUTO TECNOLOGICO SUPERIOR DE CIUDAD ACUÑA,3,NO APLICA,NA,NA,NA,NA,NA,NA,NA,NA,NA,NA,NA,NA,NA
5,05,46,INSTITUTO TECNOLOGICO DE ESTUDIOS SUPERIORES DE MONCLOVA,3,NO APLICA,NA,NA,NA,NA,NA,NA,NA,NA,NA,NA,NA,NA,NA
5,05,47,INSTITUTO TECNOLOGICO SUPERIOR DE MELCHOR MUZQUIZ,3,NO APLICA,NA,NA,NA,NA,NA,NA,NA,NA,NA,NA,NA,NA,NA
5,05,48,INSTITUTO TECNOLOGICO SUPERIOR DE SAN PEDRO COAHUILA,3,NO APLICA,NA,NA,NA,NA,NA,NA,NA,NA,NA,NA,NA,NA,NA
5,05,49,UNIVERSIDAD TECNOLOGICA DE COAHUILA,3,NO APLICA,NA,NA,NA,NA,NA,NA,NA,NA,NA,NA,NA,NA,NA
5,05,50,UNIVERSIDAD TECNOLOGICA DEL NORTE DE COAHUILA,3,NO APLICA,NA,NA,NA,NA,NA,NA,NA,NA,NA,NA,NA,NA,NA
5,05,51,UNIVERSIDAD TECNOLOGICA DE LA REGION DEL CENTRO DE COAHUILA,3,NO APLICA,NA,NA,NA,NA,NA,NA,NA,NA,NA,NA,NA,NA,NA
5,05,52,UNIVERSIDAD TECNOLOGICA DE TORREON,3,NO APLICA,NA,NA,NA,NA,NA,NA,NA,NA,NA,NA,NA,NA,NA
5,05,53,UNIVERSIDAD TECNOLOGICA DE SALTILLO,3,NO APLICA,NA,NA,NA,NA,NA,NA,NA,NA,NA,NA,NA,NA,NA
5,05,54,UNIVERSIDAD TECNOLOGICA DE PARRAS,3,NO APLICA,NA,NA,NA,NA,NA,NA,NA,NA,NA,NA,NA,NA,NA
5,05,55,UNIVERSIDAD TECNOLOGICA DE LA REGION CARBONIFERA,3,NO APLICA,NA,NA,NA,NA,NA,NA,NA,NA,NA,NA,NA,NA,NA
5,05,56,UNIVERSIDAD POLITECNICA DE LA REGION LAGUNA,3,NO APLICA,NA,NA,NA,NA,NA,NA,NA,NA,NA,NA,NA,NA,NA
5,05,57,UNIVERSIDAD POLITECNICA DE RAMOS ARIZPE,3,NO APLICA,NA,NA,NA,NA,NA,NA,NA,NA,NA,NA,NA,NA,NA
5,05,58,UNIVERSIDAD POLITECNICA DE PIEDRAS NEGRAS,3,NO APLICA,NA,NA,NA,NA,NA,NA,NA,NA,NA,NA,NA,NA,NA
5,05,59,UNIVERSIDAD POLITECNICA DE MONCLOVA FRONTERA,3,NO APLICA,NA,NA,NA,NA,NA,NA,NA,NA,NA,NA,NA,NA,NA
5,05,60,UNIVERSIDAD TECNOLOGICA DE CIUDAD ACUÑA,3,NO APLICA,NA,NA,NA,NA,NA,NA,NA,NA,NA,NA,NA,NA,NA
6,06,1,OFICINA DE LA GUBERNATURA,1,REGLAMENTO DEL SISTEMA DE PROFESIONALIZACION DE LOS SERVIDORES PUBLICOS DEL PODER EJECUTIVO DE GOBIERNO DEL ESTADO LEY DE LOS TRABAJADORES AL SERVICIO DE GOBIERNO DEL ESTADO,,1,1,1,1,1,,,1,1,,,
6,06,2,SECRETARIA GENERAL DE GOBIERNO,1,REGLAMENTO DEL SISTEMA DE PROFESIONALIZACION DE LOS SERVIDORES PUBLICOS DEL PODER EJECUTIVO DE GOBIERNO DEL ESTADO LEY DE LOS TRABAJADORES AL SERVICIO DE GOBIERNO DEL ESTADO,,1,1,1,1,1,,,1,1,,,
6,06,3,SECRETARIA DE PLANEACION FINANZAS Y ADMINISTRACION,1,REGLAMENTO DEL SISTEMA DE PROFESIONALIZACION DE LOS SERVIDORES PUBLICOS DEL PODER EJECUTIVO DE GOBIERNO DEL ESTADO LEY DE LOS TRABAJADORES AL SERVICIO DE GOBIERNO DEL ESTADO,,1,1,1,1,1,,,1,1,,,
6,06,4,SECRETARIA DE BIENESTAR SOCIAL INCLUSION SOCIAL Y MUJER,1,REGLAMENTO DEL SISTEMA DE PROFESIONALIZACION DE LOS SERVIDORES PUBLICOS DEL PODER EJECUTIVO DE GOBIERNO DEL ESTADO LEY DE LOS TRABAJADORES AL SERVICIO DE GOBIERNO DEL ESTADO,,1,1,1,1,1,,,1,1,,,
6,06,5,SECRETARIA DE INFRAESTRUCTURA DESARROLLO URBANO Y MOVILIDAD,1,REGLAMENTO DEL SISTEMA DE PROFESIONALIZACION DE LOS SERVIDORES PUBLICOS DEL PODER EJECUTIVO DE GOBIERNO DEL ESTADO LEY DE LOS TRABAJADORES AL SERVICIO DE GOBIERNO DEL ESTADO,,1,1,1,1,1,,,1,1,,,
6,06,6,SECRETARIA DE DESARROLLO ECONOMICO,1,REGLAMENTO DEL SISTEMA DE PROFESIONALIZACION DE LOS SERVIDORES PUBLICOS DEL PODER EJECUTIVO DE GOBIERNO DEL ESTADO LEY DE LOS TRABAJADORES AL SERVICIO DE GOBIERNO DEL ESTADO,,1,1,1,1,1,,,1,1,,,
6,06,7,SECRETARIA DE EDUCACION Y CULTURA,1,SOLO CULTURA,,1,1,1,1,1,,,1,1,,,
6,06,8,SECRETARIA DE SALUD,1,REGLAMENTO DEL SISTEMA DE PROFESIONALIZACION DE LOS SERVIDORES PUBLICOS DEL PODER EJECUTIVO DE GOBIERNO DEL ESTADO LEY DE LOS TRABAJADORES AL SERVICIO DE GOBIERNO DEL ESTADO,,1,1,1,1,1,,,1,1,,,
6,06,9,SECRETARIA DE SEGURIDAD PUBLICA,1,REGLAMENTO DEL SISTEMA DE PROFESIONALIZACION DE LOS SERVIDORES PUBLICOS DEL PODER EJECUTIVO DE GOBIERNO DEL ESTADO LEY DE LOS TRABAJADORES AL SERVICIO DE GOBIERNO DEL ESTADO,,1,1,1,1,1,,,1,1,,,
6,06,10,CONSEJERIA JURIDICA DEL PODER EJECUTIVO DEL ESTADO,1,REGLAMENTO DEL SISTEMA DE PROFESIONALIZACION DE LOS SERVIDORES PUBLICOS DEL PODER EJECUTIVO DE GOBIERNO DEL ESTADO LEY DE LOS TRABAJADORES AL SERVICIO DE GOBIERNO DEL ESTADO,,1,1,1,1,1,,,1,1,,,
6,06,11,CONTRALORIA GENERAL DEL ESTADO,1,REGLAMENTO DEL SISTEMA DE PROFESIONALIZACION DE LOS SERVIDORES PUBLICOS DEL PODER EJECUTIVO DE GOBIERNO DEL ESTADO LEY DE LOS TRABAJADORES AL SERVICIO DE GOBIERNO DEL ESTADO,,1,1,1,1,1,,,1,1,,,
6,06,12,SISTEMA PARA EL DESARROLLO INTEGRAL DE LA FAMILIA EN EL ESTADO DE COLIMA,1,REGLAMENTO DEL SISTEMA DE PROFESIONALIZACION DE LOS SERVIDORES PUBLICOS DEL PODER EJECUTIVO DE GOBIERNO DEL ESTADO LEY DE LOS TRABAJADORES AL SERVICIO DE GOBIERNO DEL ESTADO,,1,1,1,1,1,,,1,1,,,
6,06,13,INSTITUTO COLIMENSE DEL DEPORTE,1,REGLAMENTO DEL SISTEMA DE PROFESIONALIZACION DE LOS SERVIDORES PUBLICOS DEL PODER EJECUTIVO DE GOBIERNO DEL ESTADO LEY DE LOS TRABAJADORES AL SERVICIO DE GOBIERNO DEL ESTADO,,1,1,1,1,1,,,1,1,,,
6,06,14,INSTITUTO PARA LA ATENCION DE LOS ADULTOS MAYORES,1,REGLAMENTO DEL SISTEMA DE PROFESIONALIZACION DE LOS SERVIDORES PUBLICOS DEL PODER EJECUTIVO DE GOBIERNO DEL ESTADO LEY DE LOS TRABAJADORES AL SERVICIO DE GOBIERNO DEL ESTADO,,1,1,1,1,1,,,1,1,,,
6,06,15,INSTITUTO COLIMENSE DE INFRAESTRUCTURA FISICA EDUCATIVA,1,REGLAMENTO DEL SISTEMA DE PROFESIONALIZACION DE LOS SERVIDORES PUBLICOS DEL PODER EJECUTIVO DE GOBIERNO DEL ESTADO LEY DE LOS TRABAJADORES AL SERVICIO DE GOBIERNO DEL ESTADO,,1,1,1,1,1,,,1,1,,,
6,06,16,INSTITUTO COLIMENSE DE RADIO Y TELEVISION,1,REGLAMENTO DEL SISTEMA DE PROFESIONALIZACION DE LOS SERVIDORES PUBLICOS DEL PODER EJECUTIVO DE GOBIERNO DEL ESTADO LEY DE LOS TRABAJADORES AL SERVICIO DE GOBIERNO DEL ESTADO,,1,1,1,1,1,,,1,1,,,
6,06,17,CENTRO ESTATAL PARA LA PREVENCION Y ATENCION DE LA VIOLENCIA FAMILIAR,1,REGLAMENTO DEL SISTEMA DE PROFESIONALIZACION DE LOS SERVIDORES PUBLICOS DEL PODER EJECUTIVO DE GOBIERNO DEL ESTADO LEY DE LOS TRABAJADORES AL SERVICIO DE GOBIERNO DEL ESTADO,,1,1,1,1,1,,,1,1,,,
6,06,18,INSTITUTO COLIMENSE PARA LA DISCAPACIDAD,1,REGLAMENTO DEL SISTEMA DE PROFESIONALIZACION DE LOS SERVIDORES PUBLICOS DEL PODER EJECUTIVO DE GOBIERNO DEL ESTADO LEY DE LOS TRABAJADORES AL SERVICIO DE GOBIERNO DEL ESTADO,,1,1,1,1,1,,,1,1,,,
6,06,19,COMISION ESTATAL DEL AGUA DE COLIMA,1,REGLAMENTO DEL SISTEMA DE PROFESIONALIZACION DE LOS SERVIDORES PUBLICOS DEL PODER EJECUTIVO DE GOBIERNO DEL ESTADO LEY DE LOS TRABAJADORES AL SERVICIO DE GOBIERNO DEL ESTADO,,1,1,1,1,1,,,1,1,,,
6,06,20,INSTITUTO COLIMENSE DE LAS MUJERES,1,REGLAMENTO DEL SISTEMA DE PROFESIONALIZACION DE LOS SERVIDORES PUBLICOS DEL PODER EJECUTIVO DE GOBIERNO DEL ESTADO LEY DE LOS TRABAJADORES AL SERVICIO DE GOBIERNO DEL ESTADO,,1,1,1,1,1,,,1,1,,,
6,06,21,INSTITUTO COLIMENSE PARA LA SOCIEDAD DE LA INFORMACION Y EL CONOCIMIENTO,1,REGLAMENTO DEL SISTEMA DE PROFESIONALIZACION DE LOS SERVIDORES PUBLICOS DEL PODER EJECUTIVO DE GOBIERNO DEL ESTADO LEY DE LOS TRABAJADORES AL SERVICIO DE GOBIERNO DEL ESTADO,,1,1,1,1,1,,,1,1,,,
6,06,22,INSTITUTO PARA EL MEDIO AMBIENTE Y DESARROLLO SUSTENTABLE,1,REGLAMENTO DEL SISTEMA DE PROFESIONALIZACION DE LOS SERVIDORES PUBLICOS DEL PODER EJECUTIVO DE GOBIERNO DEL ESTADO LEY DE LOS TRABAJADORES AL SERVICIO DE GOBIERNO DEL ESTADO,,1,1,1,1,1,,,1,1,,,
6,06,23,INSTITUTO PARA EL REGISTRO DEL TERRITORIO DEL ESTADO DE COLIMA,1,REGLAMENTO DEL SISTEMA DE PROFESIONALIZACION DE LOS SERVIDORES PUBLICOS DEL PODER EJECUTIVO DE GOBIERNO DEL ESTADO LEY DE LOS TRABAJADORES AL SERVICIO DE GOBIERNO DEL ESTADO,,1,1,1,1,1,,,1,1,,,
6,06,24,PROCURADURIA DE PROTECCION DE NIÑAS NIÑOS Y ADOLESCENTES,1,REGLAMENTO DEL SISTEMA DE PROFESIONALIZACION DE LOS SERVIDORES PUBLICOS DEL PODER EJECUTIVO DE GOBIERNO DEL ESTADO LEY DE LOS TRABAJADORES AL SERVICIO DE GOBIERNO DEL ESTADO,,1,1,1,1,1,,,1,1,,,
6,06,25,PROTECCION CIVIL,1,REGLAMENTO DEL SISTEMA DE PROFESIONALIZACION DE LOS SERVIDORES PUBLICOS DEL PODER EJECUTIVO DE GOBIERNO DEL ESTADO LEY DE LOS TRABAJADORES AL SERVICIO DE GOBIERNO DEL ESTADO,,1,1,1,1,1,,,1,1,,,
6,06,26,INSTITUTO TECNICO HACENDARIO DEL ESTADO DE COLIMA,1,REGLAMENTO DEL SISTEMA DE PROFESIONALIZACION DE LOS SERVIDORES PUBLICOS DEL PODER EJECUTIVO DE GOBIERNO DEL ESTADO LEY DE LOS TRABAJADORES AL SERVICIO DE GOBIERNO DEL ESTADO,,1,1,1,1,1,,,1,1,,,
6,06,27,CONSEJO DE PARTICIPACION SOCIAL DEL ESTADO DE COLIMA,1,REGLAMENTO DEL SISTEMA DE PROFESIONALIZACION DE LOS SERVIDORES PUBLICOS DEL PODER EJECUTIVO DE GOBIERNO DEL ESTADO LEY DE LOS TRABAJADORES AL SERVICIO DE GOBIERNO DEL ESTADO,,1,1,1,1,1,,,1,1,,,
6,06,28,JUNTA DE ASISTENCIA PRIVADA,1,REGLAMENTO DEL SISTEMA DE PROFESIONALIZACION DE LOS SERVIDORES PUBLICOS DEL PODER EJECUTIVO DE GOBIERNO DEL ESTADO LEY DE LOS TRABAJADORES AL SERVICIO DE GOBIERNO DEL ESTADO,,1,1,1,1,1,,,1,1,,,
6,06,29,COMISION ESTATAL DE CONCILIACION Y ARBITRAJE MEDICO DE COLIMA,1,REGLAMENTO DEL SISTEMA DE PROFESIONALIZACION DE LOS SERVIDORES PUBLICOS DEL PODER EJECUTIVO DE GOBIERNO DEL ESTADO LEY DE LOS TRABAJADORES AL SERVICIO DE GOBIERNO DEL ESTADO,,1,1,1,1,1,,,1,1,,,
6,06,30,ORGANO DE GESTION Y CONTROL DEL PATRIMONIO DEL ESTADO DE COLIMA,9,NO IDENTIFICADO,NSS,NSS,NSS,NSS,NSS,NSS,NSS,NSS,NSS,NSS,NSS,NSS,NSS
6,06,31,INSTITUTO ESTATAL DE EDUCACION PARA ADULTOS,1,REGLAMENTO DEL SISTEMA DE PROFESIONALIZACION DE LOS SERVIDORES PUBLICOS DEL PODER EJECUTIVO DE GOBIERNO DEL ESTADO LEY DE LOS TRABAJADORES AL SERVICIO DE GOBIERNO DEL ESTADO,,1,1,1,1,1,,,1,1,,,
7,07,1,GUBERNATURA,1,LEY DEL SERVICIO CIVIL DEL ESTADO Y LOS MUNICIPIOS DE CHIAPASLEY ORGANICA DE LA ADMINISTRACION PUBLICA DEL ESTADO DE CHIAPASREGLAMENTO INTERIOR DE LA SECRETARIA DE HACIENDALINEAMIENTOS GENERALES PARA LA ADMINISTRACION DE LOS RECURSOS HUMANOS ADSCRITOS A LA ADMINISTRACION PUBLICA ESTATAL,,,1,,1,1,,,1,,,,
7,07,2,SECRETARIA GENERAL DE GOBIERNO,1,LEY DEL SERVICIO CIVIL DEL ESTADO Y LOS MUNICIPIOS DE CHIAPASLEY ORGANICA DE LA ADMINISTRACION PUBLICA DEL ESTADO DE CHIAPASREGLAMENTO INTERIOR DE LA SECRETARIA DE HACIENDALINEAMIENTOS GENERALES PARA LA ADMINISTRACION DE LOS RECURSOS HUMANOS ADSCRITOS A LA ADMINISTRACION PUBLICA ESTATAL,,,1,,1,1,,,1,,,,
7,07,3,SECRETARIA DE HACIENDA,1,LEY DEL SERVICIO CIVIL DEL ESTADO Y LOS MUNICIPIOS DE CHIAPASLEY ORGANICA DE LA ADMINISTRACION PUBLICA DEL ESTADO DE CHIAPASREGLAMENTO INTERIOR DE LA SECRETARIA DE HACIENDALINEAMIENTOS GENERALES PARA LA ADMINISTRACION DE LOS RECURSOS HUMANOS ADSCRITOS A LA ADMINISTRACION PUBLICA ESTATAL,,,1,,1,1,,,1,,,,
7,07,4,SECRETARIA DE LA HONESTIDAD Y FUNCION PUBLICA,1,LEY DEL SERVICIO CIVIL DEL ESTADO Y LOS MUNICIPIOS DE CHIAPASLEY ORGANICA DE LA ADMINISTRACION PUBLICA DEL ESTADO DE CHIAPASREGLAMENTO INTERIOR DE LA SECRETARIA DE HACIENDALINEAMIENTOS GENERALES PARA LA ADMINISTRACION DE LOS RECURSOS HUMANOS ADSCRITOS A LA ADMINISTRACION PUBLICA ESTATAL,,,1,,1,1,,,1,,,,
7,07,5,SECRETARIA DE IGUALDAD DE GENERO,1,LEY DEL SERVICIO CIVIL DEL ESTADO Y LOS MUNICIPIOS DE CHIAPASLEY ORGANICA DE LA ADMINISTRACION PUBLICA DEL ESTADO DE CHIAPASREGLAMENTO INTERIOR DE LA SECRETARIA DE HACIENDALINEAMIENTOS GENERALES PARA LA ADMINISTRACION DE LOS RECURSOS HUMANOS ADSCRITOS A LA ADMINISTRACION PUBLICA ESTATAL,,,1,,1,1,,,1,,,,
7,07,6,SECRETARIA DE PROTECCION CIVIL,1,LEY DEL SERVICIO CIVIL DEL ESTADO Y LOS MUNICIPIOS DE CHIAPASLEY ORGANICA DE LA ADMINISTRACION PUBLICA DEL ESTADO DE CHIAPASREGLAMENTO INTERIOR DE LA SECRETARIA DE HACIENDALINEAMIENTOS GENERALES PARA LA ADMINISTRACION DE LOS RECURSOS HUMANOS ADSCRITOS A LA ADMINISTRACION PUBLICA ESTATAL,,,1,,1,1,,,1,,,,
7,07,7,SECRETARIA DE OBRAS PUBLICAS,1,LEY DEL SERVICIO CIVIL DEL ESTADO Y LOS MUNICIPIOS DE CHIAPASLEY ORGANICA DE LA ADMINISTRACION PUBLICA DEL ESTADO DE CHIAPASREGLAMENTO INTERIOR DE LA SECRETARIA DE HACIENDALINEAMIENTOS GENERALES PARA LA ADMINISTRACION DE LOS RECURSOS HUMANOS ADSCRITOS A LA ADMINISTRACION PUBLICA ESTATAL,,,1,,1,1,,,1,,,,
7,07,8,SECRETARIA DE MEDIO AMBIENTE E HISTORIA NATURAL,1,LEY DEL SERVICIO CIVIL DEL ESTADO Y LOS MUNICIPIOS DE CHIAPASLEY ORGANICA DE LA ADMINISTRACION PUBLICA DEL ESTADO DE CHIAPASREGLAMENTO INTERIOR DE LA SECRETARIA DE HACIENDALINEAMIENTOS GENERALES PARA LA ADMINISTRACION DE LOS RECURSOS HUMANOS ADSCRITOS A LA ADMINISTRACION PUBLICA ESTATAL,,,1,,1,1,,,1,,,,
7,07,9,SECRETARIA DE ECONOMIA Y DEL TRABAJO,1,LEY DEL SERVICIO CIVIL DEL ESTADO Y LOS MUNICIPIOS DE CHIAPASLEY ORGANICA DE LA ADMINISTRACION PUBLICA DEL ESTADO DE CHIAPASREGLAMENTO INTERIOR DE LA SECRETARIA DE HACIENDALINEAMIENTOS GENERALES PARA LA ADMINISTRACION DE LOS RECURSOS HUMANOS ADSCRITOS A LA ADMINISTRACION PUBLICA ESTATAL,,,1,,1,1,,,1,,,,
7,07,10,SECRETARIA DE BIENESTAR,1,LEY DEL SERVICIO CIVIL DEL ESTADO Y LOS MUNICIPIOS DE CHIAPASLEY ORGANICA DE LA ADMINISTRACION PUBLICA DEL ESTADO DE CHIAPASREGLAMENTO INTERIOR DE LA SECRETARIA DE HACIENDALINEAMIENTOS GENERALES PARA LA ADMINISTRACION DE LOS RECURSOS HUMANOS ADSCRITOS A LA ADMINISTRACION PUBLICA ESTATAL,,,1,,1,1,,,1,,,,
7,07,11,SECRETARIA DE AGRICULTURA GANADERIA Y PESCA,1,LEY DEL SERVICIO CIVIL DEL ESTADO Y LOS MUNICIPIOS DE CHIAPASLEY ORGANICA DE LA ADMINISTRACION PUBLICA DEL ESTADO DE CHIAPASREGLAMENTO INTERIOR DE LA SECRETARIA DE HACIENDALINEAMIENTOS GENERALES PARA LA ADMINISTRACION DE LOS RECURSOS HUMANOS ADSCRITOS A LA ADMINISTRACION PUBLICA ESTATAL,,,1,,1,1,,,1,,,,
7,07,12,SECRETARIA DE TURISMO,1,LEY DEL SERVICIO CIVIL DEL ESTADO Y LOS MUNICIPIOS DE CHIAPASLEY ORGANICA DE LA ADMINISTRACION PUBLICA DEL ESTADO DE CHIAPASREGLAMENTO INTERIOR DE LA SECRETARIA DE HACIENDALINEAMIENTOS GENERALES PARA LA ADMINISTRACION DE LOS RECURSOS HUMANOS ADSCRITOS A LA ADMINISTRACION PUBLICA ESTATAL,,,1,,1,1,,,1,,,,
7,07,13,SECRETARIA PARA EL DESARROLLO SUSTENTABLE DE LOS PUEBLOS INDIGENAS,1,LEY DEL SERVICIO CIVIL DEL ESTADO Y LOS MUNICIPIOS DE CHIAPASLEY ORGANICA DE LA ADMINISTRACION PUBLICA DEL ESTADO DE CHIAPASREGLAMENTO INTERIOR DE LA SECRETARIA DE HACIENDALINEAMIENTOS GENERALES PARA LA ADMINISTRACION DE LOS RECURSOS HUMANOS ADSCRITOS A LA ADMINISTRACION PUBLICA ESTATAL,,,1,,1,1,,,1,,,,
7,07,14,SECRETARIA DE SALUD,1,LEY DEL SERVICIO CIVIL DEL ESTADO Y LOS MUNICIPIOS DE CHIAPASLEY ORGANICA DE LA ADMINISTRACION PUBLICA DEL ESTADO DE CHIAPASREGLAMENTO INTERIOR DE LA SECRETARIA DE HACIENDALINEAMIENTOS GENERALES PARA LA ADMINISTRACION DE LOS RECURSOS HUMANOS ADSCRITOS A LA ADMINISTRACION PUBLICA ESTATAL,,,,,,,,,1,,,,
7,07,15,SECRETARIA DE EDUCACION,1,LEY DEL SERVICIO CIVIL DEL ESTADO Y LOS MUNICIPIOS DE CHIAPASLEY ORGANICA DE LA ADMINISTRACION PUBLICA DEL ESTADO DE CHIAPASREGLAMENTO INTERIOR DE LA SECRETARIA DE HACIENDALINEAMIENTOS GENERALES PARA LA ADMINISTRACION DE LOS RECURSOS HUMANOS ADSCRITOS A LA ADMINISTRACION PUBLICA ESTATAL,,,1,,1,1,,,1,,,,
7,07,16,SECRETARIA DE SEGURIDAD Y PROTECCION CIUDADANA,1,LEY DEL SERVICIO CIVIL DEL ESTADO Y LOS MUNICIPIOS DE CHIAPASLEY ORGANICA DE LA ADMINISTRACION PUBLICA DEL ESTADO DE CHIAPASREGLAMENTO INTERIOR DE LA SECRETARIA DE HACIENDALINEAMIENTOS GENERALES PARA LA ADMINISTRACION DE LOS RECURSOS HUMANOS ADSCRITOS A LA ADMINISTRACION PUBLICA ESTATAL,,,1,,1,1,,,,,,,
7,07,17,SECRETARIA DE MOVILIDAD Y TRANSPORTE,1,LEY DEL SERVICIO CIVIL DEL ESTADO Y LOS MUNICIPIOS DE CHIAPASLEY ORGANICA DE LA ADMINISTRACION PUBLICA DEL ESTADO DE CHIAPASREGLAMENTO INTERIOR DE LA SECRETARIA DE HACIENDALINEAMIENTOS GENERALES PARA LA ADMINISTRACION DE LOS RECURSOS HUMANOS ADSCRITOS A LA ADMINISTRACION PUBLICA ESTATAL,,,1,,1,1,,,1,,,,
7,07,18,COMISION ESTATAL DE BUSQUEDA DE PERSONAS,1,LEY DEL SERVICIO CIVIL DEL ESTADO Y LOS MUNICIPIOS DE CHIAPASLEY ORGANICA DE LA ADMINISTRACION PUBLICA DEL ESTADO DE CHIAPASREGLAMENTO INTERIOR DE LA SECRETARIA DE HACIENDALINEAMIENTOS GENERALES PARA LA ADMINISTRACION DE LOS RECURSOS HUMANOS ADSCRITOS A LA ADMINISTRACION PUBLICA ESTATAL,,,1,,1,1,,,1,,,,
7,07,19,OFICIALIA MAYOR DEL ESTADO DE CHIAPAS,1,LEY DEL SERVICIO CIVIL DEL ESTADO Y LOS MUNICIPIOS DE CHIAPASLEY ORGANICA DE LA ADMINISTRACION PUBLICA DEL ESTADO DE CHIAPASREGLAMENTO INTERIOR DE LA SECRETARIA DE HACIENDALINEAMIENTOS GENERALES PARA LA ADMINISTRACION DE LOS RECURSOS HUMANOS ADSCRITOS A LA ADMINISTRACION PUBLICA ESTATAL,,,1,,1,1,,,1,,,,
7,07,20,COORDINACION ESTATAL PARA EL MEJORAMIENTO DEL ZOOLOGICO MIGUEL ALVAREZ DEL TORO,1,LEY DEL SERVICIO CIVIL DEL ESTADO Y LOS MUNICIPIOS DE CHIAPASLEY ORGANICA DE LA ADMINISTRACION PUBLICA DEL ESTADO DE CHIAPASREGLAMENTO INTERIOR DE LA SECRETARIA DE HACIENDALINEAMIENTOS GENERALES PARA LA ADMINISTRACION DE LOS RECURSOS HUMANOS ADSCRITOS A LA ADMINISTRACION PUBLICA ESTATAL,,,1,,1,1,,,,,,,
7,07,21,JUNTA LOCAL DE CONCILIACION Y ARBITRAJE DEL ESTADO DE CHIAPAS,1,LEY DEL SERVICIO CIVIL DEL ESTADO Y LOS MUNICIPIOS DE CHIAPASLEY ORGANICA DE LA ADMINISTRACION PUBLICA DEL ESTADO DE CHIAPASREGLAMENTO INTERIOR DE LA SECRETARIA DE HACIENDALINEAMIENTOS GENERALES PARA LA ADMINISTRACION DE LOS RECURSOS HUMANOS ADSCRITOS A LA ADMINISTRACION PUBLICA ESTATAL,,,1,,1,1,,,,,,,
7,07,22,COMISION ESTATAL DE MEJORA REGULATORIA,9,NO IDENTIFICADO,NSS,NSS,NSS,NSS,NSS,NSS,NSS,NSS,NSS,NSS,NSS,NSS,NSS
7,07,23,INSTITUTO DE LA JUVENTUD DEL ESTADO DE CHIAPAS,1,LEY DEL SERVICIO CIVIL DEL ESTADO Y LOS MUNICIPIOS DE CHIAPASLEY ORGANICA DE LA ADMINISTRACION PUBLICA DEL ESTADO DE CHIAPASREGLAMENTO INTERIOR DE LA SECRETARIA DE HACIENDALINEAMIENTOS GENERALES PARA LA ADMINISTRACION DE LOS RECURSOS HUMANOS ADSCRITOS A LA ADMINISTRACION PUBLICA ESTATAL,,,1,,1,1,,,1,,,,
7,07,24,INSTITUTO DE PROTECCION SOCIAL Y BENEFICENCIA PUBLICA DEL ESTADO DE CHIAPAS,1,LEY DEL SERVICIO CIVIL DEL ESTADO Y LOS MUNICIPIOS DE CHIAPASLEY ORGANICA DE LA ADMINISTRACION PUBLICA DEL ESTADO DE CHIAPASREGLAMENTO INTERIOR DE LA SECRETARIA DE HACIENDALINEAMIENTOS GENERALES PARA LA ADMINISTRACION DE LOS RECURSOS HUMANOS ADSCRITOS A LA ADMINISTRACION PUBLICA ESTATAL,,,1,,1,1,,,,,,,
7,07,25,CENTRO ESTATAL DE TRASPLANTES DEL ESTADO DE CHIAPAS,1,LEY DEL SERVICIO CIVIL DEL ESTADO Y LOS MUNICIPIOS DE CHIAPASLEY ORGANICA DE LA ADMINISTRACION PUBLICA DEL ESTADO DE CHIAPASREGLAMENTO INTERIOR DE LA SECRETARIA DE HACIENDALINEAMIENTOS GENERALES PARA LA ADMINISTRACION DE LOS RECURSOS HUMANOS ADSCRITOS A LA ADMINISTRACION PUBLICA ESTATAL,,,1,,1,1,,,1,,,,
7,07,26,INSTITUTO DE ESTUDIOS DE POSGRADO,9,NO IDENTIFICADO,NSS,NSS,NSS,NSS,NSS,NSS,NSS,NSS,NSS,NSS,NSS,NSS,NSS
7,07,27,INSTITUTO ESTATAL DE EVALUACION E INNOVACION EDUCATIVA,9,NO IDENTIFICADO,NSS,NSS,NSS,NSS,NSS,NSS,NSS,NSS,NSS,NSS,NSS,NSS,NSS
7,07,28,INSTITUTO DE FORMACION POLICIAL,1,LEY DEL SERVICIO CIVIL DEL ESTADO Y LOS MUNICIPIOS DE CHIAPASLEY ORGANICA DE LA ADMINISTRACION PUBLICA DEL ESTADO DE CHIAPASREGLAMENTO INTERIOR DE LA SECRETARIA DE HACIENDALINEAMIENTOS GENERALES PARA LA ADMINISTRACION DE LOS RECURSOS HUMANOS ADSCRITOS A LA ADMINISTRACION PUBLICA ESTATAL,,,1,,1,1,,,,,,,
7,07,29,CENTRO ESTATAL DE PREVENCION SOCIAL DE LA VIOLENCIA Y PARTICIPACION CIUDADANA,9,NO IDENTIFICADO,NSS,NSS,NSS,NSS,NSS,NSS,NSS,NSS,NSS,NSS,NSS,NSS,NSS
7,07,30,INSTITUTO PARA LA GESTION INTEGRAL DE RIESGOS DE DESASTRES DEL ESTADO DE CHIAPAS,1,LEY DEL SERVICIO CIVIL DEL ESTADO Y LOS MUNICIPIOS DE CHIAPASLEY ORGANICA DE LA ADMINISTRACION PUBLICA DEL ESTADO DE CHIAPASREGLAMENTO INTERIOR DE LA SECRETARIA DE HACIENDALINEAMIENTOS GENERALES PARA LA ADMINISTRACION DE LOS RECURSOS HUMANOS ADSCRITOS A LA ADMINISTRACION PUBLICA ESTATAL,,,1,,1,1,,,,,,,
7,07,31,COMISION EJECUTIVA ESTATAL DE ATENCION A VICTIMAS PARA EL ESTADO DE CHIAPAS,1,LEY DEL SERVICIO CIVIL DEL ESTADO Y LOS MUNICIPIOS DE CHIAPASLEY ORGANICA DE LA ADMINISTRACION PUBLICA DEL ESTADO DE CHIAPASREGLAMENTO INTERIOR DE LA SECRETARIA DE HACIENDALINEAMIENTOS GENERALES PARA LA ADMINISTRACION DE LOS RECURSOS HUMANOS ADSCRITOS A LA ADMINISTRACION PUBLICA ESTATAL,,,1,,1,1,,,1,,,,
7,07,32,INSTITUTO DEL PATRIMONIO DEL ESTADO,1,LEY DEL SERVICIO CIVIL DEL ESTADO Y LOS MUNICIPIOS DE CHIAPASLEY ORGANICA DE LA ADMINISTRACION PUBLICA DEL ESTADO DE CHIAPASREGLAMENTO INTERIOR DE LA SECRETARIA DE HACIENDALINEAMIENTOS GENERALES PARA LA ADMINISTRACION DE LOS RECURSOS HUMANOS ADSCRITOS A LA ADMINISTRACION PUBLICA ESTATAL,,,1,,1,1,,,1,,,,
7,07,33,INSTITUTO DE BOMBEROS DEL ESTADO DE CHIAPAS,1,LEY DEL SERVICIO CIVIL DEL ESTADO Y LOS MUNICIPIOS DE CHIAPASLEY ORGANICA DE LA ADMINISTRACION PUBLICA DEL ESTADO DE CHIAPASREGLAMENTO INTERIOR DE LA SECRETARIA DE HACIENDALINEAMIENTOS GENERALES PARA LA ADMINISTRACION DE LOS RECURSOS HUMANOS ADSCRITOS A LA ADMINISTRACION PUBLICA ESTATAL,,,1,,1,1,,,1,,,,
7,07,34,INSTITUTO ESTATAL DEL AGUA,1,LEY DEL SERVICIO CIVIL DEL ESTADO Y LOS MUNICIPIOS DE CHIAPASLEY ORGANICA DE LA ADMINISTRACION PUBLICA DEL ESTADO DE CHIAPASREGLAMENTO INTERIOR DE LA SECRETARIA DE HACIENDALINEAMIENTOS GENERALES PARA LA ADMINISTRACION DE LOS RECURSOS HUMANOS ADSCRITOS A LA ADMINISTRACION PUBLICA ESTATAL,,,1,,1,1,,,1,,,,
7,07,35,COMISION DE CAMINOS E INFRAESTRUCTURA HIDRAULICA,1,LEY DEL SERVICIO CIVIL DEL ESTADO Y LOS MUNICIPIOS DE CHIAPASLEY ORGANICA DE LA ADMINISTRACION PUBLICA DEL ESTADO DE CHIAPASREGLAMENTO INTERIOR DE LA SECRETARIA DE HACIENDALINEAMIENTOS GENERALES PARA LA ADMINISTRACION DE LOS RECURSOS HUMANOS ADSCRITOS A LA ADMINISTRACION PUBLICA ESTATAL,,,1,,1,1,,,1,,,,
7,07,36,PROCURADURIA AMBIENTAL DEL ESTADO DE CHIAPAS,1,LEY DEL SERVICIO CIVIL DEL ESTADO Y LOS MUNICIPIOS DE CHIAPASLEY ORGANICA DE LA ADMINISTRACION PUBLICA DEL ESTADO DE CHIAPASREGLAMENTO INTERIOR DE LA SECRETARIA DE HACIENDALINEAMIENTOS GENERALES PARA LA ADMINISTRACION DE LOS RECURSOS HUMANOS ADSCRITOS A LA ADMINISTRACION PUBLICA ESTATAL,,,1,,1,1,,,,,,,
7,07,37,INSTITUTO DE CAPACITACION Y VINCULACION TECNOLOGICA DEL ESTADO DE CHIAPAS,1,LEY DEL SERVICIO CIVIL DEL ESTADO Y LOS MUNICIPIOS DE CHIAPASLEY ORGANICA DE LA ADMINISTRACION PUBLICA DEL ESTADO DE CHIAPASREGLAMENTO INTERIOR DE LA SECRETARIA DE HACIENDALINEAMIENTOS GENERALES PARA LA ADMINISTRACION DE LOS RECURSOS HUMANOS ADSCRITOS A LA ADMINISTRACION PUBLICA ESTATAL,,,,,,,,,1,,,,
7,07,38,INSTITUTO CASA DE LAS ARTESANIAS DE CHIAPAS,1,LEY DEL SERVICIO CIVIL DEL ESTADO Y LOS MUNICIPIOS DE CHIAPASLEY ORGANICA DE LA ADMINISTRACION PUBLICA DEL ESTADO DE CHIAPASREGLAMENTO INTERIOR DE LA SECRETARIA DE HACIENDALINEAMIENTOS GENERALES PARA LA ADMINISTRACION DE LOS RECURSOS HUMANOS ADSCRITOS A LA ADMINISTRACION PUBLICA ESTATAL,,,1,,1,1,,,1,,,,
7,07,39,CENTRO DE CONCILIACION LABORAL DEL ESTADO DE CHIAPAS,1,LEY DEL SERVICIO CIVIL DEL ESTADO Y LOS MUNICIPIOS DE CHIAPASLEY ORGANICA DE LA ADMINISTRACION PUBLICA DEL ESTADO DE CHIAPASREGLAMENTO INTERIOR DE LA SECRETARIA DE HACIENDALINEAMIENTOS GENERALES PARA LA ADMINISTRACION DE LOS RECURSOS HUMANOS ADSCRITOS A LA ADMINISTRACION PUBLICA ESTATAL,,,1,,1,1,,,1,,,,
7,07,40,PROMOTORA DE VIVIENDA CHIAPAS,1,LEY DEL SERVICIO CIVIL DEL ESTADO Y LOS MUNICIPIOS DE CHIAPASLEY ORGANICA DE LA ADMINISTRACION PUBLICA DEL ESTADO DE CHIAPASREGLAMENTO INTERIOR DE LA SECRETARIA DE HACIENDALINEAMIENTOS GENERALES PARA LA ADMINISTRACION DE LOS RECURSOS HUMANOS ADSCRITOS A LA ADMINISTRACION PUBLICA ESTATAL,,,1,,1,1,,,1,,,,
7,07,41,INSTITUTO DEL CAFE DE CHIAPAS,1,LEY DEL SERVICIO CIVIL DEL ESTADO Y LOS MUNICIPIOS DE CHIAPASLEY ORGANICA DE LA ADMINISTRACION PUBLICA DEL ESTADO DE CHIAPASREGLAMENTO INTERIOR DE LA SECRETARIA DE HACIENDALINEAMIENTOS GENERALES PARA LA ADMINISTRACION DE LOS RECURSOS HUMANOS ADSCRITOS A LA ADMINISTRACION PUBLICA ESTATAL,,,1,,1,1,,,1,,,,
7,07,42,OFICINA DE CONVENCIONES Y VISITANTES,1,LEY DEL SERVICIO CIVIL DEL ESTADO Y LOS MUNICIPIOS DE CHIAPASLEY ORGANICA DE LA ADMINISTRACION PUBLICA DEL ESTADO DE CHIAPASREGLAMENTO INTERIOR DE LA SECRETARIA DE HACIENDALINEAMIENTOS GENERALES PARA LA ADMINISTRACION DE LOS RECURSOS HUMANOS ADSCRITOS A LA ADMINISTRACION PUBLICA ESTATAL,,,1,,1,1,,,1,,,,
7,07,43,INSTITUTO DE SALUD,9,NO IDENTIFICADO,NSS,NSS,NSS,NSS,NSS,NSS,NSS,NSS,NSS,NSS,NSS,NSS,NSS
7,07,44,SISTEMA PARA EL DESARROLLO INTEGRAL DE LA FAMILIA DEL ESTADO DE CHIAPAS SISTEMA DIF CHIAPAS,1,LEY DEL SERVICIO CIVIL DEL ESTADO Y LOS MUNICIPIOS DE CHIAPASLEY ORGANICA DE LA ADMINISTRACION PUBLICA DEL ESTADO DE CHIAPASREGLAMENTO INTERIOR DE LA SECRETARIA DE HACIENDALINEAMIENTOS GENERALES PARA LA ADMINISTRACION DE LOS RECURSOS HUMANOS ADSCRITOS A LA ADMINISTRACION PUBLICA ESTATAL,,,1,,1,1,,,1,,,,
7,07,45,COLEGIO DE BACHILLERES DE CHIAPAS,9,NO IDENTIFICADO,NSS,NSS,NSS,NSS,NSS,NSS,NSS,NSS,NSS,NSS,NSS,NSS,NSS
7,07,46,COLEGIO DE EDUCACION PROFESIONAL TECNICA DEL ESTADO DE CHIAPAS CONALEP CHIAPAS,1,LEY DEL SERVICIO CIVIL DEL ESTADO Y LOS MUNICIPIOS DE CHIAPASLEY ORGANICA DE LA ADMINISTRACION PUBLICA DEL ESTADO DE CHIAPASREGLAMENTO INTERIOR DE LA SECRETARIA DE HACIENDALINEAMIENTOS GENERALES PARA LA ADMINISTRACION DE LOS RECURSOS HUMANOS ADSCRITOS A LA ADMINISTRACION PUBLICA ESTATAL,,,,,,,,,1,,,,
7,07,47,UNIVERSIDAD TECNOLOGICA DE LA SELVA,9,NO IDENTIFICADO,NSS,NSS,NSS,NSS,NSS,NSS,NSS,NSS,NSS,NSS,NSS,NSS,NSS
7,07,48,COLEGIO DE ESTUDIOS CIENTIFICOS Y TECNOLOGICOS DEL ESTADO DE CHIAPAS,9,NO IDENTIFICADO,NSS,NSS,NSS,NSS,NSS,NSS,NSS,NSS,NSS,NSS,NSS,NSS,NSS
7,07,49,INSTITUTO CHIAPANECO DE EDUCACION PARA JOVENES Y ADULTOS,1,LEY DEL SERVICIO CIVIL DEL ESTADO Y LOS MUNICIPIOS DE CHIAPASLEY ORGANICA DE LA ADMINISTRACION PUBLICA DEL ESTADO DE CHIAPASREGLAMENTO INTERIOR DE LA SECRETARIA DE HACIENDALINEAMIENTOS GENERALES PARA LA ADMINISTRACION DE LOS RECURSOS HUMANOS ADSCRITOS A LA ADMINISTRACION PUBLICA ESTATAL,,,1,,1,1,,,1,,,,
7,07,50,INSTITUTO TECNOLOGICO SUPERIOR DE CINTALAPA,1,LEY DEL SERVICIO CIVIL DEL ESTADO Y LOS MUNICIPIOS DE CHIAPASLEY ORGANICA DE LA ADMINISTRACION PUBLICA DEL ESTADO DE CHIAPASREGLAMENTO INTERIOR DE LA SECRETARIA DE HACIENDALINEAMIENTOS GENERALES PARA LA ADMINISTRACION DE LOS RECURSOS HUMANOS ADSCRITOS A LA ADMINISTRACION PUBLICA ESTATAL,,,,,,,,,1,,,,
7,07,51,UNIVERSIDAD POLITECNICA DE CHIAPAS,9,NO IDENTIFICADO,NSS,NSS,NSS,NSS,NSS,NSS,NSS,NSS,NSS,NSS,NSS,NSS,NSS
7,07,52,UNIVERSIDAD POLITECNICA DE TAPACHULA,1,LEY DEL SERVICIO CIVIL DEL ESTADO Y LOS MUNICIPIOS DE CHIAPASLEY ORGANICA DE LA ADMINISTRACION PUBLICA DEL ESTADO DE CHIAPASREGLAMENTO INTERIOR DE LA SECRETARIA DE HACIENDALINEAMIENTOS GENERALES PARA LA ADMINISTRACION DE LOS RECURSOS HUMANOS ADSCRITOS A LA ADMINISTRACION PUBLICA ESTATAL,,,,,,,,,1,,,,
7,07,53,UNIVERSIDAD INTERCULTURAL DE CHIAPAS,9,NO IDENTIFICADO,NSS,NSS,NSS,NSS,NSS,NSS,NSS,NSS,NSS,NSS,NSS,NSS,NSS
7,07,54,INSTITUTO DE LA INFRAESTRUCTURA FISICA EDUCATIVA DEL ESTADO DE CHIAPAS,1,LEY DEL SERVICIO CIVIL DEL ESTADO Y LOS MUNICIPIOS DE CHIAPASLEY ORGANICA DE LA ADMINISTRACION PUBLICA DEL ESTADO DE CHIAPASREGLAMENTO INTERIOR DE LA SECRETARIA DE HACIENDALINEAMIENTOS GENERALES PARA LA ADMINISTRACION DE LOS RECURSOS HUMANOS ADSCRITOS A LA ADMINISTRACION PUBLICA ESTATAL,,,1,,1,1,,,1,,,,
7,07,55,CENTRO REGIONAL DE FORMACION DOCENTE E INVESTIGACION EDUCATIVA,1,LEY DEL SERVICIO CIVIL DEL ESTADO Y LOS MUNICIPIOS DE CHIAPASLEY ORGANICA DE LA ADMINISTRACION PUBLICA DEL ESTADO DE CHIAPASREGLAMENTO INTERIOR DE LA SECRETARIA DE HACIENDALINEAMIENTOS GENERALES PARA LA ADMINISTRACION DE LOS RECURSOS HUMANOS ADSCRITOS A LA ADMINISTRACION PUBLICA ESTATAL,,,,,,,,,1,,,,
7,07,56,TALLERES GRAFICOS DE CHIAPAS,9,NO IDENTIFICADO,NSS,NSS,NSS,NSS,NSS,NSS,NSS,NSS,NSS,NSS,NSS,NSS,NSS
7,07,57,SISTEMA CHIAPANECO DE RADIO TELEVISION Y CINEMATOGRAFIA,2,NO APLICA,NA,NA,NA,NA,NA,NA,NA,NA,NA,NA,NA,NA,NA
7,07,58,CENTRO ESTATAL DE CONTROL DE CONFIANZA CERTIFICADO DEL ESTADO DE CHIAPAS,9,NO IDENTIFICADO,NSS,NSS,NSS,NSS,NSS,NSS,NSS,NSS,NSS,NSS,NSS,NSS,NSS
7,07,59,INSTITUTO DE SEGURIDAD SOCIAL DE LOS TRABAJADORES DEL ESTADO DE CHIAPAS,1,LEY DEL SERVICIO CIVIL DEL ESTADO Y LOS MUNICIPIOS DE CHIAPASLEY ORGANICA DE LA ADMINISTRACION PUBLICA DEL ESTADO DE CHIAPASREGLAMENTO INTERIOR DE LA SECRETARIA DE HACIENDALINEAMIENTOS GENERALES PARA LA ADMINISTRACION DE LOS RECURSOS HUMANOS ADSCRITOS A LA ADMINISTRACION PUBLICA ESTATAL,,,1,,1,1,,,1,,,,
7,07,60,CONSEJO ESTATAL PARA LAS CULTURAS Y LAS ARTES DE CHIAPAS,1,LEY DEL SERVICIO CIVIL DEL ESTADO Y LOS MUNICIPIOS DE CHIAPASLEY ORGANICA DE LA ADMINISTRACION PUBLICA DEL ESTADO DE CHIAPASREGLAMENTO INTERIOR DE LA SECRETARIA DE HACIENDALINEAMIENTOS GENERALES PARA LA ADMINISTRACION DE LOS RECURSOS HUMANOS ADSCRITOS A LA ADMINISTRACION PUBLICA ESTATAL,,,1,,1,1,,,1,,,,
7,07,61,COMISION ESTATAL DE CONCILIACION Y ARBITRAJE MEDICO DEL ESTADO DE CHIAPAS,1,LEY DEL SERVICIO CIVIL DEL ESTADO Y LOS MUNICIPIOS DE CHIAPASLEY ORGANICA DE LA ADMINISTRACION PUBLICA DEL ESTADO DE CHIAPASREGLAMENTO INTERIOR DE LA SECRETARIA DE HACIENDALINEAMIENTOS GENERALES PARA LA ADMINISTRACION DE LOS RECURSOS HUMANOS ADSCRITOS A LA ADMINISTRACION PUBLICA ESTATAL,,,1,,1,1,,,,,,,
7,07,62,SECRETARIADO EJECUTIVO DEL SISTEMA ESTATAL DE SEGURIDAD PUBLICA,1,LEY DEL SERVICIO CIVIL DEL ESTADO Y LOS MUNICIPIOS DE CHIAPASLEY ORGANICA DE LA ADMINISTRACION PUBLICA DEL ESTADO DE CHIAPASREGLAMENTO INTERIOR DE LA SECRETARIA DE HACIENDALINEAMIENTOS GENERALES PARA LA ADMINISTRACION DE LOS RECURSOS HUMANOS ADSCRITOS A LA ADMINISTRACION PUBLICA ESTATAL,,,1,,1,1,,,1,,,,
7,07,63,INSTITUTO DE CIENCIA TECNOLOGIA E INNOVACION DEL ESTADO DE CHIAPAS,1,LEY DEL SERVICIO CIVIL DEL ESTADO Y LOS MUNICIPIOS DE CHIAPASLEY ORGANICA DE LA ADMINISTRACION PUBLICA DEL ESTADO DE CHIAPASREGLAMENTO INTERIOR DE LA SECRETARIA DE HACIENDALINEAMIENTOS GENERALES PARA LA ADMINISTRACION DE LOS RECURSOS HUMANOS ADSCRITOS A LA ADMINISTRACION PUBLICA ESTATAL,,,1,,1,1,,,,,,,
7,07,64,SECRETARIA EJECUTIVA DEL SISTEMA ANTICORRUPCION DEL ESTADO DE CHIAPAS,1,LEY DEL SERVICIO CIVIL DEL ESTADO Y LOS MUNICIPIOS DE CHIAPASLEY ORGANICA DE LA ADMINISTRACION PUBLICA DEL ESTADO DE CHIAPASREGLAMENTO INTERIOR DE LA SECRETARIA DE HACIENDALINEAMIENTOS GENERALES PARA LA ADMINISTRACION DE LOS RECURSOS HUMANOS ADSCRITOS A LA ADMINISTRACION PUBLICA ESTATAL,,,1,,1,1,,,1,,,,
7,07,65,ARCHIVO GENERAL DEL ESTADO,1,LEY DEL SERVICIO CIVIL DEL ESTADO Y LOS MUNICIPIOS DE CHIAPASLEY ORGANICA DE LA ADMINISTRACION PUBLICA DEL ESTADO DE CHIAPASREGLAMENTO INTERIOR DE LA SECRETARIA DE HACIENDALINEAMIENTOS GENERALES PARA LA ADMINISTRACION DE LOS RECURSOS HUMANOS ADSCRITOS A LA ADMINISTRACION PUBLICA ESTATAL,,,1,,1,1,,,1,,,,
7,07,66,CONSEJERIA JURIDICA DEL GOBERNADOR,1,LEY DEL SERVICIO CIVIL DEL ESTADO Y LOS MUNICIPIOS DE CHIAPASLEY ORGANICA DE LA ADMINISTRACION PUBLICA DEL ESTADO DE CHIAPASREGLAMENTO INTERIOR DE LA SECRETARIA DE HACIENDALINEAMIENTOS GENERALES PARA LA ADMINISTRACION DE LOS RECURSOS HUMANOS ADSCRITOS A LA ADMINISTRACION PUBLICA ESTATAL,,,1,,1,1,,,1,,,,
7,07,67,INSTITUTO DE COMUNICACION SOCIAL Y RELACIONES PUBLICAS DEL ESTADO DE CHIAPAS,1,LEY DEL SERVICIO CIVIL DEL ESTADO Y LOS MUNICIPIOS DE CHIAPASLEY ORGANICA DE LA ADMINISTRACION PUBLICA DEL ESTADO DE CHIAPASREGLAMENTO INTERIOR DE LA SECRETARIA DE HACIENDALINEAMIENTOS GENERALES PARA LA ADMINISTRACION DE LOS RECURSOS HUMANOS ADSCRITOS A LA ADMINISTRACION PUBLICA ESTATAL,,,1,,1,1,,,1,,,,
7,07,68,INSTITUTO DEL DEPORTE DEL ESTADO DE CHIAPAS,1,LEY DEL SERVICIO CIVIL DEL ESTADO Y LOS MUNICIPIOS DE CHIAPASLEY ORGANICA DE LA ADMINISTRACION PUBLICA DEL ESTADO DE CHIAPASREGLAMENTO INTERIOR DE LA SECRETARIA DE HACIENDALINEAMIENTOS GENERALES PARA LA ADMINISTRACION DE LOS RECURSOS HUMANOS ADSCRITOS A LA ADMINISTRACION PUBLICA ESTATAL,,,1,,1,1,,,1,,,,
7,07,69,SOCIEDAD OPERADORA DE LA TORRE CHIAPAS SA DE CV,9,NO IDENTIFICADO,NSS,NSS,NSS,NSS,NSS,NSS,NSS,NSS,NSS,NSS,NSS,NSS,NSS
7,07,70,SOCIEDAD OPERADORA DEL AEROPUERTO INTERNACIONAL ANGEL ALBINO CORZO,9,NO IDENTIFICADO,NSS,NSS,NSS,NSS,NSS,NSS,NSS,NSS,NSS,NSS,NSS,NSS,NSS
8,08,1,DESPACHO DEL EJECUTIVO,2,NO APLICA,NA,NA,NA,NA,NA,NA,NA,NA,NA,NA,NA,NA,NA
8,08,2,COORDINACION DE COMUNICACION,2,NO APLICA,NA,NA,NA,NA,NA,NA,NA,NA,NA,NA,NA,NA,NA
8,08,3,COORDINACION DE RELACIONES PUBLICAS,1,NO SE SABE,,,,1,1,,1,1,,,,,
8,08,4,REPRESENTACION DEL GOBIERNO DEL ESTADO DE CHIHUAHUA EN LA CIUDAD DE MEXICO,2,NO APLICA,NA,NA,NA,NA,NA,NA,NA,NA,NA,NA,NA,NA,NA
8,08,5,FISCALIA GENERAL DEL ESTADO,1,LEY DEL SISTEMA ESTATAL DE SEGURIDAD PUBLICA SISTEMA NACIONAL DE SEGURIDAD PUBLICA A TRAVES DE LA DIRECCION GENERAL DE APOYO TECNICO,1,1,1,1,1,1,1,1,1,1,1,1,
8,08,6,SECRETARIA DE COMUNICACIONES Y OBRAS PUBLICAS,2,NO APLICA,NA,NA,NA,NA,NA,NA,NA,NA,NA,NA,NA,NA,NA
8,08,7,SECRETARIA DE COORDINACION DE GABINETE,2,NO APLICA,NA,NA,NA,NA,NA,NA,NA,NA,NA,NA,NA,NA,NA
8,08,8,SECRETARIA DE CULTURA,3,NO APLICA,NA,NA,NA,NA,NA,NA,NA,NA,NA,NA,NA,NA,NA
8,08,9,SECRETARIA DE DESARROLLO HUMANO Y BIEN COMUN,3,NO APLICA,NA,NA,NA,NA,NA,NA,NA,NA,NA,NA,NA,NA,NA
8,08,10,SECRETARIA DE DESARROLLO RURAL,3,NO APLICA,NA,NA,NA,NA,NA,NA,NA,NA,NA,NA,NA,NA,NA
8,08,11,SECRETARIA DE DESARROLLO URBANO Y ECOLOGIA,3,NO APLICA,NA,NA,NA,NA,NA,NA,NA,NA,NA,NA,NA,NA,NA
8,08,12,SECRETARIA DE EDUCACION Y DEPORTE,1,NO SE SABE,,,,,,,,,1,,,,
8,08,13,SECRETARIA DE HACIENDA,1,NO SE SABE,,,1,1,1,,1,,1,,,,
8,08,14,SECRETARIA DE INNOVACION Y DESARROLLO ECONOMICO,1,NO SE SABE,,,1,1,1,1,1,,,,1,1,
8,08,15,SECRETARIA DE LA FUNCION PUBLICA,1,LEY ORGANICA DEL PODER EJECUTIVO DEL ESTADO DE CHIHUAHUA,,,,,,,,,1,,,,
8,08,16,SECRETARIA DE PUEBLOS Y COMUNIDADES INDIGENAS,1,REGLAMENTO INTERIOR DE LA SECRETARIA DE HACIENDA EN EL ART 51 FRACCION V,,,,,,,,,1,,,,
8,08,17,SECRETARIA DE SALUD,3,NO APLICA,NA,NA,NA,NA,NA,NA,NA,NA,NA,NA,NA,NA,NA
8,08,18,SECRETARIA DE SEGURIDAD PUBLICA,9,NO IDENTIFICADO,NSS,NSS,NSS,NSS,NSS,NSS,NSS,NSS,NSS,NSS,NSS,NSS,NSS
8,08,19,SECRETARIA DE TURISMO,1,CECADE,,1,1,1,1,,,,1,,,,
8,08,20,SECRETARIA DEL TRABAJO Y PREVISION SOCIAL,1,MANUAL DE PROCEDIMIENTOS ADMINISTRATIVOS DE LA SECRETARIA DEL TRABAJO Y PREVISION SOCIAL,,1,,,1,,1,,1,,,,
8,08,21,SECRETARIA GENERAL DE GOBIERNO,1,CENTRO CAPACITACION Y DESARROLLO CECADE,,1,1,,,,,,1,1,,,
8,08,22,ADMINISTRADORA DE SERVICIOS AEROPORTUARIOS DE CHIHUAHUA,3,NO APLICA,NA,NA,NA,NA,NA,NA,NA,NA,NA,NA,NA,NA,NA
8,08,23,AGENCIA ESTATAL DE DESARROLLO ENERGETICO,9,NO IDENTIFICADO,NSS,NSS,NSS,NSS,NSS,NSS,NSS,NSS,NSS,NSS,NSS,NSS,NSS
8,08,24,CENTRO DE CONCILIACION LABORAL DEL ESTADO DE CHIHUAHUA,1,LEY FEDERAL DEL TRABAJO LEY DEL CENTRO DE CONCILIACION LABORAL DEL ESTADO DE CHIHUAHUA,,,,,,,1,,1,,,,
8,08,25,COLEGIO DE BACHILLERES DEL ESTADO DE CHIHUAHUA,1,DECRETO PRESIDENCIAL QUE CREA EL SISTEMA DE CONSEJO NACIONAL DE EDUCACION,1,1,1,1,1,1,1,1,1,1,1,1,
8,08,26,COLEGIO DE EDUCACION PROFESIONAL TECNICA DEL ESTADO DE CHIHUAHUA,3,NO APLICA,NA,NA,NA,NA,NA,NA,NA,NA,NA,NA,NA,NA,NA
8,08,27,COLEGIO DE ESTUDIOS CIENTIFICOS Y TECNOLOGICOS DEL ESTADO DE CHIHUAHUA,3,NO APLICA,NA,NA,NA,NA,NA,NA,NA,NA,NA,NA,NA,NA,NA
8,08,28,COMISION ESTATAL DE VIVIENDA SUELO E INFRAESTRUCTURA DE CHIHUAHUA,1,NO SE SABE,,,,,,,,,1,,,,
8,08,29,COMISION ESTATAL PARA LA PROTECCION CONTRA RIESGOS SANITARIOS DEL ESTADO DE CHIHUAHUA,3,NO APLICA,NA,NA,NA,NA,NA,NA,NA,NA,NA,NA,NA,NA,NA
8,08,30,CONSEJO ESTATAL DE POBLACION,1,NO SE SABE,,,,,,,,,1,,,,
8,08,31,DESARROLLO INTEGRAL DE LA FAMILIA DEL ESTADO DE CHIHUAHUA,1,MANUAL DE PROCEDIMIENTOS DEL DEPARTAMENTO DE RECURSOS HUMANOS,,1,1,,1,,,1,,,,,
8,08,32,EL COLEGIO DE CHIHUAHUA,3,NO APLICA,NA,NA,NA,NA,NA,NA,NA,NA,NA,NA,NA,NA,NA
8,08,33,ESCUELA NORMAL SUPERIOR PROFESOR JOSE E MEDRANO R,3,NO APLICA,NA,NA,NA,NA,NA,NA,NA,NA,NA,NA,NA,NA,NA
8,08,34,FIDEICOMISO DE PUENTES FRONTERIZOS DE CHIHUAHUA,3,NO APLICA,NA,NA,NA,NA,NA,NA,NA,NA,NA,NA,NA,NA,NA
8,08,35,FIDEICOMISO ESTATAL PARA EL FOMENTO DE LAS ACTIVIDADES PRODUCTIVAS EN EL ESTADO DE CHIHUAHUA,3,NO APLICA,NA,NA,NA,NA,NA,NA,NA,NA,NA,NA,NA,NA,NA
8,08,36,FOMENTO Y DESARROLLO ARTESANAL DEL ESTADO DE CHIHUAHUA,3,NO APLICA,NA,NA,NA,NA,NA,NA,NA,NA,NA,NA,NA,NA,NA
8,08,37,INSTITUTO CHIHUAHUENSE DE EDUCACION PARA LOS ADULTOS,1,PROGRAMA DE PROFESIONALIZACION DE BASE,,,,,,,,1,1,,1,,
8,08,38,INSTITUTO CHIHUAHUENSE DE INFRAESTRUCTURA FISICA EDUCATIVA,2,NO APLICA,NA,NA,NA,NA,NA,NA,NA,NA,NA,NA,NA,NA,NA
8,08,39,INSTITUTO CHIHUAHUENSE DE LA JUVENTUD,2,NO APLICA,NA,NA,NA,NA,NA,NA,NA,NA,NA,NA,NA,NA,NA
8,08,40,INSTITUTO CHIHUAHUENSE DE LAS MUJERES,2,NO APLICA,NA,NA,NA,NA,NA,NA,NA,NA,NA,NA,NA,NA,NA
8,08,41,INSTITUTO CHIHUAHUENSE DE SALUD,1,REGLAMENTOGENERALDETRABAJOCONDICIONESGENERALESDETRABAJODELINSTITUTOCHIHUAHUENSEDESALUDCONDICIONESGENERALESDETRABAJODELASECRETARIADESALUDCATALOGOSECTORIALDEPUESTOSDELASECRETARIADESALUD,,1,1,,1,,,,1,,,,
8,08,42,INSTITUTO CHIHUAHUENSE DEL DEPORTE Y CULTURA FISICA,1,NO SE SABE,,,,,,,,,1,,,,
8,08,43,INSTITUTO DE APOYO AL DESARROLLO TECNOLOGICO,3,NO APLICA,NA,NA,NA,NA,NA,NA,NA,NA,NA,NA,NA,NA,NA
8,08,44,INSTITUTO DE CAPACITACION PARA EL TRABAJO DEL ESTADO DE CHIHUAHUA,3,NO APLICA,NA,NA,NA,NA,NA,NA,NA,NA,NA,NA,NA,NA,NA
8,08,45,INSTITUTO DE INNOVACION Y COMPETITIVIDAD,2,NO APLICA,NA,NA,NA,NA,NA,NA,NA,NA,NA,NA,NA,NA,NA
8,08,46,INSTITUTO TECNOLOGICO SUPERIOR DE NUEVO CASAS GRANDES,1,PLAN DE CAPACITACION ANUAL,,1,,,1,,1,,1,1,,,
8,08,47,JUNTA CENTRAL DE AGUA Y SANEAMIENTO DEL ESTADO DE CHIHUAHUA,3,NO APLICA,NA,NA,NA,NA,NA,NA,NA,NA,NA,NA,NA,NA,NA
8,08,48,JUNTA DE ASISTENCIA SOCIAL PRIVADA DEL ESTADO DE CHIHUAHUA,9,NO IDENTIFICADO,NSS,NSS,NSS,NSS,NSS,NSS,NSS,NSS,NSS,NSS,NSS,NSS,NSS
8,08,49,OPERADORA DE TRANSPORTE VIVEBUS CHIHUAHUA,1,NO SE SABE,,1,1,,1,,,1,1,,,,
8,08,50,PENSIONES CIVILES DEL ESTADO DE CHIHUAHUA,1,ESTATUTO ORGANICO,,1,,,1,,,,1,,,,
8,08,51,PROMOTORA PARA EL DESARROLLO ECONOMICO DE CHIHUAHUA,1,NO SE SABE,,,,,,,,,1,,,,
8,08,52,SECRETARIA EJECUTIVA DEL SISTEMA ESTATAL ANTICORRUPCION,2,NO APLICA,NA,NA,NA,NA,NA,NA,NA,NA,NA,NA,NA,NA,NA
8,08,53,SERVICIOS DE SALUD DE CHIHUAHUA,1,UNIDAD DE ADMINISTRACION Y FINANZAS DIRECCION GENERAL DE RECURSOS HUMANOS Y ORGANIZACION,,,,,1,,,,,,,,
8,08,54,SERVICIOS EDUCATIVOS DEL ESTADO DE CHIHUAHUA,1,CAPACITACION INSTITUCIONAL Y LINEAMIENTOS DE CARRERA ADMINISTRATIVA,,1,,,,,,1,1,,1,,
8,08,55,SUBSISTEMA DE PREPARATORIA ABIERTA Y TELEBACHILLERATO DEL ESTADO DE CHIHUAHUA,1,COSFAC,,1,,,,,,,1,,1,,
8,08,56,UNIVERSIDAD AUTONOMA DE CHIHUAHUA,1,CURSO INDUCCION UACH,,1,,,,,,,,,,,
8,08,57,UNIVERSIDAD AUTONOMA DE CIUDAD JUAREZ,3,NO APLICA,NA,NA,NA,NA,NA,NA,NA,NA,NA,NA,NA,NA,NA
8,08,58,UNIVERSIDAD PEDAGOGICA NACIONAL DEL ESTADO DE CHIHUAHUA,1,ORGANO INTERNO DE CONTROL,,,,,,1,,1,,,1,,
8,08,59,UNIVERSIDAD POLITECNICA DE CHIHUAHUA,3,NO APLICA,NA,NA,NA,NA,NA,NA,NA,NA,NA,NA,NA,NA,NA
8,08,60,UNIVERSIDAD TECNOLOGICA DE CAMARGO,3,NO APLICA,NA,NA,NA,NA,NA,NA,NA,NA,NA,NA,NA,NA,NA
8,08,61,UNIVERSIDAD TECNOLOGICA DE CHIHUAHUA,1,NO SE SABE,1,1,1,1,1,1,1,1,1,1,1,,
8,08,62,UNIVERSIDAD TECNOLOGICA DE CHIHUAHUA SUR,1,NO SE SABE,,1,1,,1,1,1,1,1,1,,1,
8,08,63,UNIVERSIDAD TECNOLOGICA DE CIUDAD JUAREZ,9,NO IDENTIFICADO,NSS,NSS,NSS,NSS,NSS,NSS,NSS,NSS,NSS,NSS,NSS,NSS,NSS
8,08,64,UNIVERSIDAD TECNOLOGICA DE LA BABICORA,1,PROCEDIMIENTO DE RECLUTAMIENTO Y PROCEDIMIENTO DE CAPACITACION,,1,,,1,,1,1,1,1,,,
8,08,65,UNIVERSIDAD TECNOLOGICA DE LA TARAHUMARA,1,MANUALES INTERNOS,,1,1,1,1,1,1,1,1,1,1,,
8,08,66,UNIVERSIDAD TECNOLOGICA DE PAQUIME,1,NO SE SABE,,,,,,,1,1,1,,,,
8,08,67,UNIVERSIDAD TECNOLOGICA DE PARRAL,1,LINEAMIENTOS PARA EL OTORGAMIENTO DE BECAS PARA EL PERSONAL DOCENTE Y ADMINISTRATIVO,,,,,,,,,1,,,,
8,08,68,UNIVERSIDAD TECNOLOGICA PASO DEL NORTE,1,PROCEDIMIENTO DE CALIDAD INTERNO,,1,,,,,,,1,,,,
8,08,69,FIDEICOMISO DE ADMINISTRACION PARA LA PROMOCION Y FOMENTO DE LAS ACTIVIDADES TURISTICAS DEL ESTADO,1,CECADE,,,1,1,1,,,,1,,,,
9,09,1,JEFATURA DE GOBIERNO DE LA CIUDAD DE MEXICO,1,REGLAMENTO INTERIOR DEL PODER EJECUTIVO Y DE LA ADMINISTRACION PUBLICA DEL 2 DE FEBRERO DEL 2021CIRCULAR UNO BIS 2015CIRCULAR UNO 2019LINEAMIENTOS PARA FUNCIONAMIENTO DE LOS SUBCOMITES MIXTOS DE CAPACITACION 2012,1,1,1,1,1,1,1,1,1,1,1,1,1
9,09,2,SECRETARIA DE GOBIERNO,1,REGLAMENTO INTERIOR DEL PODER EJECUTIVO Y DE LA ADMINISTRACION PUBLICA DEL 2 DE FEBRERO DEL 2021CIRCULAR UNO BIS 2015CIRCULAR UNO 2019LINEAMIENTOS PARA FUNCIONAMIENTO DE LOS SUBCOMITES MIXTOS DE CAPACITACION 2012,1,1,1,1,1,1,1,1,1,1,1,1,1
9,09,3,SECRETARIA DE DESARROLLO URBANO Y VIVIENDA,1,REGLAMENTO INTERIOR DEL PODER EJECUTIVO Y DE LA ADMINISTRACION PUBLICA DEL 2 DE FEBRERO DEL 2021CIRCULAR UNO BIS 2015CIRCULAR UNO 2019LINEAMIENTOS PARA FUNCIONAMIENTO DE LOS SUBCOMITES MIXTOS DE CAPACITACION 2012,,,,,,,,,1,,,,
9,09,4,SECRETARIA DE DESARROLLO ECONOMICO,1,REGLAMENTO INTERIOR DEL PODER EJECUTIVO Y DE LA ADMINISTRACION PUBLICA DEL 2 DE FEBRERO DEL 2021CIRCULAR UNO BIS 2015CIRCULAR UNO 2019LINEAMIENTOS PARA FUNCIONAMIENTO DE LOS SUBCOMITES MIXTOS DE CAPACITACION 2012,,,,,,,,,1,,,,
9,09,5,SECRETARIA DE TURISMO,1,REGLAMENTO INTERIOR DEL PODER EJECUTIVO Y DE LA ADMINISTRACION PUBLICA DEL 2 DE FEBRERO DEL 2021CIRCULAR UNO BIS 2015CIRCULAR UNO 2019LINEAMIENTOS PARA FUNCIONAMIENTO DE LOS SUBCOMITES MIXTOS DE CAPACITACION 2012,,,,,,,,,1,,,,
9,09,6,SECRETARIA DEL MEDIO AMBIENTE,1,REGLAMENTO INTERIOR DEL PODER EJECUTIVO Y DE LA ADMINISTRACION PUBLICA DEL 2 DE FEBRERO DEL 2021CIRCULAR UNO BIS 2015CIRCULAR UNO 2019LINEAMIENTOS PARA FUNCIONAMIENTO DE LOS SUBCOMITES MIXTOS DE CAPACITACION 2012,,,,,,,,,1,,,,
9,09,7,SECRETARIA DE OBRAS Y SERVICIOS,1,REGLAMENTO INTERIOR DEL PODER EJECUTIVO Y DE LA ADMINISTRACION PUBLICA DEL 2 DE FEBRERO DEL 2021CIRCULAR UNO BIS 2015CIRCULAR UNO 2019LINEAMIENTOS PARA FUNCIONAMIENTO DE LOS SUBCOMITES MIXTOS DE CAPACITACION 2012,,,,,,,,,1,,,,
9,09,8,SECRETARIA DE INCLUSION Y BIENESTAR SOCIAL,1,REGLAMENTO INTERIOR DEL PODER EJECUTIVO Y DE LA ADMINISTRACION PUBLICA DEL 2 DE FEBRERO DEL 2021CIRCULAR UNO BIS 2015CIRCULAR UNO 2019LINEAMIENTOS PARA FUNCIONAMIENTO DE LOS SUBCOMITES MIXTOS DE CAPACITACION 2012,,,,,,,,,1,,,,
9,09,9,SECRETARIA DE ADMINISTRACION Y FINANZAS,1,REGLAMENTO INTERIOR DEL PODER EJECUTIVO Y DE LA ADMINISTRACION PUBLICA DEL 2 DE FEBRERO DEL 2021CIRCULAR UNO BIS 2015CIRCULAR UNO 2019LINEAMIENTOS PARA FUNCIONAMIENTO DE LOS SUBCOMITES MIXTOS DE CAPACITACION 2012,,,,,,,,,1,,,,
9,09,10,SECRETARIA DE MOVILIDAD,1,REGLAMENTO INTERIOR DEL PODER EJECUTIVO Y DE LA ADMINISTRACION PUBLICA DEL 2 DE FEBRERO DEL 2021CIRCULAR UNO BIS 2015CIRCULAR UNO 2019LINEAMIENTOS PARA FUNCIONAMIENTO DE LOS SUBCOMITES MIXTOS DE CAPACITACION 2012,,,,,,,,,1,,,,
9,09,11,SECRETARIA DE SEGURIDAD CIUDADANA,1,REGLAMENTO INTERIOR DEL PODER EJECUTIVO Y DE LA ADMINISTRACION PUBLICA DEL 2 DE FEBRERO DEL 2021CIRCULAR UNO BIS 2015CIRCULAR UNO 2019LINEAMIENTOS PARA FUNCIONAMIENTO DE LOS SUBCOMITES MIXTOS DE CAPACITACION 2012,,,,,,,,,1,,,,
9,09,12,SECRETARIA DE LA CONTRALORIA GENERAL,1,REGLAMENTO INTERIOR DEL PODER EJECUTIVO Y DE LA ADMINISTRACION PUBLICA DEL 2 DE FEBRERO DEL 2021CIRCULAR UNO BIS 2015CIRCULAR UNO 2019LINEAMIENTOS PARA FUNCIONAMIENTO DE LOS SUBCOMITES MIXTOS DE CAPACITACION 2012,,,,,,,,,1,,,,
9,09,13,CONSEJERIA JURIDICA Y DE SERVICIOS LEGALES,1,REGLAMENTO INTERIOR DEL PODER EJECUTIVO Y DE LA ADMINISTRACION PUBLICA DEL 2 DE FEBRERO DEL 2021CIRCULAR UNO BIS 2015CIRCULAR UNO 2019LINEAMIENTOS PARA FUNCIONAMIENTO DE LOS SUBCOMITES MIXTOS DE CAPACITACION 2012,,,,,,,,,1,,,,
9,09,14,SECRETARIA DE SALUD,1,REGLAMENTO INTERIOR DEL PODER EJECUTIVO Y DE LA ADMINISTRACION PUBLICA DEL 2 DE FEBRERO DEL 2021CIRCULAR UNO BIS 2015CIRCULAR UNO 2019LINEAMIENTOS PARA FUNCIONAMIENTO DE LOS SUBCOMITES MIXTOS DE CAPACITACION 2012,,,,,,,,,1,,,,
9,09,15,SECRETARIA DE CULTURA,1,REGLAMENTO INTERIOR DEL PODER EJECUTIVO Y DE LA ADMINISTRACION PUBLICA DEL 2 DE FEBRERO DEL 2021CIRCULAR UNO BIS 2015CIRCULAR UNO 2019LINEAMIENTOS PARA FUNCIONAMIENTO DE LOS SUBCOMITES MIXTOS DE CAPACITACION 2012,,,,,,,,,1,,,,
9,09,16,SECRETARIA DE TRABAJO Y FOMENTO AL EMPLEO,1,REGLAMENTO INTERIOR DEL PODER EJECUTIVO Y DE LA ADMINISTRACION PUBLICA DEL 2 DE FEBRERO DEL 2021CIRCULAR UNO BIS 2015CIRCULAR UNO 2019LINEAMIENTOS PARA FUNCIONAMIENTO DE LOS SUBCOMITES MIXTOS DE CAPACITACION 2012,,,,,,,,,1,,,,
9,09,17,SECRETARIA DE GESTION INTEGRAL DE RIESGOS Y PROTECCION CIVIL,1,REGLAMENTO INTERIOR DEL PODER EJECUTIVO Y DE LA ADMINISTRACION PUBLICA DEL 2 DE FEBRERO DEL 2021CIRCULAR UNO BIS 2015CIRCULAR UNO 2019LINEAMIENTOS PARA FUNCIONAMIENTO DE LOS SUBCOMITES MIXTOS DE CAPACITACION 2012,,,,,,,,,1,,,,
9,09,18,SECRETARIA DE PUEBLOS Y BARRIOS ORIGINARIOS Y COMUNIDADES INDIGENAS RESIDENTES,1,REGLAMENTO INTERIOR DEL PODER EJECUTIVO Y DE LA ADMINISTRACION PUBLICA DEL 2 DE FEBRERO DEL 2021CIRCULAR UNO BIS 2015CIRCULAR UNO 2019LINEAMIENTOS PARA FUNCIONAMIENTO DE LOS SUBCOMITES MIXTOS DE CAPACITACION 2012,,,,,,,,,1,,,,
9,09,19,SECRETARIA DE EDUCACION CIENCIA TECNOLOGIA E INNOVACION,1,REGLAMENTO INTERIOR DEL PODER EJECUTIVO Y DE LA ADMINISTRACION PUBLICA DEL 2 DE FEBRERO DEL 2021CIRCULAR UNO BIS 2015CIRCULAR UNO 2019LINEAMIENTOS PARA FUNCIONAMIENTO DE LOS SUBCOMITES MIXTOS DE CAPACITACION 2012,,,,,,,,,1,,,,
9,09,20,SECRETARIA DE LAS MUJERES,1,REGLAMENTO INTERIOR DEL PODER EJECUTIVO Y DE LA ADMINISTRACION PUBLICA DEL 2 DE FEBRERO DEL 2021CIRCULAR UNO BIS 2015CIRCULAR UNO 2019LINEAMIENTOS PARA FUNCIONAMIENTO DE LOS SUBCOMITES MIXTOS DE CAPACITACION 2012,,,,,,,,,1,,,,
9,09,21,CENTRO DE COMANDO CONTROL COMPUTO COMUNICACIONES Y CONTACTO CIUDADANO DE LA CIUDAD DE MEXICO,1,REGLAMENTO INTERIOR DEL PODER EJECUTIVO Y DE LA ADMINISTRACION PUBLICA DEL 2 DE FEBRERO DEL 2021CIRCULAR UNO BIS 2015CIRCULAR UNO 2019LINEAMIENTOS PARA FUNCIONAMIENTO DE LOS SUBCOMITES MIXTOS DE CAPACITACION 2012,,,,,,,,,1,,,,
9,09,22,AGENCIA DIGITAL DE INNOVACION PUBLICA DE LA CIUDAD DE MEXICO,1,REGLAMENTO INTERIOR DEL PODER EJECUTIVO Y DE LA ADMINISTRACION PUBLICA DEL 2 DE FEBRERO DEL 2021CIRCULAR UNO BIS 2015CIRCULAR UNO 2019LINEAMIENTOS PARA FUNCIONAMIENTO DE LOS SUBCOMITES MIXTOS DE CAPACITACION 2012,,,,,,,,,1,,,,
9,09,23,COMISION DE BUSQUEDA DE PERSONAS DE LA CIUDAD DE MEXICO,3,NO APLICA,NA,NA,NA,NA,NA,NA,NA,NA,NA,NA,NA,NA,NA
9,09,24,INSTANCIA EJECUTORA DEL SISTEMA INTEGRAL DE DERECHOS HUMANOS DE LA CIUDAD DE MEXICO,3,NO APLICA,NA,NA,NA,NA,NA,NA,NA,NA,NA,NA,NA,NA,NA
9,09,25,SISTEMA DE AGUAS DE LA CIUDAD DE MEXICO,1,REGLAMENTO INTERIOR DEL PODER EJECUTIVO Y DE LA ADMINISTRACION PUBLICA DEL 2 DE FEBRERO DEL 2021CIRCULAR UNO BIS 2015CIRCULAR UNO 2019LINEAMIENTOS PARA FUNCIONAMIENTO DE LOS SUBCOMITES MIXTOS DE CAPACITACION 2012,,,,,,,,,1,,,,
9,09,26,AGENCIA DE ATENCION ANIMAL DE LA CIUDAD DE MEXICO,1,REGLAMENTO INTERIOR DEL PODER EJECUTIVO Y DE LA ADMINISTRACION PUBLICA DEL 2 DE FEBRERO DEL 2021CIRCULAR UNO BIS 2015CIRCULAR UNO 2019LINEAMIENTOS PARA FUNCIONAMIENTO DE LOS SUBCOMITES MIXTOS DE CAPACITACION 2012,,,,,,,,,1,,,,
9,09,27,PLANTA PRODUCTORA DE MEZCLAS ASFALTICAS,1,REGLAMENTO INTERIOR DEL PODER EJECUTIVO Y DE LA ADMINISTRACION PUBLICA DEL 2 DE FEBRERO DEL 2021CIRCULAR UNO BIS 2015CIRCULAR UNO 2019LINEAMIENTOS PARA FUNCIONAMIENTO DE LOS SUBCOMITES MIXTOS DE CAPACITACION 2012,,,,,,,,,1,,,,
9,09,28,ORGANO REGULADOR DE TRANSPORTE,1,REGLAMENTO INTERIOR DEL PODER EJECUTIVO Y DE LA ADMINISTRACION PUBLICA DEL 2 DE FEBRERO DEL 2021CIRCULAR UNO BIS 2015CIRCULAR UNO 2019LINEAMIENTOS PARA FUNCIONAMIENTO DE LOS SUBCOMITES MIXTOS DE CAPACITACION 2012,,,,,,,,,1,,,,
9,09,29,UNIVERSIDAD DE LA POLICIA DE LA CIUDAD DE MEXICO,1,REGLAMENTO INTERIOR DEL PODER EJECUTIVO Y DE LA ADMINISTRACION PUBLICA DEL 2 DE FEBRERO DEL 2021CIRCULAR UNO BIS 2015CIRCULAR UNO 2019LINEAMIENTOS PARA FUNCIONAMIENTO DE LOS SUBCOMITES MIXTOS DE CAPACITACION 2012,,,,,,,,,1,,,,
9,09,30,AGENCIA DE PROTECCION SANITARIA DEL GOBIERNO DE LA CIUDAD DE MEXICO,3,NO APLICA,NA,NA,NA,NA,NA,NA,NA,NA,NA,NA,NA,NA,NA
9,09,31,UNIVERSIDAD DE LA SALUD,3,NO APLICA,NA,NA,NA,NA,NA,NA,NA,NA,NA,NA,NA,NA,NA
9,09,32,INSTITUTO DE ESTUDIOS SUPERIORES DE LA CIUDAD DE MEXICO ROSARIO CASTELLANOS,3,NO APLICA,NA,NA,NA,NA,NA,NA,NA,NA,NA,NA,NA,NA,NA
9,09,33,SERVICIO DE MEDIOS PUBLICOS DE LA CIUDAD DE MEXICO,1,REGLAMENTO INTERIOR DEL PODER EJECUTIVO Y DE LA ADMINISTRACION PUBLICA DEL 2 DE FEBRERO DEL 2021CIRCULAR UNO BIS 2015CIRCULAR UNO 2019LINEAMIENTOS PARA FUNCIONAMIENTO DE LOS SUBCOMITES MIXTOS DE CAPACITACION 2012,,,,,,,,,1,,,,
9,09,34,AUTORIDAD DEL CENTRO HISTORICO,1,REGLAMENTO INTERIOR DEL PODER EJECUTIVO Y DE LA ADMINISTRACION PUBLICA DEL 2 DE FEBRERO DEL 2021CIRCULAR UNO BIS 2015CIRCULAR UNO 2019LINEAMIENTOS PARA FUNCIONAMIENTO DE LOS SUBCOMITES MIXTOS DE CAPACITACION 2012,,,,,,,,,1,,,,
9,09,35,COMISION EJECUTIVA DE ATENCION A VICTIMAS DE LA CIUDAD DE MEXICO,1,REGLAMENTO INTERIOR DEL PODER EJECUTIVO Y DE LA ADMINISTRACION PUBLICA DEL 2 DE FEBRERO DEL 2021CIRCULAR UNO BIS 2015CIRCULAR UNO 2019LINEAMIENTOS PARA FUNCIONAMIENTO DE LOS SUBCOMITES MIXTOS DE CAPACITACION 2012,,,,,,,,,1,,,,
9,09,36,MECANISMO DE PROTECCION INTEGRAL DE PERSONAS DEFENSORAS DE DERECHOS HUMANOS Y PERIODISTAS DE LA CIUDAD DE MEXICO,1,REGLAMENTO INTERIOR DEL PODER EJECUTIVO Y DE LA ADMINISTRACION PUBLICA DEL 2 DE FEBRERO DEL 2021CIRCULAR UNO BIS 2015CIRCULAR UNO 2019LINEAMIENTOS PARA FUNCIONAMIENTO DE LOS SUBCOMITES MIXTOS DE CAPACITACION 2012,,,,,,,,,1,,,,
9,09,37,INSTITUTO DE VIVIENDA DE LA CIUDAD DE MEXICO,1,REGLAMENTO INTERIOR DEL PODER EJECUTIVO Y DE LA ADMINISTRACION PUBLICA DEL 2 DE FEBRERO DEL 2021CIRCULAR UNO BIS 2015CIRCULAR UNO 2019LINEAMIENTOS PARA FUNCIONAMIENTO DE LOS SUBCOMITES MIXTOS DE CAPACITACION 2012,,,,,,,,,1,,,,
9,09,38,PROCURADURIA AMBIENTAL Y DEL ORDENAMIENTO TERRITORIAL DE LA CIUDAD DE MEXICO,3,NO APLICA,NA,NA,NA,NA,NA,NA,NA,NA,NA,NA,NA,NA,NA
9,09,39,INSTITUTO LOCAL DE LA INFRAESTRUCTURA FISICA EDUCATIVA DE LA CIUDAD DE MEXICO,3,NO APLICA,NA,NA,NA,NA,NA,NA,NA,NA,NA,NA,NA,NA,NA
9,09,40,INSTITUTO PARA LA SEGURIDAD DE LAS CONSTRUCCIONES EN EL DISTRITO FEDERAL,3,NO APLICA,NA,NA,NA,NA,NA,NA,NA,NA,NA,NA,NA,NA,NA
9,09,41,SISTEMA PARA EL DESARROLLO INTEGRAL DE LA FAMILIA DE LA CIUDAD DE MEXICO,1,REGLAMENTO INTERIOR DEL PODER EJECUTIVO Y DE LA ADMINISTRACION PUBLICA DEL 2 DE FEBRERO DEL 2021CIRCULAR UNO BIS 2015CIRCULAR UNO 2019LINEAMIENTOS PARA FUNCIONAMIENTO DE LOS SUBCOMITES MIXTOS DE CAPACITACION 2012,,,,,,,,,1,,,,
9,09,42,CONSEJO PARA PREVENIR Y ELIMINAR LA DISCRIMINACION DE LA CIUDAD DE MEXICO,3,NO APLICA,NA,NA,NA,NA,NA,NA,NA,NA,NA,NA,NA,NA,NA
9,09,43,INSTITUTO DE LAS PERSONAS CON DISCAPACIDAD DE LA CIUDAD DE MEXICO,3,NO APLICA,NA,NA,NA,NA,NA,NA,NA,NA,NA,NA,NA,NA,NA
9,09,44,INSTITUTO DE LA JUVENTUD DE LA CIUDAD DE MEXICO,1,REGLAMENTO INTERIOR DEL PODER EJECUTIVO Y DE LA ADMINISTRACION PUBLICA DEL 2 DE FEBRERO DEL 2021CIRCULAR UNO BIS 2015CIRCULAR UNO 2019LINEAMIENTOS PARA FUNCIONAMIENTO DE LOS SUBCOMITES MIXTOS DE CAPACITACION 2012,,,,,,,,,1,,,,
9,09,45,PROCURADURIA SOCIAL DEL DISTRITO FEDERAL,1,REGLAMENTO INTERIOR DEL PODER EJECUTIVO Y DE LA ADMINISTRACION PUBLICA DEL 2 DE FEBRERO DEL 2021CIRCULAR UNO BIS 2015CIRCULAR UNO 2019LINEAMIENTOS PARA FUNCIONAMIENTO DE LOS SUBCOMITES MIXTOS DE CAPACITACION 2012,,,,,,,,,1,,,,
9,09,46,CAJA DE PREVISION PARA TRABAJADORES A LISTA DE RAYA DEL GOBIERNO DE LA CIUDAD DE MEXICO,1,REGLAMENTO INTERIOR DEL PODER EJECUTIVO Y DE LA ADMINISTRACION PUBLICA DEL 2 DE FEBRERO DEL 2021CIRCULAR UNO BIS 2015CIRCULAR UNO 2019LINEAMIENTOS PARA FUNCIONAMIENTO DE LOS SUBCOMITES MIXTOS DE CAPACITACION 2012,,,,,,,,,1,,,,
9,09,47,CAJA DE PREVISION DE LA POLICIA AUXILIAR DE LA CIUDAD DE MEXICO,3,NO APLICA,NA,NA,NA,NA,NA,NA,NA,NA,NA,NA,NA,NA,NA
9,09,48,CAJA DE PREVISION DE LA POLICIA PREVENTIVA DE LA CIUDAD DE MEXICO,1,REGLAMENTO INTERIOR DEL PODER EJECUTIVO Y DE LA ADMINISTRACION PUBLICA DEL 2 DE FEBRERO DEL 2021CIRCULAR UNO BIS 2015CIRCULAR UNO 2019LINEAMIENTOS PARA FUNCIONAMIENTO DE LOS SUBCOMITES MIXTOS DE CAPACITACION 2012,,,,,,,,,1,,,,
9,09,49,CORPORACION MEXICANA DE IMPRESION SA DE CV,3,NO APLICA,NA,NA,NA,NA,NA,NA,NA,NA,NA,NA,NA,NA,NA
9,09,50,SERVICIOS METROPOLITANOS SA DE CV,1,REGLAMENTO INTERIOR DEL PODER EJECUTIVO Y DE LA ADMINISTRACION PUBLICA DEL 2 DE FEBRERO DEL 2021CIRCULAR UNO BIS 2015CIRCULAR UNO 2019LINEAMIENTOS PARA FUNCIONAMIENTO DE LOS SUBCOMITES MIXTOS DE CAPACITACION 2012,,,,,,,,,1,,,,
9,09,51,METROBUS,1,REGLAMENTO INTERIOR DEL PODER EJECUTIVO Y DE LA ADMINISTRACION PUBLICA DEL 2 DE FEBRERO DEL 2021CIRCULAR UNO BIS 2015CIRCULAR UNO 2019LINEAMIENTOS PARA FUNCIONAMIENTO DE LOS SUBCOMITES MIXTOS DE CAPACITACION 2012,,,,,,,,,1,,,,
9,09,52,SISTEMA DE TRANSPORTE COLECTIVO,1,REGLAMENTO INTERIOR DEL PODER EJECUTIVO Y DE LA ADMINISTRACION PUBLICA DEL 2 DE FEBRERO DEL 2021CIRCULAR UNO BIS 2015CIRCULAR UNO 2019LINEAMIENTOS PARA FUNCIONAMIENTO DE LOS SUBCOMITES MIXTOS DE CAPACITACION 2012,,,,,,,,,1,,,,
9,09,53,RED DE TRANSPORTE DE PASAJEROS DE LA CIUDAD DE MEXICO,3,NO APLICA,NA,NA,NA,NA,NA,NA,NA,NA,NA,NA,NA,NA,NA
9,09,54,SERVICIO DE TRANSPORTES ELECTRICOS DE LA CIUDAD DE MEXICO,1,REGLAMENTO INTERIOR DEL PODER EJECUTIVO Y DE LA ADMINISTRACION PUBLICA DEL 2 DE FEBRERO DEL 2021CIRCULAR UNO BIS 2015CIRCULAR UNO 2019LINEAMIENTOS PARA FUNCIONAMIENTO DE LOS SUBCOMITES MIXTOS DE CAPACITACION 2012,,,,,,,,,1,,,,
9,09,55,ESCUELA DE ADMINISTRACION PUBLICA DE LA CIUDAD DE MEXICO,1,REGLAMENTO INTERIOR DEL PODER EJECUTIVO Y DE LA ADMINISTRACION PUBLICA DEL 2 DE FEBRERO DEL 2021CIRCULAR UNO BIS 2015CIRCULAR UNO 2019LINEAMIENTOS PARA FUNCIONAMIENTO DE LOS SUBCOMITES MIXTOS DE CAPACITACION 2012,,,,,,,,,1,,,,
9,09,56,INSTITUTO DE VERIFICACION ADMINISTRATIVA DE LA CIUDAD DE MEXICO,1,REGLAMENTO INTERIOR DEL PODER EJECUTIVO Y DE LA ADMINISTRACION PUBLICA DEL 2 DE FEBRERO DEL 2021CIRCULAR UNO BIS 2015CIRCULAR UNO 2019LINEAMIENTOS PARA FUNCIONAMIENTO DE LOS SUBCOMITES MIXTOS DE CAPACITACION 2012,,,,,,,,,1,,,,
9,09,57,INSTITUTO PARA LA ATENCION Y PREVENCION DE LAS ADICCIONES EN LA CIUDAD DE MEXICO,1,REGLAMENTO INTERIOR DEL PODER EJECUTIVO Y DE LA ADMINISTRACION PUBLICA DEL 2 DE FEBRERO DEL 2021CIRCULAR UNO BIS 2015CIRCULAR UNO 2019LINEAMIENTOS PARA FUNCIONAMIENTO DE LOS SUBCOMITES MIXTOS DE CAPACITACION 2012,,,,,,,,,1,,,,
9,09,58,SERVICIOS DE SALUD PUBLICA DEL DISTRITO FEDERAL,3,NO APLICA,NA,NA,NA,NA,NA,NA,NA,NA,NA,NA,NA,NA,NA
9,09,59,INSTITUTO DE CAPACITACION PARA EL TRABAJO DE LA CIUDAD DE MEXICO,1,REGLAMENTO INTERIOR DEL PODER EJECUTIVO Y DE LA ADMINISTRACION PUBLICA DEL 2 DE FEBRERO DEL 2021CIRCULAR UNO BIS 2015CIRCULAR UNO 2019LINEAMIENTOS PARA FUNCIONAMIENTO DE LOS SUBCOMITES MIXTOS DE CAPACITACION 2012,,,,,,,,,1,,,,
9,09,60,HEROICO CUERPO DE BOMBEROS DE LA CIUDAD DE MEXICO,3,NO APLICA,NA,NA,NA,NA,NA,NA,NA,NA,NA,NA,NA,NA,NA
9,09,61,INSTITUTO DEL DEPORTE DE LA CIUDAD DE MEXICO,3,NO APLICA,NA,NA,NA,NA,NA,NA,NA,NA,NA,NA,NA,NA,NA
9,09,62,INSTITUTO DE EDUCACION MEDIA SUPERIOR DEL DISTRITO FEDERAL,3,NO APLICA,NA,NA,NA,NA,NA,NA,NA,NA,NA,NA,NA,NA,NA
9,09,63,INSTITUTO DE PLANEACION DEMOCRATICA Y PROSPECTIVA DE LA CIUDAD DE MEXICO,3,NO APLICA,NA,NA,NA,NA,NA,NA,NA,NA,NA,NA,NA,NA,NA
9,09,64,FIDEICOMISO CENTRO HISTORICO DE LA CIUDAD DE MEXICO,1,REGLAMENTO INTERIOR DEL PODER EJECUTIVO Y DE LA ADMINISTRACION PUBLICA DEL 2 DE FEBRERO DEL 2021CIRCULAR UNO BIS 2015CIRCULAR UNO 2019LINEAMIENTOS PARA FUNCIONAMIENTO DE LOS SUBCOMITES MIXTOS DE CAPACITACION 2012,,,,,,,,,1,,,,
9,09,65,FIDEICOMISO DE RECUPERACION CREDITICIA DE LA CIUDAD DE MEXICO,1,REGLAMENTO INTERIOR DEL PODER EJECUTIVO Y DE LA ADMINISTRACION PUBLICA DEL 2 DE FEBRERO DEL 2021CIRCULAR UNO BIS 2015CIRCULAR UNO 2019LINEAMIENTOS PARA FUNCIONAMIENTO DE LOS SUBCOMITES MIXTOS DE CAPACITACION 2012,,,,,,,,,1,,,,
9,09,66,FIDEICOMISO PARA LA RECONSTRUCCION INTEGRAL DE LA CIUDAD DE MEXICO,1,REGLAMENTO INTERIOR DEL PODER EJECUTIVO Y DE LA ADMINISTRACION PUBLICA DEL 2 DE FEBRERO DEL 2021CIRCULAR UNO BIS 2015CIRCULAR UNO 2019LINEAMIENTOS PARA FUNCIONAMIENTO DE LOS SUBCOMITES MIXTOS DE CAPACITACION 2012,,,,,,,,,1,,,,
9,09,67,FIDEICOMISO MUSEO DE ARTE POPULAR MEXICANO,3,NO APLICA,NA,NA,NA,NA,NA,NA,NA,NA,NA,NA,NA,NA,NA
9,09,68,FIDEICOMISO MUSEO DEL ESTANQUILLO,3,NO APLICA,NA,NA,NA,NA,NA,NA,NA,NA,NA,NA,NA,NA,NA
9,09,69,FIDEICOMISO PARA LA PROMOCION Y DESARROLLO DEL CINE MEXICANO EN LA CIUDAD DE MEXICO,3,NO APLICA,NA,NA,NA,NA,NA,NA,NA,NA,NA,NA,NA,NA,NA
9,09,70,FIDEICOMISO BIENESTAR EDUCATIVO DE LA CIUDAD DE MEXICO,1,REGLAMENTO INTERIOR DEL PODER EJECUTIVO Y DE LA ADMINISTRACION PUBLICA DEL 2 DE FEBRERO DEL 2021CIRCULAR UNO BIS 2015CIRCULAR UNO 2019LINEAMIENTOS PARA FUNCIONAMIENTO DE LOS SUBCOMITES MIXTOS DE CAPACITACION 2012,,,,,,,,,1,,,,
9,09,71,FONDO PARA EL DESARROLLO ECONOMICO Y SOCIAL DE LA CIUDAD DE MEXICO,3,NO APLICA,NA,NA,NA,NA,NA,NA,NA,NA,NA,NA,NA,NA,NA
9,09,72,FONDO DE DESARROLLO ECONOMICO DEL DISTRITO FEDERAL,3,NO APLICA,NA,NA,NA,NA,NA,NA,NA,NA,NA,NA,NA,NA,NA
9,09,73,FONDO PARA EL DESARROLLO SOCIAL DE LA CIUDAD DE MEXICO,1,REGLAMENTO INTERIOR DEL PODER EJECUTIVO Y DE LA ADMINISTRACION PUBLICA DEL 2 DE FEBRERO DEL 2021CIRCULAR UNO BIS 2015CIRCULAR UNO 2019LINEAMIENTOS PARA FUNCIONAMIENTO DE LOS SUBCOMITES MIXTOS DE CAPACITACION 2012,,,,,,,,,1,,,,
9,09,74,FONDO MIXTO DE PROMOCION TURISTICA DE LA CIUDAD DE MEXICO,1,REGLAMENTO INTERIOR DEL PODER EJECUTIVO Y DE LA ADMINISTRACION PUBLICA DEL 2 DE FEBRERO DEL 2021CIRCULAR UNO BIS 2015CIRCULAR UNO 2019LINEAMIENTOS PARA FUNCIONAMIENTO DE LOS SUBCOMITES MIXTOS DE CAPACITACION 2012,,,,,,,,,1,,,,
9,09,75,CENTRO DE CONCILIACION LABORAL DE LA CIUDAD DE MEXICO,3,NO APLICA,NA,NA,NA,NA,NA,NA,NA,NA,NA,NA,NA,NA,NA
10,10,1,DESPACHO DEL EJECUTIVO,1,LEY ORGANICA DE LA ADMINISTRACION PUBLICA,,,,,,,,,1,,,,
10,10,2,SECRETARIA GENERAL DE GOBIERNO,1,LEY ORGANICA DE LA ADMINISTRACION PUBLICA,,,,,,,,,1,,,,
10,10,3,SECRETARIA DE FINANZAS Y DE ADMINISTRACION,1,LEY ORGANICA DE LA ADMINISTRACION PUBLICA,,,,,,,,,1,,,,
10,10,4,SECRETARIA DE COMUNICACIONES Y OBRAS PUBLICAS,1,LEY ORGANICA DE LA ADMINISTRACION PUBLICA,,,,,,,,,1,,,,
10,10,5,SECRETARIA DE DESARROLLO ECONOMICO,1,LEY ORGANICA DE LA ADMINISTRACION PUBLICA,,,,,,,,,1,,,,
10,10,6,SECRETARIA DE AGRICULTURA GANADERIA Y DESARROLLO RURAL,1,LEY ORGANICA DE LA ADMINISTRACION PUBLICA,,,,,,,,,1,,,,
10,10,7,SECRETARIA DE EDUCACION,3,NO APLICA,NA,NA,NA,NA,NA,NA,NA,NA,NA,NA,NA,NA,NA
10,10,8,SECRETARIA DE CONTRALORIA,1,LEY ORGANICA DE LA ADMINISTRACION PUBLICA,,,,,,,,,1,,,,
10,10,9,SECRETARIA DE RECURSOS NATURALES Y MEDIO AMBIENTE,1,LEY ORGANICA DE LA ADMINISTRACION PUBLICA,,,,,,,,,1,,,,
10,10,10,SECRETARIA DE SEGURIDAD PUBLICA,1,LEY ORGANICA DE LA ADMINISTRACION PUBLICA,,,,,,,,,1,,,,
10,10,11,SECRETARIA DE BIENESTAR SOCIAL,1,LEY ORGANICA DE LA ADMINISTRACION PUBLICA,,,,,,,,,1,,,,
10,10,12,FISCALIA GENERAL DEL ESTADO,1,LEY ORGANICA DE LA ADMINISTRACION PUBLICA,,,,,,,,,1,,,,
10,10,13,SECRETARIA DE TURISMO,1,LEY ORGANICA DE LA ADMINISTRACION PUBLICA,,,,,,,,,1,,,,
10,10,14,SECRETARIA DEL TRABAJO Y PREVISION SOCIAL,1,LEY ORGANICA DE LA ADMINISTRACION PUBLICA,,,,,,,,,1,,,,
10,10,15,SECRETARIADO EJECUTIVO DEL CONSEJO ESTATAL DE SEGURIDAD PUBLICA,3,NO APLICA,NA,NA,NA,NA,NA,NA,NA,NA,NA,NA,NA,NA,NA
10,10,16,INSTITUTO DE ATENCION Y PROTECCION A MIGRANTES Y SUS FAMILIAS,3,NO APLICA,NA,NA,NA,NA,NA,NA,NA,NA,NA,NA,NA,NA,NA
10,10,17,COMISION ESTATAL DE ATENCION INTEGRAL A VICTIMAS,1,PLANEACION,,,,,,,,,1,,,,
10,10,18,DIRECCION DE TRANSPORTE AEREO DEL GOBIERNO DEL ESTADO,1,LEY DE AVIACION CIVIL,,,,,,,,,1,,,,
10,10,19,COMISION DE AGUAS DEL ESTADO,2,NO APLICA,NA,NA,NA,NA,NA,NA,NA,NA,NA,NA,NA,NA,NA
10,10,20,INSTITUTO PARA LA INFRAESTRUCTURA FISICA EDUCATIVA DEL ESTADO DE DURANGO,2,NO APLICA,NA,NA,NA,NA,NA,NA,NA,NA,NA,NA,NA,NA,NA
10,10,21,CENTRO CULTURAL Y DE CONVENCIONES DEL ESTADO DE DURANGO,2,NO APLICA,NA,NA,NA,NA,NA,NA,NA,NA,NA,NA,NA,NA,NA
10,10,22,SERVICIOS DE SALUD DEL ESTADO,1,RECURSOS HUMANOS,,,,1,,,1,,,,,,
10,10,23,SISTEMA ESTATAL PARA EL DESARROLLO INTEGRAL DE LA FAMILIA,1,LEY ORGANICA DE LA ADMINISTRACION PUBLICA,,,,,,,,,1,,,,
10,10,24,COLEGIO DE BACHILLERES DEL ESTADO DE DURANGO,1,PROCEDIMIENTOS EDUCATIVOS,,,1,1,,,1,,,1,,,
10,10,25,CONSEJO DE CIENCIA Y TECNOLOGIA DEL ESTADO DE DURANGO,3,NO APLICA,NA,NA,NA,NA,NA,NA,NA,NA,NA,NA,NA,NA,NA
10,10,26,COLEGIO DE EDUCACION PROFESIONAL TECNICA DEL ESTADO DE DURANGO,1,REGLAMENTO INTERIOR,,,,1,,,,1,1,,1,,
10,10,27,COLEGIO DE ESTUDIOS CIENTIFICOS Y TECNOLOGICOS DEL ESTADO DE DURANGO,1,PROGRAMA DE FORMACION DE DOCENTES,,,1,1,,,1,,1,1,,,
10,10,28,INSTITUTO DURANGUENSE DE EDUCACION PARA ADULTOS,1,CAPACITACIONES PARA TODO EL PERSONAL SINDICAL Y ADM,,1,1,,,,,,1,,,,
10,10,29,INSTITUTO TECNOLOGICO SUPERIOR DE LERDO,1,PROCEDIMIENTO DE FORMACION PROFESIONAL Y DOCENTE,,,,,,,,,1,,,,
10,10,30,INSTITUTO TECNOLOGICO SUPERIOR DE LA REGION DE LOS LLANOS,1,PROCEDIMIENTOS DEL SGC Y LINEAMIENTO DE ESTIMULO AL DESEMPEÑO DOCENTE,,1,,,,,1,,1,1,1,,
10,10,31,INSTITUTO TECNOLOGICO SUPERIOR DE SANTIAGO PAPASQUIARO,2,NO APLICA,NA,NA,NA,NA,NA,NA,NA,NA,NA,NA,NA,NA,NA
10,10,32,INSTITUTO DE CULTURA DEL ESTADO DE DURANGO,2,NO APLICA,NA,NA,NA,NA,NA,NA,NA,NA,NA,NA,NA,NA,NA
10,10,33,SISTEMA ESTATAL DE TELESECUNDARIAS,2,NO APLICA,NA,NA,NA,NA,NA,NA,NA,NA,NA,NA,NA,NA,NA
10,10,34,UNIVERSIDAD PEDAGOGICA DE DURANGO,1,REGLAMENTOS INTERIOR DE TRABAJO PERSONAL DOCENTE Y NO DECENTE,1,1,1,1,1,1,1,1,1,,1,1,
10,10,35,UNIVERSIDAD POLITECNICA DE DURANGO,1,SGC,,1,1,,1,,1,1,1,1,,,
10,10,36,UNIVERSIDAD POLITECNICA DE GOMEZ PALACIO,1,ISO 900 2015,1,,,1,,,,,,,,,
10,10,37,BENEMERITA Y CENTENARIA ESCUELA NORMAL DEL ESTADO DE DURANGO,1,PLAN INSTITUCIONAL DE DESARROLLO,,,,1,,,,1,1,,,,
10,10,38,INSTITUTO TECNOLOGICO SUPERIOR DE SANTA MARIA DEL ORO,2,NO APLICA,NA,NA,NA,NA,NA,NA,NA,NA,NA,NA,NA,NA,NA
10,10,39,UNIVERSIDAD TECNOLOGICA DE DURANGO,2,NO APLICA,NA,NA,NA,NA,NA,NA,NA,NA,NA,NA,NA,NA,NA
10,10,40,UNIVERSIDAD TECNOLOGICA DE LA LAGUNA,2,NO APLICA,NA,NA,NA,NA,NA,NA,NA,NA,NA,NA,NA,NA,NA
10,10,41,UNIVERSIDAD TECNOLOGICA DE EL MEZQUITAL,2,NO APLICA,NA,NA,NA,NA,NA,NA,NA,NA,NA,NA,NA,NA,NA
10,10,42,UNIVERSIDAD TECNOLOGICA DE POANAS,1,CAPACITACIONES,,1,,,1,,1,,1,,,,
10,10,43,UNIVERSIDAD POLITECNICA DE CUENCAME,1,PROGRAMA ANUAL DE CAPACITACION,,1,,,1,,1,1,1,,,,
10,10,44,UNIVERSIDAD TECNOLOGICA DE RODEO,1,MANUAL ORGANIZACIONAL,,,,,,,,,1,,,,
10,10,45,UNIVERSIDAD TECNOLOGICA DE TAMAZULA,2,NO APLICA,NA,NA,NA,NA,NA,NA,NA,NA,NA,NA,NA,NA,NA
10,10,46,SECRETARIA EJECUTIVA DEL SISTEMA LOCAL ANTICORRUPCION,2,NO APLICA,NA,NA,NA,NA,NA,NA,NA,NA,NA,NA,NA,NA,NA
10,10,47,FISCALIA ESPECIALIZADA EN COMBATE A LA CORRUPCION DEL ESTADO DE DURANGO,1,CAPACITACIONES,,,,,,,,,1,,,,
10,10,48,INSTITUTO DURANGUENSE DE LA JUVENTUD,2,NO APLICA,NA,NA,NA,NA,NA,NA,NA,NA,NA,NA,NA,NA,NA
10,10,49,INSTITUTO ESTATAL DE LAS MUJERES,1,CAPACITACIONES,,,,,,,,1,1,,,,
10,10,50,COMISION ESTATAL DE SUELO Y VIVIENDA,2,NO APLICA,NA,NA,NA,NA,NA,NA,NA,NA,NA,NA,NA,NA,NA
10,10,51,CENTROS DE CONCILIACION LABORAL DEL ESTADO DE DURANGO,2,NO APLICA,NA,NA,NA,NA,NA,NA,NA,NA,NA,NA,NA,NA,NA
10,10,52,DIRECCION DE PENSIONES DEL ESTADO DE DURANGO,1,MANUAL DE ORGANIZACIONAL,,1,,,,,,,1,,,,
11,11,1,OFICINA DEL GOBERNADOR,1,LINEAMIENTOS GENERALES PARA LA ADMINISTRACON DE LOS RECURSOS HUMANOS ADSCRITOS A LAS DEPENDENCIAS ENTIDADES Y UNIDADES DE APOYO DE LA ADMINISTRACION PUBLICA ESTATAL REGLAMENTO DEL SERVICIO CIVIL DE CARRERA LINEAMIENTOS DEL SISTEMA DE EVALUACION DEL DESEMPEÑO INSTITUCIONAL LINEAMIENTOS Y MANUAL DE OPERACION DE INGRESO PROFESIONALIZACION EVALUACION DEL DESEMPEÑO Y BIENESTAR LABORAL LEY PARA EL EJERCICIO Y CONTROL DE LOS RECURSOS PUBLICOS PARA EL ESTADO Y LOS MUNICIPIOS DE GUANAJUATO,1,,,,1,,,1,1,1,1,,
11,11,2,COORDINACION GENERAL DE COMUNICACION SOCIAL,1,LINEAMIENTOS GENERALES PARA LA ADMINISTRACON DE LOS RECURSOS HUMANOS ADSCRITOS A LAS DEPENDENCIAS ENTIDADES Y UNIDADES DE APOYO DE LA ADMINISTRACION PUBLICA ESTATAL REGLAMENTO DEL SERVICIO CIVIL DE CARRERA LINEAMIENTOS DEL SISTEMA DE EVALUACION DEL DESEMPEÑO INSTITUCIONAL LINEAMIENTOS Y MANUAL DE OPERACION DE INGRESO PROFESIONALIZACION EVALUACION DEL DESEMPEÑO Y BIENESTAR LABORAL LEY PARA EL EJERCICIO Y CONTROL DE LOS RECURSOS PUBLICOS PARA EL ESTADO Y LOS MUNICIPIOS DE GUANAJUATO,1,1,1,,1,1,1,1,1,1,1,,
11,11,3,OFICINA DEL SECRETARIO PARTICULAR,1,LINEAMIENTOS GENERALES PARA LA ADMINISTRACON DE LOS RECURSOS HUMANOS ADSCRITOS A LAS DEPENDENCIAS ENTIDADES Y UNIDADES DE APOYO DE LA ADMINISTRACION PUBLICA ESTATAL REGLAMENTO DEL SERVICIO CIVIL DE CARRERA LINEAMIENTOS DEL SISTEMA DE EVALUACION DEL DESEMPEÑO INSTITUCIONAL LINEAMIENTOS Y MANUAL DE OPERACION DE INGRESO PROFESIONALIZACION EVALUACION DEL DESEMPEÑO Y BIENESTAR LABORAL LEY PARA EL EJERCICIO Y CONTROL DE LOS RECURSOS PUBLICOS PARA EL ESTADO Y LOS MUNICIPIOS DE GUANAJUATO,1,,,,1,,,1,1,1,1,,
11,11,4,INSTITUTO DE PLANEACION ESTADISTICA Y GEOGRAFIA DEL ESTADO DE GUANAJUATO,1,LINEAMIENTOS GENERALES PARA LA ADMINISTRACON DE LOS RECURSOS HUMANOS ADSCRITOS A LAS DEPENDENCIAS ENTIDADES Y UNIDADES DE APOYO DE LA ADMINISTRACION PUBLICA ESTATAL REGLAMENTO DEL SERVICIO CIVIL DE CARRERA LINEAMIENTOS DEL SISTEMA DE EVALUACION DEL DESEMPEÑO INSTITUCIONAL LINEAMIENTOS Y MANUAL DE OPERACION DE INGRESO PROFESIONALIZACION EVALUACION DEL DESEMPEÑO Y BIENESTAR LABORAL LEY PARA EL EJERCICIO Y CONTROL DE LOS RECURSOS PUBLICOS PARA EL ESTADO Y LOS MUNICIPIOS DE GUANAJUATO,1,1,1,1,1,1,1,1,1,1,1,,
11,11,5,JEFATURA DE GABINETE DEL PODER EJECUTIVO,1,LINEAMIENTOS GENERALES PARA LA ADMINISTRACON DE LOS RECURSOS HUMANOS ADSCRITOS A LAS DEPENDENCIAS ENTIDADES Y UNIDADES DE APOYO DE LA ADMINISTRACION PUBLICA ESTATAL REGLAMENTO DEL SERVICIO CIVIL DE CARRERA LINEAMIENTOS DEL SISTEMA DE EVALUACION DEL DESEMPEÑO INSTITUCIONAL LINEAMIENTOS Y MANUAL DE OPERACION DE INGRESO PROFESIONALIZACION EVALUACION DEL DESEMPEÑO Y BIENESTAR LABORAL LEY PARA EL EJERCICIO Y CONTROL DE LOS RECURSOS PUBLICOS PARA EL ESTADO Y LOS MUNICIPIOS DE GUANAJUATO,,,,,1,,,1,1,1,,,
11,11,6,UNIDAD DE TRANSPARENCIA Y ARCHIVOS DEL PODER EJECUTIVO,1,LINEAMIENTOS GENERALES PARA LA ADMINISTRACON DE LOS RECURSOS HUMANOS ADSCRITOS A LAS DEPENDENCIAS ENTIDADES Y UNIDADES DE APOYO DE LA ADMINISTRACION PUBLICA ESTATAL REGLAMENTO DEL SERVICIO CIVIL DE CARRERA LINEAMIENTOS DEL SISTEMA DE EVALUACION DEL DESEMPEÑO INSTITUCIONAL LINEAMIENTOS Y MANUAL DE OPERACION DE INGRESO PROFESIONALIZACION EVALUACION DEL DESEMPEÑO Y BIENESTAR LABORAL LEY PARA EL EJERCICIO Y CONTROL DE LOS RECURSOS PUBLICOS PARA EL ESTADO Y LOS MUNICIPIOS DE GUANAJUATO,1,1,1,1,1,1,1,1,1,1,1,,
11,11,7,OFICINA DE REPRESENTACION DEL GOBIERNO DEL ESTADO DE GUANAJUATO EN LA CIUDAD DE MEXICO,1,LINEAMIENTOS GENERALES PARA LA ADMINISTRACON DE LOS RECURSOS HUMANOS ADSCRITOS A LAS DEPENDENCIAS ENTIDADES Y UNIDADES DE APOYO DE LA ADMINISTRACION PUBLICA ESTATAL REGLAMENTO DEL SERVICIO CIVIL DE CARRERA LINEAMIENTOS DEL SISTEMA DE EVALUACION DEL DESEMPEÑO INSTITUCIONAL LINEAMIENTOS Y MANUAL DE OPERACION DE INGRESO PROFESIONALIZACION EVALUACION DEL DESEMPEÑO Y BIENESTAR LABORAL LEY PARA EL EJERCICIO Y CONTROL DE LOS RECURSOS PUBLICOS PARA EL ESTADO Y LOS MUNICIPIOS DE GUANAJUATO,1,,,,,,,1,1,1,1,,
11,11,8,COORDINACION GENERAL JURIDICA,1,LINEAMIENTOS GENERALES PARA LA ADMINISTRACON DE LOS RECURSOS HUMANOS ADSCRITOS A LAS DEPENDENCIAS ENTIDADES Y UNIDADES DE APOYO DE LA ADMINISTRACION PUBLICA ESTATAL REGLAMENTO DEL SERVICIO CIVIL DE CARRERA LINEAMIENTOS DEL SISTEMA DE EVALUACION DEL DESEMPEÑO INSTITUCIONAL LINEAMIENTOS Y MANUAL DE OPERACION DE INGRESO PROFESIONALIZACION EVALUACION DEL DESEMPEÑO Y BIENESTAR LABORAL LEY PARA EL EJERCICIO Y CONTROL DE LOS RECURSOS PUBLICOS PARA EL ESTADO Y LOS MUNICIPIOS DE GUANAJUATO,1,1,1,1,1,1,1,1,1,1,1,,
11,11,9,SECRETARIA DE GOBIERNO,1,LINEAMIENTOS GENERALES PARA LA ADMINISTRACON DE LOS RECURSOS HUMANOS ADSCRITOS A LAS DEPENDENCIAS ENTIDADES Y UNIDADES DE APOYO DE LA ADMINISTRACION PUBLICA ESTATAL REGLAMENTO DEL SERVICIO CIVIL DE CARRERA LINEAMIENTOS DEL SISTEMA DE EVALUACION DEL DESEMPEÑO INSTITUCIONAL LINEAMIENTOS Y MANUAL DE OPERACION DE INGRESO PROFESIONALIZACION EVALUACION DEL DESEMPEÑO Y BIENESTAR LABORAL LEY PARA EL EJERCICIO Y CONTROL DE LOS RECURSOS PUBLICOS PARA EL ESTADO Y LOS MUNICIPIOS DE GUANAJUATO,1,1,1,1,1,1,1,1,1,1,1,,
11,11,10,SECRETARIA DE DESARROLLO SOCIAL Y HUMANO,1,LINEAMIENTOS GENERALES PARA LA ADMINISTRACON DE LOS RECURSOS HUMANOS ADSCRITOS A LAS DEPENDENCIAS ENTIDADES Y UNIDADES DE APOYO DE LA ADMINISTRACION PUBLICA ESTATAL REGLAMENTO DEL SERVICIO CIVIL DE CARRERA LINEAMIENTOS DEL SISTEMA DE EVALUACION DEL DESEMPEÑO INSTITUCIONAL LINEAMIENTOS Y MANUAL DE OPERACION DE INGRESO PROFESIONALIZACION EVALUACION DEL DESEMPEÑO Y BIENESTAR LABORAL LEY PARA EL EJERCICIO Y CONTROL DE LOS RECURSOS PUBLICOS PARA EL ESTADO Y LOS MUNICIPIOS DE GUANAJUATO,1,1,1,1,1,,1,1,1,,1,,
11,11,11,SECRETARIA DE FINANZAS INVERSION Y ADMINISTRACION,1,LINEAMIENTOS GENERALES PARA LA ADMINISTRACON DE LOS RECURSOS HUMANOS ADSCRITOS A LAS DEPENDENCIAS ENTIDADES Y UNIDADES DE APOYO DE LA ADMINISTRACION PUBLICA ESTATAL REGLAMENTO DEL SERVICIO CIVIL DE CARRERA LINEAMIENTOS DEL SISTEMA DE EVALUACION DEL DESEMPEÑO INSTITUCIONAL LINEAMIENTOS Y MANUAL DE OPERACION DE INGRESO PROFESIONALIZACION EVALUACION DEL DESEMPEÑO Y BIENESTAR LABORAL LEY PARA EL EJERCICIO Y CONTROL DE LOS RECURSOS PUBLICOS PARA EL ESTADO Y LOS MUNICIPIOS DE GUANAJUATO,1,1,1,,,,1,1,1,1,1,,
11,11,12,SECRETARIA DE SEGURIDAD PUBLICA,1,LEY DEL SISTEMA DE SEGURIDADPUBLICA DEL ESTADO DE GUANAJUATO REGLAMENTO DEL CONSEJO DE HONOR Y JUSTICIA DEL ESTADO DE GUANAJUATO LINEAMIENTOS GENERALES PARA LA ADMINISTRACION DE LOS RECURSOS HUMANOS ADSCRITOS A LAS DEPENDENCIAS ENTIDADES Y UNIDADES DE APOYO DE LA ADMINISTRACION PUBLICA ESTATAL,1,1,1,1,1,1,1,1,1,1,1,,
11,11,13,SECRETARIA DE DESARROLLO AGROALIMENTARIO Y RURAL,1,LINEAMIENTOS GENERALES PARA LA ADMINISTRACON DE LOS RECURSOS HUMANOS ADSCRITOS A LAS DEPENDENCIAS ENTIDADES Y UNIDADES DE APOYO DE LA ADMINISTRACION PUBLICA ESTATAL REGLAMENTO DEL SERVICIO CIVIL DE CARRERA LINEAMIENTOS DEL SISTEMA DE EVALUACION DEL DESEMPEÑO INSTITUCIONAL LINEAMIENTOS Y MANUAL DE OPERACION DE INGRESO PROFESIONALIZACION EVALUACION DEL DESEMPEÑO Y BIENESTAR LABORAL LEY PARA EL EJERCICIO Y CONTROL DE LOS RECURSOS PUBLICOS PARA EL ESTADO Y LOS MUNICIPIOS DE GUANAJUATO,1,1,1,1,1,1,1,1,1,1,1,,
11,11,14,SECRETARIA DE DESARROLLO ECONOMICO SUSTENTABLE,1,LINEAMIENTOS GENERALES PARA LA ADMINISTRACON DE LOS RECURSOS HUMANOS ADSCRITOS A LAS DEPENDENCIAS ENTIDADES Y UNIDADES DE APOYO DE LA ADMINISTRACION PUBLICA ESTATAL REGLAMENTO DEL SERVICIO CIVIL DE CARRERA LINEAMIENTOS DEL SISTEMA DE EVALUACION DEL DESEMPEÑO INSTITUCIONAL LINEAMIENTOS Y MANUAL DE OPERACION DE INGRESO PROFESIONALIZACION EVALUACION DEL DESEMPEÑO Y BIENESTAR LABORAL LEY PARA EL EJERCICIO Y CONTROL DE LOS RECURSOS PUBLICOS PARA EL ESTADO Y LOS MUNICIPIOS DE GUANAJUATO,1,1,1,,,,1,1,1,1,1,,
11,11,15,SECRETARIA DE EDUCACION,1,LINEAMIENTOS GENERALES PARA LA ADMINISTRACON DE LOS RECURSOS HUMANOS ADSCRITOS A LAS DEPENDENCIAS ENTIDADES Y UNIDADES DE APOYO DE LA ADMINISTRACION PUBLICA ESTATAL REGLAMENTO DEL SERVICIO CIVIL DE CARRERA LINEAMIENTOS DEL SISTEMA DE EVALUACION DEL DESEMPEÑO INSTITUCIONAL LINEAMIENTOS Y MANUAL DE OPERACION DE INGRESO PROFESIONALIZACION EVALUACION DEL DESEMPEÑO Y BIENESTAR LABORAL LEY PARA EL EJERCICIO Y CONTROL DE LOS RECURSOS PUBLICOS PARA EL ESTADO Y LOS MUNICIPIOS DE GUANAJUATO,1,1,1,,,,1,1,1,1,1,,
11,11,16,SECRETARIA DE INFRAESTRUCTURA CONECTIVIDAD Y MOVILIDAD,1,LINEAMIENTOS GENERALES PARA LA ADMINISTRACON DE LOS RECURSOS HUMANOS ADSCRITOS A LAS DEPENDENCIAS ENTIDADES Y UNIDADES DE APOYO DE LA ADMINISTRACION PUBLICA ESTATAL REGLAMENTO DEL SERVICIO CIVIL DE CARRERA LINEAMIENTOS DEL SISTEMA DE EVALUACION DEL DESEMPEÑO INSTITUCIONAL LINEAMIENTOS Y MANUAL DE OPERACION DE INGRESO PROFESIONALIZACION EVALUACION DEL DESEMPEÑO Y BIENESTAR LABORAL LEY PARA EL EJERCICIO Y CONTROL DE LOS RECURSOS PUBLICOS PARA EL ESTADO Y LOS MUNICIPIOS DE GUANAJUATO,1,1,1,1,1,1,1,1,1,1,1,,
11,11,17,SECRETARIA DE TURISMO,1,LINEAMIENTOS GENERALES PARA LA ADMINISTRACON DE LOS RECURSOS HUMANOS ADSCRITOS A LAS DEPENDENCIAS ENTIDADES Y UNIDADES DE APOYO DE LA ADMINISTRACION PUBLICA ESTATAL REGLAMENTO DEL SERVICIO CIVIL DE CARRERA LINEAMIENTOS DEL SISTEMA DE EVALUACION DEL DESEMPEÑO INSTITUCIONAL LINEAMIENTOS Y MANUAL DE OPERACION DE INGRESO PROFESIONALIZACION EVALUACION DEL DESEMPEÑO Y BIENESTAR LABORAL LEY PARA EL EJERCICIO Y CONTROL DE LOS RECURSOS PUBLICOS PARA EL ESTADO Y LOS MUNICIPIOS DE GUANAJUATO,1,1,1,,,,1,1,1,1,1,,
11,11,18,SECRETARIA DE LA TRANSPARENCIA Y RENDICION DE CUENTAS,1,LINEAMIENTOS GENERALES PARA LA ADMINISTRACON DE LOS RECURSOS HUMANOS ADSCRITOS A LAS DEPENDENCIAS ENTIDADES Y UNIDADES DE APOYO DE LA ADMINISTRACION PUBLICA ESTATAL REGLAMENTO DEL SERVICIO CIVIL DE CARRERA LINEAMIENTOS DEL SISTEMA DE EVALUACION DEL DESEMPEÑO INSTITUCIONAL LINEAMIENTOS Y MANUAL DE OPERACION DE INGRESO PROFESIONALIZACION EVALUACION DEL DESEMPEÑO Y BIENESTAR LABORAL LEY PARA EL EJERCICIO Y CONTROL DE LOS RECURSOS PUBLICOS PARA EL ESTADO Y LOS MUNICIPIOS DE GUANAJUATO,1,1,1,1,1,1,1,1,1,1,1,,
11,11,19,SECRETARIA DE MEDIO AMBIENTE Y ORDENAMIENTO TERRITORIAL,1,LINEAMIENTOS GENERALES PARA LA ADMINISTRACON DE LOS RECURSOS HUMANOS ADSCRITOS A LAS DEPENDENCIAS ENTIDADES Y UNIDADES DE APOYO DE LA ADMINISTRACION PUBLICA ESTATAL REGLAMENTO DEL SERVICIO CIVIL DE CARRERA LINEAMIENTOS DEL SISTEMA DE EVALUACION DEL DESEMPEÑO INSTITUCIONAL LINEAMIENTOS Y MANUAL DE OPERACION DE INGRESO PROFESIONALIZACION EVALUACION DEL DESEMPEÑO Y BIENESTAR LABORAL LEY PARA EL EJERCICIO Y CONTROL DE LOS RECURSOS PUBLICOS PARA EL ESTADO Y LOS MUNICIPIOS DE GUANAJUATO,1,1,1,,,,1,1,1,1,1,,
11,11,20,SECRETARIA DEL MIGRANTE Y ENLACE INTERNACIONAL,1,LINEAMIENTOS GENERALES PARA LA ADMINISTRACON DE LOS RECURSOS HUMANOS ADSCRITOS A LAS DEPENDENCIAS ENTIDADES Y UNIDADES DE APOYO DE LA ADMINISTRACION PUBLICA ESTATAL REGLAMENTO DEL SERVICIO CIVIL DE CARRERA LINEAMIENTOS DEL SISTEMA DE EVALUACION DEL DESEMPEÑO INSTITUCIONAL LINEAMIENTOS Y MANUAL DE OPERACION DE INGRESO PROFESIONALIZACION EVALUACION DEL DESEMPEÑO Y BIENESTAR LABORAL LEY PARA EL EJERCICIO Y CONTROL DE LOS RECURSOS PUBLICOS PARA EL ESTADO Y LOS MUNICIPIOS DE GUANAJUATO,1,1,1,,,,1,1,1,1,1,,
11,11,21,SERVICIO DE ADMINISTRACION TRIBUTARIA DEL ESTADO DE GUANAJUATO,1,LINEAMIENTOS GENERALES PARA LA ADMINISTRACON DE LOS RECURSOS HUMANOS ADSCRITOS A LAS DEPENDENCIAS ENTIDADES Y UNIDADES DE APOYO DE LA ADMINISTRACION PUBLICA ESTATAL REGLAMENTO DEL SERVICIO CIVIL DE CARRERA LINEAMIENTOS DEL SISTEMA DE EVALUACION DEL DESEMPEÑO INSTITUCIONAL LINEAMIENTOS Y MANUAL DE OPERACION DE INGRESO PROFESIONALIZACION EVALUACION DEL DESEMPEÑO Y BIENESTAR LABORAL LEY PARA EL EJERCICIO Y CONTROL DE LOS RECURSOS PUBLICOS PARA EL ESTADO Y LOS MUNICIPIOS DE GUANAJUATO,1,,,,,,,1,1,1,1,,
11,11,22,SECRETARIADO EJECUTIVO DEL SISTEMA ESTATAL DE SEGURIDAD PUBLICA,1,LINEAMIENTOS GENERALES PARA LA ADMINISTRACON DE LOS RECURSOS HUMANOS ADSCRITOS A LAS DEPENDENCIAS ENTIDADES Y UNIDADES DE APOYO DE LA ADMINISTRACION PUBLICA ESTATAL REGLAMENTO DEL SERVICIO CIVIL DE CARRERA LINEAMIENTOS DEL SISTEMA DE EVALUACION DEL DESEMPEÑO INSTITUCIONAL LINEAMIENTOS Y MANUAL DE OPERACION DE INGRESO PROFESIONALIZACION EVALUACION DEL DESEMPEÑO Y BIENESTAR LABORAL LEY PARA EL EJERCICIO Y CONTROL DE LOS RECURSOS PUBLICOS PARA EL ESTADO Y LOS MUNICIPIOS DE GUANAJUATO,1,1,1,,,,1,1,1,1,1,,
11,11,23,COORDINACION GENERAL DE INFORMACION ESTRATEGICA,1,LINEAMIENTOS GENERALES PARA LA ADMINISTRACON DE LOS RECURSOS HUMANOS ADSCRITOS A LAS DEPENDENCIAS ENTIDADES Y UNIDADES DE APOYO DE LA ADMINISTRACION PUBLICA ESTATAL REGLAMENTO DEL SERVICIO CIVIL DE CARRERA LINEAMIENTOS DEL SISTEMA DE EVALUACION DEL DESEMPEÑO INSTITUCIONAL LINEAMIENTOS Y MANUAL DE OPERACION DE INGRESO PROFESIONALIZACION EVALUACION DEL DESEMPEÑO Y BIENESTAR LABORAL LEY PARA EL EJERCICIO Y CONTROL DE LOS RECURSOS PUBLICOS PARA EL ESTADO Y LOS MUNICIPIOS DE GUANAJUATO,1,1,1,1,1,1,1,1,1,1,1,,
11,11,24,UNIDAD DE ANALISIS Y ESTRATEGIA DE SEGURIDAD CIUDADANA,1,LINEAMIENTOS GENERALES PARA LA ADMINISTRACON DE LOS RECURSOS HUMANOS ADSCRITOS A LAS DEPENDENCIAS ENTIDADES Y UNIDADES DE APOYO DE LA ADMINISTRACION PUBLICA ESTATAL REGLAMENTO DEL SERVICIO CIVIL DE CARRERA LINEAMIENTOS DEL SISTEMA DE EVALUACION DEL DESEMPEÑO INSTITUCIONAL LINEAMIENTOS Y MANUAL DE OPERACION DE INGRESO PROFESIONALIZACION EVALUACION DEL DESEMPEÑO Y BIENESTAR LABORAL LEY PARA EL EJERCICIO Y CONTROL DE LOS RECURSOS PUBLICOS PARA EL ESTADO Y LOS MUNICIPIOS DE GUANAJUATO,1,1,1,1,1,1,1,1,1,1,1,,
11,11,25,SECRETARIA EJECUTIVA DEL SISTEMA DE PROTECCION DE LOS DERECHOS DE NIÑAS NIÑOS Y ADOLESCENTES,1,LINEAMIENTOS GENERALES PARA LA ADMINISTRACON DE LOS RECURSOS HUMANOS ADSCRITOS A LAS DEPENDENCIAS ENTIDADES Y UNIDADES DE APOYO DE LA ADMINISTRACION PUBLICA ESTATAL REGLAMENTO DEL SERVICIO CIVIL DE CARRERA LINEAMIENTOS DEL SISTEMA DE EVALUACION DEL DESEMPEÑO INSTITUCIONAL LINEAMIENTOS Y MANUAL DE OPERACION DE INGRESO PROFESIONALIZACION EVALUACION DEL DESEMPEÑO Y BIENESTAR LABORAL LEY PARA EL EJERCICIO Y CONTROL DE LOS RECURSOS PUBLICOS PARA EL ESTADO Y LOS MUNICIPIOS DE GUANAJUATO,1,1,1,1,1,1,1,1,1,1,1,,
11,11,26,COMISION ESTATAL DE BUSQUEDA DE PERSONAS,1,LINEAMIENTOS GENERALES PARA LA ADMINISTRACON DE LOS RECURSOS HUMANOS ADSCRITOS A LAS DEPENDENCIAS ENTIDADES Y UNIDADES DE APOYO DE LA ADMINISTRACION PUBLICA ESTATAL REGLAMENTO DEL SERVICIO CIVIL DE CARRERA LINEAMIENTOS DEL SISTEMA DE EVALUACION DEL DESEMPEÑO INSTITUCIONAL LINEAMIENTOS Y MANUAL DE OPERACION DE INGRESO PROFESIONALIZACION EVALUACION DEL DESEMPEÑO Y BIENESTAR LABORAL LEY PARA EL EJERCICIO Y CONTROL DE LOS RECURSOS PUBLICOS PARA EL ESTADO Y LOS MUNICIPIOS DE GUANAJUATO,1,1,1,1,1,1,1,1,1,1,1,,
11,11,27,COMISION DE DEPORTE DEL ESTADO DE GUANAJUATO,1,LINEAMIENTOS GENERALES PARA LA ADMINISTRACON DE LOS RECURSOS HUMANOS ADSCRITOS A LAS DEPENDENCIAS ENTIDADES Y UNIDADES DE APOYO DE LA ADMINISTRACION PUBLICA ESTATAL REGLAMENTO DEL SERVICIO CIVIL DE CARRERA LINEAMIENTOS DEL SISTEMA DE EVALUACION DEL DESEMPEÑO INSTITUCIONAL LINEAMIENTOS Y MANUAL DE OPERACION DE INGRESO PROFESIONALIZACION EVALUACION DEL DESEMPEÑO Y BIENESTAR LABORAL LEY PARA EL EJERCICIO Y CONTROL DE LOS RECURSOS PUBLICOS PARA EL ESTADO Y LOS MUNICIPIOS DE GUANAJUATO,1,1,,,1,,1,1,1,,1,,
11,11,28,UNIDAD DE TELEVISION DE GUANAJUATO,1,LINEAMIENTOS GENERALES PARA LA ADMINISTRACON DE LOS RECURSOS HUMANOS ADSCRITOS A LAS DEPENDENCIAS ENTIDADES Y UNIDADES DE APOYO DE LA ADMINISTRACION PUBLICA ESTATAL REGLAMENTO DEL SERVICIO CIVIL DE CARRERA LINEAMIENTOS DEL SISTEMA DE EVALUACION DEL DESEMPEÑO INSTITUCIONAL LINEAMIENTOS Y MANUAL DE OPERACION DE INGRESO PROFESIONALIZACION EVALUACION DEL DESEMPEÑO Y BIENESTAR LABORAL LEY PARA EL EJERCICIO Y CONTROL DE LOS RECURSOS PUBLICOS PARA EL ESTADO Y LOS MUNICIPIOS DE GUANAJUATO,1,1,1,,,,1,1,1,1,1,,
11,11,29,SISTEMA ESTATAL PARA EL DESARROLLO INTEGRAL DE LA FAMILIA,1,LINEAMIENTOS GENERALES PARA LA ADMINISTRACON DE LOS RECURSOS HUMANOS ADSCRITOS A LAS DEPENDENCIAS ENTIDADES Y UNIDADES DE APOYO DE LA ADMINISTRACION PUBLICA ESTATAL REGLAMENTO DEL SERVICIO CIVIL DE CARRERA LINEAMIENTOS DEL SISTEMA DE EVALUACION DEL DESEMPEÑO INSTITUCIONAL LINEAMIENTOS Y MANUAL DE OPERACION DE INGRESO PROFESIONALIZACION EVALUACION DEL DESEMPEÑO Y BIENESTAR LABORAL LEY PARA EL EJERCICIO Y CONTROL DE LOS RECURSOS PUBLICOS PARA EL ESTADO Y LOS MUNICIPIOS DE GUANAJUATO,1,1,1,,,,1,1,1,1,1,,
11,11,30,COLEGIO DE ESTUDIOS CIENTIFICOS Y TECNOLOGICOS DEL ESTADO DE GUANAJUATO,1,LINEAMIENTOS Y MANUAL DE OPERACION DE INGRESO PROFESIONALIZACION EVALUACION DEL DESEMPEÑO Y BIENESTAR LABORAL,,1,,,,,,,1,1,,,
11,11,31,UNIVERSIDAD TECNOLOGICA DEL NORTE DEL ESTADO DE GUANAJUATO,1,CONTRATO COLECTIVO DE TRABAJO Y DISTINTOS LINEAMIENTOS INTERNOS,1,1,1,,1,1,1,1,1,1,1,,
11,11,32,MUSEO ICONOGRAFICO DEL QUIJOTE,1,LINEAMIENTOS GENERALES PARA LA ADMINISTRACON DE LOS RECURSOS HUMANOS ADSCRITOS A LAS DEPENDENCIAS ENTIDADES Y UNIDADES DE APOYO DE LA ADMINISTRACION PUBLICA ESTATAL REGLAMENTO DEL SERVICIO CIVIL DE CARRERA LINEAMIENTOS DEL SISTEMA DE EVALUACION DEL DESEMPEÑO INSTITUCIONAL LINEAMIENTOS Y MANUAL DE OPERACION DE INGRESO PROFESIONALIZACION EVALUACION DEL DESEMPEÑO Y BIENESTAR LABORAL LEY PARA EL EJERCICIO Y CONTROL DE LOS RECURSOS PUBLICOS PARA EL ESTADO Y LOS MUNICIPIOS DE GUANAJUATO,1,1,1,,,,1,1,1,1,1,,
11,11,33,COMISION ESTATAL DEL AGUA DE GUANAJUATO,1,LINEAMIENTOS GENERALES PARA LA ADMINISTRACON DE LOS RECURSOS HUMANOS ADSCRITOS A LAS DEPENDENCIAS ENTIDADES Y UNIDADES DE APOYO DE LA ADMINISTRACION PUBLICA ESTATAL REGLAMENTO DEL SERVICIO CIVIL DE CARRERA LINEAMIENTOS DEL SISTEMA DE EVALUACION DEL DESEMPEÑO INSTITUCIONAL LINEAMIENTOS Y MANUAL DE OPERACION DE INGRESO PROFESIONALIZACION EVALUACION DEL DESEMPEÑO Y BIENESTAR LABORAL LEY PARA EL EJERCICIO Y CONTROL DE LOS RECURSOS PUBLICOS PARA EL ESTADO Y LOS MUNICIPIOS DE GUANAJUATO,1,1,,,1,,1,1,1,1,1,,
11,11,34,COORDINADORA DE FOMENTO AL COMERCIO EXTERIOR,1,LINEAMIENTOS GENERALES PARA LA ADMINISTRACON DE LOS RECURSOS HUMANOS ADSCRITOS A LAS DEPENDENCIAS ENTIDADES Y UNIDADES DE APOYO DE LA ADMINISTRACION PUBLICA ESTATAL REGLAMENTO DEL SERVICIO CIVIL DE CARRERA LINEAMIENTOS DEL SISTEMA DE EVALUACION DEL DESEMPEÑO INSTITUCIONAL LINEAMIENTOS Y MANUAL DE OPERACION DE INGRESO PROFESIONALIZACION EVALUACION DEL DESEMPEÑO Y BIENESTAR LABORAL LEY PARA EL EJERCICIO Y CONTROL DE LOS RECURSOS PUBLICOS PARA EL ESTADO Y LOS MUNICIPIOS DE GUANAJUATO,1,1,,,1,,1,1,1,1,1,,
11,11,35,INSTITUTO ESTATAL DE LA CULTURA,1,LINEAMIENTOS GENERALES PARA LA ADMINISTRACON DE LOS RECURSOS HUMANOS ADSCRITOS A LAS DEPENDENCIAS ENTIDADES Y UNIDADES DE APOYO DE LA ADMINISTRACION PUBLICA ESTATAL REGLAMENTO DEL SERVICIO CIVIL DE CARRERA LINEAMIENTOS DEL SISTEMA DE EVALUACION DEL DESEMPEÑO INSTITUCIONAL LINEAMIENTOS Y MANUAL DE OPERACION DE INGRESO PROFESIONALIZACION EVALUACION DEL DESEMPEÑO Y BIENESTAR LABORAL LEY PARA EL EJERCICIO Y CONTROL DE LOS RECURSOS PUBLICOS PARA EL ESTADO Y LOS MUNICIPIOS DE GUANAJUATO,1,1,1,1,1,1,1,1,1,1,1,,
11,11,36,UNIVERSIDAD TECNOLOGICA DE LEON,1,LEY FEDERAL DEL TRABAJO EN SU ARTICULO 153,,,,,,,,,1,1,,,
11,11,37,INSTITUTO TECNOLOGICO SUPERIOR DE IRAPUATO,1,LINEAMIENTOS Y MANUAL DE OPERACION DE INGRESO PROFESIONALIZACION EVALUACION DEL DESEMPEÑO Y BIENESTAR LABORAL,,,,,,,,,1,1,,,
11,11,38,SISTEMA AVANZADO DE BACHILLERATO Y EDUCACION SUPERIOR EN EL ESTADO DE GUANAJUATO,1,LINEAMIENTOS Y MANUAL DE OPERACION DE INGRESO PROFESIONALIZACION EVALUACION DEL DESEMPEÑO Y BIENESTAR LABORAL,,1,,,,,1,1,1,,,,
11,11,39,INSTITUTO DE SALUD PUBLICA DEL ESTADO DE GUANAJUATO,1,ARTICULO 29 DEL REGLAMENTO INTERIOR DE LA SECRETARIA DE SALUD,,,,,,,,,1,1,,,
11,11,40,INSTITUTO TECNOLOGICO SUPERIOR DEL SUR DE GUANAJUATO,1,LINEAMIENTOS Y MANUAL DE OPERACION DE INGRESO PROFESIONALIZACION EVALUACION DEL DESEMPEÑO Y BIENESTAR LABORAL,,,,,,,,,1,1,,,
11,11,41,COMISION ESTATAL DE CONCILIACION Y ARBITRAJE MEDICO,1,LINEAMIENTOS GENERALES PARA LA ADMINISTRACON DE LOS RECURSOS HUMANOS ADSCRITOS A LAS DEPENDENCIAS ENTIDADES Y UNIDADES DE APOYO DE LA ADMINISTRACION PUBLICA ESTATAL REGLAMENTO DEL SERVICIO CIVIL DE CARRERA LINEAMIENTOS DEL SISTEMA DE EVALUACION DEL DESEMPEÑO INSTITUCIONAL LINEAMIENTOS Y MANUAL DE OPERACION DE INGRESO PROFESIONALIZACION EVALUACION DEL DESEMPEÑO Y BIENESTAR LABORAL LEY PARA EL EJERCICIO Y CONTROL DE LOS RECURSOS PUBLICOS PARA EL ESTADO Y LOS MUNICIPIOS DE GUANAJUATO,1,,,,,,,1,1,1,1,,
11,11,42,UNIVERSIDAD TECNOLOGICA DEL SUROESTE DE GUANAJUATO,1,SISTEMA DE GESTION DE LA CALIDAD DE LA UTSOE LINEAMIENTOS GENERALES PARA LA ADMINISTRACION DE LOS RECURSOS HUMANOS ADSCRITOS A LAS DEPENDENCIAS ENTIDADES Y UNIDADES DE APOYO DE LA ADMINISTRACION PUBLICA ESTATAL,,1,1,,1,,1,1,1,1,1,,
11,11,43,INSTITUTO PARA EL DESARROLLO Y ATENCION A LAS JUVENTUDES DEL ESTADO DE GUANAJUATO,1,LINEAMIENTOS GENERALES PARA LA ADMINISTRACON DE LOS RECURSOS HUMANOS ADSCRITOS A LAS DEPENDENCIAS ENTIDADES Y UNIDADES DE APOYO DE LA ADMINISTRACION PUBLICA ESTATAL REGLAMENTO DEL SERVICIO CIVIL DE CARRERA LINEAMIENTOS DEL SISTEMA DE EVALUACION DEL DESEMPEÑO INSTITUCIONAL LINEAMIENTOS Y MANUAL DE OPERACION DE INGRESO PROFESIONALIZACION EVALUACION DEL DESEMPEÑO Y BIENESTAR LABORAL LEY PARA EL EJERCICIO Y CONTROL DE LOS RECURSOS PUBLICOS PARA EL ESTADO Y LOS MUNICIPIOS DE GUANAJUATO,1,1,1,,,,1,1,1,1,1,,
11,11,44,PROCURADURIA AMBIENTAL Y DE ORDENAMIENTO TERRITORIAL DEL ESTADO DE GUANAJUATO,1,LINEAMIENTOS GENERALES PARA LA ADMINISTRACON DE LOS RECURSOS HUMANOS ADSCRITOS A LAS DEPENDENCIAS ENTIDADES Y UNIDADES DE APOYO DE LA ADMINISTRACION PUBLICA ESTATAL REGLAMENTO DEL SERVICIO CIVIL DE CARRERA LINEAMIENTOS DEL SISTEMA DE EVALUACION DEL DESEMPEÑO INSTITUCIONAL LINEAMIENTOS Y MANUAL DE OPERACION DE INGRESO PROFESIONALIZACION EVALUACION DEL DESEMPEÑO Y BIENESTAR LABORAL LEY PARA EL EJERCICIO Y CONTROL DE LOS RECURSOS PUBLICOS PARA EL ESTADO Y LOS MUNICIPIOS DE GUANAJUATO,1,1,1,,,,1,1,1,1,1,,
11,11,45,COLEGIO DE EDUCACION PROFESIONAL TECNICA DEL ESTADO DE GUANAJUATO,1,LINEAMIENTOS Y MANUAL DE OPERACION DE INGRESO PROFESIONALIZACION EVALUACION DEL DESEMPEÑO Y BIENESTAR LABORAL,,,,,,,,,1,1,,,
11,11,46,INSTITUTO DE LA MUJER GUANAJUATENSE,1,LINEAMIENTOS GENERALES PARA LA ADMINISTRACON DE LOS RECURSOS HUMANOS ADSCRITOS A LAS DEPENDENCIAS ENTIDADES Y UNIDADES DE APOYO DE LA ADMINISTRACION PUBLICA ESTATAL REGLAMENTO DEL SERVICIO CIVIL DE CARRERA LINEAMIENTOS DEL SISTEMA DE EVALUACION DEL DESEMPEÑO INSTITUCIONAL LINEAMIENTOS Y MANUAL DE OPERACION DE INGRESO PROFESIONALIZACION EVALUACION DEL DESEMPEÑO Y BIENESTAR LABORAL LEY PARA EL EJERCICIO Y CONTROL DE LOS RECURSOS PUBLICOS PARA EL ESTADO Y LOS MUNICIPIOS DE GUANAJUATO,1,1,1,,,,1,1,1,1,1,,
11,11,47,INSTITUTO DE SEGURIDAD SOCIAL DEL ESTADO DE GUANAJUATO,1,LINEAMIENTOS GENERALES PARA LA ADMINISTRACON DE LOS RECURSOS HUMANOS ADSCRITOS A LAS DEPENDENCIAS ENTIDADES Y UNIDADES DE APOYO DE LA ADMINISTRACION PUBLICA ESTATAL REGLAMENTO DEL SERVICIO CIVIL DE CARRERA LINEAMIENTOS DEL SISTEMA DE EVALUACION DEL DESEMPEÑO INSTITUCIONAL LINEAMIENTOS Y MANUAL DE OPERACION DE INGRESO PROFESIONALIZACION EVALUACION DEL DESEMPEÑO Y BIENESTAR LABORAL LEY PARA EL EJERCICIO Y CONTROL DE LOS RECURSOS PUBLICOS PARA EL ESTADO Y LOS MUNICIPIOS DE GUANAJUATO,1,1,1,,,,1,1,1,1,1,,
11,11,48,ESCUELA PREPARATORIA REGIONAL DEL RINCON,1,LINEAMIENTOS Y MANUAL DE OPERACION DE INGRESO PROFESIONALIZACION EVALUACION DEL DESEMPEÑO Y BIENESTAR LABORAL,,,,,,,,,1,1,,,
11,11,49,INSTITUTO DE ALFABETIZACION Y EDUCACION BASICA PARA ADULTOS,1,LINEAMIENTOS GENERALES PARA LA ADMINISTRACON DE LOS RECURSOS HUMANOS ADSCRITOS A LAS DEPENDENCIAS ENTIDADES Y UNIDADES DE APOYO DE LA ADMINISTRACION PUBLICA ESTATAL REGLAMENTO DEL SERVICIO CIVIL DE CARRERA LINEAMIENTOS DEL SISTEMA DE EVALUACION DEL DESEMPEÑO INSTITUCIONAL LINEAMIENTOS Y MANUAL DE OPERACION DE INGRESO PROFESIONALIZACION EVALUACION DEL DESEMPEÑO Y BIENESTAR LABORAL LEY PARA EL EJERCICIO Y CONTROL DE LOS RECURSOS PUBLICOS PARA EL ESTADO Y LOS MUNICIPIOS DE GUANAJUATO,1,1,1,,,,1,1,1,1,1,,
11,11,50,UNIVERSIDAD POLITECNICA DE GUANAJUATO,1,LINEAMIENTOS Y MANUAL DE OPERACION DE INGRESO PROFESIONALIZACION EVALUACION DEL DESEMPEÑO Y BIENESTAR LABORAL,,,,,,,,,1,1,,,
11,11,51,FORUM CULTURAL GUANAJUATO,1,LINEAMIENTOS GENERALES PARA LA ADMINISTRACON DE LOS RECURSOS HUMANOS ADSCRITOS A LAS DEPENDENCIAS ENTIDADES Y UNIDADES DE APOYO DE LA ADMINISTRACION PUBLICA ESTATAL REGLAMENTO DEL SERVICIO CIVIL DE CARRERA LINEAMIENTOS DEL SISTEMA DE EVALUACION DEL DESEMPEÑO INSTITUCIONAL LINEAMIENTOS Y MANUAL DE OPERACION DE INGRESO PROFESIONALIZACION EVALUACION DEL DESEMPEÑO Y BIENESTAR LABORAL LEY PARA EL EJERCICIO Y CONTROL DE LOS RECURSOS PUBLICOS PARA EL ESTADO Y LOS MUNICIPIOS DE GUANAJUATO,1,1,1,,,,1,1,1,1,1,,
11,11,52,INSTITUTO ESTATAL DE CAPACITACION,1,LINEAMIENTOS GENERALES PARA LA ADMINISTRACON DE LOS RECURSOS HUMANOS ADSCRITOS A LAS DEPENDENCIAS ENTIDADES Y UNIDADES DE APOYO DE LA ADMINISTRACION PUBLICA ESTATAL REGLAMENTO DEL SERVICIO CIVIL DE CARRERA LINEAMIENTOS DEL SISTEMA DE EVALUACION DEL DESEMPEÑO INSTITUCIONAL LINEAMIENTOS Y MANUAL DE OPERACION DE INGRESO PROFESIONALIZACION EVALUACION DEL DESEMPEÑO Y BIENESTAR LABORAL LEY PARA EL EJERCICIO Y CONTROL DE LOS RECURSOS PUBLICOS PARA EL ESTADO Y LOS MUNICIPIOS DE GUANAJUATO,1,1,1,,,,1,1,1,1,1,,
11,11,53,UNIVERSIDAD VIRTUAL DEL ESTADO DE GUANAJUATO,1,LINEAMIENTOS Y MANUAL DE OPERACION DE INGRESO PROFESIONALIZACION EVALUACION DEL DESEMPEÑO Y BIENESTAR LABORAL,,,,,,,,,1,1,,,
11,11,54,CENTRO DE EVALUACION Y CONTROL DE CONFIANZA DEL ESTADO DE GUANAJUATO,1,LINEAMIENTOS GENERALES PARA LA ADMINISTRACON DE LOS RECURSOS HUMANOS ADSCRITOS A LAS DEPENDENCIAS ENTIDADES Y UNIDADES DE APOYO DE LA ADMINISTRACION PUBLICA ESTATAL REGLAMENTO DEL SERVICIO CIVIL DE CARRERA LINEAMIENTOS DEL SISTEMA DE EVALUACION DEL DESEMPEÑO INSTITUCIONAL LINEAMIENTOS Y MANUAL DE OPERACION DE INGRESO PROFESIONALIZACION EVALUACION DEL DESEMPEÑO Y BIENESTAR LABORAL LEY PARA EL EJERCICIO Y CONTROL DE LOS RECURSOS PUBLICOS PARA EL ESTADO Y LOS MUNICIPIOS DE GUANAJUATO,1,1,1,,,,,1,1,1,1,,
11,11,55,INSTITUTO TECNOLOGICO SUPERIOR DE GUANAJUATO,1,CONDICIONES GENERALES DE TRABAJO PARA LA ADMINISTRACION PUBLICA ESTATAL,,1,1,1,1,1,1,1,,1,,,
11,11,56,INSTITUTO TECNOLOGICO SUPERIOR DE SALVATIERRA,1,CONDICIONES GENERALES DE TRABAJO PARA LA ADMINISTRACION PUBLICA ESTATAL,,,,,,,,,1,1,,,
11,11,57,UNIVERSIDAD POLITECNICA DE PENJAMO,1,LINEAMIENTOS Y MANUAL DE OPERACION DE INGRESO PROFESIONALIZACION EVALUACION DEL DESEMPEÑO Y BIENESTAR LABORAL,,,,,,,,,1,1,,,
11,11,58,UNIVERSIDAD POLITECNICA DE JUVENTINO ROSAS,1,LINEAMIENTOS Y MANUAL DE OPERACION DE INGRESO PROFESIONALIZACION EVALUACION DEL DESEMPEÑO Y BIENESTAR LABORAL,,1,1,1,1,1,1,1,1,1,,,
11,11,59,UNIVERSIDAD POLITECNICA DEL BICENTENARIO,1,REGLAMENTO INTERIOR DE TRABAJO Y LEY FEDERAL DEL TRABAJO,,1,1,1,1,1,1,1,1,1,,,
11,11,60,UNIVERSIDAD TECNOLOGICA DE SAN MIGUEL DE ALLENDE,1,LINEAMIENTOS Y MANUAL DE OPERACION DE INGRESO PROFESIONALIZACION EVALUACION DEL DESEMPEÑO Y BIENESTAR LABORAL,,1,1,,,,1,1,1,,,,
11,11,61,GUANAJUATO PUERTO INTERIOR,3,NO APLICA,NA,NA,NA,NA,NA,NA,NA,NA,NA,NA,NA,NA,NA
11,11,62,UNIVERSIDAD TECNOLOGICA DE SALAMANCA,1,LINEAMIENTOS Y MANUAL DE OPERACION DE INGRESO PROFESIONALIZACION EVALUACION DEL DESEMPEÑO Y BIENESTAR LABORAL,,,,,,,,,1,1,,,
11,11,63,PARQUE AGRO TECNOLOGICO XONOTLI SA DE CV,3,NO APLICA,NA,NA,NA,NA,NA,NA,NA,NA,NA,NA,NA,NA,NA
11,11,64,INSTITUTO GUANAJUATENSE PARA PERSONAS CON DISCAPACIDAD,1,LINEAMIENTOS GENERALES PARA LA ADMINISTRACON DE LOS RECURSOS HUMANOS ADSCRITOS A LAS DEPENDENCIAS ENTIDADES Y UNIDADES DE APOYO DE LA ADMINISTRACION PUBLICA ESTATAL REGLAMENTO DEL SERVICIO CIVIL DE CARRERA LINEAMIENTOS DEL SISTEMA DE EVALUACION DEL DESEMPEÑO INSTITUCIONAL LINEAMIENTOS Y MANUAL DE OPERACION DE INGRESO PROFESIONALIZACION EVALUACION DEL DESEMPEÑO Y BIENESTAR LABORAL LEY PARA EL EJERCICIO Y CONTROL DE LOS RECURSOS PUBLICOS PARA EL ESTADO Y LOS MUNICIPIOS DE GUANAJUATO,1,1,,,,,1,1,1,1,1,,
11,11,65,INSTITUTO TECNOLOGICO SUPERIOR DE ABASOLO,1,LINEAMIENTOS Y MANUAL DE OPERACION DE INGRESO PROFESIONALIZACION EVALUACION DEL DESEMPEÑO Y BIENESTAR LABORAL,,1,,,1,,1,1,1,1,1,,
11,11,66,INSTITUTO TECNOLOGICO SUPERIOR DE PURISIMA DEL RINCON,1,LINEAMIENTOS Y MANUAL DE OPERACION DE INGRESO PROFESIONALIZACION EVALUACION DEL DESEMPEÑO Y BIENESTAR LABORAL,,1,,1,1,,,1,1,,1,,
11,11,67,UNIVERSIDAD TECNOLOGICA LAJA BAJIO,1,CONTRATO DE TRABAJO PROCEDIMIENTOS INTERNOS,,1,,,1,,1,1,1,1,,,
11,11,68,SECRETARIA EJECUTIVA DEL SISTEMA ESTATAL ANTICORRUPCION,1,LINEAMIENTOS GENERALES PARA LA ADMINISTRACON DE LOS RECURSOS HUMANOS ADSCRITOS A LAS DEPENDENCIAS ENTIDADES Y UNIDADES DE APOYO DE LA ADMINISTRACION PUBLICA ESTATAL REGLAMENTO DEL SERVICIO CIVIL DE CARRERA LINEAMIENTOS DEL SISTEMA DE EVALUACION DEL DESEMPEÑO INSTITUCIONAL LINEAMIENTOS Y MANUAL DE OPERACION DE INGRESO PROFESIONALIZACION EVALUACION DEL DESEMPEÑO Y BIENESTAR LABORAL LEY PARA EL EJERCICIO Y CONTROL DE LOS RECURSOS PUBLICOS PARA EL ESTADO Y LOS MUNICIPIOS DE GUANAJUATO,1,1,1,,,,,1,1,1,1,,
11,11,69,INSTITUTO DE FORMACION EN SEGURIDAD PUBLICA DEL ESTADO,1,LINEAMIENTOS GENERALES PARA LA ADMINISTRACON DE LOS RECURSOS HUMANOS ADSCRITOS A LAS DEPENDENCIAS ENTIDADES Y UNIDADES DE APOYO DE LA ADMINISTRACION PUBLICA ESTATAL REGLAMENTO DEL SERVICIO CIVIL DE CARRERA LINEAMIENTOS DEL SISTEMA DE EVALUACION DEL DESEMPEÑO INSTITUCIONAL LINEAMIENTOS Y MANUAL DE OPERACION DE INGRESO PROFESIONALIZACION EVALUACION DEL DESEMPEÑO Y BIENESTAR LABORAL LEY PARA EL EJERCICIO Y CONTROL DE LOS RECURSOS PUBLICOS PARA EL ESTADO Y LOS MUNICIPIOS DE GUANAJUATO,1,1,1,,,,1,1,1,1,1,,
11,11,70,PROCURADURIA DE PROTECCION DE NIÑAS NIÑOS Y ADOLESCENTES,1,LINEAMIENTOS GENERALES PARA LA ADMINISTRACON DE LOS RECURSOS HUMANOS ADSCRITOS A LAS DEPENDENCIAS ENTIDADES Y UNIDADES DE APOYO DE LA ADMINISTRACION PUBLICA ESTATAL REGLAMENTO DEL SERVICIO CIVIL DE CARRERA LINEAMIENTOS DEL SISTEMA DE EVALUACION DEL DESEMPEÑO INSTITUCIONAL LINEAMIENTOS Y MANUAL DE OPERACION DE INGRESO PROFESIONALIZACION EVALUACION DEL DESEMPEÑO Y BIENESTAR LABORAL LEY PARA EL EJERCICIO Y CONTROL DE LOS RECURSOS PUBLICOS PARA EL ESTADO Y LOS MUNICIPIOS DE GUANAJUATO,1,1,1,,,,1,1,1,1,1,,
11,11,71,INSTITUTO DE INNOVACION CIENCIA Y EMPRENDIMIENTO PARA LA COMPETITIVIDAD,1,LINEAMIENTOS GENERALES PARA LA ADMINISTRACON DE LOS RECURSOS HUMANOS ADSCRITOS A LAS DEPENDENCIAS ENTIDADES Y UNIDADES DE APOYO DE LA ADMINISTRACION PUBLICA ESTATAL REGLAMENTO DEL SERVICIO CIVIL DE CARRERA LINEAMIENTOS DEL SISTEMA DE EVALUACION DEL DESEMPEÑO INSTITUCIONAL LINEAMIENTOS Y MANUAL DE OPERACION DE INGRESO PROFESIONALIZACION EVALUACION DEL DESEMPEÑO Y BIENESTAR LABORAL LEY PARA EL EJERCICIO Y CONTROL DE LOS RECURSOS PUBLICOS PARA EL ESTADO Y LOS MUNICIPIOS DE GUANAJUATO,1,1,1,,,,1,1,1,1,1,,
11,11,72,COMISION ESTATAL DE ATENCION INTEGRAL A VICTIMAS,1,LINEAMIENTOS GENERALES PARA LA ADMINISTRACON DE LOS RECURSOS HUMANOS ADSCRITOS A LAS DEPENDENCIAS ENTIDADES Y UNIDADES DE APOYO DE LA ADMINISTRACION PUBLICA ESTATAL REGLAMENTO DEL SERVICIO CIVIL DE CARRERA LINEAMIENTOS DEL SISTEMA DE EVALUACION DEL DESEMPEÑO INSTITUCIONAL LINEAMIENTOS Y MANUAL DE OPERACION DE INGRESO PROFESIONALIZACION EVALUACION DEL DESEMPEÑO Y BIENESTAR LABORAL LEY PARA EL EJERCICIO Y CONTROL DE LOS RECURSOS PUBLICOS PARA EL ESTADO Y LOS MUNICIPIOS DE GUANAJUATO,1,1,1,,,,1,1,1,1,1,,
11,11,73,CENTRO DE CONCILIACION LABORAL DEL ESTADO DE GUANAJUATO,1,LINEAMIENTOS GENERALES PARA LA ADMINISTRACON DE LOS RECURSOS HUMANOS ADSCRITOS A LAS DEPENDENCIAS ENTIDADES Y UNIDADES DE APOYO DE LA ADMINISTRACION PUBLICA ESTATAL REGLAMENTO DEL SERVICIO CIVIL DE CARRERA LINEAMIENTOS DEL SISTEMA DE EVALUACION DEL DESEMPEÑO INSTITUCIONAL LINEAMIENTOS Y MANUAL DE OPERACION DE INGRESO PROFESIONALIZACION EVALUACION DEL DESEMPEÑO Y BIENESTAR LABORAL LEY PARA EL EJERCICIO Y CONTROL DE LOS RECURSOS PUBLICOS PARA EL ESTADO Y LOS MUNICIPIOS DE GUANAJUATO,1,1,1,,,,1,1,1,1,1,,
11,11,74,UNIVERSIDAD INTERCULTURAL DEL ESTADO DE GUANAJUATO,2,NO APLICA,NA,NA,NA,NA,NA,NA,NA,NA,NA,NA,NA,NA,NA
11,11,75,FONDOS GUANAJUATO,3,NO APLICA,NA,NA,NA,NA,NA,NA,NA,NA,NA,NA,NA,NA,NA
11,11,76,CENTRO DE LAS ARTES,1,LINEAMIENTOS GENERALES PARA LA ADMINISTRACON DE LOS RECURSOS HUMANOS ADSCRITOS A LAS DEPENDENCIAS ENTIDADES Y UNIDADES DE APOYO DE LA ADMINISTRACION PUBLICA ESTATAL REGLAMENTO DEL SERVICIO CIVIL DE CARRERA LINEAMIENTOS DEL SISTEMA DE EVALUACION DEL DESEMPEÑO INSTITUCIONAL LINEAMIENTOS Y MANUAL DE OPERACION DE INGRESO PROFESIONALIZACION EVALUACION DEL DESEMPEÑO Y BIENESTAR LABORAL LEY PARA EL EJERCICIO Y CONTROL DE LOS RECURSOS PUBLICOS PARA EL ESTADO Y LOS MUNICIPIOS DE GUANAJUATO,1,1,1,1,1,1,1,1,1,1,1,,
11,11,77,MUSEO DE ARTE E HISTORIA DE GUANAJUATO,1,LINEAMIENTOS GENERALES PARA LA ADMINISTRACON DE LOS RECURSOS HUMANOS ADSCRITOS A LAS DEPENDENCIAS ENTIDADES Y UNIDADES DE APOYO DE LA ADMINISTRACION PUBLICA ESTATAL REGLAMENTO DEL SERVICIO CIVIL DE CARRERA LINEAMIENTOS DEL SISTEMA DE EVALUACION DEL DESEMPEÑO INSTITUCIONAL LINEAMIENTOS Y MANUAL DE OPERACION DE INGRESO PROFESIONALIZACION EVALUACION DEL DESEMPEÑO Y BIENESTAR LABORAL LEY PARA EL EJERCICIO Y CONTROL DE LOS RECURSOS PUBLICOS PARA EL ESTADO Y LOS MUNICIPIOS DE GUANAJUATO,1,1,1,,,,1,1,1,1,1,,
11,11,78,TEATRO BICENTENARIO,1,LINEAMIENTOS GENERALES PARA LA ADMINISTRACON DE LOS RECURSOS HUMANOS ADSCRITOS A LAS DEPENDENCIAS ENTIDADES Y UNIDADES DE APOYO DE LA ADMINISTRACION PUBLICA ESTATAL REGLAMENTO DEL SERVICIO CIVIL DE CARRERA LINEAMIENTOS DEL SISTEMA DE EVALUACION DEL DESEMPEÑO INSTITUCIONAL LINEAMIENTOS Y MANUAL DE OPERACION DE INGRESO PROFESIONALIZACION EVALUACION DEL DESEMPEÑO Y BIENESTAR LABORAL LEY PARA EL EJERCICIO Y CONTROL DE LOS RECURSOS PUBLICOS PARA EL ESTADO Y LOS MUNICIPIOS DE GUANAJUATO,1,1,1,,,,1,1,1,1,1,,
11,11,79,PARQUE GUANAJUATO BICENTENARIO,3,NO APLICA,NA,NA,NA,NA,NA,NA,NA,NA,NA,NA,NA,NA,NA
12,12,1,JEFE DE LA OFICINA DEL GOBERNADOR,3,NO APLICA,NA,NA,NA,NA,NA,NA,NA,NA,NA,NA,NA,NA,NA
12,12,2,SECRETARIA GENERAL DE GOBIERNO,3,NO APLICA,NA,NA,NA,NA,NA,NA,NA,NA,NA,NA,NA,NA,NA
12,12,3,SECRETARIA DE FINANZAS Y ADMINISTRACION,1,REGLAMENTO INTERIOR DE LA SECRETARIA DE FINANZAS Y ADMINISTRACION,,,,,,,,1,1,,1,,
12,12,4,SECRETARIA DE EDUCACION GUERRERO,1,NO APLICA,,1,1,1,1,1,1,1,,,1,1,
12,12,5,SECRETARIA DE CULTURA,3,NO APLICA,NA,NA,NA,NA,NA,NA,NA,NA,NA,NA,NA,NA,NA
12,12,6,SECRETARIA DE SALUD,1,NO APLICA,,,,,,,,1,1,,1,,
12,12,7,SECRETARIA DE DESARROLLO URBANO OBRAS PUBLICAS Y ORDENAMIENTO TERRITORIAL,1,REGLAMENTO Y LINEAMIENTOS DE LA DIRECCION GENERAL DE ADMINISTRACION Y DESARROLLO DE PERSONAL DEL GOBIERNO DEL ESTADO DE GURRERO,,,,,,,,,1,,,,
12,12,8,SECRETARIA DE DESARROLLO Y BIENESTAR SOCIAL,3,NO APLICA,NA,NA,NA,NA,NA,NA,NA,NA,NA,NA,NA,NA,NA
12,12,9,SECRETARIA DE AGRICULTURA GANADERIA PESCA Y DESARROLLO RURAL,3,NO APLICA,NA,NA,NA,NA,NA,NA,NA,NA,NA,NA,NA,NA,NA
12,12,10,SECRETARIA DE FOMENTO Y DESARROLLO ECONOMICO,3,NO APLICA,NA,NA,NA,NA,NA,NA,NA,NA,NA,NA,NA,NA,NA
12,12,11,SECRETARIA DEL TRABAJO Y PREVISION SOCIAL,3,NO APLICA,NA,NA,NA,NA,NA,NA,NA,NA,NA,NA,NA,NA,NA
12,12,12,SECRETARIA DE TURISMO,3,NO APLICA,NA,NA,NA,NA,NA,NA,NA,NA,NA,NA,NA,NA,NA
12,12,13,SECRETARIA DE MEDIO AMBIENTE Y RECURSOS NATURALES,3,NO APLICA,NA,NA,NA,NA,NA,NA,NA,NA,NA,NA,NA,NA,NA
12,12,14,SECRETARIA DE SEGURIDAD PUBLICA,1,PROGRAMA RECTOR DE PROFESIONALIZACION,,1,1,,1,1,,1,1,,,,
12,12,15,SECRETARIA DE PROTECCION CIVIL,1,LEY NUMERO 455 DE PROTECCION CIVIL DEL ESTADO DE GUERRERO,1,1,1,,1,,,,1,1,,1,
12,12,16,SECRETARIA DE CONTRALORIA Y TRANSPARENCIA GUBERNAMENTAL,3,NO APLICA,NA,NA,NA,NA,NA,NA,NA,NA,NA,NA,NA,NA,NA
12,12,17,SECRETARIA DE LA MUJER,3,NO APLICA,NA,NA,NA,NA,NA,NA,NA,NA,NA,NA,NA,NA,NA
12,12,18,SECRETARIA DE PLANEACION Y DESARROLLO REGIONAL,3,NO APLICA,NA,NA,NA,NA,NA,NA,NA,NA,NA,NA,NA,NA,NA
12,12,19,CONSEJERIA JURIDICA DEL PODER EJECUTIVO DEL ESTADO,3,NO APLICA,NA,NA,NA,NA,NA,NA,NA,NA,NA,NA,NA,NA,NA
12,12,20,SECRETARIA DE ASUNTOS INDIGENAS Y AFROMEXICANOS,3,NO APLICA,NA,NA,NA,NA,NA,NA,NA,NA,NA,NA,NA,NA,NA
12,12,21,SECRETARIA DE LA JUVENTUD Y LA NIÑEZ,3,NO APLICA,NA,NA,NA,NA,NA,NA,NA,NA,NA,NA,NA,NA,NA
12,12,22,SECRETARIA DE LOS MIGRANTES Y ASUNTOS INTERNACIONALES,3,NO APLICA,NA,NA,NA,NA,NA,NA,NA,NA,NA,NA,NA,NA,NA
12,12,23,CONSEJO DE POLITICAS PUBLICAS,3,NO APLICA,NA,NA,NA,NA,NA,NA,NA,NA,NA,NA,NA,NA,NA
12,12,24,REPRESENTACION DEL PODER EJECUTIVO DEL ESTADO DE GUERRERO EN LA CIUDAD DE MEXICO,3,NO APLICA,NA,NA,NA,NA,NA,NA,NA,NA,NA,NA,NA,NA,NA
12,12,25,PROCURADURIA DE PROTECCION AMBIENTAL,3,NO APLICA,NA,NA,NA,NA,NA,NA,NA,NA,NA,NA,NA,NA,NA
12,12,26,TRIBUNAL DE CONCILIACION Y ARBITRAJE,3,NO APLICA,NA,NA,NA,NA,NA,NA,NA,NA,NA,NA,NA,NA,NA
12,12,27,INSTITUTO ESTATAL PARA LA EDUCACION DE JOVENES Y ADULTOS DE GUERRERO,3,NO APLICA,NA,NA,NA,NA,NA,NA,NA,NA,NA,NA,NA,NA,NA
12,12,28,COLEGIO DE BACHILLERES DEL ESTADO DE GUERRERO,1,LEY GENERAL DEL SISTEMA PARA LA CARRERA DE LAS MAESTRAS Y LOS MAESTROS Y MANUAL DE FUNCIONES,,1,,,1,,,1,1,1,1,,
12,12,29,COLEGIO DE EDUCACION PROFESIONAL TECNICA DEL ESTADO DE GUERRERO,1,NO APLICA,,1,,1,,1,,1,1,,1,,
12,12,30,COLEGIO DE ESTUDIOS CIENTIFICOS Y TECNOLOGICOS DEL ESTADO DE GUERRERO,3,NO APLICA,NA,NA,NA,NA,NA,NA,NA,NA,NA,NA,NA,NA,NA
12,12,31,ESCUELA DE PARTERAS PROFESIONALES DEL ESTADO DE GUERRERO OPD,3,NO APLICA,NA,NA,NA,NA,NA,NA,NA,NA,NA,NA,NA,NA,NA
12,12,32,INSTITUTO DE CAPACITACION PARA EL TRABAJO DEL ESTADO DE GUERRERO,3,NO APLICA,NA,NA,NA,NA,NA,NA,NA,NA,NA,NA,NA,NA,NA
12,12,33,INSTITUTO DE BACHILLERATO DEL ESTADO DE GUERRERO,1,DOCUMENTO BASE DE LA DBG,,,,1,,1,,1,1,,,,
12,12,34,INSTITUTO DE BACHILLERATO INTERCULTURAL DEL ESTADO DE GUERRERO,1,DECRETO DE CREACION,,,,,,,,,1,,,,
12,12,35,INSTITUTO TECNOLOGICO SUPERIOR DE LA COSTA CHICA,1,SISTEMA DE GESTION DE LA CALIDAD,,1,,,,,,1,1,1,1,,
12,12,36,INSTITUTO TECNOLOGICO SUPERIOR DE LA MONTAÑA,1,NO APLICA,,,,,,,1,,1,,1,,
12,12,37,UNIVERSIDAD INTERCULTURAL DEL ESTADO DE GUERRERO,3,NO APLICA,NA,NA,NA,NA,NA,NA,NA,NA,NA,NA,NA,NA,NA
12,12,38,UNIVERSIDAD POLITECNICA DEL ESTADO DE GUERRERO,1,NO APLICA,,1,1,1,1,1,1,1,1,,,,
12,12,39,UNIVERSIDAD TECNOLOGICA DE ACAPULCO,3,NO APLICA,NA,NA,NA,NA,NA,NA,NA,NA,NA,NA,NA,NA,NA
12,12,40,UNIVERSIDAD TECNOLOGICA DE LA COSTA GRANDE DE GUERRERO,1,REGLAMENTO DE INGRESO PROMOCION Y PERMANENCIA DEL PERSONAL DOCENTE,,1,,,1,,1,1,1,,1,,
12,12,41,UNIVERSIDAD TECNOLOGICA DE LA REGION NORTE DE GUERRERO,1,REGLAMENTO INTERNO,1,1,1,1,1,1,1,1,1,1,1,1,
12,12,42,UNIVERSIDAD TECNOLOGICA DEL MAR DEL ESTADO DE GUERRERO,2,NO APLICA,NA,NA,NA,NA,NA,NA,NA,NA,NA,NA,NA,NA,NA
12,12,43,UNIVERSIDAD TECNOLOGICA DE TIERRA CALIENTE,3,NO APLICA,NA,NA,NA,NA,NA,NA,NA,NA,NA,NA,NA,NA,NA
12,12,44,CONSEJO DE CIENCIA TECNOLOGIA E INNOVACION DEL ESTADO DE GUERRERO,3,NO APLICA,NA,NA,NA,NA,NA,NA,NA,NA,NA,NA,NA,NA,NA
12,12,45,RADIO Y TELEVISION DE GUERRERO,3,NO APLICA,NA,NA,NA,NA,NA,NA,NA,NA,NA,NA,NA,NA,NA
12,12,46,LA AVISPA MUSEO INTERACTIVO,3,NO APLICA,NA,NA,NA,NA,NA,NA,NA,NA,NA,NA,NA,NA,NA
12,12,47,ORQUESTA FILARMONICA DE ACAPULCO,3,NO APLICA,NA,NA,NA,NA,NA,NA,NA,NA,NA,NA,NA,NA,NA
12,12,48,INSTITUTO DEL DEPORTE DE GUERRERO,3,NO APLICA,NA,NA,NA,NA,NA,NA,NA,NA,NA,NA,NA,NA,NA
12,12,49,HOSPITAL DE LA MADRE Y EL NIÑO GUERRERENSE,3,NO APLICA,NA,NA,NA,NA,NA,NA,NA,NA,NA,NA,NA,NA,NA
12,12,50,HOSPITAL DE LA MADRE Y EL NIÑO INDIGENA GUERRERENSE,3,NO APLICA,NA,NA,NA,NA,NA,NA,NA,NA,NA,NA,NA,NA,NA
12,12,51,INSTITUTO ESTATAL DE CANCEROLOGIA DR ARTURO BELTRAN ORTEGA,3,NO APLICA,NA,NA,NA,NA,NA,NA,NA,NA,NA,NA,NA,NA,NA
12,12,52,INSTITUTO ESTATAL DE OFTALMOLOGIA,3,NO APLICA,NA,NA,NA,NA,NA,NA,NA,NA,NA,NA,NA,NA,NA
12,12,53,INSTITUTO DE SEGURIDAD SOCIAL DE LOS SERVIDORES PUBLICOS DEL ESTADO DE GUERRERO,3,NO APLICA,NA,NA,NA,NA,NA,NA,NA,NA,NA,NA,NA,NA,NA
12,12,54,INSTITUTO GUERRERENSE DE LA INFRAESTRUCTURA FISICA EDUCATIVA,3,NO APLICA,NA,NA,NA,NA,NA,NA,NA,NA,NA,NA,NA,NA,NA
12,12,55,ACABUS,3,NO APLICA,NA,NA,NA,NA,NA,NA,NA,NA,NA,NA,NA,NA,NA
12,12,56,COMISION DE INFRAESTRUCTURA CARRETERA Y AEROPORTUARIA DEL ESTADO DE GUERRERO,3,NO APLICA,NA,NA,NA,NA,NA,NA,NA,NA,NA,NA,NA,NA,NA
12,12,57,INSTITUTO GUERRERENSE PARA LA ATENCION INTEGRAL DE LAS PERSONAS ADULTAS MAYORES,3,NO APLICA,NA,NA,NA,NA,NA,NA,NA,NA,NA,NA,NA,NA,NA
12,12,58,PARQUE PAPAGAYO,3,NO APLICA,NA,NA,NA,NA,NA,NA,NA,NA,NA,NA,NA,NA,NA
12,12,59,SISTEMA PARA EL DESARROLLO INTEGRAL DE LA FAMILIA,1,ESTRATEGIA INTEGRAL DE ASISTENCIA SOCIAL ALIMENTARIA Y DESARROLLO COMUNITARIO,,,,,,,,,,1,,,
12,12,60,CONSEJO ESTATAL DEL COCOTERO,1,NO APLICA,,1,1,1,,,,1,1,1,,,
12,12,61,AGROINDUSTRIAS DEL SUR,3,NO APLICA,NA,NA,NA,NA,NA,NA,NA,NA,NA,NA,NA,NA,NA
12,12,62,CONSEJO ESTATAL DEL CAFE,3,NO APLICA,NA,NA,NA,NA,NA,NA,NA,NA,NA,NA,NA,NA,NA
12,12,63,FIDEICOMISO GUERRERO INDUSTRIAL,3,NO APLICA,NA,NA,NA,NA,NA,NA,NA,NA,NA,NA,NA,NA,NA
12,12,64,FIDEICOMISO PARA EL DESARROLLO ECONOMICO Y SOCIAL DE ACAPULCO,2,NO APLICA,NA,NA,NA,NA,NA,NA,NA,NA,NA,NA,NA,NA,NA
12,12,65,FONDO DE APOYO A LA MICRO PEQUEÑA Y MEDIANA EMPRESA DEL ESTADO DE GUERRERO,3,NO APLICA,NA,NA,NA,NA,NA,NA,NA,NA,NA,NA,NA,NA,NA
12,12,66,INSTITUTO GUERRERENSE DEL EMPRENDEDOR OPD,2,NO APLICA,NA,NA,NA,NA,NA,NA,NA,NA,NA,NA,NA,NA,NA
12,12,67,FIDEICOMISO CENTRO INTERNACIONAL ACAPULCO,3,NO APLICA,NA,NA,NA,NA,NA,NA,NA,NA,NA,NA,NA,NA,NA
12,12,68,FIDEICOMISO PARA LA PROMOCION TURISTICA DE ACAPULCO,1,PLAN OPERATIVO,,,,,,,,1,1,,,,
12,12,69,PROMOTORA TURISTICA DE GUERRERO,2,NO APLICA,NA,NA,NA,NA,NA,NA,NA,NA,NA,NA,NA,NA,NA
12,12,70,PROMOTORA Y ADMINISTRADORA DE LOS SERVICIOS DE PLAYA DE ZONA FEDERAL MARITIMO TERRESTRE DE ZIHUATANEJO,3,NO APLICA,NA,NA,NA,NA,NA,NA,NA,NA,NA,NA,NA,NA,NA
12,12,71,FIDEICOMISO BAHIA DE ZIHUATANEJO,3,NO APLICA,NA,NA,NA,NA,NA,NA,NA,NA,NA,NA,NA,NA,NA
12,12,72,INSTITUTO DE VIVIENDA Y SUELO URBANO DE GUERRERO,1,LEY DE TRABAJO DE LOS SERVIDORES PUBLICOS DEL ESTADO DE GUERRERO 248,,,,,,,,,1,,,,
12,12,73,COMISION DE AGUA POTABLE ALCANTARILLADO Y SANEAMIENTO DEL ESTADO DE GUERRERO,2,NO APLICA,NA,NA,NA,NA,NA,NA,NA,NA,NA,NA,NA,NA,NA
12,12,74,INSTITUTO DE LA POLICIA AUXILIAR DEL ESTADO DE GUERRERO,1,REGLAMENTO INTERIOR DEL INSTITUTO DE LA POLICIA AUXILIAR DEL ESTADO DE GUERRERO,,,,,,,,,,,1,,
12,12,75,FIDEICOMISO DE ADMINISTRACION E INVERSION DEL IMPUESTO SOBRE LA PRESTACION DE SERVICIOS DE HOSPEDAJE DE TAXCO,3,NO APLICA,NA,NA,NA,NA,NA,NA,NA,NA,NA,NA,NA,NA,NA
12,12,76,FIDEICOMISO PARA LA ADMINISTRACION DEL IMPUESTO SOBRE LA PRESTACION DEL SERVICIO DE HOSPEDAJE DE IXTAPA ZIHUATANEJO,3,NO APLICA,NA,NA,NA,NA,NA,NA,NA,NA,NA,NA,NA,NA,NA
12,12,77,PROMOTORA Y ADMINISTRADORA DE LOS SERVICIOS DE PLAYA DE ZONA FEDERAL MARITIMO TERRESTRE DE ACAPULCO,3,NO APLICA,NA,NA,NA,NA,NA,NA,NA,NA,NA,NA,NA,NA,NA
12,12,78,SECRETARIA EJECUTIVA DEL SISTEMA ESTATAL ANTICORRUPCION DE GUERRERO,3,NO APLICA,NA,NA,NA,NA,NA,NA,NA,NA,NA,NA,NA,NA,NA
12,12,79,COMISION EJECUTIVA ESTATAL DE ATENCION A VICTIMAS,1,NO APLICA,,,,,,,,,1,,,,
12,12,80,CENTRO DE CONCILIACION LABORAL DEL ESTADO DE GUERRERO,1,CAPITULO IX TER DE LOS CENTROS DE CONCILIACION DE LAS ENTIDADES FEDERATIVAS Y DE LA CIUDAD DE MEXICO ARTICULO 590E FRACCION III DE LA LEY FEDERAL DE TRABAJO CAPITULO II ATRIBUCIONES DEL CENTRO DE CONCILIACION LABORAL ARTICULO 8 FRACCIONCAPITULO IX TER DE LOS CENTROS DE CONCILIACION DE LAS ENTIDADES FEDERATIVAS Y DE LA CIUDAD DE MEXICO ARTICULO 590E FRACCION III DE LA LEY FEDERAL DE TRABAJO CAPITULO II ATRIBUCIONES DEL CENTRO DE CONCILIACION LABORAL ARTICULO 8 FRACCION,,,,,,,1,,,,,,
13,13,1,OFICIALIA MAYOR,1,LINEAMIENTOS GENERALES PARA LA ADMINISTRACION DESARROLLO DE PERSONAL Y PROFESIONALIZACION DE LOS SERVIDORES PUBLICOS DEL PODER EJECUTIVO,,,1,,1,1,,1,1,,,,
13,13,2,OFICINA DEL GOBERNADOR,1,LINEAMIENTOS GENERALES PARA LA ADMINISTRACION DESARROLLO DE PERSONAL Y PROFESIONALIZACION DE LOS SERVIDORES PUBLICOS DEL PODER EJECUTIVO,,,1,,1,1,,1,1,,,,
13,13,3,PROCURADURIA GENERAL DE JUSTICIA,1,LEY ORGANICA DEL MINISTERIO PUBLICO,1,1,1,1,1,1,1,1,1,1,1,1,1
13,13,4,SECRETARIA DE CONTRALORIA,1,REGLAMENTO INTERIOR DE LA SECRETARIA DE CONTRALORIA,,,,,,,,1,1,,,,
13,13,5,SECRETARIA DE CULTURA,1,LINEAMIENTOS GENERALES PARA LA ADMINISTRACION DESARROLLO DE PERSONAL Y PROFESIONALIZACION DE LOS SERVIDORES PUBLICOS DEL PODER EJECUTIVO,,,1,,1,1,,1,1,,,,
13,13,6,SECRETARIA DE DESARROLLO AGROPECUARIO,1,LINEAMIENTOS GENERALES PARA LA ADMINISTRACION DESARROLLO DE PERSONAL Y PROFESIONALIZACION DE LOS SERVIDORES PUBLICOS DEL PODER EJECUTIVO,,,1,,1,1,,1,1,,,,
13,13,7,SECRETARIA DE DESARROLLO ECONOMICO,9,NO IDENTIFICADO,NSS,NSS,NSS,NSS,NSS,NSS,NSS,NSS,NSS,NSS,NSS,NSS,NSS
13,13,8,SECRETARIA DE DESARROLLO SOCIAL,1,PROGRAMA ANUAL DE CAPACITACION,,,1,,1,,,1,1,,,,
13,13,9,SECRETARIA DE EDUCACION PUBLICA,1,LINEAMIENTOS GENERALES PARA LA ADMINISTRACION DESARROLLO DE PERSONAL Y PROFESIONALIZACION DE LOS SERVIDORES PUBLICOS DEL PODER EJECUTIVO,1,1,1,1,1,1,1,1,1,1,1,1,
13,13,10,SECRETARIA DE FINANZAS PUBLICAS,9,NO IDENTIFICADO,NSS,NSS,NSS,NSS,NSS,NSS,NSS,NSS,NSS,NSS,NSS,NSS,NSS
13,13,11,SECRETARIA DE GOBIERNO,9,NO IDENTIFICADO,NSS,NSS,NSS,NSS,NSS,NSS,NSS,NSS,NSS,NSS,NSS,NSS,NSS
13,13,12,SECRETARIA DE MEDIO AMBIENTE Y RECURSOS NATURALES,9,NO IDENTIFICADO,NSS,NSS,NSS,NSS,NSS,NSS,NSS,NSS,NSS,NSS,NSS,NSS,NSS
13,13,13,SECRETARIA DE MOVILIDAD Y TRANSPORTE,9,NO IDENTIFICADO,NSS,NSS,NSS,NSS,NSS,NSS,NSS,NSS,NSS,NSS,NSS,NSS,NSS
13,13,14,SECRETARIA DE OBRAS PUBLICAS Y ORDENAMIENTO TERRITORIAL,1,LINEAMIENTOS GENERALES PARA LA ADMINISTRACION DESARROLLO DE PERSONAL Y PROFESIONALIZACION DE LOS SERVIDORES PUBLICOS DEL PODER EJECUTIVO,,,,,,,1,1,1,,,,
13,13,15,SECRETARIA DE SALUD,9,NO IDENTIFICADO,NSS,NSS,NSS,NSS,NSS,NSS,NSS,NSS,NSS,NSS,NSS,NSS,NSS
13,13,16,SECRETARIA DE SEGURIDAD PUBLICA,9,NO IDENTIFICADO,NSS,NSS,NSS,NSS,NSS,NSS,NSS,NSS,NSS,NSS,NSS,NSS,NSS
13,13,17,SECRETARIA DE TURISMO,1,LINEAMIENTOS GENERALES PARA LA ADMINISTRACION DESARROLLO DE PERSONAL Y PROFESIONALIZACION DE LOS SERVIDORES PUBLICOS DEL PODER EJECUTIVO,,,,,1,,,1,1,,,,
13,13,18,SECRETARIA DEL TRABAJO Y PREVISION SOCIAL,3,NO APLICA,NA,NA,NA,NA,NA,NA,NA,NA,NA,NA,NA,NA,NA
13,13,19,SECRETARIA EJECUTIVA DE LA POLITICA PUBLICA ESTATAL,3,NO APLICA,NA,NA,NA,NA,NA,NA,NA,NA,NA,NA,NA,NA,NA
13,13,20,UNIDAD DE PLANEACION Y PROSPECTIVA,3,NO APLICA,NA,NA,NA,NA,NA,NA,NA,NA,NA,NA,NA,NA,NA
13,13,21,AGENCIA DE DESARROLLO VALLE DE PLATA,9,NO IDENTIFICADO,NSS,NSS,NSS,NSS,NSS,NSS,NSS,NSS,NSS,NSS,NSS,NSS,NSS
13,13,22,AGENCIA ESTATAL DE ENERGIA DE HIDALGO,1,LINEAMIENTOS GENERALES PARA LA ADMINISTRACION DESARROLLO DE PERSONAL Y PROFESIONALIZACION DE LOS SERVIDORES PUBLICOS DEL PODER EJECUTIVO,,,,,,,,,1,,,,
13,13,23,BACHILLERATO DEL ESTADO DE HIDALGO,1,LINEAMIENTOS GENERALES PARA LA ADMINISTRACION DESARROLLO DE PERSONAL Y PROFESIONALIZACION DE LOS SERVIDORES PUBLICOS DEL PODER EJECUTIVO,,1,1,1,1,,1,1,1,,,,
13,13,24,CENTRO DE CONCILIACION LABORAL DEL ESTADO DE HIDALGO,9,NO IDENTIFICADO,NSS,NSS,NSS,NSS,NSS,NSS,NSS,NSS,NSS,NSS,NSS,NSS,NSS
13,13,25,CENTRO DE JUSTICIA PARA MUJERES DEL ESTADO DE HIDALGO,1,LINEAMIENTOS GENERALES PARA LA ADMINISTRACION DESARROLLO DE PERSONAL Y PROFESIONALIZACION DEL SERVICIO PUBLICO DEL PODER EJECUTIVO,,,,,,,,1,1,1,,,
13,13,26,CENTRO ESTATAL DE MAQUINARIA PARA EL DESARROLLO,3,NO APLICA,NA,NA,NA,NA,NA,NA,NA,NA,NA,NA,NA,NA,NA
13,13,27,CIUDAD DE LAS MUJERES,1,FORMACION Y CAPACITACION INSTITUCIONAL,,1,,,1,,,,1,1,,,
13,13,28,COLEGIO DE BACHILLERES DEL ESTADO DE HIDALGO,1,LEY GENERAL DEL SISTEMA PARA LA CARRERA DE MAESTRAS Y MAESTROS,,1,1,,1,,1,,1,,1,,
13,13,29,COLEGIO DE EDUCACION PROFESIONAL TECNICA DEL ESTADO DE HIDALGO,9,NO IDENTIFICADO,NSS,NSS,NSS,NSS,NSS,NSS,NSS,NSS,NSS,NSS,NSS,NSS,NSS
13,13,30,COLEGIO DE ESTUDIOS CIENTIFICOS Y TECNOLOGICOS DEL ESTADO DE HIDALGO,9,NO IDENTIFICADO,NSS,NSS,NSS,NSS,NSS,NSS,NSS,NSS,NSS,NSS,NSS,NSS,NSS
13,13,31,COMISION DE AGUA Y ALCANTARILLADO DE SISTEMAS INTERMUNICIPALES,3,NO APLICA,NA,NA,NA,NA,NA,NA,NA,NA,NA,NA,NA,NA,NA
13,13,32,COMISION DE AGUA Y ALCANTARILLADO DEL SISTEMA VALLE DEL MEZQUITAL,1,LINEAMIENTOS GENERALES PARA LA ADMINISTRACION DESARROLLO DE PERSONAL Y PROFESIONALIZACION DE LOS SERVIDORES PUBLICOS DEL PODER EJECUTIVO,,,1,,1,1,,1,1,,,,
13,13,33,COMISION ESTATAL DE BIODIVERSIDAD DE HIDALGO,9,NO IDENTIFICADO,NSS,NSS,NSS,NSS,NSS,NSS,NSS,NSS,NSS,NSS,NSS,NSS,NSS
13,13,34,COMISION ESTATAL DE VIVIENDA,9,NO IDENTIFICADO,NSS,NSS,NSS,NSS,NSS,NSS,NSS,NSS,NSS,NSS,NSS,NSS,NSS
13,13,35,COMISION ESTATAL DEL AGUA Y ALCANTARILLADO,9,NO IDENTIFICADO,NSS,NSS,NSS,NSS,NSS,NSS,NSS,NSS,NSS,NSS,NSS,NSS,NSS
13,13,36,COMISION ESTATAL PARA EL DESARROLLO SOSTENIBLE DE LOS PUEBLOS INDIGENAS CEDSPI,1,LINEAMIENTOS GENERALES PARA LA ADMINISTRACION DESARROLLO DE PERSONAL Y PROFESIONALIZACION DE LOS SERVIDORES PUBLICOS DEL PODER EJECUTIVO,,,1,,1,1,,1,1,,,,
13,13,37,CONSEJO DE CIENCIA TECNOLOGIA E INNOVACION DE HIDALGO CITNOVA,3,NO APLICA,NA,NA,NA,NA,NA,NA,NA,NA,NA,NA,NA,NA,NA
13,13,38,CONSEJO EJECUTIVO DEL COMPLEJO CIENTIFICO Y TECNOLOGICO SINCROTRON EN EL ESTADO DE HIDALGO,3,NO APLICA,NA,NA,NA,NA,NA,NA,NA,NA,NA,NA,NA,NA,NA
13,13,39,CONSEJO ESTATAL PARA LA CULTURA Y LAS ARTES DE HIDALGO,9,NO IDENTIFICADO,NSS,NSS,NSS,NSS,NSS,NSS,NSS,NSS,NSS,NSS,NSS,NSS,NSS
13,13,40,COORDINACION GENERAL DEL DISTRITO DE EDUCACION SALUD CIENCIA TECNOLOGIA E INNOVACION,1,GUIA TECNICA PARA LA EVALUACION DE PRODUCTIVIDAD Y DESEMPEÑO DEL SERVICIO PUBLICO HIDALGUENSE,,,1,,1,1,,1,1,,,,
13,13,41,CORPORACION DE FOMENTO DE INFRAESTRUCTURA INDUSTRIAL,9,NO IDENTIFICADO,NSS,NSS,NSS,NSS,NSS,NSS,NSS,NSS,NSS,NSS,NSS,NSS,NSS
13,13,42,CORPORACION INTERNACIONAL HIDALGO,2,NO APLICA,NA,NA,NA,NA,NA,NA,NA,NA,NA,NA,NA,NA,NA
13,13,43,EL COLEGIO DEL ESTADO DE HIDALGO,3,NO APLICA,NA,NA,NA,NA,NA,NA,NA,NA,NA,NA,NA,NA,NA
13,13,44,ESCUELA DE MUSICA DEL ESTADO DE HIDALGO,9,NO IDENTIFICADO,NSS,NSS,NSS,NSS,NSS,NSS,NSS,NSS,NSS,NSS,NSS,NSS,NSS
13,13,45,INSTITUTO CATASTRAL DEL ESTADO DE HIDALGO,9,NO IDENTIFICADO,NSS,NSS,NSS,NSS,NSS,NSS,NSS,NSS,NSS,NSS,NSS,NSS,NSS
13,13,46,INSTITUTO DE CAPACITACION PARA EL TRABAJO DEL ESTADO DE HIDALGO,9,NO IDENTIFICADO,NSS,NSS,NSS,NSS,NSS,NSS,NSS,NSS,NSS,NSS,NSS,NSS,NSS
13,13,47,INSTITUTO DE VIVIENDA DESARROLLO URBANO Y ASENTAMIENTOS HUMANOS,9,NO IDENTIFICADO,NSS,NSS,NSS,NSS,NSS,NSS,NSS,NSS,NSS,NSS,NSS,NSS,NSS
13,13,48,INSTITUTO HIDALGUENSE A LA INFRAESTRUCTURA FISICA EDUCATIVA,3,NO APLICA,NA,NA,NA,NA,NA,NA,NA,NA,NA,NA,NA,NA,NA
13,13,49,INSTITUTO HIDALGUENSE DE COMPETITIVIDAD EMPRESARIAL,1,LINEAMIENTOS GENERALES PARA LA ADMINISTRACION DESARROLLO DE PERSONAL Y PROFESIONALIZACION DE LOS SERVIDORES PUBLICOS DEL PODER EJECUTIVO,,,1,,1,1,,1,1,,,,
13,13,50,INSTITUTO HIDALGUENSE DE EDUCACION,1,LINEAMIENTOS GENERALES PARA LA ADMINISTRACION DESARROLLO DE PERSONAL Y PROFESIONALIZACION DE LOS SERVIDORES PUBLICOS DEL PODER EJECUTIVO,1,1,1,1,1,1,1,1,1,1,1,1,
13,13,51,INSTITUTO HIDALGUENSE DE EDUCACION PARA ADULTOS,1,LINEAMIENTOS GENERALES PARA LA ADMINISTRACION DESARROLLO DE PERSONAL Y PROFESIONALIZACION DE LOS SERVIDORES PUBLICOS DEL PODER EJECUTIVO,,,1,,1,1,,1,1,,,,
13,13,52,INSTITUTO HIDALGUENSE DE FINANCIAMIENTO A LA EDUCACION SUPERIOR,1,LINEAMIENTOS GENERALES PARA LA ADMINISTRACION DESARROLLO DE PERSONAL Y PROFESIONALIZACION DE LOS SERVIDORES PUBLICOS DEL PODER EJECUTIVO,,1,1,,,,,1,1,,,1,
13,13,53,INSTITUTO HIDALGUENSE DE LA JUVENTUD,9,NO IDENTIFICADO,NSS,NSS,NSS,NSS,NSS,NSS,NSS,NSS,NSS,NSS,NSS,NSS,NSS
13,13,54,INSTITUTO HIDALGUENSE DE LAS MUJERES,2,NO APLICA,NA,NA,NA,NA,NA,NA,NA,NA,NA,NA,NA,NA,NA
13,13,55,INSTITUTO HIDALGUENSE DEL DEPORTE,1,LINEAMIENTOS GENERALES PARA LA ADMINISTRACION DESARROLLO DE PERSONAL Y PROFESIONALIZACION DE LOS SERVIDORES PUBLICOS DEL PODER EJECUTIVO,,,1,,1,1,,1,1,,,,
13,13,56,INSTITUTO HIDALGUENSE PARA EL DESARROLLO MUNICIPAL,1,LINEAMIENTOS GENERALES PARA LA ADMINISTRACION DESARROLLO DE PERSONAL Y PROFESIONALIZACION DE LOS SERVIDORES PUBLICOS DEL PODER EJECUTIVO,,1,,,1,,,1,1,1,,,
13,13,57,INSTITUTO PARA LA ATENCION DE LAS Y LOS ADULTOS MAYORES DEL ESTADO DE HIDALGO,9,NO IDENTIFICADO,NSS,NSS,NSS,NSS,NSS,NSS,NSS,NSS,NSS,NSS,NSS,NSS,NSS
13,13,58,INSTITUTO TECNOLOGICO SUPERIOR DE HUICHAPAN,1,SISTEMA DE GESTION DE LA CALIDAD,,1,,1,1,,1,1,1,,1,,
13,13,59,INSTITUTO TECNOLOGICO SUPERIOR DE OCCIDENTE DEL ESTADO DE HIDALGO,1,SISTEMA DE GESTION DE LA CALIDAD,,1,1,1,,1,1,1,1,,1,1,
13,13,60,INSTITUTO TECNOLOGICO SUPERIOR DE ORIENTE DEL ESTADO DE HIDALGO,1,SISTEMA DE GESTION DE LA CALIDAD,,1,1,,,,1,1,1,1,1,1,
13,13,61,MUSEO INTERACTIVO PARA LA NIÑEZ Y LA JUVENTUD HIDALGUENSE EL REHILETE,3,NO APLICA,NA,NA,NA,NA,NA,NA,NA,NA,NA,NA,NA,NA,NA
13,13,62,OPERADORA DE EVENTOS DEL ESTADO DE HIDALGO,9,NO IDENTIFICADO,NSS,NSS,NSS,NSS,NSS,NSS,NSS,NSS,NSS,NSS,NSS,NSS,NSS
13,13,63,POLICIA INDUSTRIAL BANCARIA DEL ESTADO DE HIDALGO,9,NO IDENTIFICADO,NSS,NSS,NSS,NSS,NSS,NSS,NSS,NSS,NSS,NSS,NSS,NSS,NSS
13,13,64,RADIO Y TELEVISION DE HIDALGO,1,LINEAMIENTOS GENERALES PARA LA ADMINISTRACION DESARROLLO DE PERSONAL Y PROFESIONALIZACION DE LOS SERVIDORES PUBLICOS DEL PODER EJECUTIVO,,1,1,,,,,,1,,,,
13,13,65,SECRETARIA TECNICA DEL SISTEMA ESTATAL ANTICORRUPCION DE HIDALGO,1,LINEAMIENTOS GENERALES PARA LA ADMINISTRACION DESARROLLO DE PERSONAL Y PROFESIONALIZACION DE LOS SERVIDORES PUBLICOS DEL PODER EJECUTIVO,,1,1,1,1,1,,1,1,1,,1,
13,13,66,SERVICIOS DE SALUD DE HIDALGO,9,NO IDENTIFICADO,NSS,NSS,NSS,NSS,NSS,NSS,NSS,NSS,NSS,NSS,NSS,NSS,NSS
13,13,67,SISTEMA DE TRANSPORTE CONVENCIONAL DE HIDALGO,9,NO IDENTIFICADO,NSS,NSS,NSS,NSS,NSS,NSS,NSS,NSS,NSS,NSS,NSS,NSS,NSS
13,13,68,SISTEMA INTEGRADO DE TRANSPORTE MASIVO DE HIDALGO,3,NO APLICA,NA,NA,NA,NA,NA,NA,NA,NA,NA,NA,NA,NA,NA
13,13,69,SISTEMA PARA EL DESARROLLO INTEGRAL DE LA FAMILIA DEL ESTADO DE HIDALGO,1,LINEAMIENTOS PARA LA ADMINISTRACION DE RECURSOS HUMANOS,,1,,,1,,,1,1,,,,
13,13,70,UNIVERSIDAD DIGITAL DEL ESTADO DE HIDALGO,2,NO APLICA,NA,NA,NA,NA,NA,NA,NA,NA,NA,NA,NA,NA,NA
13,13,71,UNIVERSIDAD INTERCULTURAL DEL ESTADO DE HIDALGO,2,NO APLICA,NA,NA,NA,NA,NA,NA,NA,NA,NA,NA,NA,NA,NA
13,13,72,UNIVERSIDAD POLITECNICA DE FRANCISCO I MADERO,2,NO APLICA,NA,NA,NA,NA,NA,NA,NA,NA,NA,NA,NA,NA,NA
13,13,73,UNIVERSIDAD POLITECNICA DE HUEJUTLA,3,NO APLICA,NA,NA,NA,NA,NA,NA,NA,NA,NA,NA,NA,NA,NA
13,13,74,UNIVERSIDAD POLITECNICA DE LA ENERGIA,2,NO APLICA,NA,NA,NA,NA,NA,NA,NA,NA,NA,NA,NA,NA,NA
13,13,75,UNIVERSIDAD POLITECNICA DE PACHUCA,3,NO APLICA,NA,NA,NA,NA,NA,NA,NA,NA,NA,NA,NA,NA,NA
13,13,76,UNIVERSIDAD POLITECNICA DE TULANCINGO,1,PLAN INSTITUCIONAL DE DESARROLLO REGLAMENTO DE INGRESO PROMOCION Y PERMANENCIA DEL PERSONAL ACADEMICO PROGRAMA PARA EL DESARROLLO PROFESIONAL DOCENTE PARA EL TIPO SUPERIOR,,,1,,,1,1,,1,,1,,
13,13,77,UNIVERSIDAD POLITECNICA METROPOLITANA DE HIDALGO,9,NO IDENTIFICADO,NSS,NSS,NSS,NSS,NSS,NSS,NSS,NSS,NSS,NSS,NSS,NSS,NSS
13,13,78,UNIVERSIDAD TECNOLOGICA DE LA HUASTECA HIDALGUENSE,3,NO APLICA,NA,NA,NA,NA,NA,NA,NA,NA,NA,NA,NA,NA,NA
13,13,79,UNIVERSIDAD TECNOLOGICA DE LA SIERRA HIDALGUENSE,1,MANUAL DEL SISTEMA DE GESTION DE LA CALIDAD,,1,,,1,,1,1,1,1,1,,
13,13,80,UNIVERSIDAD TECNOLOGICA DE LA ZONA METROPOLITANA DEL VALLE DE MEXICO,3,NO APLICA,NA,NA,NA,NA,NA,NA,NA,NA,NA,NA,NA,NA,NA
13,13,81,UNIVERSIDAD TECNOLOGICA DE MINERAL DE LA REFORMA,9,NO IDENTIFICADO,NSS,NSS,NSS,NSS,NSS,NSS,NSS,NSS,NSS,NSS,NSS,NSS,NSS
13,13,82,UNIVERSIDAD TECNOLOGICA DE TULANCINGO,9,NO IDENTIFICADO,NSS,NSS,NSS,NSS,NSS,NSS,NSS,NSS,NSS,NSS,NSS,NSS,NSS
13,13,83,UNIVERSIDAD TECNOLOGICA DE TULA TEPEJI,1,SISTEMA DE GESTION DE LA CALIDAD,,1,,,,,,1,1,1,,,
13,13,84,UNIVERSIDAD TECNOLOGICA DEL VALLE DEL MEZQUITAL,1,RECLUTAMIENTO SELECCION Y CAPACITACION DEL PERSONAL,,1,,,,,,1,1,1,1,,
13,13,85,UNIVERSIDAD TECNOLOGICA MINERA DE ZIMAPAN,1,RECLUTAMIENTO SELECCION Y CAPACITACION DEL PERSONAL,,1,1,1,1,,1,1,1,1,,,
14,14,1,CONSEJERIA JURIDICA DEL PODER EJECUTIVO DEL ESTADO,0,NO APLICA,NA,NA,NA,NA,NA,NA,NA,NA,NA,NA,NA,NA,NA
14,14,2,CONSEJO CIUDADANO DE SEGURIDAD,0,NO APLICA,NA,NA,NA,NA,NA,NA,NA,NA,NA,NA,NA,NA,NA
14,14,3,CONTRALORIA DEL ESTADO,0,NO APLICA,NA,NA,NA,NA,NA,NA,NA,NA,NA,NA,NA,NA,NA
14,14,4,COORDINACION GENERAL ESTRATEGICA DE CRECIMIENTO Y DESARROLLO ECONOMICO,0,NO APLICA,NA,NA,NA,NA,NA,NA,NA,NA,NA,NA,NA,NA,NA
14,14,5,COORDINACION GENERAL ESTRATEGICA DE DESARROLLO SOCIAL,0,NO APLICA,NA,NA,NA,NA,NA,NA,NA,NA,NA,NA,NA,NA,NA
14,14,6,COORDINACION GENERAL ESTRATEGICA DE GESTION DEL TERRITORIO,0,NO APLICA,NA,NA,NA,NA,NA,NA,NA,NA,NA,NA,NA,NA,NA
14,14,7,COORDINACION GENERAL ESTRATEGICA DE SEGURIDAD,0,NO APLICA,NA,NA,NA,NA,NA,NA,NA,NA,NA,NA,NA,NA,NA
14,14,8,DESPACHO DEL GOBERNADOR Y UNIDADES AUXILIARES DEL GOBERNADOR,0,NO APLICA,NA,NA,NA,NA,NA,NA,NA,NA,NA,NA,NA,NA,NA
14,14,9,FISCALIA ESPECIALIZADA EN COMBATE A LA CORRUPCION,0,NO APLICA,NA,NA,NA,NA,NA,NA,NA,NA,NA,NA,NA,NA,NA
14,14,10,FISCALIA DEL ESTADO,0,NO APLICA,NA,NA,NA,NA,NA,NA,NA,NA,NA,NA,NA,NA,NA
14,14,11,JEFATURA DE GABINETE,0,NO APLICA,NA,NA,NA,NA,NA,NA,NA,NA,NA,NA,NA,NA,NA
14,14,12,PROCURADURIA SOCIAL,0,NO APLICA,NA,NA,NA,NA,NA,NA,NA,NA,NA,NA,NA,NA,NA
14,14,13,SECRETARIA DE ADMINISTRACION,0,NO APLICA,NA,NA,NA,NA,NA,NA,NA,NA,NA,NA,NA,NA,NA
14,14,14,SECRETARIA DE AGRICULTURA Y DESARROLLO RURAL,0,NO APLICA,NA,NA,NA,NA,NA,NA,NA,NA,NA,NA,NA,NA,NA
14,14,15,SECRETARIA DE CULTURA,0,NO APLICA,NA,NA,NA,NA,NA,NA,NA,NA,NA,NA,NA,NA,NA
14,14,16,SECRETARIA DE DESARROLLO ECONOMICO,0,NO APLICA,NA,NA,NA,NA,NA,NA,NA,NA,NA,NA,NA,NA,NA
14,14,17,SECRETARIA DE EDUCACION,0,NO APLICA,NA,NA,NA,NA,NA,NA,NA,NA,NA,NA,NA,NA,NA
14,14,18,SECRETARIA DE IGUALDAD SUSTANTIVA ENTRE MUJERES Y HOMBRES,0,NO APLICA,NA,NA,NA,NA,NA,NA,NA,NA,NA,NA,NA,NA,NA
14,14,19,SECRETARIA DE INFRAESTRUCTURA Y OBRA PUBLICA,0,NO APLICA,NA,NA,NA,NA,NA,NA,NA,NA,NA,NA,NA,NA,NA
14,14,20,SECRETARIA DE INNOVACION CIENCIA Y TECNOLOGIA,0,NO APLICA,NA,NA,NA,NA,NA,NA,NA,NA,NA,NA,NA,NA,NA
14,14,21,SECRETARIA DE LA HACIENDA PUBLICA,0,NO APLICA,NA,NA,NA,NA,NA,NA,NA,NA,NA,NA,NA,NA,NA
14,14,22,SECRETARIA DE MEDIO AMBIENTE Y DESARROLLO TERRITORIAL,0,NO APLICA,NA,NA,NA,NA,NA,NA,NA,NA,NA,NA,NA,NA,NA
14,14,23,SECRETARIA DE PLANEACION Y PARTICIPACION CIUDADANA,0,NO APLICA,NA,NA,NA,NA,NA,NA,NA,NA,NA,NA,NA,NA,NA
14,14,24,SECRETARIA DE SALUD,0,NO APLICA,NA,NA,NA,NA,NA,NA,NA,NA,NA,NA,NA,NA,NA
14,14,25,SECRETARIA DE SEGURIDAD,0,NO APLICA,NA,NA,NA,NA,NA,NA,NA,NA,NA,NA,NA,NA,NA
14,14,26,SECRETARIA DE TRABAJO Y PREVISION SOCIAL,0,NO APLICA,NA,NA,NA,NA,NA,NA,NA,NA,NA,NA,NA,NA,NA
14,14,27,SECRETARIA DE TRANSPORTE,0,NO APLICA,NA,NA,NA,NA,NA,NA,NA,NA,NA,NA,NA,NA,NA
14,14,28,SECRETARIA DE TURISMO,0,NO APLICA,NA,NA,NA,NA,NA,NA,NA,NA,NA,NA,NA,NA,NA
14,14,29,SECRETARIA DEL SISTEMA DE ASISTENCIA SOCIAL,0,NO APLICA,NA,NA,NA,NA,NA,NA,NA,NA,NA,NA,NA,NA,NA
14,14,30,SECRETARIA GENERAL DE GOBIERNO,0,NO APLICA,NA,NA,NA,NA,NA,NA,NA,NA,NA,NA,NA,NA,NA
14,14,31,UNIDAD DE ENLACE FEDERAL Y ASUNTOS INTERNACIONALES,0,NO APLICA,NA,NA,NA,NA,NA,NA,NA,NA,NA,NA,NA,NA,NA
14,14,32,AGENCIA DE ENERGIA,0,NO APLICA,NA,NA,NA,NA,NA,NA,NA,NA,NA,NA,NA,NA,NA
14,14,33,AGENCIA DE SANIDAD INOCUIDAD Y CALIDAD AGROALIMENTARIA DE JALISCO,0,NO APLICA,NA,NA,NA,NA,NA,NA,NA,NA,NA,NA,NA,NA,NA
14,14,34,AGENCIA ESTATAL DE ENTRETENIMIENTO DE JALISCO,0,NO APLICA,NA,NA,NA,NA,NA,NA,NA,NA,NA,NA,NA,NA,NA
14,14,35,AGENCIA METROPOLITANA DE SERVICIOS DE INFRAESTRUCTURA PARA LA MOVILIDAD DEL AREA METROPOLITANA DE GUADALAJARA,0,NO APLICA,NA,NA,NA,NA,NA,NA,NA,NA,NA,NA,NA,NA,NA
14,14,36,AGENCIA PARA EL DESARROLLO DE INDUSTRIAS CREATIVAS Y DIGITALES DEL ESTADO DE JALISCO,0,NO APLICA,NA,NA,NA,NA,NA,NA,NA,NA,NA,NA,NA,NA,NA
14,14,37,BOSQUE LA PRIMAVERA,0,NO APLICA,NA,NA,NA,NA,NA,NA,NA,NA,NA,NA,NA,NA,NA
14,14,38,CENTRO DE CONCILIACION LABORAL,0,NO APLICA,NA,NA,NA,NA,NA,NA,NA,NA,NA,NA,NA,NA,NA
14,14,39,CENTRO DE COORDINACION COMANDO CONTROL COMUNICACIONES Y COMPUTO DEL ESTADO DE JALISCO,0,NO APLICA,NA,NA,NA,NA,NA,NA,NA,NA,NA,NA,NA,NA,NA
14,14,40,COLEGIO DE BACHILLERES DEL ESTADO DE JALISCO,0,NO APLICA,NA,NA,NA,NA,NA,NA,NA,NA,NA,NA,NA,NA,NA
14,14,41,COLEGIO DE EDUCACION PROFESIONAL TECNICA DEL ESTADO DE JALISCO,0,NO APLICA,NA,NA,NA,NA,NA,NA,NA,NA,NA,NA,NA,NA,NA
14,14,42,COLEGIO DE ESTUDIOS CIENTIFICOS Y TECNOLOGICOS DEL ESTADO DE JALISCO,0,NO APLICA,NA,NA,NA,NA,NA,NA,NA,NA,NA,NA,NA,NA,NA
14,14,43,COMISION DE ARBITRAJE MEDICO DEL ESTADO DE JALISCO,0,NO APLICA,NA,NA,NA,NA,NA,NA,NA,NA,NA,NA,NA,NA,NA
14,14,44,COMISION ESTATAL DEL AGUA DE JALISCO,0,NO APLICA,NA,NA,NA,NA,NA,NA,NA,NA,NA,NA,NA,NA,NA
14,14,45,COMISION ESTATAL INDIGENA,0,NO APLICA,NA,NA,NA,NA,NA,NA,NA,NA,NA,NA,NA,NA,NA
14,14,46,CONSEJO DE COORDINACION PARA LA IMPLEMENTACION DEL NUEVO SISTEMA DE JUSTICIA PENAL,0,NO APLICA,NA,NA,NA,NA,NA,NA,NA,NA,NA,NA,NA,NA,NA
14,14,47,CONSEJO ESTATAL DE CIENCIA Y TECNOLOGIA DE JALISCO,0,NO APLICA,NA,NA,NA,NA,NA,NA,NA,NA,NA,NA,NA,NA,NA
14,14,48,CONSEJO ESTATAL DE SEGURIDAD PUBLICA,0,NO APLICA,NA,NA,NA,NA,NA,NA,NA,NA,NA,NA,NA,NA,NA
14,14,49,CONSEJO ESTATAL PARA EL FOMENTO DEPORTIVO DEL ESTADO DE JALISCO,0,NO APLICA,NA,NA,NA,NA,NA,NA,NA,NA,NA,NA,NA,NA,NA
14,14,50,ESCUELA DE CONSERVACION Y RESTAURACION DE OCCIDENTE,0,NO APLICA,NA,NA,NA,NA,NA,NA,NA,NA,NA,NA,NA,NA,NA
14,14,51,FIDEICOMISO MAESTRO CIUDAD CREATIVA DIGITAL,0,NO APLICA,NA,NA,NA,NA,NA,NA,NA,NA,NA,NA,NA,NA,NA
14,14,52,FIDEICOMISO PARA LA ADMINISTRACION DEL PROGRAMA DE DESARROLLO FORESTAL DEL ESTADO DE JALISCO,0,NO APLICA,NA,NA,NA,NA,NA,NA,NA,NA,NA,NA,NA,NA,NA
14,14,53,FONDO JALISCO DE FOMENTO EMPRESARIAL,0,NO APLICA,NA,NA,NA,NA,NA,NA,NA,NA,NA,NA,NA,NA,NA
14,14,54,HOGAR CABAÑAS,0,NO APLICA,NA,NA,NA,NA,NA,NA,NA,NA,NA,NA,NA,NA,NA
14,14,55,HOSPITAL CIVIL DE GUADALAJARA,0,NO APLICA,NA,NA,NA,NA,NA,NA,NA,NA,NA,NA,NA,NA,NA
14,14,56,INDUSTRIA JALISCIENSE DE REHABILITACION SOCIAL,0,NO APLICA,NA,NA,NA,NA,NA,NA,NA,NA,NA,NA,NA,NA,NA
14,14,57,INSTITUTO DE FORMACION PARA EL TRABAJO DEL ESTADO DE JALISCO,0,NO APLICA,NA,NA,NA,NA,NA,NA,NA,NA,NA,NA,NA,NA,NA
14,14,58,INSTITUTO DE INFORMACION ESTADISTICA Y GEOGRAFICA DEL ESTADO DE JALISCO,0,NO APLICA,NA,NA,NA,NA,NA,NA,NA,NA,NA,NA,NA,NA,NA
14,14,59,INSTITUTO DE LA INFRAESTRUCTURA FISICA EDUCATIVA DEL ESTADO DE JALISCO,0,NO APLICA,NA,NA,NA,NA,NA,NA,NA,NA,NA,NA,NA,NA,NA
14,14,60,INSTITUTO DE PENSIONES DEL ESTADO DE JALISCO,0,NO APLICA,NA,NA,NA,NA,NA,NA,NA,NA,NA,NA,NA,NA,NA
14,14,61,INSTITUTO ESTATAL PARA LA EDUCACION DE JOVENES Y ADULTOS,0,NO APLICA,NA,NA,NA,NA,NA,NA,NA,NA,NA,NA,NA,NA,NA
14,14,62,INSTITUTO JALISCIENSE DE CANCEROLOGIA,0,NO APLICA,NA,NA,NA,NA,NA,NA,NA,NA,NA,NA,NA,NA,NA
14,14,63,INSTITUTO JALISCIENSE DE CIENCIAS FORENSES,0,NO APLICA,NA,NA,NA,NA,NA,NA,NA,NA,NA,NA,NA,NA,NA
14,14,64,INSTITUTO JALISCIENSE DE LA VIVIENDA,0,NO APLICA,NA,NA,NA,NA,NA,NA,NA,NA,NA,NA,NA,NA,NA
14,14,65,INSTITUTO METROPOLITANO DE PLANEACION DEL AREA METROPOLITANA DE GUADALAJARA,0,NO APLICA,NA,NA,NA,NA,NA,NA,NA,NA,NA,NA,NA,NA,NA
14,14,66,INSTITUTO TECNOLOGICO JOSE MARIO MOLINA PASQUEL Y HENRIQUEZ,0,NO APLICA,NA,NA,NA,NA,NA,NA,NA,NA,NA,NA,NA,NA,NA
14,14,67,MUSEO CABAÑAS,0,NO APLICA,NA,NA,NA,NA,NA,NA,NA,NA,NA,NA,NA,NA,NA
14,14,68,PLATAFORMA ABIERTA DE INNOVACION Y DESARROLLO DE JALISCO,0,NO APLICA,NA,NA,NA,NA,NA,NA,NA,NA,NA,NA,NA,NA,NA
14,14,69,PROCURADURIA DE DESARROLLO URBANO,0,NO APLICA,NA,NA,NA,NA,NA,NA,NA,NA,NA,NA,NA,NA,NA
14,14,70,RED DE CENTROS DE JUSTICIA,0,NO APLICA,NA,NA,NA,NA,NA,NA,NA,NA,NA,NA,NA,NA,NA
14,14,71,SECRETARIA DE GESTION INTEGRAL DEL AGUA,0,NO APLICA,NA,NA,NA,NA,NA,NA,NA,NA,NA,NA,NA,NA,NA
14,14,72,SECRETARIA EJECUTIVA DEL SISTEMA ESTATAL ANTICORRUPCION,0,NO APLICA,NA,NA,NA,NA,NA,NA,NA,NA,NA,NA,NA,NA,NA
14,14,73,SERVICIOS DE SALUD JALISCO,0,NO APLICA,NA,NA,NA,NA,NA,NA,NA,NA,NA,NA,NA,NA,NA
14,14,74,SISTEMA DE TREN ELECTRICO URBANO,0,NO APLICA,NA,NA,NA,NA,NA,NA,NA,NA,NA,NA,NA,NA,NA
14,14,75,SISTEMA INTERMUNICIPAL DE LOS SERVICIOS DE AGUA POTABLE Y ALCANTARILLADO,0,NO APLICA,NA,NA,NA,NA,NA,NA,NA,NA,NA,NA,NA,NA,NA
14,14,76,SISTEMA JALISCIENSE DE RADIO Y TELEVISION,0,NO APLICA,NA,NA,NA,NA,NA,NA,NA,NA,NA,NA,NA,NA,NA
14,14,77,SISTEMA PARA EL DESARROLLO INTEGRAL DE LA FAMILIA JALISCO,0,NO APLICA,NA,NA,NA,NA,NA,NA,NA,NA,NA,NA,NA,NA,NA
14,14,78,UNIDAD ESTATAL DE PROTECCION CIVIL Y BOMBEROS,0,NO APLICA,NA,NA,NA,NA,NA,NA,NA,NA,NA,NA,NA,NA,NA
14,14,79,UNIVERSIDAD POLITECNICA DE LA ZONA METROPOLITANA DE GUADALAJARA,0,NO APLICA,NA,NA,NA,NA,NA,NA,NA,NA,NA,NA,NA,NA,NA
14,14,80,UNIVERSIDAD TECNOLOGICA DE JALISCO,0,NO APLICA,NA,NA,NA,NA,NA,NA,NA,NA,NA,NA,NA,NA,NA
14,14,81,UNIVERSIDAD TECNOLOGICA DE LA ZONA METROPOLITANA DE GUADALAJARA,0,NO APLICA,NA,NA,NA,NA,NA,NA,NA,NA,NA,NA,NA,NA,NA
15,15,1,GUBERNATURA,3,NO APLICA,NA,NA,NA,NA,NA,NA,NA,NA,NA,NA,NA,NA,NA
15,15,2,SECRETARIA GENERAL DE GOBIERNO,1,REGLAMENTO INTERIOR DEL INSTITUTO DE PROFESIONALIZACION DE LOS SERVIDORES PUBLICOS DEL PODER EJECUTIVO DEL GOBIERNO DEL ESTADO DE MEXICO,,,,,1,1,,,1,,,,
15,15,3,SECRETARIA DE FINANZAS,1,REGLAMENTO DE PROFESIONALIZACION PARA LAS PERSONAS SERVIDORAS PUBLICAS DEL PODER EJECUTIVO DEL ESTADO DE MEXICO,,,,,,,,,1,1,,,
15,15,4,SECRETARIA DEL TRABAJO,1,MANUAL DE NORMAS Y PROCEDIMIENTOS DE DESARROLLO Y ADMINISTRACION DE PERSONAL,,1,,,1,,,1,1,,1,1,
15,15,5,SECRETARIA DE EDUCACION,1,LEY DEL TRABAJO DE LOS SERVIDORES PUBLICOS DEL ESTADO Y MUNICIPIOS,,1,,,,,,,1,,1,,
15,15,6,SECRETARIA DEL CAMPO,1,NO APLICA,,,,,,,,1,,,1,,
15,15,7,SECRETARIA DE DESARROLLO ECONOMICO,3,NO APLICA,NA,NA,NA,NA,NA,NA,NA,NA,NA,NA,NA,NA,NA
15,15,8,SECRETARIA DE LA CONTRALORIA,1,MANUAL DE NORMAS Y PROCEDIMIENTOS DE DESARROLLO Y ADMINISTRACION DE PERSONAL,,1,,,1,,,1,1,,1,,
15,15,9,SECRETARIA DEL MEDIO AMBIENTE,1,MANUAL DE NORMAS Y PROCEDIMIENTOS DE DESARROLLO Y ADMINISTRACION DE PERSONAL,,1,,,,,,1,,,,,
15,15,10,COORDINACION GENERAL DE COMUNICACION SOCIAL,1,LEY DEL TRABAJO DE LOS SERVIDORES PUBLICOS DEL ESTADO DE MEXICO Y MUNICIPIOS,,1,,,,,,,,,,,
15,15,11,SECRETARIA DE DESARROLLO SOCIAL,1,REGLAMENTO DE CONDICIONES GENERALES DE LOS TRABAJADORES,,,,,1,,,,1,,1,,
15,15,12,SECRETARIA DE SALUD,1,REGLAMENTO DE PROFESIONALIZACION PARA LAS PERSONAS SERVIDORAS PUBLICAS DEL PODER EJECUTIVO DEL ESTADO DE MEXICO,,1,1,1,1,,1,1,1,,1,,
15,15,13,SECRETARIA DE MOVILIDAD,1,REGLAMENTO DE PROFESIONALIZACION PARA LAS PERSONAS SERVIDORAS PUBLICAS DEL PODER EJECUTIVO DEL ESTADO DE MEXICO,,1,,,1,,,1,1,,1,1,
15,15,14,SECRETARIA DE DESARROLLO URBANO Y OBRA,2,NO APLICA,NA,NA,NA,NA,NA,NA,NA,NA,NA,NA,NA,NA,NA
15,15,15,SECRETARIA DE CULTURA Y TURISMO,3,NO APLICA,NA,NA,NA,NA,NA,NA,NA,NA,NA,NA,NA,NA,NA
15,15,16,SECRETARIA DE SEGURIDAD,1,REGLAMENTO DEL SERVICIO PROFESIONAL DE CARRERA POLICIAL Y REGLAMENTO DE PROFESIONALIZACION PARA LAS PERSONAS SERVIDORAS PUBLICAS DEL PODER EJECUTIVO DEL ESTADO DE MEXICO,,,,,,,1,1,1,,1,,
15,15,17,SECRETARIA DE JUSTICIA Y DERECHOS HUMANOS,3,NO APLICA,NA,NA,NA,NA,NA,NA,NA,NA,NA,NA,NA,NA,NA
15,15,18,SECRETARIA DE LAS MUJERES,3,NO APLICA,NA,NA,NA,NA,NA,NA,NA,NA,NA,NA,NA,NA,NA
15,15,19,SISTEMA MEXIQUENSE DE MEDIOS PUBLICOS,1,REGLAMENTO DE PROFESIONALIZACION PARA LAS PERSONAS SERVIDORAS PUBLICAS DEL PODER EJECUTIVO DEL ESTADO DE MEXICO,,1,1,,,,,1,1,1,,,
15,15,20,SISTEMA PARA EL DESARROLLO INTEGRAL DE LA FAMILIA DEL ESTADO DE MEXICO,1,MANUAL GENERAL DE ORGANIZACION DEL SISTEMA PARA EL DESARROLLO INTEGRAL DE LA FAMILIA DEL ESTADO DE MEXICO,,,,,,,,,1,,,,
15,15,21,SECRETARIA EJECUTIVA DEL SISTEMA ANTICORRUPCION,1,MANUAL DE NORMAS Y PROCEDIMIENTOS,,1,,1,,,1,,,,,,
15,15,22,INSTITUTO MEXIQUENSE DE LA PIROTECNIA,3,NO APLICA,NA,NA,NA,NA,NA,NA,NA,NA,NA,NA,NA,NA,NA
15,15,23,CONSEJO MEXIQUENSE DE CIENCIA Y TECNOLOGIA,3,NO APLICA,NA,NA,NA,NA,NA,NA,NA,NA,NA,NA,NA,NA,NA
15,15,24,COMITE DE PLANEACION PARA EL DESARROLLO DEL ESTADO DE MEXICO,1,LEY DEL TRABAJO DE LOS SERVIDORES PUBLICOS DEL ESTADO Y MUNICIPIOS,,,,,,,,1,1,,,1,
15,15,25,INSTITUTO DE INFORMACION E INVESTIGACION GEOGRAFICA ESTADISTICA Y CATASTRAL DEL ESTADO DE MEXICO,1,LEY DEL TRABAJO DE LOS SERVIDORES PUBLICOS DEL ESTADO Y MUNICIPIOS,,,,,,,,,1,,,,
15,15,26,INSTITUTO DE SEGURIDAD SOCIAL DEL ESTADO DE MEXICO Y MUNICIPIOS,1,MANUAL GENERAL DE ORGANIZACION DEL INSTITUTO DE SEGURIDAD SOCIAL DEL ESTADO DE MEXICO Y MUNICIPIOS,,,,,,,1,1,1,,,,
15,15,27,INSTITUTO DE ADMINISTRACION PUBLICA DEL ESTADO DE MEXICO,3,NO APLICA,NA,NA,NA,NA,NA,NA,NA,NA,NA,NA,NA,NA,NA
15,15,28,INSTITUTO HACENDARIO DEL ESTADO DE MEXICO,1,LEY DEL TRABAJO DE LOS SERVIDORES PUBLICOS DEL ESTADO Y MUNICIPIOS,,,,,,,,,1,,1,,
15,15,29,FIDEICOMISO PUBLICO PARA LA CONSTRUCCION DE CENTROS PREVENTIVOS Y DE READAPTACION SOCIAL EN EL ESTADO DE MEXICO,3,NO APLICA,NA,NA,NA,NA,NA,NA,NA,NA,NA,NA,NA,NA,NA
15,15,30,JUNTA LOCAL DE CONCILIACION Y ARBITRAJE VALLE DE TOLUCA,1,REGLAMENTO INTERIOR DEL INSTITUTO DE PROFESIONALIZACION DE LOS SERVIDORES PUBLICOS DEL PODER EJECUTIVO DEL GOBIERNO DEL ESTADO DE MEXICO,,1,,,,,,,,,1,,
15,15,31,JUNTA LOCAL DE CONCILIACION Y ARBITRAJE VALLE CUAUTITLAN TEXCOCO,1,ACUERDO PARA EL OTORGAMIENTO DE RECONOCIMIENTOS A SERVIDORES PUBLICOS DE LOS PODERES LEGISLATIVO EJECUTIVO Y JUDICIAL DEL ESTADO DE MEXICO,,,,,1,,,1,,,1,,
15,15,32,TRIBUNAL ESTATAL DE CONCILIACION Y ARBITRAJE,3,NO APLICA,NA,NA,NA,NA,NA,NA,NA,NA,NA,NA,NA,NA,NA
15,15,33,INSTITUTO DE CAPACITACION Y ADIESTRAMIENTO PARA EL TRABAJO INDUSTRIAL,3,NO APLICA,NA,NA,NA,NA,NA,NA,NA,NA,NA,NA,NA,NA,NA
15,15,34,CENTRO DE CONCILIACION LABORAL DEL ESTADO DE MEXICO,1,LINEAMIENTOS PARA LA IMPLEMENTACION DEL SERVICIO PROFESIONAL DE CARRERA,,1,,,,,,,,,,,
15,15,35,CENTRO REGIONAL DE FORMACION DOCENTE E INVESTIGACION EDUCATIVA,3,NO APLICA,NA,NA,NA,NA,NA,NA,NA,NA,NA,NA,NA,NA,NA
15,15,36,COLEGIO DE BACHILLERES DEL ESTADO DE MEXICO,1,REGLAMENTO INTERIOR DE TRABAJO DEL PERSONAL ACADEMICO ADMINISTRATIVO Y SINDICALIZADO DEL COLEGIO DE BACHILLERES DEL ESTADO DE MEXICO,,,,,,,,,1,,,,
15,15,37,COLEGIO DE EDUCACION PROFESIONAL TECNICA DEL ESTADO DE MEXICO,1,NO APLICA,,,,,,1,1,1,,,,,
15,15,38,COLEGIO DE ESTUDIOS CIENTIFICOS Y TECNOLOGICOS DEL ESTADO DE MEXICO,1,LEY GENERAL DEL SISTEMA PARA LA CARRERA DE LAS MAESTRAS Y LOS MAESTROS,,1,,,,,,1,,,,,
15,15,39,INSTITUTO MEXIQUENSE DE LA INFRAESTRUCTURA FISICA EDUCATIVA,1,REGLAMENTO DE PROFESIONALIZACION,,1,,,,,,,1,,1,,
15,15,40,SERVICIOS EDUCATIVOS INTEGRADOS AL ESTADO DE MEXICO,2,NO APLICA,NA,NA,NA,NA,NA,NA,NA,NA,NA,NA,NA,NA,NA
15,15,41,TECNOLOGICO DE ESTUDIOS SUPERIORES DE CHALCO,1,MANUAL GENERAL DE ORGANIZACION Y REGLAMENTO DE CONDICIONES GENERALES DE TRABAJO DE LOS SERVIDORES PUBLICOS ADMINISTRATIVOS Y DOCENTES DEL TECNOLOGICO DE ESTUDIOS SUPERIORES DE CHALCO,,1,1,,1,1,1,1,1,1,1,,
15,15,42,TECNOLOGICO DE ESTUDIOS SUPERIORES DE CHICOLOAPAN,1,REGLAMENTO DE LAS CONDICIONES LABORALES DE TRABAJO,,1,,,,,,,1,,,,
15,15,43,TECNOLOGICO DE ESTUDIOS SUPERIORES DE CHIMALHUACAN,1,NO APLICA,,,,,,,,,1,,,,
15,15,44,TECNOLOGICO DE ESTUDIOS SUPERIORES DE COACALCO,3,NO APLICA,NA,NA,NA,NA,NA,NA,NA,NA,NA,NA,NA,NA,NA
15,15,45,TECNOLOGICO DE ESTUDIOS SUPERIORES DE CUAUTITLAN IZCALLI,1,LEY DE PROFESIONALIZACION DE LOS SERVIDORES PUBLICOS,,1,,,1,,1,1,1,1,1,,
15,15,46,TECNOLOGICO DE ESTUDIOS SUPERIORES DE ECATEPEC,1,MANUAL GENERAL DE ORGANIZACION,,1,1,1,1,,1,,1,,1,,
15,15,47,TECNOLOGICO DE ESTUDIOS SUPERIORES DE HUIXQUILUCAN,1,MANUAL DE NORMAS Y PROCEDIMIENTOS PARA LA ADMINISTRACION DE PERSONAL,,1,,,,,,1,,1,1,,
15,15,48,TECNOLOGICO DE ESTUDIOS SUPERIORES DE IXTAPALUCA,1,MANUAL GENERAL DE ORGANIZACION,,,,,,,,,1,,,,
15,15,49,TECNOLOGICO DE ESTUDIOS SUPERIORES DE JILOTEPEC,1,LEY DEL TRABAJO DE LOS SERVIDORES PUBLICOS DEL ESTADO Y MUNICIPIOS ART 86 FRAC V ART 88 FRAC IX ART 98 FRA,,,,,,,,,1,,,,
15,15,50,TECNOLOGICO DE ESTUDIOS SUPERIORES DE JOCOTITLAN,2,NO APLICA,NA,NA,NA,NA,NA,NA,NA,NA,NA,NA,NA,NA,NA
15,15,51,TECNOLOGICO DE ESTUDIOS SUPERIORES DE SAN FELIPE DEL PROGRESO,1,MANUAL DE PROCEDIMIENTOS DE RECURSOS HUMANOS,,1,,,1,,,,1,1,,,
15,15,52,TECNOLOGICO DE ESTUDIOS SUPERIORES DE TIANGUISTENCO,1,PROCEDIMIENTO DEL SISTEMA DE GESTION INTEGRADO,,1,1,1,1,1,1,1,1,1,1,,
15,15,53,TECNOLOGICO DE ESTUDIOS SUPERIORES DE VALLE DE BRAVO,1,PROCEDIMIENTO DE RECLUTAMIENTO,,1,1,,1,1,1,1,1,1,1,,
15,15,54,TECNOLOGICO DE ESTUDIOS SUPERIORES DE VILLA GUERRERO,3,NO APLICA,NA,NA,NA,NA,NA,NA,NA,NA,NA,NA,NA,NA,NA
15,15,55,TECNOLOGICO DE ESTUDIOS SUPERIORES DEL ORIENTE DEL ESTADO DE MEXICO,1,PROCEDIMIENTO DEL DEPARTAMENTO DE RECURSOS HUMANOS,,1,,,1,,,1,1,,,,
15,15,56,UNIVERSIDAD DIGITAL DEL ESTADO DE MEXICO,1,NO APLICA,,1,,,,,,1,1,,,,
15,15,57,UNIVERSIDAD ESTATAL DEL VALLE DE ECATEPEC,1,SISTEMA DE GESTION INTEGRAL,,1,1,,1,1,,1,1,1,,,
15,15,58,UNIVERSIDAD ESTATAL DEL VALLE DE TOLUCA,1,REGLAMENTO INTERIOR DE LA UNIVERSIDAD ESTATAL DEL VALLE DE TOLUCA,,,,,1,,,,,,,,
15,15,59,UNIVERSIDAD INTERCULTURAL DEL ESTADO DE MEXICO,2,NO APLICA,NA,NA,NA,NA,NA,NA,NA,NA,NA,NA,NA,NA,NA
15,15,60,UNIVERSIDAD MEXIQUENSE DEL BICENTENARIO,1,MANUAL GENERAL DE ORGANIZACION,,1,,,,,,,1,,,,
15,15,61,UNIVERSIDAD POLITECNICA DE ATLACOMULCO,3,NO APLICA,NA,NA,NA,NA,NA,NA,NA,NA,NA,NA,NA,NA,NA
15,15,62,UNIVERSIDAD POLITECNICA DE ATLAUTLA,2,NO APLICA,NA,NA,NA,NA,NA,NA,NA,NA,NA,NA,NA,NA,NA
15,15,63,UNIVERSIDAD POLITECNICA DE CHIMALHUACAN,1,NO APLICA,,,,,,,,,1,,,,
15,15,64,UNIVERSIDAD POLITECNICA DE CUAUTITLAN IZCALLI,2,NO APLICA,NA,NA,NA,NA,NA,NA,NA,NA,NA,NA,NA,NA,NA
15,15,65,UNIVERSIDAD POLITECNICA DE OTZOLOTEPEC,1,PROCEDIMIENTOS DE CAPACITACION Y DESARROLLO DE PERSONAL,,,,,1,,,,1,,1,,
15,15,66,UNIVERSIDAD POLITECNICA DE TECAMAC,1,PROGRAMAS DE CAPACITACION,,,,,,,,,1,,,,
15,15,67,UNIVERSIDAD POLITECNICA DE TEXCOCO,1,ARTICULO 153 LEY FEDERAL DE TRABAJO,,1,1,,,,1,1,1,,,,
15,15,68,UNIVERSIDAD POLITECNICA DEL VALLE DE MEXICO,1,REGLAMENTO DE CONDICIONES GENERALES DE TRABAJO PARA EL PERSONAL ACADEMICO DE LA UNIVERSIDAD POLITECNICA DEL VALLE DE MEXICO Y REGLAMENTO DE CONDICIONES GENERALES DE TRABAJO PARA EL PERSONAL ADMINISTRATIVO DE LA UNIVERSIDAD POLITECNICA DEL VALLE DE MEXICO,1,1,,,,1,1,,,,,,
15,15,69,UNIVERSIDAD POLITECNICA DEL VALLE DE TOLUCA,1,LEY DEL TRABAJO DE LOS SERVIDORES PUBLICOS DEL ESTADO Y MUNICIPIOS,,,,,,,,,1,,,,
15,15,70,UNIVERSIDAD TECNOLOGICA DE NEZAHUALCOYOTL,1,LEY FEDERAL DEL TRABAJO LEY DEL TRABAJO DE LOS SERVIDORES PUBLICOS DEL ESTADO Y MUNICIPIOS LEY QUE CREA EL ORGANISMO PUBLICO DESCENTRALIZADO DENOMINADO UNIVERSIDAD TECNOLOGICA DE NEZAHUALCOYOTL REGLAMENTO INTERIOR DE LA UTN MANAL GENERAL DE ORGANIZACION,,,,,,,,1,1,1,,,
15,15,71,UNIVERSIDAD TECNOLOGICA DE TECAMAC,1,SISTEMA DE GESTION DE CALIDAD,,,,,,,,,1,,,,
15,15,72,UNIVERSIDAD TECNOLOGICA DE ZINACANTEPEC,1,NO APLICA,,,,,,,,,1,,,,
15,15,73,UNIVERSIDAD TECNOLOGICA DEL SUR DEL ESTADO DE MEXICO,1,PROCEDIMIENTO DE CONTRATACION Y ALTA DE PERSONAL DOCENTE Y ADMINISTRATIVO,,1,1,,1,,1,1,1,1,1,1,
15,15,74,UNIVERSIDAD TECNOLOGICA DEL VALLE DE TOLUCA,1,INSTITUTO DE PROFESIONALIZACION DEL ESTADO DE MEXICO,1,1,,,,1,1,,1,,1,,
15,15,75,UNIVERSIDAD TECNOLOGICA FIDEL VELAZQUEZ,1,DEPARTAMENTO DE ADMINISTRACION DE PERSONAL,,1,1,,1,,1,1,1,,1,,
15,15,76,INSTITUTO DE FORMACION CONTINUA PROFESIONALIZACION E INVESTIGACION DEL MAGISTERIO DEL ESTADO DE MEXICO,2,NO APLICA,NA,NA,NA,NA,NA,NA,NA,NA,NA,NA,NA,NA,NA
15,15,77,INSTITUTO DE INVESTIGACION Y CAPACITACION AGROPECUARIA ACUICOLA Y FORESTAL DEL ESTADO DE MEXICO,2,NO APLICA,NA,NA,NA,NA,NA,NA,NA,NA,NA,NA,NA,NA,NA
15,15,78,PROTECTORA DE BOSQUES DEL ESTADO DE MEXICO,3,NO APLICA,NA,NA,NA,NA,NA,NA,NA,NA,NA,NA,NA,NA,NA
15,15,79,FIDEICOMISO PARA EL DESARROLLO DE PARQUES Y ZONAS INDUSTRIALES EN EL ESTADO DE MEXICO,3,NO APLICA,NA,NA,NA,NA,NA,NA,NA,NA,NA,NA,NA,NA,NA
15,15,80,INSTITUTO DE FOMENTO MINERO Y ESTUDIOS GEOLOGICOS DEL ESTADO DE MEXICO,3,NO APLICA,NA,NA,NA,NA,NA,NA,NA,NA,NA,NA,NA,NA,NA
15,15,81,INSTITUTO MEXIQUENSE DEL EMPRENDEDOR,1,INSTITUTO DE PROFESIONALIZACION DE LOS SERVIDORES PUBLICOS DEL PODER EJECUTIVO,,,,,,,,1,1,,,,
15,15,82,COMISION ESTATAL DE PARQUES NATURALES Y DE LA FAUNA,1,LEY DE TRABAJO DE LOS SERVIDORES PUBLICOS DEL ESTADO Y MUNICIPIOS,,,,,,,,,1,,,,
15,15,83,RECICLAGUA AMBIENTAL SOCIEDAD ANONIMA DE CAPITAL VARIABLE,9,NO IDENTIFICADO,NSS,NSS,NSS,NSS,NSS,NSS,NSS,NSS,NSS,NSS,NSS,NSS,NSS
15,15,84,PROCURADURIA DE PROTECCION AL AMBIENTE DEL ESTADO DE MEXICO,3,NO APLICA,NA,NA,NA,NA,NA,NA,NA,NA,NA,NA,NA,NA,NA
15,15,85,INSTITUTO ESTATAL DE ENERGIA Y CAMBIO CLIMATICO,1,MANUAL DE NORMAS Y PROCEDIMIENTOS DE DESARROLLO Y ADMINISTRACION DE PERSONAL Y NORMAS,,1,1,1,1,1,,1,1,,1,,
15,15,86,CONSEJO DE INVESTIGACION Y EVALUACION DE LA POLITICA SOCIAL,3,NO APLICA,NA,NA,NA,NA,NA,NA,NA,NA,NA,NA,NA,NA,NA
15,15,87,CONSEJO ESTATAL PARA EL DESARROLLO INTEGRAL DE LOS PUEBLOS INDIGENAS DEL ESTADO DE MEXICO,3,NO APLICA,NA,NA,NA,NA,NA,NA,NA,NA,NA,NA,NA,NA,NA
15,15,88,INSTITUTO MEXIQUENSE DE LA JUVENTUD,1,REGLAMENTO DE CONDICIONES GENERALES DE LOS TRABAJADORES,,,,,1,,1,,1,,,,
15,15,89,JUNTA DE ASISTENCIA PRIVADA DEL ESTADO DE MEXICO,2,NO APLICA,NA,NA,NA,NA,NA,NA,NA,NA,NA,NA,NA,NA,NA
15,15,90,BANCO DE TEJIDOS DEL ESTADO DE MEXICO,1,REGLAMENTO INTERNO Y MANUAL GENERAL DE ORGANIZACION DEL BANCO DE TEJIDOS DEL ESTADO DE MEXICO,,,,,,,,,1,1,,,
15,15,91,COMISION DE CONCILIACION Y ARBITRAJE MEDICO DEL ESTADO DE MEXICO,9,NO IDENTIFICADO,NSS,NSS,NSS,NSS,NSS,NSS,NSS,NSS,NSS,NSS,NSS,NSS,NSS
15,15,92,INSTITUTO DE SALUD DEL ESTADO DE MEXICO,3,NO APLICA,NA,NA,NA,NA,NA,NA,NA,NA,NA,NA,NA,NA,NA
15,15,93,HOSPITAL REGIONAL DE ALTA ESPECIALIDAD DE ZUMPANGO,1,MANUAL GENERAL DE ORGANIZACION REGLAMENTO DE CONDICIONES GENERALES DE TRABAJO MANUAL DE SEGURIDAD DEL PACIENTE,,,,,,,,1,1,,,,
15,15,94,INSTITUTO MATERNO INFANTIL DEL ESTADO DE MEXICO,1,DECRETO DE CREACION REGLAMENTO INTERIOR Y MANUAL GENERAL DE ORGANIZACION DEL INSTITUTO MATERNO INFANTIL DEL ESTADO DE MEXICO,,,,,,,,,1,1,,,
15,15,95,INSTITUTO MEXIQUENSE PARA LA PROTECCION E INTEGRACION AL DESARROLLO DE LAS PERSONAS CON DISCAPACIDAD,2,NO APLICA,NA,NA,NA,NA,NA,NA,NA,NA,NA,NA,NA,NA,NA
15,15,96,JUNTA DE CAMINOS DEL ESTADO DE MEXICO,1,REGLAMENTO DE PROFESIONALIZACION PARA LAS PERSONAS SERVIDORAS PUBLICAS DEL PODER EJECUTIVO DEL ESTADO DE MEXICO,,,,,,,,,1,,,,
15,15,97,SISTEMA DE AUTOPISTAS AEROPUERTOS SERVICIOS CONEXOS Y AUXILIARES DEL ESTADO DE MEXICO,3,NO APLICA,NA,NA,NA,NA,NA,NA,NA,NA,NA,NA,NA,NA,NA
15,15,98,SISTEMA DE TRANSPORTE MASIVO Y TELEFERICO DEL ESTADO DE MEXICO,1,REGLAMENTO DE PROFESIONALIZACION PARA LAS PERSONAS SERVIDORAS PUBLICAS DEL PODER EJECUTIVO DEL ESTADO DE MEXICO,,,,,,,,1,,,,,
15,15,99,INSTITUTO MEXIQUENSE DE LA VIVIENDA SOCIAL,1,MANUAL GENERAL DE ORGANIZACION DEL INSTITUTO MEXIQUENSE DE LA VIVIENDA DEL ESTADO DE MEXICOPUBLICADO EN PERIODICO GACETA DEL GOBIERNO DE FECHA 22 DE OCTUBRE DE 2022,,,,,,,,1,1,,,,
15,15,100,COMISION DEL AGUA DEL ESTADO DE MEXICO,9,NO IDENTIFICADO,NSS,NSS,NSS,NSS,NSS,NSS,NSS,NSS,NSS,NSS,NSS,NSS,NSS
15,15,101,COMISION TECNICA DEL AGUA DEL ESTADO DE MEXICO,2,NO APLICA,NA,NA,NA,NA,NA,NA,NA,NA,NA,NA,NA,NA,NA
15,15,102,INSTITUTO DE INVESTIGACION Y FOMENTO DE LAS ARTESANIAS DEL ESTADO DE MEXICO,1,ACUERDO POR EL QUE SE EMITEN LAS DISPOSICIONES EN MATERIA DE CONTROL INTERNO PARA LAS DEPENDENCIAS Y ORGANISMOS AUXILIARES DEL GOBIERNO DEL ESTADO DE MEXICO,,1,,,,,,1,,,,,
15,15,103,UNIVERSIDAD MEXIQUENSE DE SEGURIDAD,1,LEY DEL TRABAJO DE LOS SERVIDORES PUBLICOS DEL ESTADO DE MEXICO,,1,,,,,,1,1,,,,
15,15,104,CENTRO DE CONTROL DE CONFIANZA DEL ESTADO DE MEXICO,1,REGLAMENTO DE CONDICIONES GENERALES DE TRABAJO DE LOS SERVIDORES PUBLICOS DEL CENTRO DE CONTROL DE CONFIANZA DEL ESTADO DE MEXICO,,1,1,,1,,,,1,1,,,
15,15,105,UNIDAD DE ASUNTOS INTERNOS,3,NO APLICA,NA,NA,NA,NA,NA,NA,NA,NA,NA,NA,NA,NA,NA
15,15,106,INSTITUTO DE LA FUNCION REGISTRAL DEL ESTADO DE MEXICO,1,MANUAL DE NORMAS Y PROCEDIMIENTOS,,,,,,,,1,1,,1,,
16,16,1,EJECUTIVO DEL ESTADO,1,LEY ORGANICA DE LA ADMINISTRACION PUBLICA DEL ESTADO DE MICHOACAN DE OCAMPO,,,,,,,,,1,,,,
16,16,2,SECRETARIA DE GOBIERNO,1,LEY ORGANICA DE LA ADMINISTRACION PUBLICA DEL ESTADO DE MICHOACAN DE OCAMPO,,,,,,,,,1,,,,
16,16,3,SECRETARIA DE FINANZAS Y ADMINISTRACION,1,LEY ORGANICA DE LA ADMINISTRACION PUBLICA DEL ESTADO DE MICHOACAN DE OCAMPO,,,,,,,,,1,,,,
16,16,4,SECRETARIA DE COMUNICACIONES Y OBRAS PUBLICAS,1,LEY ORGANICA DE LA ADMINISTRACION PUBLICA DEL ESTADO DE MICHOACAN DE OCAMPO,,,,,,,,,1,,,,
16,16,5,SECRETARIA DE DESARROLLO RURAL Y AGROALIMENTARIO,1,LEY ORGANICA DE LA ADMINISTRACION PUBLICA DEL ESTADO DE MICHOACAN DE OCAMPO,,,,,,,,,1,,,,
16,16,6,SECRETARIA DE DESARROLLO ECONOMICO,1,LEY ORGANICA DE LA ADMINISTRACION PUBLICA DEL ESTADO DE MICHOACAN DE OCAMPO,,,,,,,,,1,,,,
16,16,7,SECRETARIA DE TURISMO,1,LEY ORGANICA DE LA ADMINISTRACION PUBLICA DEL ESTADO DE MICHOACAN DE OCAMPO,,,,,,,,,1,,,,
16,16,8,SECRETARIA DE EDUCACION,1,LEY ORGANICA DE LA ADMINISTRACION PUBLICA DEL ESTADO DE MICHOACAN DE OCAMPO,,,,,,,,,1,,,,
16,16,9,SECRETARIA DEL MIGRANTE,1,LEY ORGANICA DE LA ADMINISTRACION PUBLICA DEL ESTADO DE MICHOACAN DE OCAMPO,,,,,,,,,1,,,,
16,16,10,SECRETARIA DE SEGURIDAD PUBLICA,1,LEY ORGANICA DE LA ADMINISTRACION PUBLICA DEL ESTADO DE MICHOACAN DE OCAMPO,,,,,,,,,1,,,,
16,16,11,SECRETARIA DE SALUD,1,LEY ORGANICA DE LA ADMINISTRACION PUBLICA DEL ESTADO DE MICHOACAN DE OCAMPO,,,,,,,,,1,,,,
16,16,12,SECRETARIA DE CONTRALORIA,1,LEY ORGANICA DE LA ADMINISTRACION PUBLICA DEL ESTADO DE MICHOACAN DE OCAMPO,,,,,,,,,1,,,,
16,16,13,SECRETARIA DEL BIENESTAR,1,LEY ORGANICA DE LA ADMINISTRACION PUBLICA DEL ESTADO DE MICHOACAN DE OCAMPO,,,,,,,,,1,,,,
16,16,14,SECRETARIA DE CULTURA,1,LEY ORGANICA DE LA ADMINISTRACION PUBLICA DEL ESTADO DE MICHOACAN DE OCAMPO,,,,,,,,,1,,,,
16,16,15,SECRETARIA DE IGUALDAD SUSTANTIVA Y DESARROLLO DE LAS MUJERES MICHOACANAS,1,LEY ORGANICA DE LA ADMINISTRACION PUBLICA DEL ESTADO DE MICHOACAN DE OCAMPO,,,,,,,,,1,,,,
16,16,16,SECRETARIA DE DESARROLLO URBANO Y MOVILIDAD,1,LEY ORGANICA DE LA ADMINISTRACION PUBLICA DEL ESTADO DE MICHOACAN DE OCAMPO,,,,,,,,,1,,,,
16,16,17,SECRETARIA DE MEDIO AMBIENTE,1,LEY ORGANICA DE LA ADMINISTRACION PUBLICA DEL ESTADO DE MICHOACAN DE OCAMPO,,,,,,,,,1,,,,
16,16,18,PROCURADURIA DE PROTECCION AL AMBIENTE DEL ESTADO DE MICHOACAN DE OCAMPO,1,LEY ORGANICA DE LA ADMINISTRACION PUBLICA DEL ESTADO DE MICHOACAN DE OCAMPO,,,,,,,,,1,,,,
16,16,19,COMISION COORDINADORA DEL TRANSPORTE PUBLICO,1,LEY ORGANICA DE LA ADMINISTRACION PUBLICA DEL ESTADO DE MICHOACAN DE OCAMPO,,,,,,,,,1,,,,
16,16,20,COORDINACION DEL SISTEMA PENITENCIARIO DEL ESTADO DE MICHOACAN DE OCAMPO,1,LEY ORGANICA DE LA ADMINISTRACION PUBLICA DEL ESTADO DE MICHOACAN DE OCAMPO,,,,,,,,,1,,,,
16,16,21,INSTITUTO REGISTRAL Y CATASTRAL DEL ESTADO DE MICHOACAN DE OCAMPO,1,LEY ORGANICA DE LA ADMINISTRACION PUBLICA DEL ESTADO DE MICHOACAN DE OCAMPO,,,,,,,,,1,,,,
16,16,22,CENTRO ESTATAL PARA EL DESARROLLO MUNICIPAL,1,LEY ORGANICA DE LA ADMINISTRACION PUBLICA DEL ESTADO DE MICHOACAN DE OCAMPO,,,,,,,,,1,,,,
16,16,23,INSTITUTO DEL ARTESANO MICHOACANO,1,LEY ORGANICA DE LA ADMINISTRACION PUBLICA DEL ESTADO DE MICHOACAN DE OCAMPO,,,,,,,,,1,,,,
16,16,24,SECRETARIADO EJECUTIVO DEL SISTEMA ESTATAL DE SEGURIDAD PUBLICA,1,LEY ORGANICA DE LA ADMINISTRACION PUBLICA DEL ESTADO DE MICHOACAN DE OCAMPO,,,,,,,,,1,,,,
16,16,25,COMISION ESTATAL DE CULTURA FISICA Y DEPORTE,1,LEY ORGANICA DE LA ADMINISTRACION PUBLICA DEL ESTADO DE MICHOACAN DE OCAMPO,,,,,,,,,1,,,,
16,16,26,SISTEMA MICHOACANO DE RADIO Y TELEVISION,1,LEY ORGANICA DE LA ADMINISTRACION PUBLICA DEL ESTADO DE MICHOACAN DE OCAMPO,,,,,,,,,1,,,,
16,16,27,CENTRO DE CONVENCIONES DE MORELIA,1,LEY ORGANICA DE LA ADMINISTRACION PUBLICA DEL ESTADO DE MICHOACAN DE OCAMPO,,,,,,,,,1,,,,
16,16,28,PARQUE ZOOLOGICO BENITO JUAREZ,1,LEY ORGANICA DE LA ADMINISTRACION PUBLICA DEL ESTADO DE MICHOACAN DE OCAMPO,,,,,,,,,1,,,,
16,16,29,SISTEMA PARA EL DESARROLLO INTEGRAL DE LA FAMILIA MICHOACANA,1,LEY ORGANICA DE LA ADMINISTRACION PUBLICA DEL ESTADO DE MICHOACAN DE OCAMPO,,,,,,,,,1,,,,
16,16,30,UNIVERSIDAD VIRTUAL DEL ESTADO DE MICHOACAN,1,LEY ORGANICA DE LA ADMINISTRACION PUBLICA DEL ESTADO DE MICHOACAN DE OCAMPO,,,,,,,,,1,,,,
16,16,31,TELEBACHILLERATO MICHOACAN,1,LEY ORGANICA DE LA ADMINISTRACION PUBLICA DEL ESTADO DE MICHOACAN DE OCAMPO,,,,,,,,,1,,,,
16,16,32,INSTITUTO DE VIVIENDA DEL ESTADO DE MICHOACAN,1,LEY ORGANICA DE LA ADMINISTRACION PUBLICA DEL ESTADO DE MICHOACAN DE OCAMPO,,,,,,,,,1,,,,
16,16,33,COMISION FORESTAL DEL ESTADO,1,LEY ORGANICA DE LA ADMINISTRACION PUBLICA DEL ESTADO DE MICHOACAN DE OCAMPO,,,,,,,,,1,,,,
16,16,34,COMISION DE PESCA DEL ESTADO DE MICHOACAN,1,LEY ORGANICA DE LA ADMINISTRACION PUBLICA DEL ESTADO DE MICHOACAN DE OCAMPO,,,,,,,,,1,,,,
16,16,35,COLEGIO DE BACHILLERES DEL ESTADO DE MICHOACAN,1,LEY ORGANICA DE LA ADMINISTRACION PUBLICA DEL ESTADO DE MICHOACAN DE OCAMPO,,,,,,,,,1,,,,
16,16,36,COLEGIO DE EDUCACION PROFESIONAL TECNICA DEL ESTADO DE MICHOACAN,1,LEY ORGANICA DE LA ADMINISTRACION PUBLICA DEL ESTADO DE MICHOACAN DE OCAMPO,,,,,,,,,1,,,,
16,16,37,UNIVERSIDAD TECNOLOGICA DE MORELIA,1,LEY ORGANICA DE LA ADMINISTRACION PUBLICA DEL ESTADO DE MICHOACAN DE OCAMPO,,,,,,,,,1,,,,
16,16,38,COLEGIO DE ESTUDIOS CIENTIFICOS Y TECNOLOGICOS DEL ESTADO DE MICHOACAN,1,LEY ORGANICA DE LA ADMINISTRACION PUBLICA DEL ESTADO DE MICHOACAN DE OCAMPO,,,,,,,,,1,,,,
16,16,39,INSTITUTO DE CAPACITACION PARA EL TRABAJO DEL ESTADO DE MICHOACAN,1,LEY ORGANICA DE LA ADMINISTRACION PUBLICA DEL ESTADO DE MICHOACAN DE OCAMPO,,,,,,,,,1,,,,
16,16,40,UNIVERSIDAD DE LA CIENEGA DEL ESTADO DE MICHOACAN DE OCAMPO,1,LEY ORGANICA DE LA ADMINISTRACION PUBLICA DEL ESTADO DE MICHOACAN DE OCAMPO,,,,,,,,,1,,,,
16,16,41,CENTRO ESTATAL DE CERTIFICACION ACREDITACION Y CONTROL DE CONFIANZA,1,LEY ORGANICA DE LA ADMINISTRACION PUBLICA DEL ESTADO DE MICHOACAN DE OCAMPO,,,,,,,,,1,,,,
16,16,42,UNIVERSIDAD INTERCULTURAL INDIGENA,1,LEY ORGANICA DE LA ADMINISTRACION PUBLICA DEL ESTADO DE MICHOACAN DE OCAMPO,,,,,,,,,1,,,,
16,16,43,COMISION ESTATAL DE ARBITRAJE MEDICO DE MICHOACAN,1,LEY ORGANICA DE LA ADMINISTRACION PUBLICA DEL ESTADO DE MICHOACAN DE OCAMPO,,,,,,,,,1,,,,
16,16,44,JUNTA DE ASISTENCIA PRIVADA DEL ESTADO DE MICHOACAN DE OCAMPO,1,LEY ORGANICA DE LA ADMINISTRACION PUBLICA DEL ESTADO DE MICHOACAN DE OCAMPO,,,,,,,,,1,,,,
16,16,45,COMISION ESTATAL PARA EL DESARROLLO DE PUEBLOS INDIGENAS,1,LEY ORGANICA DE LA ADMINISTRACION PUBLICA DEL ESTADO DE MICHOACAN DE OCAMPO,,,,,,,,,1,,,,
16,16,46,COORDINACION DE PLANEACION PARA EL DESARROLLO DEL ESTADO DE MICHOACAN,1,LEY ORGANICA DE LA ADMINISTRACION PUBLICA DEL ESTADO DE MICHOACAN DE OCAMPO,,,,,,,,,1,,,,
16,16,47,COMISION ESTATAL DEL AGUA Y GESTION DE CUENCAS,1,LEY ORGANICA DE LA ADMINISTRACION PUBLICA DEL ESTADO DE MICHOACAN DE OCAMPO,,,,,,,,,1,,,,
16,16,48,COMITE DE ADQUISICIONES DEL PODER EJECUTIVO,1,LEY ORGANICA DE LA ADMINISTRACION PUBLICA DEL ESTADO DE MICHOACAN DE OCAMPO,,,,,,,,,1,,,,
16,16,49,UNIVERSIDAD POLITECNICA DE URUAPAN,1,LEY ORGANICA DE LA ADMINISTRACION PUBLICA DEL ESTADO DE MICHOACAN DE OCAMPO,,,,,,,,,1,,,,
16,16,50,UNIVERSIDAD POLITECNICA DE LAZARO CARDENAS,1,LEY ORGANICA DE LA ADMINISTRACION PUBLICA DEL ESTADO DE MICHOACAN DE OCAMPO,,,,,,,,,1,,,,
16,16,51,INSTITUTO DE DEFENSORIA PUBLICA DEL ESTADO DE MICHOACAN,1,LEY ORGANICA DE LA ADMINISTRACION PUBLICA DEL ESTADO DE MICHOACAN DE OCAMPO,,,,,,,,,1,,,,
16,16,52,INSTITUTO ESTATAL DE ESTUDIOS SUPERIORES EN SEGURIDAD Y PROFESIONALIZACION POLICIAL DEL ESTADO DE MICHOACAN DE OCAMPO,1,LEY ORGANICA DE LA ADMINISTRACION PUBLICA DEL ESTADO DE MICHOACAN DE OCAMPO,,,,,,,,,1,,,,
16,16,53,COMISION EJECUTIVA ESTATAL DE ATENCION A VICTIMAS,1,LEY ORGANICA DE LA ADMINISTRACION PUBLICA DEL ESTADO DE MICHOACAN DE OCAMPO,,,,,,,,,1,,,,
16,16,54,CENTRO ESTATAL DE FOMENTO GANADERO DEL ESTADO DE MICHOACAN DE OCAMPO,1,LEY ORGANICA DE LA ADMINISTRACION PUBLICA DEL ESTADO DE MICHOACAN DE OCAMPO,,,,,,,,,1,,,,
16,16,55,SISTEMA INTEGRAL DE FINANCIAMIENTO PARA EL DESARROLLO DE MICHOACAN,1,LEY ORGANICA DE LA ADMINISTRACION PUBLICA DEL ESTADO DE MICHOACAN DE OCAMPO,,,,,,,,,1,,,,
16,16,56,INSTITUTO DE LA JUVENTUD MICHOACANA,1,LEY ORGANICA DE LA ADMINISTRACION PUBLICA DEL ESTADO DE MICHOACAN DE OCAMPO,,,,,,,,,1,,,,
16,16,57,INSTITUTO DE CIENCIA TECNOLOGIA E INNOVACION DEL ESTADO DE MICHOACAN DE OCAMPO,1,LEY ORGANICA DE LA ADMINISTRACION PUBLICA DEL ESTADO DE MICHOACAN DE OCAMPO,,,,,,,,,1,,,,
16,16,58,SECRETARIA EJECUTIVA DEL SISTEMA ESTATAL DE PROTECCION INTEGRAL DE NIÑAS NIÑOS Y ADOLESCENTES DEL ESTADO DE MICHOACAN,1,LEY ORGANICA DE LA ADMINISTRACION PUBLICA DEL ESTADO DE MICHOACAN DE OCAMPO,,,,,,,,,1,,,,
16,16,59,CONSEJO ESTATAL PARA PREVENIR Y ELIMINAR LA DISCRIMINACION Y LA VIOLENCIA,1,LEY ORGANICA DE LA ADMINISTRACION PUBLICA DEL ESTADO DE MICHOACAN DE OCAMPO,,,,,,,,,1,,,,
16,16,60,UNIVERSIDAD TECNOLOGICA DEL ORIENTE DE MICHOACAN,1,LEY ORGANICA DE LA ADMINISTRACION PUBLICA DEL ESTADO DE MICHOACAN DE OCAMPO,,,,,,,,,1,,,,
16,16,61,CASA DEL ADULTO MAYOR,1,LEY ORGANICA DE LA ADMINISTRACION PUBLICA DEL ESTADO DE MICHOACAN DE OCAMPO,,,,,,,,,1,,,,
16,16,62,INSTITUTO DE EDUCACION MEDIA SUPERIOR Y SUPERIOR DEL ESTADO DE MICHOACAN,1,LEY ORGANICA DE LA ADMINISTRACION PUBLICA DEL ESTADO DE MICHOACAN DE OCAMPO,,,,,,,,,1,,,,
16,16,63,CENTRO DE CONCILIACION LABORAL DEL ESTADO DE MICHOACAN DE OCAMPO,1,LEY ORGANICA DE LA ADMINISTRACION PUBLICA DEL ESTADO DE MICHOACAN DE OCAMPO,,,,,,,,,1,,,,
16,16,64,JUNTA LOCAL DE CONCILIACION Y ARBITRAJE,1,LEY ORGANICA DE LA ADMINISTRACION PUBLICA DEL ESTADO DE MICHOACAN DE OCAMPO,,,,,,,,,1,,,,
17,17,1,JEFATURA DE LA OFICINA DE LA GUBERNATURA,1,REGLAMENTO INTERIOR DE LA SECRETARIA DE ADMINISTRACION ARTICULO 11 FRACCION XXI,,1,,,1,1,,,1,,,,
17,17,2,SECRETARIA DE GOBIERNO,1,REGLAMENTO INTERIOR DE LA SECRETARIA DE ADMINISTRACION ARTICULO 11 FRACCION XXI,,1,,,1,1,,,1,,,,
17,17,3,SECRETARIA DE HACIENDA,1,REGLAMENTO INTERIOR DE LA SECRETARIA DE ADMINISTRACION ARTICULO 11 FRACCION XXI,,1,,,1,1,,,1,,,,
17,17,4,SECRETARIA DE DESARROLLO ECONOMICO Y DEL TRABAJO,1,REGLAMENTO INTERIOR DE LA SECRETARIA DE ADMINISTRACION ARTICULO 11 FRACCION XXI,,1,,,1,1,,,1,,,,
17,17,5,SECRETARIA DE DESARROLLO AGROPECUARIO,1,REGLAMENTO INTERIOR DE LA SECRETARIA DE ADMINISTRACION ARTICULO 11 FRACCION XXI,,1,,,1,1,,,1,,,,
17,17,6,SECRETARIA DE OBRAS PUBLICAS,1,REGLAMENTO INTERIOR DE LA SECRETARIA DE ADMINISTRACION ARTICULO 11 FRACCION XXI,,1,,,1,1,,,1,,,,
17,17,7,SECRETARIA DE EDUCACION,1,REGLAMENTO INTERIOR DE LA SECRETARIA DE ADMINISTRACION ARTICULO 11 FRACCION XXI,,1,,,1,1,,,1,,,,
17,17,8,SECRETARIA DE SALUD,1,REGLAMENTO INTERIOR DE LA SECRETARIA DE ADMINISTRACION ARTICULO 11 FRACCION XXI,,1,,,1,1,,,1,,,,
17,17,9,SECRETARIA DE ADMINISTRACION,1,REGLAMENTO INTERIOR DE LA SECRETARIA DE ADMINISTRACION ARTICULO 11 FRACCION XXI,,1,,,1,1,,,1,,,,
17,17,10,SECRETARIA DE LA CONTRALORIA,1,REGLAMENTO INTERIOR DE LA SECRETARIA DE ADMINISTRACION ARTICULO 11 FRACCION XXI,,1,,,1,1,,,1,,,,
17,17,11,SECRETARIA DE TURISMO Y CULTURA,1,REGLAMENTO INTERIOR DE LA SECRETARIA DE ADMINISTRACION ARTICULO 11 FRACCION XXI,,1,,,1,1,,,1,,,,
17,17,12,SECRETARIA DE DESARROLLO SOCIAL,1,REGLAMENTO INTERIOR DE LA SECRETARIA DE ADMINISTRACION ARTICULO 11 FRACCION XXI,,1,,,1,1,,,1,,,,
17,17,13,SECRETARIA DE DESARROLLO SUSTENTABLE,1,REGLAMENTO INTERIOR DE LA SECRETARIA DE ADMINISTRACION ARTICULO 11 FRACCION XXI,,1,,,1,1,,,1,,,,
17,17,14,SECRETARIA DE MOVILIDAD Y TRANSPORTE,1,REGLAMENTO INTERIOR DE LA SECRETARIA DE ADMINISTRACION ARTICULO 11 FRACCION XXI,,1,,,1,1,,,1,,,,
17,17,15,COMISION ESTATAL DE SEGURIDAD PUBLICA,1,REGLAMENTO INTERIOR DE LA SECRETARIA DE ADMINISTRACION ARTICULO 11 FRACCION XXI,,1,,,1,1,,,1,,,,
17,17,16,CONSEJERIA JURIDICA,1,REGLAMENTO INTERIOR DE LA SECRETARIA DE ADMINISTRACION ARTICULO 11 FRACCION XXI,,1,,,1,1,,,1,,,,
17,17,17,INSTITUTO ESTATAL DE DOCUMENTACION DEL ESTADO DE MORELOS,1,REGLAMENTO INTERIOR DE LA SECRETARIA DE ADMINISTRACION ARTICULO 11 FRACCION XXI,,1,,,1,1,,,1,,,,
17,17,18,SECRETARIADO EJECUTIVO DEL SISTEMA ESTATAL DE SEGURIDAD PUBLICA,3,NO APLICA,NA,NA,NA,NA,NA,NA,NA,NA,NA,NA,NA,NA,NA
17,17,19,SECRETARIA EJECUTIVO DEL SISTEMA DE PROTECCION INTEGRAL DE NIÑAS NIÑOS Y ADOLESCENTES DEL ESTADO DE MORELOS,1,REGLAMENTO INTERIOR DE LA SECRETARIA DE ADMINISTRACION ARTICULO 11 FRACCION XXI,,1,,,1,1,,,1,,,,
17,17,20,COORDINACION ESTATAL DEL SUBSISTEMA DE PREPARATORIA ABIERTA,3,NO APLICA,NA,NA,NA,NA,NA,NA,NA,NA,NA,NA,NA,NA,NA
17,17,21,TRIBUNAL ESTATAL DE CONCILIACION Y ARBITRAJE DEL ESTADO DE MORELOS,1,REGLAMENTO INTERIOR DE LA SECRETARIA DE ADMINISTRACION ARTICULO 11 FRACCION XXI,,1,,,1,1,,,1,,,,
17,17,22,INSTITUTO MORELENSE DE LAS PERSONAS ADOLESCENTES Y JOVENES,9,NO IDENTIFICADO,NSS,NSS,NSS,NSS,NSS,NSS,NSS,NSS,NSS,NSS,NSS,NSS,NSS
17,17,23,FONDO ESTATAL PARA LA ADMINISTRACION Y OPERACION DEL RECINTO DEPORTIVO AGUSTIN CORUCO DIAZ,1,REGLAMENTO INTERIOR DE LA SECRETARIA DE ADMINISTRACION ARTICULO 11 FRACCION XXI,,1,,,1,1,,,,,,,
17,17,24,PROCURADURIA DE PROTECCION AL AMBIENTE DEL ESTADO DE MORELOS,1,REGLAMENTO INTERIOR DE LA SECRETARIA DE ADMINISTRACION ARTICULO 11 FRACCION XXI,,1,,,1,1,,,,,,,
17,17,25,COMISION ESTATAL DE BIODIVERSIDAD,3,NO APLICA,NA,NA,NA,NA,NA,NA,NA,NA,NA,NA,NA,NA,NA
17,17,26,COMISION DE BUSQUEDA DE PERSONAS DEL ESTADO DE MORELOS,1,REGLAMENTO INTERIOR DE LA SECRETARIA DE ADMINISTRACION ARTICULO 11 FRACCION XXI,,1,,,1,1,,,,,,,
17,17,27,JUNTA LOCAL DE CONCILIACION Y ARBITRAJE DEL ESTADO DE MORELOS,3,NO APLICA,NA,NA,NA,NA,NA,NA,NA,NA,NA,NA,NA,NA,NA
17,17,28,COMISION ESTATAL DE EVALUACION DEL DESARROLLO SOCIAL,9,NO IDENTIFICADO,NSS,NSS,NSS,NSS,NSS,NSS,NSS,NSS,NSS,NSS,NSS,NSS,NSS
17,17,29,FONDO ESTATAL PARA LA PROMOCION Y DESARROLLO DE EVENTOS VINCULADOS CON LA CULTURA Y EL TURISMO,1,REGLAMENTO INTERIOR DE LA SECRETARIA DE ADMINISTRACION ARTICULO 11 FRACCION XXI,,1,,,1,1,,,,,,,
17,17,30,PROCURADURIA ESTATAL DE LA DEFENSA DEL TRABAJO,1,REGLAMENTO INTERIOR DE LA SECRETARIA DE ADMINISTRACION ARTICULO 11 FRACCION XXI,,1,,,1,1,,,,,,,
17,17,31,CENTRO ESTATAL DE PREVENCION SOCIAL DE LA VIOLENCIA Y DELINCUENCIA CON PARTICIPACION CIUDADANA,3,NO APLICA,NA,NA,NA,NA,NA,NA,NA,NA,NA,NA,NA,NA,NA
17,17,32,COMISION EJECUTIVA DE ATENCION Y REPARACION A VICTIMAS DEL ESTADO DE MORELOS,1,REGLAMENTO INTERIOR DE LA SECRETARIA DE ADMINISTRACION ARTICULO 11 FRACCION XXI,,1,,,1,1,,,,,,,
17,17,33,COMISION ESTATAL DEL AGUA,1,REGLAMENTO INTERIOR DE LA SECRETARIA DE ADMINISTRACION ARTICULO 11 FRACCION XXI,,1,,,1,1,,,,,,,
17,17,34,COORDINACION ESTATAL DE PROTECCION CIVIL MORELOS,3,NO APLICA,NA,NA,NA,NA,NA,NA,NA,NA,NA,NA,NA,NA,NA
17,17,35,COMISION ESTATAL DE MEJORA REGULATORIA,3,NO APLICA,NA,NA,NA,NA,NA,NA,NA,NA,NA,NA,NA,NA,NA
17,17,36,INSTITUTO MORELENSE DE RADIO Y TELEVISION,3,NO APLICA,NA,NA,NA,NA,NA,NA,NA,NA,NA,NA,NA,NA,NA
17,17,37,INSTITUTO PROVETERANOS DE LA REVOLUCION DEL SUR,1,REGLAMENTO INTERIOR DE LA SECRETARIA DE ADMINISTRACION ARTICULO 11 FRACCION XXI,,1,,,1,,,,,,,,
17,17,38,COMISION ESTATAL DE RESERVAS TERRITORIALES,3,NO APLICA,NA,NA,NA,NA,NA,NA,NA,NA,NA,NA,NA,NA,NA
17,17,39,INSTITUTO DE SERVICIOS REGISTRALES Y CATASTRALES DEL ESTADO DE MORELOS,9,NO IDENTIFICADO,NSS,NSS,NSS,NSS,NSS,NSS,NSS,NSS,NSS,NSS,NSS,NSS,NSS
17,17,40,INSTITUTO DE LA DEFENSORIA PUBLICA DEL ESTADO DE MORELOS,1,REGLAMENTO INTERIOR DE LA SECRETARIA DE ADMINISTRACION ARTICULO 11 FRACCION XXI,1,1,,,1,,,,1,,,,
17,17,41,INSTITUTO DE CREDITO PARA LOS TRABAJADORES AL SERVICIO DEL GOBIERNO DEL ESTADO DE MORELOS,9,NO IDENTIFICADO,NSS,NSS,NSS,NSS,NSS,NSS,NSS,NSS,NSS,NSS,NSS,NSS,NSS
17,17,42,COMISION ESTATAL DE ARBITRAJE MEDICO,9,NO IDENTIFICADO,NSS,NSS,NSS,NSS,NSS,NSS,NSS,NSS,NSS,NSS,NSS,NSS,NSS
17,17,43,HOSPITAL DEL NIÑO MORELENSE,2,NO APLICA,NA,NA,NA,NA,NA,NA,NA,NA,NA,NA,NA,NA,NA
17,17,44,SERVICIOS DE SALUD DE MORELOS,1,REGLAMENTO INTERIOR DE LA SECRETARIA DE ADMINISTRACION ARTICULO 11 FRACCION XXI,,1,,,1,,,,1,,,,
17,17,45,SISTEMA PARA EL DESARROLLO INTEGRAL DE LA FAMILIA DEL ESTADO DE MORELOS,2,NO APLICA,NA,NA,NA,NA,NA,NA,NA,NA,NA,NA,NA,NA,NA
17,17,46,INSTITUTO DE CAPACITACION PARA EL TRABAJO DEL ESTADO DE MORELOS,9,NO IDENTIFICADO,NSS,NSS,NSS,NSS,NSS,NSS,NSS,NSS,NSS,NSS,NSS,NSS,NSS
17,17,47,INSTITUTO DE EDUCACION BASICA DEL ESTADO DE MORELOS,1,REGLAMENTO INTERIOR DE LA SECRETARIA DE ADMINISTRACION ARTICULO 11 FRACCION XXI,,1,,,1,,,,1,,,,
17,17,48,INSTITUTO ESTATAL DE EDUCACION PARA ADULTOS,1,REGLAMENTO INTERIOR DE LA SECRETARIA DE ADMINISTRACION ARTICULO 11 FRACCION XXI,,1,,,1,,,,1,,,,
17,17,49,COLEGIO DE BACHILLERES DEL ESTADO DE MORELOS,9,NO IDENTIFICADO,NSS,NSS,NSS,NSS,NSS,NSS,NSS,NSS,NSS,NSS,NSS,NSS,NSS
17,17,50,COLEGIO NACIONAL DE EDUCACION PROFESIONAL TECNICA DEL ESTADO DE MORELOS,1,REGLAMENTO INTERIOR DE LA SECRETARIA DE ADMINISTRACION ARTICULO 11 FRACCION XXI,,1,,,1,,,,1,,,,
17,17,51,COLEGIO DE ESTUDIOS CIENTIFICOS Y TECNOLOGICOS DEL ESTADO DE MORELOS,1,REGLAMENTO INTERIOR DE LA SECRETARIA DE ADMINISTRACION ARTICULO 11 FRACCION XXI,,1,1,,1,,1,1,1,,,,
17,17,52,UNIVERSIDAD POLITECNICA DEL ESTADO DE MORELOS,1,REGLAMENTO INTERIOR DE LA SECRETARIA DE ADMINISTRACION ARTICULO 11 FRACCION XXI,,1,1,1,1,1,,1,1,,,,
17,17,53,UNIVERSIDAD TECNOLOGICA EMILIANO ZAPATA DEL ESTADO DE MORELOS,1,REGLAMENTO INTERIOR DE LA SECRETARIA DE ADMINISTRACION ARTICULO 11 FRACCION XXI,,1,,,1,,1,1,1,,,,
17,17,54,UNIVERSIDAD TECNOLOGICA DEL SUR DEL ESTADO DE MORELOS,1,REGLAMENTO INTERIOR DE LA SECRETARIA DE ADMINISTRACION ARTICULO 11 FRACCION XXI,,1,,1,1,,1,,1,1,,1,
17,17,55,CONSEJO DE CIENCIA Y TECNOLOGIA DEL ESTADO DE MORELOS,9,NO IDENTIFICADO,NSS,NSS,NSS,NSS,NSS,NSS,NSS,NSS,NSS,NSS,NSS,NSS,NSS
17,17,56,INSTITUTO ESTATAL DE INFRAESTRUCTURA EDUCATIVA,1,REGLAMENTO INTERIOR DE LA SECRETARIA DE ADMINISTRACION ARTICULO 11 FRACCION XXI,,1,,,1,,,1,,,,,
17,17,57,INSTITUTO DEL DEPORTE Y CULTURA FISICA DEL ESTADO DE MORELOS,3,NO APLICA,NA,NA,NA,NA,NA,NA,NA,NA,NA,NA,NA,NA,NA
17,17,58,CENTRO MORELENSE DE LAS ARTES,3,NO APLICA,NA,NA,NA,NA,NA,NA,NA,NA,NA,NA,NA,NA,NA
17,17,59,MUSEO MORELENSE DE ARTE POPULAR,1,REGLAMENTO INTERIOR DE LA SECRETARIA DE ADMINISTRACION ARTICULO 11 FRACCION XXI,,1,,,1,,,1,,,,,
17,17,60,AEROPUERTO DE CUERNAVACA SA DE CV,9,NO IDENTIFICADO,NSS,NSS,NSS,NSS,NSS,NSS,NSS,NSS,NSS,NSS,NSS,NSS,NSS
17,17,61,OPERADOR DE CARRETERAS DE CUOTA,1,REGLAMENTO INTERIOR DE LA SECRETARIA DE ADMINISTRACION ARTICULO 11 FRACCION XXI,,1,,,1,,,,,,,,
17,17,62,INSTITUTO MORELENSE PARA EL FINANCIAMIENTO DEL SECTOR PRODUCTIVO,9,NO IDENTIFICADO,NSS,NSS,NSS,NSS,NSS,NSS,NSS,NSS,NSS,NSS,NSS,NSS,NSS
17,17,63,CENTRO DE CONCILIACION LABORAL,3,NO APLICA,NA,NA,NA,NA,NA,NA,NA,NA,NA,NA,NA,NA,NA
17,17,64,FIDEICOMISO TURISMO MORELOS,9,NO IDENTIFICADO,NSS,NSS,NSS,NSS,NSS,NSS,NSS,NSS,NSS,NSS,NSS,NSS,NSS
17,17,65,FIDEICOMISO LAGO DE TEQUESQUITENGO,9,NO IDENTIFICADO,NSS,NSS,NSS,NSS,NSS,NSS,NSS,NSS,NSS,NSS,NSS,NSS,NSS
17,17,66,FIDEICOMISO MUSEO MORELENSE DE ARTE CONTEMPORANEO JUAN SORIANO,9,NO IDENTIFICADO,NSS,NSS,NSS,NSS,NSS,NSS,NSS,NSS,NSS,NSS,NSS,NSS,NSS
17,17,67,FIDEICOMISO CENTRO CULTURAL TEOPANZOLCO,9,NO IDENTIFICADO,NSS,NSS,NSS,NSS,NSS,NSS,NSS,NSS,NSS,NSS,NSS,NSS,NSS
17,17,68,FIDEICOMISO CENTRO DE CONGRESOS Y CONVENCIONES WORLD TRADE CENTER MORELOS,9,NO IDENTIFICADO,NSS,NSS,NSS,NSS,NSS,NSS,NSS,NSS,NSS,NSS,NSS,NSS,NSS
17,17,69,FIDEICOMISO EJECUTIVO DEL FONDO DE COMPETITIVIDAD Y PROMOCION DEL EMPLEO,9,NO IDENTIFICADO,NSS,NSS,NSS,NSS,NSS,NSS,NSS,NSS,NSS,NSS,NSS,NSS,NSS
17,17,70,FIDEICOMISO FONDO DESARROLLO EMPRESARIAL Y PROMOCION DE LA INVERSION,9,NO IDENTIFICADO,NSS,NSS,NSS,NSS,NSS,NSS,NSS,NSS,NSS,NSS,NSS,NSS,NSS
18,18,1,SECRETARIA GENERAL DE GOBIERNO,3,NO APLICA,NA,NA,NA,NA,NA,NA,NA,NA,NA,NA,NA,NA,NA
18,18,2,SECRETARIA DE ADMINISTRACION Y FINANZAS,3,NO APLICA,NA,NA,NA,NA,NA,NA,NA,NA,NA,NA,NA,NA,NA
18,18,3,SECRETARIA DE DESARROLLO RURAL,3,NO APLICA,NA,NA,NA,NA,NA,NA,NA,NA,NA,NA,NA,NA,NA
18,18,4,SECRETARIA DE ECONOMIA,3,NO APLICA,NA,NA,NA,NA,NA,NA,NA,NA,NA,NA,NA,NA,NA
18,18,5,SECRETARIA DE TURISMO,1,NO APLICA,,,,,1,,,1,1,,,,
18,18,6,SERVICIOS DE SALUD DE NAYARIT,1,REGLAMENTO DE ESCALAFON Y CONDICIONES GENERALES DE TRABAJO DE LA SECRETARIA DE SALUD,,1,,,1,,,1,,,1,,
18,18,7,SECRETARIA DE BIENESTAR E IGUALDAD SUSTANTIVA,3,NO APLICA,NA,NA,NA,NA,NA,NA,NA,NA,NA,NA,NA,NA,NA
18,18,8,SECRETARIA DE MOVILIDAD,3,NO APLICA,NA,NA,NA,NA,NA,NA,NA,NA,NA,NA,NA,NA,NA
18,18,9,SECRETARIA DE SEGURIDAD Y PROTECCION CIUDADANA,1,PROGRAMA RECTOR DE PROFESIONALIZACION Y LINEAMIENTOS PARA LA OBTENCION DEL CERTIFICADO UNICO POLICIAL,,1,1,,,1,1,1,1,,1,1,1
18,18,10,SECRETARIA PARA LA HONESTIDAD Y BUENA GOBERNANZA,3,NO APLICA,NA,NA,NA,NA,NA,NA,NA,NA,NA,NA,NA,NA,NA
18,18,11,SECRETARIA DE INFRAESTRUCTURA,1,REGLAMENTO INTERIOR DE LA SECRETARIA DE INFRAESTRUCTURA PUBLICADO EN EL DIARIO OFICIAL DEL ESTADO EL 30 DE SEPTIEMBRE DE 2019,,,,,,,,,1,,,,
18,18,12,SECRETARIA DE EDUCACION,1,UNIDAD DEL SISTEMA PARA LA CARRERA DE LAS MAESTRAS Y LOS MAESTROS,,,,,,,1,1,,,1,,
18,18,13,DESPACHO DEL EJECUTIVO,3,NO APLICA,NA,NA,NA,NA,NA,NA,NA,NA,NA,NA,NA,NA,NA
18,18,14,SECRETARIA DEL TRABAJO Y JUSTICIA LABORAL,3,NO APLICA,NA,NA,NA,NA,NA,NA,NA,NA,NA,NA,NA,NA,NA
18,18,15,SECRETARIA DE DESARROLLO SUSTENTABLE,3,NO APLICA,NA,NA,NA,NA,NA,NA,NA,NA,NA,NA,NA,NA,NA
18,18,16,BENEFICENCIA PUBLICA DEL ESTADO DE NAYARIT,3,NO APLICA,NA,NA,NA,NA,NA,NA,NA,NA,NA,NA,NA,NA,NA
18,18,17,CENTRO DE DESARROLLO ECONOMICO EDUCATIVO DE LA MESA DE EL NAYAR,1,LEY GENERAL DEL SISTEMA PARA LA CARRERA DE LAS MAESTRAS Y LOSMAESTROS,,,,,,,,,1,,,,
18,18,18,CENTRO DE JUSTICIA FAMILIAR,3,NO APLICA,NA,NA,NA,NA,NA,NA,NA,NA,NA,NA,NA,NA,NA
18,18,19,COLEGIO DE BACHILLERES DEL ESTADO DE NAYARIT,1,LEY DEL SISTEMA PARA LA CARRERA DE LAS MAESTRAS Y LOS MAESTROS,,1,1,,1,,1,,1,,,,
18,18,20,COLEGIO DE EDUCACION PROFESIONAL TECNICA DEL ESTADO DE NAYARIT,1,CONDICIONES GENERALES DE TRABAJO,,,,,,,,,1,,,,
18,18,21,COLEGIO DE ESTUDIOS CIENTIFICOS Y TECNOLOGICOS DEL ESTADO DE NAYARIT,1,REGLAMENTO INTERIOR DEL COLEGIO DE ESTUDIOS CIENTIFICOS Y TECNOLOGICOS DEL ESTADO DE NAYARIT,,,,1,,,,,1,,,,
18,18,22,COMISION ESTATAL DE AGUA POTABLE Y ALCANTARILLADO,1,REGLAMENTO INTERIOR DE LA COMISION DE AGUA POTABLE Y ALCANTARILLADO,,,,,,,1,,,,,,
18,18,23,COMISION ESTATAL DE CONCILIACION Y ARBITRAJE MEDICO PARA EL ESTADO DE NAYARIT,3,NO APLICA,NA,NA,NA,NA,NA,NA,NA,NA,NA,NA,NA,NA,NA
18,18,24,COMISION FORESTAL DE NAYARIT,3,NO APLICA,NA,NA,NA,NA,NA,NA,NA,NA,NA,NA,NA,NA,NA
18,18,25,COMITE ADMINISTRADOR DE LA FERIA NACIONAL TEPIC,9,NO IDENTIFICADO,NSS,NSS,NSS,NSS,NSS,NSS,NSS,NSS,NSS,NSS,NSS,NSS,NSS
18,18,26,INSTITUTO DE PLANEACION DEL ESTADO DE NAYARIT,1,LEY DE PLANEACION DEL ESTADO DE NAYARIT,1,1,1,,,,1,,,,,,
18,18,27,CONSEJO DE CIENCIA Y TECNOLOGIA DEL ESTADO DE NAYARIT,3,NO APLICA,NA,NA,NA,NA,NA,NA,NA,NA,NA,NA,NA,NA,NA
18,18,28,CONSEJO ESTATAL CONTRA LAS ADICCIONES,3,NO APLICA,NA,NA,NA,NA,NA,NA,NA,NA,NA,NA,NA,NA,NA
18,18,29,CONSEJO ESTATAL PARA LA CULTURA Y LAS ARTES DE NAYARIT,1,REGLAMENTO INTERIOR DEL CONSEJO ESTATAL PARA LA CULTURA Y LAS ARTES DE NAYARIT,,,,,,,,,1,,,,
18,18,30,FIDEICOMISO BAHIA DE BANDERAS,3,NO APLICA,NA,NA,NA,NA,NA,NA,NA,NA,NA,NA,NA,NA,NA
18,18,31,FIDEICOMISO DE PROMOCION TURISTICA DEL ESTADO DE NAYARIT,3,NO APLICA,NA,NA,NA,NA,NA,NA,NA,NA,NA,NA,NA,NA,NA
18,18,32,FONDO DE FOMENTO INDUSTRIAL DEL ESTADO DE NAYARIT,3,NO APLICA,NA,NA,NA,NA,NA,NA,NA,NA,NA,NA,NA,NA,NA
18,18,33,INSTITUTO DE CAPACITACION PARA EL TRABAJO DEL ESTADO DE NAYARIT,3,NO APLICA,NA,NA,NA,NA,NA,NA,NA,NA,NA,NA,NA,NA,NA
18,18,34,INSTITUTO CONTRA LAS ADICCIONES MARAKAME,1,NO APLICA,,,,,1,,,1,1,,,,
18,18,35,INSTITUTO NAYARITA DE CULTURA FISICA Y DEPORTE,3,NO APLICA,NA,NA,NA,NA,NA,NA,NA,NA,NA,NA,NA,NA,NA
18,18,36,INSTITUTO NAYARITA DE EDUCACION PARA ADULTOS,1,REGLAMENTO DE INGRESO Y PROMOCION DEL INEA NACIONAL,,,,,1,1,,,1,,,,
18,18,37,INSTITUTO NAYARITA DE LA JUVENTUD,3,NO APLICA,NA,NA,NA,NA,NA,NA,NA,NA,NA,NA,NA,NA,NA
18,18,38,INSTITUTO NAYARITA PARA LA INFRAESTRUCTURA FISICA EDUCATIVA,3,NO APLICA,NA,NA,NA,NA,NA,NA,NA,NA,NA,NA,NA,NA,NA
18,18,39,INSTITUTO PARA LA MUJER NAYARITA,1,COORDINACION DE CAPACITACION Y ACTUALIZACION,,,,,,,,,1,,,,
18,18,40,INSTITUTO PROMOTOR DE LA VIVIENDA DE NAYARIT,1,PROGRAMA DE CAPACITACION DE PERSONAL,,,,,,,,,1,,,,
18,18,41,PATRONATO DEL TEATRO DEL PUEBLO,3,NO APLICA,NA,NA,NA,NA,NA,NA,NA,NA,NA,NA,NA,NA,NA
18,18,42,SERVICIOS DE EDUCACION PUBLICA DEL ESTADO DE NAYARIT,2,NO APLICA,NA,NA,NA,NA,NA,NA,NA,NA,NA,NA,NA,NA,NA
18,18,43,SECRETARIADO EJECUTIVO DEL SISTEMA ESTATAL DE SEGURIDAD PUBLICA,1,PROGRAMA RECTOR DE PROFESIONALIZACION,,,,,,,,,1,,,,
18,18,44,SISTEMA PARA EL DESARROLLO INTEGRAL DE LA FAMILIA DEL ESTADO DE NAYARIT,1,REGLAMENTO INTERIOR DEL COLEGIO DE ESTUDIOS CIENTIFICOS Y TECNOLOGICOS DEL ESTADO DE NAYARIT,,,,,,,,,1,,,,
18,18,45,UNIVERSIDAD TECNOLOGICA DE BAHIA DE BANDERAS,1,NORMA ORGANIZACION INTERNACIONAL DE ESTANDARIZACION 9001,,1,1,1,1,1,1,1,1,1,1,,
18,18,46,UNIVERSIDAD TECNOLOGICA DE LA COSTA,1,NO APLICA,,1,,,1,1,1,1,1,1,1,,
18,18,47,UNIVERSIDAD TECNOLOGICA DE LA SIERRA,1,SISTEMA DE GESTION DE LA CALIDAD Y PROGRAMA OPERATIVO ANUAL,,1,,,1,,1,1,,1,,,
18,18,48,UNIVERSIDAD TECNOLOGICA DE NAYARIT,1,REGLAMENTO DE INGRESO PROMOCION Y PERMANENCIA DEL PERSONAL ACADEMICO,,,,,,,1,,,,,,
18,18,49,UNIVERSIDAD TECNOLOGICA DE MAZATAN,3,NO APLICA,NA,NA,NA,NA,NA,NA,NA,NA,NA,NA,NA,NA,NA
18,18,50,UNIVERSIDAD POLITECNICA DEL ESTADO DE NAYARIT,1,EVALUACION DE DESEMPEÑO DOCENTE,,,,,,,,1,,,,,
18,18,51,COMISION ESTATAL DE ATENCION INTEGRAL A VICTIMAS DEL ESTADO DE NAYARIT,1,LINEAMIENTOS DEL SERVICIO DE CARRERA PARA ASESORES JURIDICOS,,,1,,,,,,1,,,,
18,18,52,PATRONATO DE LA UNIVERSIDAD AUTONOMA DE NAYARIT,3,NO APLICA,NA,NA,NA,NA,NA,NA,NA,NA,NA,NA,NA,NA,NA
18,18,53,SISTEMA DE RADIO Y TELEVISION DE NAYARIT,2,NO APLICA,NA,NA,NA,NA,NA,NA,NA,NA,NA,NA,NA,NA,NA
18,18,54,SECRETARIA EJECUTIVA DEL SISTEMA LOCAL ANTICORRUPCION,3,NO APLICA,NA,NA,NA,NA,NA,NA,NA,NA,NA,NA,NA,NA,NA
18,18,55,INSTITUTO DE JUSTICIA LABORAL BUROCRATICA DEL ESTADO DE NAYARIT,3,NO APLICA,NA,NA,NA,NA,NA,NA,NA,NA,NA,NA,NA,NA,NA
18,18,56,INSTITUTO DE ADQUISICIONES ARRENDAMIENTO Y PRESTACION DE SERVICIOS DEL ESTADO DE NAYARIT,3,NO APLICA,NA,NA,NA,NA,NA,NA,NA,NA,NA,NA,NA,NA,NA
18,18,57,CENTRO DE CONCILIACION LABORAL DEL ESTADO DE NAYARIT,3,NO APLICA,NA,NA,NA,NA,NA,NA,NA,NA,NA,NA,NA,NA,NA
18,18,58,ARCHIVO GENERAL DEL ESTADO DE NAYARIT,1,LEY GENERAL DE ARCHIVOS,,,,,,,,,1,,,,
18,18,59,FONDO MIXTO CONACYT GOBIERNO DEL ESTADO DE NAYARIT,9,NO IDENTIFICADO,NSS,NSS,NSS,NSS,NSS,NSS,NSS,NSS,NSS,NSS,NSS,NSS,NSS
19,19,1,DESPACHO DEL C GOBERNADOR,1,REGLAMENTO INTERIOR DE LA SECRETARIA DE ADMINISTRACION POLITICAS DE RECURSOS HUMANOS LEY DEL SERVICIO CIVIL DEL ESTADO DE NUEVO LEON ESTATUTO DE PROFESIONALIZACION PARA EL SERVICIO PUBLICO DEL ESTADO DE NUEVO LEON,,1,1,1,1,1,1,1,1,,1,1,
19,19,2,OFICINA EJECUTIVA DEL C GOBERNADOR,1,REGLAMENTO INTERIOR DE LA SECRETARIA DE ADMINISTRACION POLITICAS DE RECURSOS HUMANOS LEY DEL SERVICIO CIVIL DEL ESTADO DE NUEVO LEON ESTATUTO DE PROFESIONALIZACION PARA EL SERVICIO PUBLICO DEL ESTADO DE NUEVO LEON,,1,1,1,1,1,1,1,1,,1,1,
19,19,3,AMAR A NUEVO LEON,1,REGLAMENTO INTERIOR DE LA SECRETARIA DE ADMINISTRACION POLITICAS DE RECURSOS HUMANOS LEY DEL SERVICIO CIVIL DEL ESTADO DE NUEVO LEON ESTATUTO DE PROFESIONALIZACION PARA EL SERVICIO PUBLICO DEL ESTADO DE NUEVO LEON,,1,1,1,1,1,1,1,1,,1,1,
19,19,4,SECRETARIA PARTICULAR DEL C GOBERNADOR,1,REGLAMENTO INTERIOR DE LA SECRETARIA DE ADMINISTRACION POLITICAS DE RECURSOS HUMANOS LEY DEL SERVICIO CIVIL DEL ESTADO DE NUEVO LEON ESTATUTO DE PROFESIONALIZACION PARA EL SERVICIO PUBLICO DEL ESTADO DE NUEVO LEON,,1,1,1,1,1,1,1,1,,1,1,
19,19,5,CONSEJERIA JURIDICA,1,REGLAMENTO INTERIOR DE LA SECRETARIA DE ADMINISTRACION POLITICAS DE RECURSOS HUMANOS LEY DEL SERVICIO CIVIL DEL ESTADO DE NUEVO LEON ESTATUTO DE PROFESIONALIZACION PARA EL SERVICIO PUBLICO DEL ESTADO DE NUEVO LEON,,1,1,1,1,1,1,1,1,,1,1,
19,19,6,SECRETARIA TECNICA DE GOBIERNO,1,REGLAMENTO INTERIOR DE LA SECRETARIA DE ADMINISTRACION POLITICAS DE RECURSOS HUMANOS LEY DEL SERVICIO CIVIL DEL ESTADO DE NUEVO LEON ESTATUTO DE PROFESIONALIZACION PARA EL SERVICIO PUBLICO DEL ESTADO DE NUEVO LEON,,1,1,1,1,1,1,1,1,,1,1,
19,19,7,REPRESENTACION DEL GOBIERNO DEL ESTADO EN LA CIUDAD DE MEXICO,1,REGLAMENTO INTERIOR DE LA SECRETARIA DE ADMINISTRACION POLITICAS DE RECURSOS HUMANOS LEY DEL SERVICIO CIVIL DEL ESTADO DE NUEVO LEON ESTATUTO DE PROFESIONALIZACION PARA EL SERVICIO PUBLICO DEL ESTADO DE NUEVO LEON,,1,1,1,1,1,1,1,1,,1,1,
19,19,8,SISTEMA ESTATAL DE INFORMACION,1,REGLAMENTO INTERIOR DE LA SECRETARIA DE ADMINISTRACION POLITICAS DE RECURSOS HUMANOS LEY DEL SERVICIO CIVIL DEL ESTADO DE NUEVO LEON ESTATUTO DE PROFESIONALIZACION PARA EL SERVICIO PUBLICO DEL ESTADO DE NUEVO LEON,,1,1,1,1,1,1,1,1,,1,1,
19,19,9,COMUNICACION,1,REGLAMENTO INTERIOR DE LA SECRETARIA DE ADMINISTRACION POLITICAS DE RECURSOS HUMANOS LEY DEL SERVICIO CIVIL DEL ESTADO DE NUEVO LEON ESTATUTO DE PROFESIONALIZACION PARA EL SERVICIO PUBLICO DEL ESTADO DE NUEVO LEON,,1,1,1,1,1,1,1,1,,1,1,
19,19,10,SECRETARIA GENERAL DE GOBIERNO,1,REGLAMENTO INTERIOR DE LA SECRETARIA DE ADMINISTRACION POLITICAS DE RECURSOS HUMANOS LEY DEL SERVICIO CIVIL DEL ESTADO DE NUEVO LEON ESTATUTO DE PROFESIONALIZACION PARA EL SERVICIO PUBLICO DEL ESTADO DE NUEVO LEON,,1,1,1,1,1,1,1,1,,1,1,
19,19,11,SECRETARIA DE PARTICIPACION CIUDADANA,1,REGLAMENTO INTERIOR DE LA SECRETARIA DE ADMINISTRACION POLITICAS DE RECURSOS HUMANOS LEY DEL SERVICIO CIVIL DEL ESTADO DE NUEVO LEON ESTATUTO DE PROFESIONALIZACION PARA EL SERVICIO PUBLICO DEL ESTADO DE NUEVO LEON,,1,1,1,1,1,1,1,1,,1,1,
19,19,12,SECRETARIA DE FINANZAS Y TESORERIA GENERAL DEL ESTADO,1,REGLAMENTO INTERIOR DE LA SECRETARIA DE ADMINISTRACION POLITICAS DE RECURSOS HUMANOS LEY DEL SERVICIO CIVIL DEL ESTADO DE NUEVO LEON ESTATUTO DE PROFESIONALIZACION PARA EL SERVICIO PUBLICO DEL ESTADO DE NUEVO LEON,,1,1,1,1,1,1,1,1,,1,1,
19,19,13,SECRETARIA DE ADMINISTRACION,1,REGLAMENTO INTERIOR DE LA SECRETARIA DE ADMINISTRACION POLITICAS DE RECURSOS HUMANOS LEY DEL SERVICIO CIVIL DEL ESTADO DE NUEVO LEON ESTATUTO DE PROFESIONALIZACION PARA EL SERVICIO PUBLICO DEL ESTADO DE NUEVO LEON,,1,1,1,1,1,1,1,1,,1,1,
19,19,14,CONTRALORIA Y TRANSPARENCIA GUBERNAMENTAL,1,REGLAMENTO INTERIOR DE LA SECRETARIA DE ADMINISTRACION POLITICAS DE RECURSOS HUMANOS LEY DEL SERVICIO CIVIL DEL ESTADO DE NUEVO LEON ESTATUTO DE PROFESIONALIZACION PARA EL SERVICIO PUBLICO DEL ESTADO DE NUEVO LEON,,1,1,1,1,1,1,1,1,,1,1,
19,19,15,SECRETARIA DE SEGURIDAD,1,REGLAMENTO INTERIOR DE LA SECRETARIA DE ADMINISTRACION POLITICAS DE RECURSOS HUMANOS LEY DEL SERVICIO CIVIL DEL ESTADO DE NUEVO LEON ESTATUTO DE PROFESIONALIZACION PARA EL SERVICIO PUBLICO DEL ESTADO DE NUEVO LEON,,1,1,1,1,1,1,1,1,,1,1,
19,19,16,SECRETARIA DE ECONOMIA,1,REGLAMENTO INTERIOR DE LA SECRETARIA DE ADMINISTRACION POLITICAS DE RECURSOS HUMANOS LEY DEL SERVICIO CIVIL DEL ESTADO DE NUEVO LEON ESTATUTO DE PROFESIONALIZACION PARA EL SERVICIO PUBLICO DEL ESTADO DE NUEVO LEON,,1,1,1,1,1,1,1,1,,1,1,
19,19,17,SECRETARIA DEL TRABAJO,1,REGLAMENTO INTERIOR DE LA SECRETARIA DE ADMINISTRACION POLITICAS DE RECURSOS HUMANOS LEY DEL SERVICIO CIVIL DEL ESTADO DE NUEVO LEON ESTATUTO DE PROFESIONALIZACION PARA EL SERVICIO PUBLICO DEL ESTADO DE NUEVO LEON,,1,1,1,1,1,1,1,1,,1,1,
19,19,18,SECRETARIA DE DESARROLLO REGIONAL Y AGROPECUARIO,1,REGLAMENTO INTERIOR DE LA SECRETARIA DE ADMINISTRACION POLITICAS DE RECURSOS HUMANOS LEY DEL SERVICIO CIVIL DEL ESTADO DE NUEVO LEON ESTATUTO DE PROFESIONALIZACION PARA EL SERVICIO PUBLICO DEL ESTADO DE NUEVO LEON,,1,1,1,1,1,1,1,1,,1,1,
19,19,19,SECRETARIA DE MOVILIDAD Y PLANEACION URBANA,1,REGLAMENTO INTERIOR DE LA SECRETARIA DE ADMINISTRACION POLITICAS DE RECURSOS HUMANOS LEY DEL SERVICIO CIVIL DEL ESTADO DE NUEVO LEON ESTATUTO DE PROFESIONALIZACION PARA EL SERVICIO PUBLICO DEL ESTADO DE NUEVO LEON,,1,1,1,1,1,1,1,1,,1,1,
19,19,20,SECRETARIA DE TURISMO,1,REGLAMENTO INTERIOR DE LA SECRETARIA DE ADMINISTRACION POLITICAS DE RECURSOS HUMANOS LEY DEL SERVICIO CIVIL DEL ESTADO DE NUEVO LEON ESTATUTO DE PROFESIONALIZACION PARA EL SERVICIO PUBLICO DEL ESTADO DE NUEVO LEON,,1,1,1,1,1,1,1,1,,1,1,
19,19,21,SECRETARIA DE MEDIO AMBIENTE,1,REGLAMENTO INTERIOR DE LA SECRETARIA DE ADMINISTRACION POLITICAS DE RECURSOS HUMANOS LEY DEL SERVICIO CIVIL DEL ESTADO DE NUEVO LEON ESTATUTO DE PROFESIONALIZACION PARA EL SERVICIO PUBLICO DEL ESTADO DE NUEVO LEON,,1,1,1,1,1,1,1,1,,1,1,
19,19,22,SECRETARIA DE IGUALDAD E INCLUSION,1,REGLAMENTO INTERIOR DE LA SECRETARIA DE ADMINISTRACION POLITICAS DE RECURSOS HUMANOS LEY DEL SERVICIO CIVIL DEL ESTADO DE NUEVO LEON ESTATUTO DE PROFESIONALIZACION PARA EL SERVICIO PUBLICO DEL ESTADO DE NUEVO LEON,,1,1,1,1,1,1,1,1,,1,1,
19,19,23,SECRETARIA DE EDUCACION,1,REGLAMENTO INTERIOR DE LA SECRETARIA DE ADMINISTRACION POLITICAS DE RECURSOS HUMANOS LEY DEL SERVICIO CIVIL DEL ESTADO DE NUEVO LEON ESTATUTO DE PROFESIONALIZACION PARA EL SERVICIO PUBLICO DEL ESTADO DE NUEVO LEON,,1,1,1,1,1,1,1,1,,1,1,
19,19,24,SECRETARIA DE SALUD,1,REGLAMENTO INTERIOR DE LA SECRETARIA DE ADMINISTRACION POLITICAS DE RECURSOS HUMANOS LEY DEL SERVICIO CIVIL DEL ESTADO DE NUEVO LEON ESTATUTO DE PROFESIONALIZACION PARA EL SERVICIO PUBLICO DEL ESTADO DE NUEVO LEON,,1,1,1,1,1,1,1,1,,1,1,
19,19,25,SECRETARIA DE LAS MUJERES,1,REGLAMENTO INTERIOR DE LA SECRETARIA DE ADMINISTRACION POLITICAS DE RECURSOS HUMANOS LEY DEL SERVICIO CIVIL DEL ESTADO DE NUEVO LEON ESTATUTO DE PROFESIONALIZACION PARA EL SERVICIO PUBLICO DEL ESTADO DE NUEVO LEON,,1,1,1,1,1,1,1,1,,1,1,
19,19,26,SECRETARIA DE CULTURA,1,REGLAMENTO INTERIOR DE LA SECRETARIA DE ADMINISTRACION POLITICAS DE RECURSOS HUMANOS LEY DEL SERVICIO CIVIL DEL ESTADO DE NUEVO LEON ESTATUTO DE PROFESIONALIZACION PARA EL SERVICIO PUBLICO DEL ESTADO DE NUEVO LEON,,1,1,1,1,1,1,1,1,,1,1,
19,19,27,JUNTA LOCAL DE CONCILIACION Y ARBITRAJE,1,REGLAMENTO INTERIOR DE LA SECRETARIA DE ADMINISTRACION POLITICAS DE RECURSOS HUMANOS LEY DEL SERVICIO CIVIL DEL ESTADO DE NUEVO LEON ESTATUTO DE PROFESIONALIZACION PARA EL SERVICIO PUBLICO DEL ESTADO DE NUEVO LEON,,1,1,1,1,1,1,1,1,,1,1,
19,19,28,TRIBUNAL DE JUSTICIA ADMINISTRATIVA,1,REGLAMENTO INTERIOR DE LA SECRETARIA DE ADMINISTRACION POLITICAS DE RECURSOS HUMANOS LEY DEL SERVICIO CIVIL DEL ESTADO DE NUEVO LEON ESTATUTO DE PROFESIONALIZACION PARA EL SERVICIO PUBLICO DEL ESTADO DE NUEVO LEON,,1,1,1,1,1,1,1,1,,1,1,
19,19,29,TRIBUNAL DE ARBITRAJE,1,REGLAMENTO INTERIOR DE LA SECRETARIA DE ADMINISTRACION POLITICAS DE RECURSOS HUMANOS LEY DEL SERVICIO CIVIL DEL ESTADO DE NUEVO LEON ESTATUTO DE PROFESIONALIZACION PARA EL SERVICIO PUBLICO DEL ESTADO DE NUEVO LEON,,1,1,1,1,1,1,1,1,,1,1,
19,19,30,CENTRO DE CONCILIACION LABORAL DEL ESTADO DE NUEVO LEON,2,NO APLICA,NA,NA,NA,NA,NA,NA,NA,NA,NA,NA,NA,NA,NA
19,19,31,COLEGIO DE BACHILLERES MILITARIZADO GENERAL MARIANO ESCOBEDO,1,NO APLICA,,1,,,1,,,1,,1,,,
19,19,32,COLEGIO DE EDUCACION PROFESIONAL TECNICA DE NUEVO LEON,2,NO APLICA,NA,NA,NA,NA,NA,NA,NA,NA,NA,NA,NA,NA,NA
19,19,33,COLEGIO DE ESTUDIOS CIENTIFICOS Y TECNOLOGICOS,1,NO APLICA,,,,,,1,,1,1,1,,,
19,19,34,CONSEJO ESTATAL PARA LA PROMOCION DE VALORES Y CULTURA DE LA LEGALIDAD,2,NO APLICA,NA,NA,NA,NA,NA,NA,NA,NA,NA,NA,NA,NA,NA
19,19,35,CONSEJO PARA LA CULTURA Y LAS ARTES,2,NO APLICA,NA,NA,NA,NA,NA,NA,NA,NA,NA,NA,NA,NA,NA
19,19,36,CORPORACION PARA EL DESARROLLO TURISTICO DE NUEVO LEON,2,NO APLICA,NA,NA,NA,NA,NA,NA,NA,NA,NA,NA,NA,NA,NA
19,19,37,FIDEICOMISO FESTIVAL INTERNACIONAL DE SANTA LUCIA,1,MANUAL DE ORGANIZACION Y MANUAL DE PROCEDIMIENTOS,1,1,,1,1,,1,,1,1,,,
19,19,38,FIDEICOMISO FONDO DE APOYO PARA LA CREACION Y CONSOLIDACION DEL EMPLEO PRODUCTIVO EN EL ESTADO DE NUEVO LEON,2,NO APLICA,NA,NA,NA,NA,NA,NA,NA,NA,NA,NA,NA,NA,NA
19,19,39,FIDEICOMISO FONDO EDITORIAL DE NUEVO LEON,2,NO APLICA,NA,NA,NA,NA,NA,NA,NA,NA,NA,NA,NA,NA,NA
19,19,40,FIDEICOMISO PARA EL DESARROLLO DE LA ZONA CITRICOLA,2,NO APLICA,NA,NA,NA,NA,NA,NA,NA,NA,NA,NA,NA,NA,NA
19,19,41,FIDEICOMISO PARA EL DESARROLLO DEL SUR DEL ESTADO DE NUEVO LEON,2,NO APLICA,NA,NA,NA,NA,NA,NA,NA,NA,NA,NA,NA,NA,NA
19,19,42,FIDEICOMISO PARA LA REORDENACION COMERCIAL,2,NO APLICA,NA,NA,NA,NA,NA,NA,NA,NA,NA,NA,NA,NA,NA
19,19,43,FIDEICOMISO PROMOTOR DE PROYECTOS ESTRATEGICOS URBANOS,1,MANUAL DE ORGANIZACION DE FIDEPROES,,,,,,,,1,,,,,
19,19,44,FIDEICOMISO SISTEMA INTEGRAL DE TRANSITO METROPOLITANO,2,NO APLICA,NA,NA,NA,NA,NA,NA,NA,NA,NA,NA,NA,NA,NA
19,19,45,FIDEICOMISO TURISMO NUEVO LEON,2,NO APLICA,NA,NA,NA,NA,NA,NA,NA,NA,NA,NA,NA,NA,NA
19,19,46,FIDEICOMISO VIDA SILVESTRE DE NUEVO LEON,2,NO APLICA,NA,NA,NA,NA,NA,NA,NA,NA,NA,NA,NA,NA,NA
19,19,47,FOMENTO METROPOLITANO DE MONTERREY,2,NO APLICA,NA,NA,NA,NA,NA,NA,NA,NA,NA,NA,NA,NA,NA
19,19,48,INSTITUTO CONSTRUCTOR DE INFRAESTRUCTURA FISICA EDUCATIVA Y DEPORTIVA DE NUEVO LEON,1,PROGRAMA MAESTRO DE CAPACITACION,,1,,,1,1,,1,1,1,,,
19,19,49,INSTITUTO DE CAPACITACION Y EDUCACION PARA EL TRABAJO,1,EXPEDIENTE DE COMPETENCIA,,1,,1,1,1,,,1,1,,,
19,19,50,INSTITUTO DE CONTROL VEHICULAR,1,NO APLICA,1,1,1,,1,,,,1,,1,,
19,19,51,INSTITUTO DE DEFENSORIA PUBLICA DE NUEVO LEON,1,LEY DE DEFENSORIA PUBLICA DE NUEVO LEON ARTICULO 21 FRACCION IX XVI ARTICULO 56 DEL REGLAMENTO DE LA LEY DEL INSTITUTO DE DEFENSORIA PUBLICA DE NUEVO LEON,,1,,,,,1,1,1,,,,
19,19,52,INSTITUTO DE INNOVACION Y TRANSFERENCIA DE TECNOLOGIA,2,NO APLICA,NA,NA,NA,NA,NA,NA,NA,NA,NA,NA,NA,NA,NA
19,19,53,INSTITUTO DE INVESTIGACION INNOVACION Y ESTUDIOS DE POSGRADO PARA LA EDUCACION DE NUEVO LEON,2,NO APLICA,NA,NA,NA,NA,NA,NA,NA,NA,NA,NA,NA,NA,NA
19,19,54,INSTITUTO DE LA VIVIENDA DE NUEVO LEON,2,NO APLICA,NA,NA,NA,NA,NA,NA,NA,NA,NA,NA,NA,NA,NA
19,19,55,INSTITUTO DE MOVILIDAD Y ACCESIBILIDAD DEL ESTADO DE NUEVO LEON,2,NO APLICA,NA,NA,NA,NA,NA,NA,NA,NA,NA,NA,NA,NA,NA
19,19,56,INSTITUTO DE SEGURIDAD Y SERVICIOS SOCIALES DE LOS TRABAJADORES DEL ESTADO DE NUEVO LEON,1,REGLAMENTO PARA EL GOBIERNO INTERIOR DEL ISSSTELEON Y POLITICAS DE RECURSOS HUMANOS,,1,1,,1,1,1,1,1,1,,,
19,19,57,INSTITUTO DEL AGUA DEL ESTADO DE NUEVO LEON,2,NO APLICA,NA,NA,NA,NA,NA,NA,NA,NA,NA,NA,NA,NA,NA
19,19,58,INSTITUTO ESTATAL DE CULTURA FISICA Y DEPORTE,2,NO APLICA,NA,NA,NA,NA,NA,NA,NA,NA,NA,NA,NA,NA,NA
19,19,59,INSTITUTO ESTATAL DE LA JUVENTUD,2,NO APLICA,NA,NA,NA,NA,NA,NA,NA,NA,NA,NA,NA,NA,NA
19,19,60,INSTITUTO ESTATAL DE LAS MUJERES,1,RECURSOS HUMANOS INSTITUTO DE PROFESIONALIZACION,1,,1,,,,,1,,,,,
19,19,61,INSTITUTO ESTATAL DE LAS PERSONAS ADULTAS MAYORES,1,REGLAMENTO INTERIOR DEL ORGANISMO PUBLICO DESCENTRALIZADO DENOMINADO INSTITUTO ESTATAL DE LAS PERSONAS ADULTAS MAYORES,,,,,1,,,1,1,1,,,
19,19,62,INSTITUTO ESTATAL DE SEGURIDAD PUBLICA,1,PLAN ESTATAL DE DESARROLLO,1,,,,1,,,,1,,,,
19,19,63,INSTITUTO REGISTRAL Y CATASTRAL DEL ESTADO DE NUEVO LEON,1,DECRETO QUE ESTABLECE EL ESTATUTO DE PROFESIONALIZACION PARA EL SERVICIO PUBLICO DEL ESTADO DE NUEVO LEON,1,,,,1,,,,1,,,,
19,19,64,MUSEO DE HISTORIA MEXICANA,1,NO APLICA,,1,1,,1,1,,1,1,1,,1,
19,19,65,OPERADORA DE SERVICIOS TURISTICOS DE NUEVO LEON,2,NO APLICA,NA,NA,NA,NA,NA,NA,NA,NA,NA,NA,NA,NA,NA
19,19,66,PARQUE FUNDIDORA,2,NO APLICA,NA,NA,NA,NA,NA,NA,NA,NA,NA,NA,NA,NA,NA
19,19,67,PARQUES Y VIDA SILVESTRE DE NUEVO LEON,1,INSTITUTO DE PROFESIONALIZACION,,1,,1,1,1,,1,1,1,,,
19,19,68,PROMOTORA DE DESARROLLO RURAL,2,NO APLICA,NA,NA,NA,NA,NA,NA,NA,NA,NA,NA,NA,NA,NA
19,19,69,SECRETARIA EJECUTIVA DEL SISTEMA ESTATAL ANTICORRUPCION,2,NO APLICA,NA,NA,NA,NA,NA,NA,NA,NA,NA,NA,NA,NA,NA
19,19,70,SERVICIOS DE AGUA Y DRENAJE DE MONTERREY,1,SE ATENDIA POR INDICACIONES DE LA DIRECCION GENERAL ESDE LA ADMINISTRACION ANTERIOR DANDO SEGUIMIENTO A PROGRAMAS DE DESARROLLO DEL PERSONAL Y AL PROGRAMA DE ESCUELA DEL AGUA DE LA COMISION NACIONAL DEL AGUA LA REGULARIZACION ESTABA EN PROCESO AL PONER UN PROCEDIMIENTO DE PROFESIONALIZACION,,,,,,,,,1,,,,
19,19,71,SERVICIOS DE SALUD,1,CONVOCATORIA ANUAL DE PROFESIONALIZACION PARA PERSONAL DE ENFERMERIA TRABAJO SOCIAL Y TERAPIA FISICA,,1,,,,,,1,1,,1,,
19,19,72,SISTEMA DE CAMINOS,1,DECRETO QUE ESTABLECE EL ESTATUTO DE PROFESIONALIZACION PARA EL SERVICIO PUBLICO DEL ESTADO DE NUEVO LEON EMITIDO POR EL TITULAR DEL EJECUTIVO DEL ESTADO PUBLICADO EN PERIODICO OFICIAL DEL 22 DE AGOSTO DE 2007,,1,1,1,1,1,1,,1,1,1,1,
19,19,73,SISTEMA DE RADIO Y TELEVISION DE NUEVO LEON,1,INSTITUTO DE PROFESIONALIZACION PARA EL SERVICIO PUBLICO DEL ESTADO DE NUEVO LEON,,1,1,,1,1,,,1,1,,,
19,19,74,SISTEMA DE TRANSPORTE COLECTIVO METRORREY,2,NO APLICA,NA,NA,NA,NA,NA,NA,NA,NA,NA,NA,NA,NA,NA
19,19,75,SISTEMA INTEGRAL PARA EL MANEJO ECOLOGICO Y PROCESAMIENTO DE DESECHOS,1,REGLAMENTO INTERIOR DEL SISTEMA INTEGRAL PARA EL MANEJO ECOLOGICO Y PROCESAMIENTO DE DESECHOS (SIMEPRODE) Y MANUAL DE ORGANIZACION,,1,1,1,1,,,1,1,1,,,
19,19,76,SISTEMA PARA EL DESARROLLO INTEGRAL DE LA FAMILIA,1,MANUAL DE RECLUTAMIENTO Y SELECCION,,1,1,1,1,,,,,,,1,
19,19,77,UNIDAD DE INTEGRACION EDUCATIVA,1,ACUERDOS SOBRE 1) ADMISION EN EDUCACION BASICA 2) SUPERVISION EN EDUCACION BASICA 3) PROMOCION A HORAS ADICIONALES EN EDUCACION BASICA 4) PROCESOS DE RECONOCIMIENTO 5) INCENTIVOS EN EDUCACION BASICA 2022 6) PROGRAMA PARA EL DESARROLLO PROFESIONAL DOCENTE PARA EL EJERCICIO FISCAL 2022,,1,,,1,,1,,1,,,,
19,19,78,UNIVERSIDAD DE CIENCIAS DE LA SEGURIDAD,2,NO APLICA,NA,NA,NA,NA,NA,NA,NA,NA,NA,NA,NA,NA,NA
19,19,79,UNIVERSIDAD POLITECNICA DE APODACA,1,NO APLICA,,,,1,1,1,,1,1,,,,
19,19,80,UNIVERSIDAD POLITECNICA DE GARCIA,2,NO APLICA,NA,NA,NA,NA,NA,NA,NA,NA,NA,NA,NA,NA,NA
19,19,81,UNIVERSIDAD TECNOLOGICA BILINGUE FRANCO MEXICANA DE NUEVO LEON,2,NO APLICA,NA,NA,NA,NA,NA,NA,NA,NA,NA,NA,NA,NA,NA
19,19,82,UNIVERSIDAD TECNOLOGICA CADEREYTA,1,INSTITUTO DE CONTRATACION,,1,,,1,,,1,1,,,,
19,19,83,UNIVERSIDAD TECNOLOGICA GENERAL MARIANO ESCOBEDO,1,SISTEMA DE GESTION DE CALIDAD,,1,,,1,1,1,1,1,1,1,,
19,19,84,UNIVERSIDAD TECNOLOGICA LINARES,2,NO APLICA,NA,NA,NA,NA,NA,NA,NA,NA,NA,NA,NA,NA,NA
19,19,85,UNIVERSIDAD TECNOLOGICA SANTA CATARINA,1,REGLAMENTO DE INGRESO PROMOCION Y PERMANENCIA DEL PERSONAL ACADEMICO,,1,,,1,,,,1,,,1,
19,19,86,CORPORACION PARA EL DESARROLLO DE LA ZONA FRONTERIZA DE NUEVO LEON,2,NO APLICA,NA,NA,NA,NA,NA,NA,NA,NA,NA,NA,NA,NA,NA
19,19,87,FIDEICOMISO FONDO PARA LA VIVIENDA DE LOS TRABAJADORES DE LA EDUCACION FOVILEON EDUCACION,2,NO APLICA,NA,NA,NA,NA,NA,NA,NA,NA,NA,NA,NA,NA,NA
19,19,88,FIDEICOMISO FONDO PARA LA VIVIENDA DE LOS TRABAJADORES DEL ESTADO FOVILEON SERVIDORES PUBLICOS,2,NO APLICA,NA,NA,NA,NA,NA,NA,NA,NA,NA,NA,NA,NA,NA
19,19,89,FIDEICOMISO ZARAGOZA,2,NO APLICA,NA,NA,NA,NA,NA,NA,NA,NA,NA,NA,NA,NA,NA
19,19,90,RED ESTATAL DE AUTOPISTAS DE NUEVO LEON,2,NO APLICA,NA,NA,NA,NA,NA,NA,NA,NA,NA,NA,NA,NA,NA
20,20,1,GUBERNATURA,9,NO IDENTIFICADO,NSS,NSS,NSS,NSS,NSS,NSS,NSS,NSS,NSS,NSS,NSS,NSS,NSS
20,20,2,SECRETARIA DE GOBIERNO,9,NO IDENTIFICADO,NSS,NSS,NSS,NSS,NSS,NSS,NSS,NSS,NSS,NSS,NSS,NSS,NSS
20,20,3,SECRETARIA DE SEGURIDAD Y PROTECCION CIUDADANA,9,NO IDENTIFICADO,NSS,NSS,NSS,NSS,NSS,NSS,NSS,NSS,NSS,NSS,NSS,NSS,NSS
20,20,4,SECRETARIA DE INFRAESTRUCTURAS Y COMUNICACIONES,9,NO IDENTIFICADO,NSS,NSS,NSS,NSS,NSS,NSS,NSS,NSS,NSS,NSS,NSS,NSS,NSS
20,20,5,SECRETARIA DE TURISMO,9,NO IDENTIFICADO,NSS,NSS,NSS,NSS,NSS,NSS,NSS,NSS,NSS,NSS,NSS,NSS,NSS
20,20,6,SECRETARIA DE DESARROLLO ECONOMICO,9,NO IDENTIFICADO,NSS,NSS,NSS,NSS,NSS,NSS,NSS,NSS,NSS,NSS,NSS,NSS,NSS
20,20,7,SECRETARIA DE MOVILIDAD,9,NO IDENTIFICADO,NSS,NSS,NSS,NSS,NSS,NSS,NSS,NSS,NSS,NSS,NSS,NSS,NSS
20,20,8,SECRETARIA DE LAS CULTURAS Y ARTES,9,NO IDENTIFICADO,NSS,NSS,NSS,NSS,NSS,NSS,NSS,NSS,NSS,NSS,NSS,NSS,NSS
20,20,9,SECRETARIA DE BIENESTAR TEQUIO E INCLUSION,9,NO IDENTIFICADO,NSS,NSS,NSS,NSS,NSS,NSS,NSS,NSS,NSS,NSS,NSS,NSS,NSS
20,20,10,SECRETARIA DE INTERCULTURALIDAD PUEBLOS Y COMUNIDADES INDIGENAS Y AFROMEXICANAS,9,NO IDENTIFICADO,NSS,NSS,NSS,NSS,NSS,NSS,NSS,NSS,NSS,NSS,NSS,NSS,NSS
20,20,11,SECRETARIA DE FOMENTO AGROALIMENTARIO Y DESARROLLO RURAL,9,NO IDENTIFICADO,NSS,NSS,NSS,NSS,NSS,NSS,NSS,NSS,NSS,NSS,NSS,NSS,NSS
20,20,12,SECRETARIA DE FINANZAS,9,NO IDENTIFICADO,NSS,NSS,NSS,NSS,NSS,NSS,NSS,NSS,NSS,NSS,NSS,NSS,NSS
20,20,13,SECRETARIA DE ADMINISTRACION,1,UNIDAD DE DESARROLLO PROFESIONAL,1,1,,1,1,,,1,1,1,,,
20,20,14,SECRETARIA DE MEDIO AMBIENTE BIODIVERSIDAD ENERGIAS Y SOSTENIBILIDAD,9,NO IDENTIFICADO,NSS,NSS,NSS,NSS,NSS,NSS,NSS,NSS,NSS,NSS,NSS,NSS,NSS
20,20,15,SECRETARIA DE LAS MUJERES,9,NO IDENTIFICADO,NSS,NSS,NSS,NSS,NSS,NSS,NSS,NSS,NSS,NSS,NSS,NSS,NSS
20,20,16,SECRETARIADO EJECUTIVO DEL SISTEMA ESTATAL DE SEGURIDAD PUBLICA,9,NO IDENTIFICADO,NSS,NSS,NSS,NSS,NSS,NSS,NSS,NSS,NSS,NSS,NSS,NSS,NSS
20,20,17,SECRETARIA DE HONESTIDAD TRANSPARENCIA Y FUNCION PUBLICA,9,NO IDENTIFICADO,NSS,NSS,NSS,NSS,NSS,NSS,NSS,NSS,NSS,NSS,NSS,NSS,NSS
20,20,18,CONSEJERIA JURIDICA Y ASISTENCIA LEGAL DEL ESTADO,9,NO IDENTIFICADO,NSS,NSS,NSS,NSS,NSS,NSS,NSS,NSS,NSS,NSS,NSS,NSS,NSS
20,20,19,COORDINACION GENERAL DE EDUCACION MEDIA SUPERIOR Y SUPERIOR CIENCIA Y TECNOLOGIA,9,NO IDENTIFICADO,NSS,NSS,NSS,NSS,NSS,NSS,NSS,NSS,NSS,NSS,NSS,NSS,NSS
20,20,20,COORDINACION DE COMUNICACION SOCIAL,9,NO IDENTIFICADO,NSS,NSS,NSS,NSS,NSS,NSS,NSS,NSS,NSS,NSS,NSS,NSS,NSS
20,20,21,COORDINACION PARA LA ATENCION DE LOS DERECHOS HUMANOS,9,NO IDENTIFICADO,NSS,NSS,NSS,NSS,NSS,NSS,NSS,NSS,NSS,NSS,NSS,NSS,NSS
20,20,22,INSTITUTO DE PLANEACION PARA EL BIENESTAR,9,NO IDENTIFICADO,NSS,NSS,NSS,NSS,NSS,NSS,NSS,NSS,NSS,NSS,NSS,NSS,NSS
20,20,23,CAMINOS BIENESTAR,2,NO APLICA,NA,NA,NA,NA,NA,NA,NA,NA,NA,NA,NA,NA,NA
20,20,24,CASA DE LA CULTURA OAXAQUEÑA,9,NO IDENTIFICADO,NSS,NSS,NSS,NSS,NSS,NSS,NSS,NSS,NSS,NSS,NSS,NSS,NSS
20,20,25,CENTRO DE LAS ARTES DE SAN AGUSTIN,3,NO APLICA,NA,NA,NA,NA,NA,NA,NA,NA,NA,NA,NA,NA,NA
20,20,26,COLEGIO DE BACHILLERES DEL ESTADO DE OAXACA,1,CONTRATO COLECTIVO DE TRABAJO,,,,,,,,,1,,,,
20,20,27,COLEGIO DE ESTUDIOS CIENTIFICOS Y TECNOLOGICOS DEL ESTADO DE OAXACA,2,NO APLICA,NA,NA,NA,NA,NA,NA,NA,NA,NA,NA,NA,NA,NA
20,20,28,COLEGIO SUPERIOR PARA LA EDUCACION INTEGRAL INTERCULTURAL DE OAXACA,1,CONTRATO COLECTIVO DE TRABAJO,,,,,,,,,1,,,,
20,20,29,INSTITUTO DEL DEPORTE,3,NO APLICA,NA,NA,NA,NA,NA,NA,NA,NA,NA,NA,NA,NA,NA
20,20,30,VIVIENDA BIENESTAR,9,NO IDENTIFICADO,NSS,NSS,NSS,NSS,NSS,NSS,NSS,NSS,NSS,NSS,NSS,NSS,NSS
20,20,31,COMISION ESTATAL DEL AGUA BIENESTAR,1,REGLAMENTO INTERNO DE LA COMISION ESTATAL DEL AGUA BIENESTAR,,,,,,,,,1,,,,
20,20,32,COMISION ESTATAL FORESTAL,2,NO APLICA,NA,NA,NA,NA,NA,NA,NA,NA,NA,NA,NA,NA,NA
20,20,33,COMISION ESTATAL PARA LA PLANEACION DE LA EDUCACION SUPERIOR EN EL ESTADO DE OAXACA,9,NO IDENTIFICADO,NSS,NSS,NSS,NSS,NSS,NSS,NSS,NSS,NSS,NSS,NSS,NSS,NSS
20,20,34,COMISION ESTATAL PARA LA PLANEACION Y PROGRAMACION DE LA EDUCACION MEDIA SUPERIOR DEL ESTADO DE OAXACA,9,NO IDENTIFICADO,NSS,NSS,NSS,NSS,NSS,NSS,NSS,NSS,NSS,NSS,NSS,NSS,NSS
20,20,35,COMISION PARA LA REGULARIZACION DE LA TENENCIA DE LA TIERRA URBANA DEL ESTADO DE OAXACA,9,NO IDENTIFICADO,NSS,NSS,NSS,NSS,NSS,NSS,NSS,NSS,NSS,NSS,NSS,NSS,NSS
20,20,36,CONSEJO ESTATAL PARA LA PREVENCION Y CONTROL DEL SIDA,3,NO APLICA,NA,NA,NA,NA,NA,NA,NA,NA,NA,NA,NA,NA,NA
20,20,37,CONSEJO OAXAQUEÑO DE CIENCIA TECNOLOGIA E INNOVACION,9,NO IDENTIFICADO,NSS,NSS,NSS,NSS,NSS,NSS,NSS,NSS,NSS,NSS,NSS,NSS,NSS
20,20,38,COORDINACION ESTATAL DE PROTECCION CIVIL Y GESTION DE RIESGOS,9,NO IDENTIFICADO,NSS,NSS,NSS,NSS,NSS,NSS,NSS,NSS,NSS,NSS,NSS,NSS,NSS
20,20,39,CORPORACION OAXAQUEÑA DE RADIO Y TELEVISION,3,NO APLICA,NA,NA,NA,NA,NA,NA,NA,NA,NA,NA,NA,NA,NA
20,20,40,DIRECCION GENERAL DE POBLACION DE OAXACA,9,NO IDENTIFICADO,NSS,NSS,NSS,NSS,NSS,NSS,NSS,NSS,NSS,NSS,NSS,NSS,NSS
20,20,41,HOSPITAL DE LA NIÑEZ OAXAQUEÑA,3,NO APLICA,NA,NA,NA,NA,NA,NA,NA,NA,NA,NA,NA,NA,NA
20,20,42,INSTITUTO DE CAPACITACION Y PRODUCTIVIDAD PARA EL TRABAJO DEL ESTADO DE OAXACA,9,NO IDENTIFICADO,NSS,NSS,NSS,NSS,NSS,NSS,NSS,NSS,NSS,NSS,NSS,NSS,NSS
20,20,43,INSTITUTO DE ESTUDIOS DE BACHILLERATO DEL ESTADO DE OAXACA,9,NO IDENTIFICADO,NSS,NSS,NSS,NSS,NSS,NSS,NSS,NSS,NSS,NSS,NSS,NSS,NSS
20,20,44,INSTITUTO DE LA JUVENTUD DEL ESTADO DE OAXACA,3,NO APLICA,NA,NA,NA,NA,NA,NA,NA,NA,NA,NA,NA,NA,NA
20,20,45,INSTITUTO DEL PATRIMONIO CULTURAL DEL ESTADO DE OAXACA,9,NO IDENTIFICADO,NSS,NSS,NSS,NSS,NSS,NSS,NSS,NSS,NSS,NSS,NSS,NSS,NSS
20,20,46,INSTITUTO ESTATAL DE EDUCACION PUBLICA DE OAXACA,9,NO IDENTIFICADO,NSS,NSS,NSS,NSS,NSS,NSS,NSS,NSS,NSS,NSS,NSS,NSS,NSS
20,20,47,INSTITUTO ESTATAL DE EDUCACION PARA ADULTOS,9,NO IDENTIFICADO,NSS,NSS,NSS,NSS,NSS,NSS,NSS,NSS,NSS,NSS,NSS,NSS,NSS
20,20,48,INSTITUTO OAXAQUEÑO CONSTRUCTOR DE INFRAESTRUCTURA EDUCATIVA,2,NO APLICA,NA,NA,NA,NA,NA,NA,NA,NA,NA,NA,NA,NA,NA
20,20,49,INSTITUTO OAXAQUEÑO DE ATENCION AL MIGRANTE,9,NO IDENTIFICADO,NSS,NSS,NSS,NSS,NSS,NSS,NSS,NSS,NSS,NSS,NSS,NSS,NSS
20,20,50,INSTITUTO PARA EL FOMENTO Y LA PROTECCION DE LAS ARTESANIAS,9,NO IDENTIFICADO,NSS,NSS,NSS,NSS,NSS,NSS,NSS,NSS,NSS,NSS,NSS,NSS,NSS
20,20,51,INSTITUTO TECNOLOGICO SUPERIOR DE SAN MIGUEL EL GRANDE,3,NO APLICA,NA,NA,NA,NA,NA,NA,NA,NA,NA,NA,NA,NA,NA
20,20,52,INSTITUTO TECNOLOGICO SUPERIOR DE TEPOSCOLULA,9,NO IDENTIFICADO,NSS,NSS,NSS,NSS,NSS,NSS,NSS,NSS,NSS,NSS,NSS,NSS,NSS
20,20,53,NOVAUNIVERSITAS,1,MANUALES Y REGLAMENTOS,1,1,,,1,,,1,,,1,,
20,20,54,SERVICIOS DE AGUA POTABLE Y ALCANTARILLADO DE OAXACA,9,NO IDENTIFICADO,NSS,NSS,NSS,NSS,NSS,NSS,NSS,NSS,NSS,NSS,NSS,NSS,NSS
20,20,55,SISTEMA PARA EL DESARROLLO INTEGRAL DE LA FAMILIA DEL ESTADO DE OAXACA,1,REGLAMENTO INTERNO DEL SISTEMA PARA EL DESARROLLO INTEGRAL DE LA FAMIILIA DEL ESTADO DE OAXACA,,,,,,,,,1,,,,
20,20,56,UNIVERSIDAD DE CHALCATONGO,3,NO APLICA,NA,NA,NA,NA,NA,NA,NA,NA,NA,NA,NA,NA,NA
20,20,57,UNIVERSIDAD DE LA CAÑADA,3,NO APLICA,NA,NA,NA,NA,NA,NA,NA,NA,NA,NA,NA,NA,NA
20,20,58,UNIVERSIDAD DE LA COSTA,3,NO APLICA,NA,NA,NA,NA,NA,NA,NA,NA,NA,NA,NA,NA,NA
20,20,59,UNIVERSIDAD DE LA SIERRA JUAREZ,3,NO APLICA,NA,NA,NA,NA,NA,NA,NA,NA,NA,NA,NA,NA,NA
20,20,60,UNIVERSIDAD DE LA SIERRA SUR,3,NO APLICA,NA,NA,NA,NA,NA,NA,NA,NA,NA,NA,NA,NA,NA
20,20,61,UNIVERSIDAD DEL ISTMO,3,NO APLICA,NA,NA,NA,NA,NA,NA,NA,NA,NA,NA,NA,NA,NA
20,20,62,UNIVERSIDAD DEL MAR,3,NO APLICA,NA,NA,NA,NA,NA,NA,NA,NA,NA,NA,NA,NA,NA
20,20,63,UNIVERSIDAD DEL PAPALOAPAN,3,NO APLICA,NA,NA,NA,NA,NA,NA,NA,NA,NA,NA,NA,NA,NA
20,20,64,UNIVERSIDAD TECNOLOGICA DE LA MIXTECA,1,REGLAMENTO INTERIOR DE TRABAJO,,,,1,1,,,,1,1,1,,
20,20,65,UNIVERSIDAD TECNOLOGICA DE LA SIERRA SUR DE OAXACA,1,NORMA ISO 90012015 Y MANUAL DE PROCEDIMIENTOS DE LA NORMA ISO 90012015 DE LA UNIVERSIDAD TECNOLOGICA DE LA SIERRA SUR DE OAXACA,,,,,,,,,1,,,,
20,20,66,UNIVERSIDAD TECNOLOGICA DE LOS VALLES CENTRALES DE OAXACA,3,NO APLICA,NA,NA,NA,NA,NA,NA,NA,NA,NA,NA,NA,NA,NA
20,20,67,UNIVERSIDAD POLITECNICA DE NOCHIXTLAN ABRAHAM CASTELLANOS,3,NO APLICA,NA,NA,NA,NA,NA,NA,NA,NA,NA,NA,NA,NA,NA
20,20,68,DEFENSORIA PUBLICA DEL ESTADO DE OAXACA,9,NO IDENTIFICADO,NSS,NSS,NSS,NSS,NSS,NSS,NSS,NSS,NSS,NSS,NSS,NSS,NSS
20,20,69,INSTITUTO OAXAQUEÑO DEL EMPRENDEDOR Y LA COMPETITIVIDAD,3,NO APLICA,NA,NA,NA,NA,NA,NA,NA,NA,NA,NA,NA,NA,NA
20,20,70,INSTITUTO DE LA FUNCION REGISTRAL DEL ESTADO DE OAXACA,3,NO APLICA,NA,NA,NA,NA,NA,NA,NA,NA,NA,NA,NA,NA,NA
20,20,71,FIDEICOMISO PARA EL DESARROLLO LOGISTICO DEL ESTADO DE OAXACA,9,NO IDENTIFICADO,NSS,NSS,NSS,NSS,NSS,NSS,NSS,NSS,NSS,NSS,NSS,NSS,NSS
20,20,72,FIDEICOMISO DE FOMENTO PARA EL ESTADO DE OAXACA,2,NO APLICA,NA,NA,NA,NA,NA,NA,NA,NA,NA,NA,NA,NA,NA
20,20,73,OFICINA DE CONVENCIONES Y VISITANTES DE OAXACA,9,NO IDENTIFICADO,NSS,NSS,NSS,NSS,NSS,NSS,NSS,NSS,NSS,NSS,NSS,NSS,NSS
20,20,74,OFICINA DE PENSIONES,2,NO APLICA,NA,NA,NA,NA,NA,NA,NA,NA,NA,NA,NA,NA,NA
20,20,75,SERVICIOS DE SALUD DE OAXACA,9,NO IDENTIFICADO,NSS,NSS,NSS,NSS,NSS,NSS,NSS,NSS,NSS,NSS,NSS,NSS,NSS
20,20,76,SECRETARIA EJECUTIVA DEL SISTEMA ESTATAL DE COMBATE A LA CORRUPCION,3,NO APLICA,NA,NA,NA,NA,NA,NA,NA,NA,NA,NA,NA,NA,NA
20,20,77,COORDINACION GENERAL DE ATENCION REGIONAL,9,NO IDENTIFICADO,NSS,NSS,NSS,NSS,NSS,NSS,NSS,NSS,NSS,NSS,NSS,NSS,NSS
20,20,78,COORDINACION GENERAL DE RELACIONES INTERNACIONALES,3,NO APLICA,NA,NA,NA,NA,NA,NA,NA,NA,NA,NA,NA,NA,NA
20,20,79,COORDINACION GENERAL DE ENLACE FEDERAL,2,NO APLICA,NA,NA,NA,NA,NA,NA,NA,NA,NA,NA,NA,NA,NA
20,20,80,SISTEMA DE TRANSPORTE COLECTIVO CITYBUS OAXACA,1,PRESUPUESTO DE EGRESOS,,,,,,,,1,,,,,
20,20,81,DIRECCION GENERAL DEL HANGAR OFICIAL DEL GOBIERNO DEL ESTADO DE OAXACA,3,NO APLICA,NA,NA,NA,NA,NA,NA,NA,NA,NA,NA,NA,NA,NA
20,20,82,CENTRO DE CONCILIACION LABORAL DEL ESTADO DE OAXACA,1,CAPACITACIONES,1,,,,,,,,1,,,,
20,20,83,ORGANISMO OPERADOR DE LOS RESIDUOS SOLIDOS,3,NO APLICA,NA,NA,NA,NA,NA,NA,NA,NA,NA,NA,NA,NA,NA
20,20,84,TELEBACHILLERATO COMUNITARIO DEL ESTADO DE OAXACA,1,NO SE SABE,1,,,,1,,,1,,,,,
20,20,85,PROCURADURIA DE PROTECCION AL MEDIO AMBIENTE,3,NO APLICA,NA,NA,NA,NA,NA,NA,NA,NA,NA,NA,NA,NA,NA
21,21,1,EJECUTIVO DEL ESTADO,0,NO APLICA,NA,NA,NA,NA,NA,NA,NA,NA,NA,NA,NA,NA,NA
21,21,2,SECRETARIA DE GOBERNACION,0,NO APLICA,NA,NA,NA,NA,NA,NA,NA,NA,NA,NA,NA,NA,NA
21,21,3,SECRETARIA DE PLANEACION Y FINANZAS,0,NO APLICA,NA,NA,NA,NA,NA,NA,NA,NA,NA,NA,NA,NA,NA
21,21,4,SECRETARIA DE ADMINISTRACION,0,NO APLICA,NA,NA,NA,NA,NA,NA,NA,NA,NA,NA,NA,NA,NA
21,21,5,SECRETARIA DE LA FUNCION PUBLICA,0,NO APLICA,NA,NA,NA,NA,NA,NA,NA,NA,NA,NA,NA,NA,NA
21,21,6,SECRETARIA DE TRABAJO,0,NO APLICA,NA,NA,NA,NA,NA,NA,NA,NA,NA,NA,NA,NA,NA
21,21,7,SECRETARIA DE ECONOMIA,0,NO APLICA,NA,NA,NA,NA,NA,NA,NA,NA,NA,NA,NA,NA,NA
21,21,8,SECRETARIA DE CULTURA,0,NO APLICA,NA,NA,NA,NA,NA,NA,NA,NA,NA,NA,NA,NA,NA
21,21,9,SECRETARIA DE TURISMO,0,NO APLICA,NA,NA,NA,NA,NA,NA,NA,NA,NA,NA,NA,NA,NA
21,21,10,SECRETARIA DE DESARROLLO RURAL,0,NO APLICA,NA,NA,NA,NA,NA,NA,NA,NA,NA,NA,NA,NA,NA
21,21,11,SECRETARIA DE INFRAESTRUCTURA,0,NO APLICA,NA,NA,NA,NA,NA,NA,NA,NA,NA,NA,NA,NA,NA
21,21,12,SECRETARIA DE MOVILIDAD Y TRANSPORTE,0,NO APLICA,NA,NA,NA,NA,NA,NA,NA,NA,NA,NA,NA,NA,NA
21,21,13,SECRETARIA DE EDUCACION,0,NO APLICA,NA,NA,NA,NA,NA,NA,NA,NA,NA,NA,NA,NA,NA
21,21,14,SECRETARIA DE BIENESTAR,0,NO APLICA,NA,NA,NA,NA,NA,NA,NA,NA,NA,NA,NA,NA,NA
21,21,15,SECRETARIA DE SEGURIDAD PUBLICA,0,NO APLICA,NA,NA,NA,NA,NA,NA,NA,NA,NA,NA,NA,NA,NA
21,21,16,SECRETARIA DE MEDIO AMBIENTE DESARROLLO SUSTENTABLE Y ORDENAMIENTO TERRITORIAL,0,NO APLICA,NA,NA,NA,NA,NA,NA,NA,NA,NA,NA,NA,NA,NA
21,21,17,SECRETARIA DE IGUALDAD SUSTANTIVA,0,NO APLICA,NA,NA,NA,NA,NA,NA,NA,NA,NA,NA,NA,NA,NA
21,21,18,CONSEJERIA JURIDICA,0,NO APLICA,NA,NA,NA,NA,NA,NA,NA,NA,NA,NA,NA,NA,NA
21,21,19,SERVICIOS DE SALUD DEL ESTADO DE PUEBLA,0,NO APLICA,NA,NA,NA,NA,NA,NA,NA,NA,NA,NA,NA,NA,NA
21,21,20,AGENCIA DE ENERGIA DEL ESTADO DE PUEBLA,0,NO APLICA,NA,NA,NA,NA,NA,NA,NA,NA,NA,NA,NA,NA,NA
21,21,21,BENEMERITA UNIVERSIDAD AUTONOMA DE PUEBLA,0,NO APLICA,NA,NA,NA,NA,NA,NA,NA,NA,NA,NA,NA,NA,NA
21,21,22,CARRETERAS DE CUOTA PUEBLA,0,NO APLICA,NA,NA,NA,NA,NA,NA,NA,NA,NA,NA,NA,NA,NA
21,21,23,CENTRO DE CONCILIACION LABORAL DEL ESTADO DE PUEBLA,0,NO APLICA,NA,NA,NA,NA,NA,NA,NA,NA,NA,NA,NA,NA,NA
21,21,24,CIUDAD MODELO,0,NO APLICA,NA,NA,NA,NA,NA,NA,NA,NA,NA,NA,NA,NA,NA
21,21,25,COMISION EJECUTIVA ESTATAL DE ATENCION A VICTIMAS,0,NO APLICA,NA,NA,NA,NA,NA,NA,NA,NA,NA,NA,NA,NA,NA
21,21,26,COMISION ESTATAL DE AGUA Y SANEAMIENTO DE PUEBLA,0,NO APLICA,NA,NA,NA,NA,NA,NA,NA,NA,NA,NA,NA,NA,NA
21,21,27,FIDEICOMISO PUBLICO DENOMINADO COMISION ESTATAL DE VIVIENDA PUEBLA,0,NO APLICA,NA,NA,NA,NA,NA,NA,NA,NA,NA,NA,NA,NA,NA
21,21,28,COMITE ADMINISTRADOR POBLANO PARA LA CONSTRUCCION DE ESPACIOS EDUCATIVOS,0,NO APLICA,NA,NA,NA,NA,NA,NA,NA,NA,NA,NA,NA,NA,NA
21,21,29,CONSEJO ESTATAL DE COORDINACION DEL SISTEMA NACIONAL DE SEGURIDAD PUBLICA,0,NO APLICA,NA,NA,NA,NA,NA,NA,NA,NA,NA,NA,NA,NA,NA
21,21,30,CONVENCIONES Y PARQUES,0,NO APLICA,NA,NA,NA,NA,NA,NA,NA,NA,NA,NA,NA,NA,NA
21,21,31,COORDINACION GENERAL DE COMUNICACION Y AGENDA DIGITAL,0,NO APLICA,NA,NA,NA,NA,NA,NA,NA,NA,NA,NA,NA,NA,NA
21,21,32,FIDEICOMISO PUBLICO BANCO ESTATAL DE TIERRA,0,NO APLICA,NA,NA,NA,NA,NA,NA,NA,NA,NA,NA,NA,NA,NA
21,21,33,FIDEICOMISO PUBLICO PARA LA ADMINISTRACION DE INMUEBLES Y EJECUCION DE OBRAS PUBLICAS EN LA RESERVA TERRITORIAL ATLIXCAYOTL-QUETZALCOATL,0,NO APLICA,NA,NA,NA,NA,NA,NA,NA,NA,NA,NA,NA,NA,NA
21,21,34,INSTITUTO DE CAPACITACION PARA EL TRABAJO DEL ESTADO DE PUEBLA,0,NO APLICA,NA,NA,NA,NA,NA,NA,NA,NA,NA,NA,NA,NA,NA
21,21,35,INSTITUTO ESTATAL DE EDUCACION PARA ADULTOS,0,NO APLICA,NA,NA,NA,NA,NA,NA,NA,NA,NA,NA,NA,NA,NA
21,21,36,INSTITUTO DE SEGURIDAD Y SERVICIOS SOCIALES DE LOS TRABAJADORES AL SERVICIO DE LOS PODERES DEL ESTADO DE PUEBLA,0,NO APLICA,NA,NA,NA,NA,NA,NA,NA,NA,NA,NA,NA,NA,NA
21,21,37,INSTITUTO POBLANO DE ASISTENCIA AL MIGRANTE,0,NO APLICA,NA,NA,NA,NA,NA,NA,NA,NA,NA,NA,NA,NA,NA
21,21,38,INSTITUTO POBLANO DE LA JUVENTUD,0,NO APLICA,NA,NA,NA,NA,NA,NA,NA,NA,NA,NA,NA,NA,NA
21,21,39,INSTITUTO POBLANO DE LOS PUEBLOS INDIGENAS,0,NO APLICA,NA,NA,NA,NA,NA,NA,NA,NA,NA,NA,NA,NA,NA
21,21,40,INSTITUTO POBLANO DEL DEPORTE,0,NO APLICA,NA,NA,NA,NA,NA,NA,NA,NA,NA,NA,NA,NA,NA
21,21,41,MUSEOS PUEBLA,0,NO APLICA,NA,NA,NA,NA,NA,NA,NA,NA,NA,NA,NA,NA,NA
21,21,42,SECRETARIA EJECUTIVA DEL SISTEMA ESTATAL ANTICORRUPCION,0,NO APLICA,NA,NA,NA,NA,NA,NA,NA,NA,NA,NA,NA,NA,NA
21,21,43,SISTEMA ESTATAL DE TELECOMUNICACIONES,0,NO APLICA,NA,NA,NA,NA,NA,NA,NA,NA,NA,NA,NA,NA,NA
21,21,44,SISTEMA PARA EL DESARROLLO INTEGRAL DE LA FAMILIA DEL ESTADO DE PUEBLA,0,NO APLICA,NA,NA,NA,NA,NA,NA,NA,NA,NA,NA,NA,NA,NA
21,21,45,COLEGIO DE BACHILLERES DEL ESTADO DE PUEBLA,0,NO APLICA,NA,NA,NA,NA,NA,NA,NA,NA,NA,NA,NA,NA,NA
21,21,46,COLEGIO DE EDUCACION PROFESIONAL TECNICA DEL ESTADO DE PUEBLA,0,NO APLICA,NA,NA,NA,NA,NA,NA,NA,NA,NA,NA,NA,NA,NA
21,21,47,COLEGIO DE ESTUDIOS CIENTIFICOS Y TECNOLOGICOS DEL ESTADO DE PUEBLA,0,NO APLICA,NA,NA,NA,NA,NA,NA,NA,NA,NA,NA,NA,NA,NA
21,21,48,CONSEJO DE CIENCIA Y TECNOLOGIA DEL ESTADO DE PUEBLA,0,NO APLICA,NA,NA,NA,NA,NA,NA,NA,NA,NA,NA,NA,NA,NA
21,21,49,INSTITUTO DE EDUCACION DIGITAL DEL ESTADO DE PUEBLA,0,NO APLICA,NA,NA,NA,NA,NA,NA,NA,NA,NA,NA,NA,NA,NA
21,21,50,INSTITUTO DE PROFESIONALIZACION DEL MAGISTERIO POBLANO,0,NO APLICA,NA,NA,NA,NA,NA,NA,NA,NA,NA,NA,NA,NA,NA
21,21,51,INSTITUTO TECNOLOGICO SUPERIOR DE ACATLAN DE OSORIO,0,NO APLICA,NA,NA,NA,NA,NA,NA,NA,NA,NA,NA,NA,NA,NA
21,21,52,INSTITUTO TECNOLOGICO SUPERIOR DE ATLIXCO,0,NO APLICA,NA,NA,NA,NA,NA,NA,NA,NA,NA,NA,NA,NA,NA
21,21,53,INSTITUTO TECNOLOGICO SUPERIOR DE CIUDAD SERDAN,0,NO APLICA,NA,NA,NA,NA,NA,NA,NA,NA,NA,NA,NA,NA,NA
21,21,54,INSTITUTO TECNOLOGICO SUPERIOR DE HUAUCHINANGO,0,NO APLICA,NA,NA,NA,NA,NA,NA,NA,NA,NA,NA,NA,NA,NA
21,21,55,INSTITUTO TECNOLOGICO SUPERIOR DE LA SIERRA NEGRA DE AJALPAN,0,NO APLICA,NA,NA,NA,NA,NA,NA,NA,NA,NA,NA,NA,NA,NA
21,21,56,INSTITUTO TECNOLOGICO SUPERIOR DE LA SIERRA NORTE DE PUEBLA,0,NO APLICA,NA,NA,NA,NA,NA,NA,NA,NA,NA,NA,NA,NA,NA
21,21,57,INSTITUTO TECNOLOGICO SUPERIOR DE LIBRES,0,NO APLICA,NA,NA,NA,NA,NA,NA,NA,NA,NA,NA,NA,NA,NA
21,21,58,INSTITUTO TECNOLOGICO SUPERIOR DE SAN MARTIN TEXMELUCAN,0,NO APLICA,NA,NA,NA,NA,NA,NA,NA,NA,NA,NA,NA,NA,NA
21,21,59,INSTITUTO TECNOLOGICO SUPERIOR DE TEPEACA,0,NO APLICA,NA,NA,NA,NA,NA,NA,NA,NA,NA,NA,NA,NA,NA
21,21,60,INSTITUTO TECNOLOGICO SUPERIOR DE TEPEXI DE RODRIGUEZ,0,NO APLICA,NA,NA,NA,NA,NA,NA,NA,NA,NA,NA,NA,NA,NA
21,21,61,INSTITUTO TECNOLOGICO SUPERIOR DE TEZIUTLAN,0,NO APLICA,NA,NA,NA,NA,NA,NA,NA,NA,NA,NA,NA,NA,NA
21,21,62,INSTITUTO TECNOLOGICO SUPERIOR DE TLATLAUQUITEPEC,0,NO APLICA,NA,NA,NA,NA,NA,NA,NA,NA,NA,NA,NA,NA,NA
21,21,63,INSTITUTO TECNOLOGICO SUPERIOR DE VENUSTIANO CARRANZA,0,NO APLICA,NA,NA,NA,NA,NA,NA,NA,NA,NA,NA,NA,NA,NA
21,21,64,INSTITUTO TECNOLOGICO SUPERIOR DE ZACAPOAXTLA,0,NO APLICA,NA,NA,NA,NA,NA,NA,NA,NA,NA,NA,NA,NA,NA
21,21,65,UNIVERSIDAD DE LA SALUD,0,NO APLICA,NA,NA,NA,NA,NA,NA,NA,NA,NA,NA,NA,NA,NA
21,21,66,UNIVERSIDAD INTERCULTURAL DEL ESTADO DE PUEBLA,0,NO APLICA,NA,NA,NA,NA,NA,NA,NA,NA,NA,NA,NA,NA,NA
21,21,67,UNIVERSIDAD INTERSERRANA DEL ESTADO DE PUEBLA AHUACATLAN,0,NO APLICA,NA,NA,NA,NA,NA,NA,NA,NA,NA,NA,NA,NA,NA
21,21,68,UNIVERSIDAD INTERSERRANA DEL ESTADO DE PUEBLA CHILCHOTLA,0,NO APLICA,NA,NA,NA,NA,NA,NA,NA,NA,NA,NA,NA,NA,NA
21,21,69,UNIVERSIDAD POLITECNICA DE AMOZOC,0,NO APLICA,NA,NA,NA,NA,NA,NA,NA,NA,NA,NA,NA,NA,NA
21,21,70,UNIVERSIDAD POLITECNICA DE PUEBLA,0,NO APLICA,NA,NA,NA,NA,NA,NA,NA,NA,NA,NA,NA,NA,NA
21,21,71,UNIVERSIDAD POLITECNICA METROPOLITANA DE PUEBLA,0,NO APLICA,NA,NA,NA,NA,NA,NA,NA,NA,NA,NA,NA,NA,NA
21,21,72,UNIVERSIDAD TECNOLOGICA BILINGUE INTERNACIONAL Y SUSTENTABLE DE PUEBLA,0,NO APLICA,NA,NA,NA,NA,NA,NA,NA,NA,NA,NA,NA,NA,NA
21,21,73,UNIVERSIDAD TECNOLOGICA DE HUEJOTZINGO,0,NO APLICA,NA,NA,NA,NA,NA,NA,NA,NA,NA,NA,NA,NA,NA
21,21,74,UNIVERSIDAD TECNOLOGICA DE IZUCAR DE MATAMOROS,0,NO APLICA,NA,NA,NA,NA,NA,NA,NA,NA,NA,NA,NA,NA,NA
21,21,75,UNIVERSIDAD TECNOLOGICA DE ORIENTAL,0,NO APLICA,NA,NA,NA,NA,NA,NA,NA,NA,NA,NA,NA,NA,NA
21,21,76,UNIVERSIDAD TECNOLOGICA DE PUEBLA,0,NO APLICA,NA,NA,NA,NA,NA,NA,NA,NA,NA,NA,NA,NA,NA
21,21,77,UNIVERSIDAD TECNOLOGICA DE TECAMACHALCO,0,NO APLICA,NA,NA,NA,NA,NA,NA,NA,NA,NA,NA,NA,NA,NA
21,21,78,UNIVERSIDAD TECNOLOGICA DE TEHUACAN,0,NO APLICA,NA,NA,NA,NA,NA,NA,NA,NA,NA,NA,NA,NA,NA
21,21,79,UNIVERSIDAD TECNOLOGICA DE XICOTEPEC DE JUAREZ,0,NO APLICA,NA,NA,NA,NA,NA,NA,NA,NA,NA,NA,NA,NA,NA
21,21,80,INSTITUTO DE LA DISCAPACIDAD DEL ESTADO DE PUEBLA,0,NO APLICA,NA,NA,NA,NA,NA,NA,NA,NA,NA,NA,NA,NA,NA
21,21,81,FIDEICOMISO PUBLICO FONDO PARA EL FORTALECIMIENTO DE LA MICROEMPRESA,0,NO APLICA,NA,NA,NA,NA,NA,NA,NA,NA,NA,NA,NA,NA,NA
22,22,1,JEFATURA DE GABINETE,1,LEY ORGANICA DEL PODER EJECUTIVO DEL ESTADO DE QUERETARO,,1,,,,,,,1,,,,
22,22,2,SECRETARIA PARTICULAR,1,LEY ORGANICA DEL PODER EJECUTIVO DEL ESTADO DE QUERETARO,,1,,,,,,,1,,,,
22,22,3,UNIDAD DE COMUNICACION SOCIAL Y ATENCION CIUDADANA,1,LEY ORGANICA DEL PODER EJECUTIVO DEL ESTADO DE QUERETARO,,1,,,,,,,1,,,,
22,22,4,SECRETARIA DE GOBIERNO,1,LEY ORGANICA DEL PODER EJECUTIVO DEL ESTADO DE QUERETARO,,1,,,,,,,1,,,,
22,22,5,SECRETARIA DE SEGURIDAD CIUDADANA,1,LEY ORGANICA DEL PODER EJECUTIVO DEL ESTADO DE QUERETARO,,1,,,,,,,1,,,,
22,22,6,SECRETARIA DE FINANZAS,1,LEY ORGANICA DEL PODER EJECUTIVO DEL ESTADO DE QUERETARO,,1,,,,,,,1,,,,
22,22,7,SECRETARIA DE LA CONTRALORIA,1,LEY ORGANICA DEL PODER EJECUTIVO DEL ESTADO DE QUERETARO,,1,,,,,,,1,,,,
22,22,8,SECRETARIA DE DESARROLLO SUSTENTABLE,1,LEY ORGANICA DEL PODER EJECUTIVO DEL ESTADO DE QUERETARO,,1,,,,,,,1,,,,
22,22,9,SECRETARIA DE DESARROLLO AGROPECUARIO,1,LEY ORGANICA DEL PODER EJECUTIVO DEL ESTADO DE QUERETARO,,1,,,,,,,1,,,,
22,22,10,SECRETARIA DE DESARROLLO URBANO Y OBRAS PUBLICAS,1,LEY ORGANICA DEL PODER EJECUTIVO DEL ESTADO DE QUERETARO,,1,,,,,,,1,,,,
22,22,11,SECRETARIA DE EDUCACION,1,LEY ORGANICA DEL PODER EJECUTIVO DEL ESTADO DE QUERETARO,,1,,,,,,,1,,,,
22,22,12,SECRETARIA DE LA JUVENTUD,1,LEY ORGANICA DEL PODER EJECUTIVO DEL ESTADO DE QUERETARO,,1,,,,,,,1,,,,
22,22,13,SECRETARIA DE DESARROLLO SOCIAL,1,LEY ORGANICA DEL PODER EJECUTIVO DEL ESTADO DE QUERETARO,,1,,,,,,,1,,,,
22,22,14,SECRETARIA DEL TRABAJO,1,LEY ORGANICA DEL PODER EJECUTIVO DEL ESTADO DE QUERETARO,,1,,,,,,,1,,,,
22,22,15,SECRETARIA DE TURISMO,1,LEY ORGANICA DEL PODER EJECUTIVO DEL ESTADO DE QUERETARO,,1,,,,,,,1,,,,
22,22,16,SECRETARIA DE SALUD,1,LEY ORGANICA DEL PODER EJECUTIVO DEL ESTADO DE QUERETARO,,1,,,,,,,1,,,,
22,22,17,OFICIALIA MAYOR,1,LEY ORGANICA DEL PODER EJECUTIVO DEL ESTADO DE QUERETARO,,1,,,,,,,1,,,,
22,22,18,SECRETARIA DE PLANEACION Y PARTICIPACION CIUDADANA,1,LEY ORGANICA DEL PODER EJECUTIVO DEL ESTADO DE QUERETARO,,1,,,,,,,1,,,,
22,22,19,SECRETARIA DE CULTURA,1,LEY ORGANICA DEL PODER EJECUTIVO DEL ESTADO DE QUERETARO,,1,,,,,,,1,,,,
22,22,20,COORDINACION ESTATAL DE DESARROLLO MUNICIPAL,1,LEY ORGANICA DEL PODER EJECUTIVO DEL ESTADO DE QUERETARO,,1,,,,,,,1,,,,
22,22,21,INSTITUTO DE ESTUDIOS CONSTITUCIONALES DEL ESTADO DE QUERETARO,1,LEY ORGANICA DEL PODER EJECUTIVO DEL ESTADO DE QUERETARO,,1,,,,,,,1,,,,
22,22,22,CONSEJO ESTATAL DE POBLACION DEL ESTADO DE QUERETARO,1,LEY ORGANICA DEL PODER EJECUTIVO DEL ESTADO DE QUERETARO,,1,,,,,,,1,,,,
22,22,23,COORDINACION ESTATAL DE PROTECCION CIVIL,1,LEY ORGANICA DEL PODER EJECUTIVO DEL ESTADO DE QUERETARO,,1,,,,,,,1,,,,
22,22,24,DIRECCION ESTATAL DE ARCHIVOS,1,LEY ORGANICA DEL PODER EJECUTIVO DEL ESTADO DE QUERETARO,,1,,,,,,,1,,,,
22,22,25,SECRETARIA EJECUTIVA DEL SISTEMA DE PROTECCION DE NIÑOS NIÑAS Y ADOLESCENTES DEL ESTADO DE QUERETARO,1,LEY ORGANICA DEL PODER EJECUTIVO DEL ESTADO DE QUERETARO,,1,,,,,,,1,,,,
22,22,26,INSTITUTO DE LA DEFENSORIA PENAL PUBLICA DEL ESTADO DE QUERETARO,1,LEY ORGANICA DEL PODER EJECUTIVO DEL ESTADO DE QUERETARO,,1,,,,,,,1,,,,
22,22,27,AUTORIDAD DE EJECUCION DE MEDIDAS DEL SISTEMA INTEGRAL DE JUSTICIA PENAL PARA ADOLESCENTES DEL ESTADO DE QUERETARO,1,LEY ORGANICA DEL PODER EJECUTIVO DEL ESTADO DE QUERETARO,,1,,,,,,,1,,,,
22,22,28,AUTORIDAD DE SUPERVISION DE MEDIDAS CAUTELARES SUSPENSION CONDICIONAL DEL PROCESO LIBERTAD CONDICIONADA Y MEDIDAS DE SEGURIDAD EN LIBERTAD DEL ESTADO DE QUERETARO,1,LEY ORGANICA DEL PODER EJECUTIVO DEL ESTADO DE QUERETARO,,1,,,,,,,1,,,,
22,22,29,COMISION LOCAL DE BUSQUEDA DE PERSONAS DEL ESTADO DE QUERETARO,1,LEY ORGANICA DEL PODER EJECUTIVO DEL ESTADO DE QUERETARO,,1,,,,,,,1,,,,
22,22,30,CENTRO DE JUSTICIA PARA LAS MUJERES DEL ESTADO DE QUERETARO,1,LEY ORGANICA DEL PODER EJECUTIVO DEL ESTADO DE QUERETARO,,1,,,,,,,1,,,,
22,22,31,UNIDAD ESTATAL DEL SISTEMA DE EVALUACION DEL DESEMPEÑO,1,LEY ORGANICA DEL PODER EJECUTIVO DEL ESTADO DE QUERETARO,,1,,,,,,,1,,,,
22,22,32,UNIDAD DE TRANSPARENCIA DEL PODER EJECUTIVO DEL ESTADO DE QUERETARO,1,LEY ORGANICA DEL PODER EJECUTIVO DEL ESTADO DE QUERETARO,,1,,,,,,,1,,,,
22,22,33,JUNTA DE ASISTENCIA PRIVADA,1,LEY ORGANICA DEL PODER EJECUTIVO DEL ESTADO DE QUERETARO,,1,,,,,,,1,,,,
22,22,34,ESCUELA NORMAL DEL ESTADO DE QUERETARO ANDRES BALVANERA,1,LEY ORGANICA DEL PODER EJECUTIVO DEL ESTADO DE QUERETARO,,1,,,,,,,1,,,,
22,22,35,ESCUELA NORMAL SUPERIOR DE QUERETARO,3,NO APLICA,NA,NA,NA,NA,NA,NA,NA,NA,NA,NA,NA,NA,NA
22,22,36,UNIVERSIDAD PEDAGOGICA NACIONAL,3,NO APLICA,NA,NA,NA,NA,NA,NA,NA,NA,NA,NA,NA,NA,NA
22,22,37,CENTRO EDUCATIVO Y CULTURAL DEL ESTADO DE QUERETARO MANUEL GOMEZ MORIN,1,LEY ORGANICA DEL PODER EJECUTIVO DEL ESTADO DE QUERETARO,,1,,,,,,,1,,,,
22,22,38,CONSEJO ESTATAL CONTRA LAS ADICCIONES,1,LEY ORGANICA DEL PODER EJECUTIVO DEL ESTADO DE QUERETARO,,1,,,,,,,1,,,,
22,22,39,COMISION ESTATAL DE ARBITRAJE MEDICO,1,LEY ORGANICA DEL PODER EJECUTIVO DEL ESTADO DE QUERETARO,,1,,,,,,,1,,,,
22,22,40,CASA DEL JUBILADO Y PENSIONADO DEL ESTADO DE QUERETARO,1,LEY ORGANICA DEL PODER EJECUTIVO DEL ESTADO DE QUERETARO,,1,,,,,,,1,,,,
22,22,41,COMISION DE MEJORA REGULATORIA DEL ESTADO DE QUERETARO,1,LEY ORGANICA DEL PODER EJECUTIVO DEL ESTADO DE QUERETARO,,1,,,,,,,1,,,,
22,22,42,CENTRO ESTATAL DE PARTICIPACION CIUDADANA DE QUERETARO,1,LEY ORGANICA DEL PODER EJECUTIVO DEL ESTADO DE QUERETARO,,1,,,,,,,1,,,,
22,22,43,COMISION ESTATAL DE AGUAS,1,LEY FEDERAL DEL TRABAJO CONDICIONES GENERALES DE TRABAJO REGLAMENTO DE LA COMISION MIXTA DE ESCALAFON Y REGLAMENTO DE LA COMISION MIXTA DE CAPACITACION ADIESTRAMIENTO Y PRODUCTIVIDAD,1,1,1,1,1,1,1,1,1,1,1,1,1
22,22,44,PROCURADURIA ESTATAL DE PROTECCION AL MEDIO AMBIENTE Y DESARROLLO URBANO,3,NO APLICA,NA,NA,NA,NA,NA,NA,NA,NA,NA,NA,NA,NA,NA
22,22,45,PATRONATO DE LAS FIESTAS DEL ESTADO DE QUERETARO,3,NO APLICA,NA,NA,NA,NA,NA,NA,NA,NA,NA,NA,NA,NA,NA
22,22,46,COMISION PARA EL FOMENTO ECONOMICO DE LAS EMPRESAS DEL SECTOR INDUSTRIAL COMERCIAL Y DE SERVICIOS DEL ESTADO DE QUERETARO,1,LEY ORGANICA DEL PODER EJECUTIVO DEL ESTADO DE QUERETARO,,1,,,,,,,1,,,,
22,22,47,SISTEMA ESTATAL DE COMUNICACION CULTURAL Y EDUCATIVA,1,LEY ORGANICA DEL PODER EJECUTIVO DEL ESTADO DE QUERETARO,,1,,,,,,,1,,,,
22,22,48,SISTEMA PARA EL DESARROLLO INTEGRAL DE LA FAMILIA DEL ESTADO DE QUERETARO,1,LEY ORGANICA DEL PODER EJECUTIVO DEL ESTADO DE QUERETARO,,1,,,,,,,1,,,,
22,22,49,AGENCIA DE MOVILIDAD DEL ESTADO DE QUERETARO,1,LEY ORGANICA DEL PODER EJECUTIVO DEL ESTADO DE QUERETARO,,1,1,,,,,,1,,,,
22,22,50,CENTRO DE CAPACITACION FORMACION E INVESTIGACION PARA LA SEGURIDAD DEL ESTADO DE QUERETARO,1,LEY DEL CENTRO DE CAPACITACION FORMACION E INVESTIGACION PARA LA SEGURIDAD DEL ESTADO DE QUERETARO,1,1,1,1,1,1,1,1,1,1,1,1,1
22,22,51,CENTRO DE INFORMACION Y ANALISIS PARA LA SEGURIDAD DE QUERETARO,1,REGLAMENTO INTERIOR DEL CENTRO DE INFORMACION Y ANALISIS PARA LA SEGURIDAD DE QUERETARO,1,1,1,1,1,1,1,1,1,1,1,1,1
22,22,52,CENTRO DE EVALUACION Y CONTROL DE CONFIANZA DEL ESTADO DE QUERETARO,1,MODELO NACIONAL DE EVALUACION,1,1,1,1,1,1,1,1,1,1,1,1,1
22,22,53,COMISION ESTATAL DEL SISTEMA PENITENCIARIO DE QUERETARO,1,REGLAMENTO INTERIOR DE LA COMISION ESTATAL DEL SISTEMA PENITENCIARIO DE QUERETARO Y LINEAMIENTOS GENERALES PARA LA APLICACION SUSTANCIACION Y RESOLUCION DEL SERVICIO PROFESIONAL DE CARRERA PENITENCIARIA DE LA COMISION ESTATAL DEL SISTEMA PENITENCIARIO DE QUERETARO,1,1,1,1,1,1,1,1,1,1,1,1,
22,22,54,CENTRO DE PREVENCION SOCIAL DEL DELITO Y LA VIOLENCIA EN EL ESTADO DE QUERETARO,3,NO APLICA,NA,NA,NA,NA,NA,NA,NA,NA,NA,NA,NA,NA,NA
22,22,55,AEROPUERTO INTERCONTINENTAL DE QUERETARO SA DE CV,1,LEY ORGANICA DEL PODER EJECUTIVO DEL ESTADO DE QUERETARO,,1,1,,1,,,,1,,,,
22,22,56,FIDEICOMISO PROMOTOR DEL EMPLEO,2,NO APLICA,NA,NA,NA,NA,NA,NA,NA,NA,NA,NA,NA,NA,NA
22,22,57,AGENCIA DE ENERGIA DEL ESTADO DE QUERETARO,1,LEY DE LOS TRABAJADORES DEL ESTADO DE QUERETARO Y CONVENIO LABORAL QUE CONTIENE LAS CONDICIONES GENERALES DE TRABAJO DE LOS TRABAJADORES AL SERVICIO DEL PODER EJECUTIVO DEL ESTADO DE QUERETARO,,,,,,,,,,,1,1,
22,22,58,INSTITUTO QUERETANO DEL EMPRENDIMIENTO Y LA INNOVACION,3,NO APLICA,NA,NA,NA,NA,NA,NA,NA,NA,NA,NA,NA,NA,NA
22,22,59,INSTITUTO QUERETANO DE LAS MUJERES,1,NO APLICA,1,1,1,1,1,1,1,1,1,1,1,1,1
22,22,60,CASA QUERETANA DE LAS ARTESANIAS,1,NO APLICA,,,,,,,,,1,,,,
22,22,61,INSTITUTO DE LA VIVIENDA DEL ESTADO DE QUERETARO,1,LEY ORGANICA DEL PODER EJECUTIVO DEL ESTADO DE QUERETARO,1,1,1,1,1,1,1,1,1,1,1,1,1
22,22,62,COMISION ESTATAL DE INFRAESTRUCTURA DE QUERETARO,1,REGLAMENTO DE LA COMISION MIXTA DE ESCALAFON,1,1,1,1,1,1,1,1,1,1,1,1,1
22,22,63,UNIVERSIDAD TECNOLOGICA DE SAN JUAN DEL RIO QUERETARO,1,LEY ORGANICA DEL PODER EJECUTIVO DEL ESTADO DE QUERETARO,1,1,1,1,1,1,1,1,1,1,1,1,1
22,22,64,CONSEJO DE CIENCIA Y TECNOLOGIA DEL ESTADO DE QUERETARO,3,NO APLICA,NA,NA,NA,NA,NA,NA,NA,NA,NA,NA,NA,NA,NA
22,22,65,INSTITUTO DE ARTES Y OFICIOS DE QUERETARO,1,PLAN DE TRABAJO DE LA DIRECCION GENERAL,1,1,1,1,1,1,1,1,1,1,1,1,1
22,22,66,UNIDAD DE SERVICIOS PARA LA EDUCACION BASICA EN EL ESTADO DE QUERETARO,1,LEY GENERAL DEL SISTEMA PARA LA CARRERA DE LAS MAESTRAS Y LOS MAESTROS,1,1,1,1,1,1,1,1,1,1,1,1,1
22,22,67,UNIVERSIDAD AUTONOMA DE QUERETARO,9,NO IDENTIFICADO,NSS,NSS,NSS,NSS,NSS,NSS,NSS,NSS,NSS,NSS,NSS,NSS,NSS
22,22,68,COLEGIO DE BACHILLERES DEL ESTADO DE QUERETARO,1,LEY ORGANICA DEL PODER EJECUTIVO DEL ESTADO DE QUERETARO,,1,,,,,,,1,,,,
22,22,69,UNIVERSIDAD TECNOLOGICA DE QUERETARO,1,PROGRAMA DE CAPACITACION PARA PERSONAL DOCENTE Y ADMINISTRATIVO,1,1,1,1,1,1,1,1,1,1,1,1,1
22,22,70,INSTITUTO DE CAPACITACION PARA EL TRABAJO DEL ESTADO DE QUERETARO,1,LEY DE LOS TRABAJADORES DEL ESTADO DE QUERETARO,1,1,1,1,1,1,1,1,1,1,1,1,1
22,22,71,COLEGIO DE ESTUDIOS CIENTIFICOS Y TECNOLOGICOS DEL ESTADO DE QUERETARO,1,CONVENIO LABORAL REGLAMENTO DE LA COMISION MIXTA DE CAPACITACION Y ADIESTRAMIENTO PROCEDIMIENTO DESARROLLO DEL PERSONAL DOCENTE DAC DPD Y PROCESO DE DETECCION DE NECESIDADES E IMPARTICION DE CAPACITACION DAD DNIC,1,1,1,1,1,1,1,1,1,1,1,1,1
22,22,72,INSTITUTO DE INFRAESTRUCTURA FISICA EDUCATIVA DEL ESTADO DE QUERETARO,1,NORMA MEXICANA EN IGUALDAD LABORAL Y NO DISCRIMINACION,1,1,1,1,1,1,1,1,1,1,1,1,1
22,22,73,COLEGIO DE EDUCACION PROFESIONAL TECNICA DEL ESTADO DE QUERETARO,1,LEY DE LOS TRABAJADORES DEL ESTADO DE QUERETARO,1,1,1,1,1,1,1,1,1,1,1,1,1
22,22,74,UNIVERSIDAD POLITECNICA DE QUERETARO,9,NO IDENTIFICADO,NSS,NSS,NSS,NSS,NSS,NSS,NSS,NSS,NSS,NSS,NSS,NSS,NSS
22,22,75,UNIVERSIDAD AERONAUTICA EN QUERETARO,1,LEY DE LOS TRABAJADORES DEL ESTADO DE QUERETARO,1,1,1,1,1,1,1,1,1,1,1,1,1
22,22,76,UNIVERSIDAD POLITECNICA DE SANTA ROSA JAUREGUI,1,LEY DE LOS TRABAJADORES DEL ESTADO DE QUERETARO,1,1,1,1,1,1,1,1,1,1,1,1,1
22,22,77,UNIVERSIDAD TECNOLOGICA DE CORREGIDORA,1,LEY DE LOS TRABAJADORES DEL ESTADO DE QUERETARO,1,1,1,1,1,1,1,1,1,1,1,1,1
22,22,78,INSTITUTO DEL DEPORTE Y LA RECREACION DEL ESTADO DE QUERETARO,1,LEY ORGANICA DEL PODER EJECUTIVO DEL ESTADO DE QUERETARO,1,1,1,1,1,1,1,1,1,1,1,1,1
22,22,79,CENTRO DE CONCILIACION LABORAL DEL ESTADO DE QUERETARO,1,LEY FEDERAL DEL TRABAJO,1,1,1,1,1,1,1,1,1,1,1,1,1
22,22,80,SERVICIOS DE SALUD DEL ESTADO DE QUERETARO,1,CONVOCATORIA PARA EL PROGRAMA DE PROFESIONALIZACION FEDERAL PARA EL PERSONAL DE TRABAJO SOCIAL ENFERMERIA Y TERAPIA Y REHABILITACION,1,1,1,1,1,1,1,1,1,1,1,1,1
22,22,81,CENTRO ESTATAL DE TRASPLANTES DE QUERETARO,1,MANUAL DE ORGANIZACION DEL CENTRO ESTATAL DE TRASPLANTES DE QUERETARO,1,1,1,1,1,1,1,1,1,1,1,1,1
22,22,82,FIDEICOMISO PROMOTOR DE PROYECTOS ECONOMICOS Y DE BIENESTAR SOCIAL,1,LEY DE LOS TRABAJADORES DEL ESTADO DE QUERETARO,1,1,1,1,1,1,1,1,1,1,1,1,1
22,22,83,FIDEICOMISO PROMOTOR DE TURISMO EN EL ESTADO DE QUERETARO,3,NO APLICA,NA,NA,NA,NA,NA,NA,NA,NA,NA,NA,NA,NA,NA
22,22,84,SECRETARIA EJECUTIVA DEL SISTEMA ESTATAL ANTICORRUPCION,1,CONSEJO NACIONAL DE NORMALIZACION Y CERTIFICACION DE COMPETENCIAS LABORALES REGISTRO NACIONAL DE ESTANDARES DE COMPETENCIA,1,1,1,1,1,1,1,1,1,1,1,1,1
23,23,1,DESPACHO DE LA GOBERNADORA,1,LINEAMIENTOS PARA REGULAR EL PROCESO DE INGRESO DE PERSONAL A LAS DEPENDENCIAS DE LA ADMINISTRACION PUBLICA DEL ESTADO DEQUINTANA ROO,1,1,,,1,,1,1,1,,1,,
23,23,2,SECRETARIA DE DESARROLLO AGROPECUARIO RURAL Y PESCA,9,NO IDENTIFICADO,NSS,NSS,NSS,NSS,NSS,NSS,NSS,NSS,NSS,NSS,NSS,NSS,NSS
23,23,3,SECRETARIA DE FINANZAS Y PLANEACION,1,REGLAMENTO INTERIOR DE LA SECRETARIA DE FINANZAS Y PLANEACION,1,1,1,1,1,1,1,1,1,1,1,,
23,23,4,SECRETARIA DE OBRAS PUBLICAS,1,PROGRAMA DE CAPACITACION A PERSONAS SERVIDORAS PUBLICAS DE LA SECRETARIA DE OBRAS PUBLICAS,,,,,,,,,1,,,,
23,23,5,SECRETARIA DE DESARROLLO TERRITORIAL URBANO SUSTENTABLE,1,LINEAMIENTOS PARA REGULAR EL PROCESO DE INGRESO DE PERSONAL A LAS DEPENDENCIAS DE LA ADMINISTRACION PUBLICA DEL ESTADO DE QUINTANA ROO,1,1,,,1,,1,1,1,,1,,
23,23,6,SECRETARIA DE DESARROLLO SOCIAL,1,LINEAMIENTOS PARA REGULAR EL PROCESO DE INGRESO DE PERSONAL A LAS DEPENDENCIAS DE LA ADMINISTRACION PUBLICA DEL ESTADO DE QUINTANA ROO,1,1,,,1,,1,1,1,,1,,
23,23,7,SECRETARIA DE DESARROLLO ECONOMICO,1,LINEAMIENTOS PARA REGULAR EL PROCESO DE INGRESO DE PERSONAL A LAS DEPENDENCIAS DE LA ADMINISTRACION PUBLICA DEL ESTADO DE QUINTANA ROO,1,1,,,1,,1,1,1,,1,,
23,23,8,SECRETARIA DE EDUCACION,1,LINEAMIENTOS PARA REGULAR EL PROCESO DE INGRESO DE PERSONAL A LAS DEPENDENCIAS DE LA ADMINISTRACION PUBLICA DEL ESTADO DE QUINTANA ROO,1,1,,,1,,1,1,1,,1,,
23,23,9,SECRETARIA DE LA CONTRALORIA DEL ESTADO,1,LINEAMIENTOS PARA REGULAR EL PROCESO DE INGRESO DE PERSONAL A LAS DEPENDENCIAS DE LA ADMINISTRACION PUBLICA DEL ESTADO DE QUINTANA ROO,1,1,,,1,,1,1,1,,1,,
23,23,10,SECRETARIA DE GOBIERNO,1,LINEAMIENTOS PARA REGULAR EL PROCESO DE INGRESO DE PERSONAL A LAS DEPENDENCIAS DE LA ADMINISTRACION PUBLICA DEL ESTADO DE QUINTANA ROO,1,1,,,1,,1,1,1,,1,,
23,23,11,SECRETARIA DE ECOLOGIA Y MEDIO AMBIENTE,1,LINEAMIENTOS PARA REGULAR EL PROCESO DE INGRESO DE PERSONAL A LAS DEPENDENCIAS DE LA ADMINISTRACION PUBLICA DEL ESTADO DE QUINTANA ROO,1,1,,,1,,1,1,1,,1,,
23,23,12,SECRETARIA DE SALUD,1,LINEAMIENTOS PARA REGULAR EL PROCESO DE INGRESO DE PERSONAL A LAS DEPENDENCIAS DE LA ADMINISTRACION PUBLICA DEL ESTADO DE QUINTANA ROO,1,1,,,1,,1,1,1,,1,,
23,23,13,SECRETARIA DE SEGURIDAD PUBLICA,1,PROGRAMA RECTOR DE PROFESIONALIZACION,,1,1,,,1,1,1,1,1,,,
23,23,14,SECRETARIA DEL TRABAJO Y PREVISION SOCIAL,1,LINEAMIENTOS PARA REGULAR EL PROCESO DE INGRESO DE PERSONAL A LAS DEPENDENCIAS DE LA ADMINISTRACION PUBLICA DEL ESTADO DE QUINTANA ROO,1,1,,,1,,1,1,1,,1,,
23,23,15,SECRETARIA DE TURISMO,1,LINEAMIENTOS PARA REGULAR EL PROCESO DE INGRESO DE PERSONAL A LAS DEPENDENCIAS A LA ADMINISTRACION PUBLICA DEL ESTADO DE QUINTANA ROO,,,,,1,,,1,,,1,,
23,23,16,CONSEJERIA JURIDICA DEL PODER EJECUTIVO,1,LINEAMIENTOS PARA REGULAR EL PROCESO DE INGRESO DE PERSONAL A LAS DEPENDENCIAS DE LA ADMINISTRACION PUBLICA DEL ESTADO DE QUINTANA ROO,1,1,,,1,,1,1,1,,1,,
23,23,17,SERVICIO DE ADMINISTRACION TRIBUTARIA DE QUINTANA ROO,1,LINEAMIENTOS PARA REGULAR EL PROCESO DE INGRESO DE PERSONAL A LAS DEPENDENCIAS DE LA ADMINISTRACION PUBLICA DEL ESTADO DE QUINTANA ROO,1,1,,,1,,1,1,1,,1,,
23,23,18,PROCURADURIA FISCAL DEL ESTADO DE QUINTANA ROO,1,LINEAMIENTOS PARA REGULAR EL PROCESO DE INGRESO DE PERSONAL A LAS DEPENDENCIAS DE LA ADMINISTRACION PUBLICA DEL ESTADO DE QUINTANA ROO,1,1,,,1,,1,1,1,,1,,
23,23,19,CENTRO DE EVALUACION DEL DESEMPEÑO DEL ESTADO DE QUINTANA ROO,1,REGLAMENTO DE CONDICIONES GENERALES DE TRABAJO DE GOBIERNO DEL ESTADO DE QUINTANA ROO,,,,,,,,1,,,1,,
23,23,20,COMISION DE BUSQUEDA DE PERSONAS DEL ESTADO DE QUINTANA ROO,1,LINEAMIENTOS PARA REGULAR EL PROCESO DE INGRESO DE PERSONAL A LAS DEPENDENCIAS DE LA ADMINISTRACION PUBLICA DEL ESTADO DE QUINTANA ROO,1,1,,,1,,1,1,1,,1,,
23,23,21,INSTITUTO QUINTANARROENSE DE INNOVACION Y TECNOLOGIA,9,NO IDENTIFICADO,NSS,NSS,NSS,NSS,NSS,NSS,NSS,NSS,NSS,NSS,NSS,NSS,NSS
23,23,22,COORDINACION GENERAL DE COMUNICACION DEL GOBIERNO DEL ESTADO DE QUINTANA ROO,1,LINEAMIENTOS PARA REGULAR EL PROCESO DE INGRESO DE PERSONAL A LAS DEPENDENCIAS DE LA ADMINISTRACION PUBLICA DEL ESTADO DE QUINTANA ROO,,1,1,1,1,1,1,1,1,,1,,
23,23,23,REPRESENTACION DEL GOBIERNO DEL ESTADO EN LA CIUDAD DE MEXICO,1,LEY DEL SERVICIO PUBLICO DE CARRERA DEL ESTADO DE QUINTANA ROO,,,,,1,,,1,,,1,,
23,23,24,COMISION ESTATAL DE MEJORA REGULATORIA,1,LINEAMIENTOS PARA REGULAR EL PROCESO DE INGRESO DE PERSONAL A LAS DEPENDENCIAS DE LA ADMINISTRACION PUBLICA DEL ESTADO DE QUINTANA ROO,1,1,,,1,,1,1,1,,1,,
23,23,25,SECRETARIA EJECUTIVA DEL SISTEMA ESTATAL DE PROTECCION DE LOS DERECHOS DE NIÑAS NIÑOS Y ADOLESCENTES,1,LEY DEL SERVICIO PUBLICO DE CARRERA DEL ESTADO DE QUINTANA ROO,,,,,,,,1,1,1,1,,
23,23,26,PROCURADURIA DE PROTECCION AL AMBIENTE DEL ESTADO DE QUINTANA ROO,1,CAPACITACION AL PERSONAL DE PLANTA,,,,,,,,,1,,,,
23,23,27,INSTITUTO DE BIODIVERSIDAD Y AREAS NATURALES PROTEGIDAS DEL ESTADO DE QUINTANA ROO,1,LEY DEL SERVICIO PUBLICO DE CARRERA DEL ESTADO DE QUINTANA ROO,1,1,1,1,1,1,1,,,,,,
23,23,28,COORDINACION ESTATAL DE PROTECCION CIVIL,1,LINEAMIENTOS PARA REGULAR EL PROCESO DE INGRESO DE PERSONAL A LAS DEPENDENCIAS DE LA ADMINISTRACION PUBLICA DEL ESTADO DE QUINTANA ROO,,,,,,,,,1,,,,
23,23,29,JUNTA DE ASISTENCIA SOCIAL PRIVADA DE QUINTANA ROO,1,LINEAMIENTOS PARA REGULAR EL PROCESO DE INGRESO DE PERSONAL A LAS DEPENDENCIAS DE LA ADMINISTRACION PUBLICA DEL ESTADO DE QUINTANA ROO,,1,1,,1,,1,1,1,1,1,,
23,23,30,ADMINISTRACION DEL PATRIMONIO DE LA BENEFICENCIA PUBLICA DEL ESTADO DE QUINTANA ROO,1,LINEAMIENTOS PARA REGULAR EL PROCESO DE INGRESO DE PERSONAL A LAS DEPENDENCIAS DE LA ADMINISTRACION PUBLICA DEL ESTADO DE QUINTANA ROO,,1,1,1,1,1,1,1,1,,1,,
23,23,31,CENTRO ESTATAL DE EVALUACION Y CONTROL DE CONFIANZA,3,NO APLICA,NA,NA,NA,NA,NA,NA,NA,NA,NA,NA,NA,NA,NA
23,23,32,ARCHIVO GENERAL DEL ESTADO,1,LINEAMIENTOS PARA REGULAR EL PROCESO DE INGRESO DE PERSONAL A LAS DEPENDENCIAS DE LA ADMINISTRACION PUBLICA DEL ESTADO DE QUINTANA ROO,,1,1,1,1,1,1,1,1,,1,,
23,23,33,INSTITUTO GEOGRAFICO Y CATASTRAL DEL ESTADO DE QUINTANA ROO,1,REGLAMENTO DE CONDICIONES GENERALES DE TRABAJO DE GOBIERNO DEL ESTADO DE QUINTANA ROO,,,,,,,,1,,,1,,
23,23,34,REGISTRO PUBLICO DE LA PROPIEDAD Y DEL COMERCIO DEL ESTADO DE QUINTANA ROO,1,LINEAMIENTOS PARA REGULAR EL PROCESO DE INGRESO DE PERSONAL A LAS DEPENDENCIAS DE LA ADMINISTRACION PUBLICA DEL ESTADO DE QUINTANA ROO,,1,1,1,1,1,1,1,1,,1,,
23,23,35,SERVICIO ESTATAL DEL EMPLEO Y CAPACITACION PARA EL TRABAJO,1,LINEAMIENTOS PARA REGULAR EL PROCESO DE INGRESO DE PERSONAL A LAS DEPENDENCIAS DE LA ADMINISTRACION PUBLICA DEL ESTADO DE QUINTANA ROO,,1,1,1,1,1,1,1,1,,1,,
23,23,36,INSTITUTO DE CULTURA Y LAS ARTES DE QUINTANA ROO,3,NO APLICA,NA,NA,NA,NA,NA,NA,NA,NA,NA,NA,NA,NA,NA
23,23,37,SISTEMA QUINTANARROENSE DE COMUNICACION SOCIAL,1,NO APLICA,,1,,,1,,,1,1,,1,,
23,23,38,FUNDACION DE PARQUES Y MUSEOS DE COZUMEL QUINTANA ROO,3,NO APLICA,NA,NA,NA,NA,NA,NA,NA,NA,NA,NA,NA,NA,NA
23,23,39,INSTITUTO PARA EL DESARROLLO DEL PUEBLO MAYA Y LAS COMUNIDADES INDIGENAS DEL ESTADO DE QUINTANA ROO,3,NO APLICA,NA,NA,NA,NA,NA,NA,NA,NA,NA,NA,NA,NA,NA
23,23,40,COMISION EJECUTIVA DE ATENCION A VICTIMAS DEL ESTADO DE QUINTANA ROO,1,LEY DE VICTIMAS DEL ESTADO DE QUINTANA ROO,,,,1,1,,1,,,1,,,
23,23,41,CONSEJO QUINTANARROENSE DE CIENCIA Y TECNOLOGIA,1,PROGRAMA DE PROFESIONALIZACION,,,,,,,,1,,,,,
23,23,42,INSTITUTO DE MOVILIDAD DEL ESTADO DE QUINTANA ROO,3,NO APLICA,NA,NA,NA,NA,NA,NA,NA,NA,NA,NA,NA,NA,NA
23,23,43,COMISION PARA LA JUVENTUD Y EL DEPORTE DE QUINTANA ROO,2,NO APLICA,NA,NA,NA,NA,NA,NA,NA,NA,NA,NA,NA,NA,NA
23,23,44,INSTITUTO QUINTANARROENSE DE LA JUVENTUD,3,NO APLICA,NA,NA,NA,NA,NA,NA,NA,NA,NA,NA,NA,NA,NA
23,23,45,AGENCIA DE PROYECTOS ESTRATEGICOS DEL ESTADO DE QUINTANA ROO,9,NO IDENTIFICADO,NSS,NSS,NSS,NSS,NSS,NSS,NSS,NSS,NSS,NSS,NSS,NSS,NSS
23,23,46,INSTITUTO PARA EL DESARROLLO Y FINANCIAMIENTO DEL ESTADO DE QUINTANA ROO,1,LINEAMIENTOS PARA REGULAR EL PROCESO DE INGRESO DE PERSONAL A LAS DEPENDENCIAS DE LA ADMINISTRACION PUBLICA DEL ESTADO DE QUINTANA ROO,,1,,,,,,,,,,,
23,23,47,CONSEJO DE PROMOCION INDUSTRIAL COMERCIO EXTERIOR Y TECNOLOGIA DE QUINTANA ROO,3,NO APLICA,NA,NA,NA,NA,NA,NA,NA,NA,NA,NA,NA,NA,NA
23,23,48,SERVICIOS EDUCATIVOS DE QUINTANA ROO,1,ESTRATEGIA NACIONAL DE FORMACION CONTINUA 2022,,1,,,,,,1,,,,,
23,23,49,INSTITUTO DE INFRAESTRUCTURA FISICA EDUCATIVA DEL ESTADO DE QUINTANA ROO,3,NO APLICA,NA,NA,NA,NA,NA,NA,NA,NA,NA,NA,NA,NA,NA
23,23,50,INSTITUTO ESTATAL PARA LA EDUCACION DE JOVENES Y ADULTOS,1,PROGRAMA DE PROFESIONALIZACION,,1,1,,1,,,1,1,,1,,
23,23,51,CENTRO DE ESTUDIOS DE BACHILLERATO TECNICO EVA SAMANO DE LOPEZ MATEOS,3,NO APLICA,NA,NA,NA,NA,NA,NA,NA,NA,NA,NA,NA,NA,NA
23,23,52,COLEGIO DE BACHILLERES DEL ESTADO DE QUINTANA ROO,1,REGLAMENTO INTERIOR,,,,,,,,1,1,,,,
23,23,53,COLEGIO DE ESTUDIOS CIENTIFICOS Y TECNOLOGICOS DE QUINTANA ROO,3,NO APLICA,NA,NA,NA,NA,NA,NA,NA,NA,NA,NA,NA,NA,NA
23,23,54,COLEGIO DE EDUCACION PROFESIONAL TECNICA DEL ESTADO DE QUINTANA ROO,1,ESTIMULO AL DESEMPEÑO,,,,,,,,,,,1,,
23,23,55,INSTITUTO TECNOLOGICO SUPERIOR DE FELIPE CARRILLO PUERTO,1,PROCEDIMIENTO PARA PROVISION DE RECURSOS HUMANOS Y MANUAL INTERNO DE FUNCIONES,,,,,,,,,1,,,,
23,23,56,UNIVERSIDAD DEL CARIBE,1,PLAN ANUAL DE CAPACITACION,,1,,,,,1,,1,,,,
23,23,57,UNIVERSIDAD POLITECNICA DE BACALAR,2,NO APLICA,NA,NA,NA,NA,NA,NA,NA,NA,NA,NA,NA,NA,NA
23,23,58,UNIVERSIDAD AUTONOMA DEL ESTADO DE QUINTANA ROO,1,PROCEDIMIENTOS MANUAL DE PUESTOS Y PERFILES ESTATUTOS DEL PERSONAL ACADEMICO LINEAMIENTOS DEL PERSONAL ADMINSITRATIVO ACUERDOS DE RECTORIA,,1,,,1,,1,1,1,,1,,
23,23,59,UNIVERSIDAD TECNOLOGICA DE CHETUMAL,1,REGLAMENTO INTERIOR,,1,,,1,,,1,1,,,,
23,23,60,UNIVERSIDAD POLITECNICA DE QUINTANA ROO,3,NO APLICA,NA,NA,NA,NA,NA,NA,NA,NA,NA,NA,NA,NA,NA
23,23,61,UNIVERSIDAD INTERCULTURAL MAYA DE QUINTANA ROO,1,REGLAMENTO INGRESO PROMOCION Y PERMANENCIA DEL ADMINISTRATIVO Y ACADEMICO,,,1,,,,1,,1,,,,
23,23,62,UNIVERSIDAD TECNOLOGICA DE CANCUN,2,NO APLICA,NA,NA,NA,NA,NA,NA,NA,NA,NA,NA,NA,NA,NA
23,23,63,UNIVERSIDAD TECNOLOGICA DE LA RIVIERA MAYA,3,NO APLICA,NA,NA,NA,NA,NA,NA,NA,NA,NA,NA,NA,NA,NA
23,23,64,UNIVERSIDAD TECNOLOGICA DE TULUM,3,NO APLICA,NA,NA,NA,NA,NA,NA,NA,NA,NA,NA,NA,NA,NA
23,23,65,SECRETARIA EJECUTIVA DEL SISTEMA ANTICORRUPCION DEL ESTADO DE QUINTANA ROO,3,NO APLICA,NA,NA,NA,NA,NA,NA,NA,NA,NA,NA,NA,NA,NA
23,23,66,INSTITUTO QUINTANARROENSE DE LA MUJER,1,LEY DEL INSTITUTO QUINTANARROENSE DE LA MUJER,,,,,,,,,1,,,,
23,23,67,CENTRO DE CONCILIACION LABORAL,9,NO IDENTIFICADO,NSS,NSS,NSS,NSS,NSS,NSS,NSS,NSS,NSS,NSS,NSS,NSS,NSS
23,23,68,SISTEMA PARA EL DESARROLLO INTEGRAL DE LA FAMILIA DEL ESTADO DE QUINTANA ROO,2,NO APLICA,NA,NA,NA,NA,NA,NA,NA,NA,NA,NA,NA,NA,NA
23,23,69,SERVICIOS ESTATALES DE SALUD,1,REGLAMENTO INTERNO DE LA SECRETARIA DE SALUD,,,,,,,,1,1,1,1,,
23,23,70,SECRETARIADO EJECUTIVO DEL SISTEMA ESTATAL DE SEGURIDAD PUBLICA,9,NO IDENTIFICADO,NSS,NSS,NSS,NSS,NSS,NSS,NSS,NSS,NSS,NSS,NSS,NSS,NSS
23,23,71,COMISION DE AGUA POTABLE Y ALCANTARILLADO,2,NO APLICA,NA,NA,NA,NA,NA,NA,NA,NA,NA,NA,NA,NA,NA
23,23,72,INSTITUTO DE CAPACITACION PARA EL TRABAJO DEL ESTADO DE QUINTANA ROO,2,NO APLICA,NA,NA,NA,NA,NA,NA,NA,NA,NA,NA,NA,NA,NA
23,23,73,CONSEJO DE PROMOCION TURISTICA DE QUINTANA ROO,3,NO APLICA,NA,NA,NA,NA,NA,NA,NA,NA,NA,NA,NA,NA,NA
23,23,74,ADMINISTRACION PORTUARIA INTEGRAL DE QUINTANA ROO,1,NO APLICA,,,,,,,,,1,,,,
23,23,75,VIP SERVICIOS AEREOS EJECUTIVOS,1,NO APLICA,1,1,1,,1,1,,1,1,1,,,
24,24,1,DESPACHO DEL EJECUTIVO,3,NO APLICA,NA,NA,NA,NA,NA,NA,NA,NA,NA,NA,NA,NA,NA
24,24,2,SECRETARIA GENERAL DE GOBIERNO,2,NO APLICA,NA,NA,NA,NA,NA,NA,NA,NA,NA,NA,NA,NA,NA
24,24,3,SECRETARIA TECNICA DEL GABINETE,3,NO APLICA,NA,NA,NA,NA,NA,NA,NA,NA,NA,NA,NA,NA,NA
24,24,4,UNIDAD DE SISTEMAS E INFORMATICA DEL PODER EJECUTIVO DE SAN LUIS POTOSI,1,NO APLICA,,1,1,,1,,,,1,,,,
24,24,5,SECRETARIA DE FINANZAS,1,NO APLICA,,1,,,,,,1,1,,1,,
24,24,6,SISTEMA EDUCATIVO ESTATAL REGULAR,9,NO IDENTIFICADO,NSS,NSS,NSS,NSS,NSS,NSS,NSS,NSS,NSS,NSS,NSS,NSS,NSS
24,24,7,SECRETARIA DE EDUCACION,1,REGLAMENTO DE LAS CONDICIONES GENERALES DE TRABAJO DEL PERSONAL DE LA SECRETARIA DE EDUCACION PUBLICA,,1,,,,,,1,1,,1,,
24,24,8,SECRETARIA DE CULTURA,2,NO APLICA,NA,NA,NA,NA,NA,NA,NA,NA,NA,NA,NA,NA,NA
24,24,9,SECRETARIA DE COMUNICACIONES Y TRANSPORTES,3,NO APLICA,NA,NA,NA,NA,NA,NA,NA,NA,NA,NA,NA,NA,NA
24,24,10,SECRETARIA DE DESARROLLO SOCIAL Y REGIONAL,2,NO APLICA,NA,NA,NA,NA,NA,NA,NA,NA,NA,NA,NA,NA,NA
24,24,11,SECRETARIA DE DESARROLLO AGROPECUARIO Y RECURSOS HIDRAULICOS,2,NO APLICA,NA,NA,NA,NA,NA,NA,NA,NA,NA,NA,NA,NA,NA
24,24,12,SECRETARIA DE DESARROLLO URBANO VIVIENDA Y OBRAS PUBLICAS,2,NO APLICA,NA,NA,NA,NA,NA,NA,NA,NA,NA,NA,NA,NA,NA
24,24,13,SECRETARIA DE DESARROLLO ECONOMICO,1,NO APLICA,,,,,,,,,1,,,,
24,24,14,SECRETARIA DEL TRABAJO Y PREVISION SOCIAL,1,REGLAMENTO INTERIOR SECRETARIA DEL TRABAJO Y PREVISION SOCIAL,,,,,,,,,1,,,,
24,24,15,SECRETARIA DE TURISMO,2,NO APLICA,NA,NA,NA,NA,NA,NA,NA,NA,NA,NA,NA,NA,NA
24,24,16,SECRETARIA DE ECOLOGIA Y GESTION AMBIENTAL,3,NO APLICA,NA,NA,NA,NA,NA,NA,NA,NA,NA,NA,NA,NA,NA
24,24,17,SECRETARIADO EJECUTIVO DEL CONSEJO ESTATAL DE SEGURIDAD PUBLICA DEL ESTADO,3,NO APLICA,NA,NA,NA,NA,NA,NA,NA,NA,NA,NA,NA,NA,NA
24,24,18,SECRETARIA DE SEGURIDAD PUBLICA,2,NO APLICA,NA,NA,NA,NA,NA,NA,NA,NA,NA,NA,NA,NA,NA
24,24,19,OFICIALIA MAYOR,1,REGLAMENTO INTERNO DE LA OFICIALIA MAYOR,,1,,,,,,,1,,1,,
24,24,20,CONTRALORIA GENERAL DEL ESTADO,3,NO APLICA,NA,NA,NA,NA,NA,NA,NA,NA,NA,NA,NA,NA,NA
24,24,21,COORDINACION GENERAL DE LA DEFENSORIA PUBLICA DEL ESTADO,1,LEY DE LA DEFENSORIA PUBLICA DEL ESTADO Y REGLAMENTO DE LA LEY DE LA DEFENSORIA PUBLICA DEL ESTADO,,,,,,,,,1,,,,
24,24,22,CONSEJERIA JURIDICA,3,NO APLICA,NA,NA,NA,NA,NA,NA,NA,NA,NA,NA,NA,NA,NA
24,24,23,COORDINACION GENERAL DE COMUNICACION SOCIAL,3,NO APLICA,NA,NA,NA,NA,NA,NA,NA,NA,NA,NA,NA,NA,NA
24,24,24,CONSEJO POTOSINO DE CIENCIA Y TECNOLOGIA,2,NO APLICA,NA,NA,NA,NA,NA,NA,NA,NA,NA,NA,NA,NA,NA
24,24,25,ARCHIVO HISTORICO DEL ESTADO LICENCIADO ANTONIO ROCHA CORDERO,1,NO APLICA,,,,,,,,,1,,,,
24,24,26,CENTRO ESTATAL DE CULTURA Y RECREACION TANGAMANGA I Y II PROFESOR CARLOS JONGUITUD BARRIOS,3,NO APLICA,NA,NA,NA,NA,NA,NA,NA,NA,NA,NA,NA,NA,NA
24,24,27,INSTITUTO POTOSINO DE CULTURA FISICA Y DEPORTE,1,NO APLICA,,,,,1,,,,1,,1,,
24,24,28,INSTITUTO POTOSINO DE LA JUVENTUD,2,NO APLICA,NA,NA,NA,NA,NA,NA,NA,NA,NA,NA,NA,NA,NA
24,24,29,SERVICIOS DE SALUD DE SAN LUIS POTOSI,9,NO IDENTIFICADO,NSS,NSS,NSS,NSS,NSS,NSS,NSS,NSS,NSS,NSS,NSS,NSS,NSS
24,24,30,JUNTA ESTATAL DE CAMINOS,3,NO APLICA,NA,NA,NA,NA,NA,NA,NA,NA,NA,NA,NA,NA,NA
24,24,31,INSTITUTO ESTATAL DE INFRAESTRUCTURA FISICA EDUCATIVA,1,NO APLICA,,,,,,,,,1,,,,
24,24,32,CONSEJO ESTATAL DE POBLACION,9,NO IDENTIFICADO,NSS,NSS,NSS,NSS,NSS,NSS,NSS,NSS,NSS,NSS,NSS,NSS,NSS
24,24,33,INSTITUTO DE DESARROLLO HUMANO Y SOCIAL DE LOS PUEBLOS INDIGENAS,2,NO APLICA,NA,NA,NA,NA,NA,NA,NA,NA,NA,NA,NA,NA,NA
24,24,34,SISTEMA ESTATAL PARA EL DESARROLLO INTEGRAL DE LA FAMILIA,1,MANUAL DE PROCEDIMIENTOS DE LA DIRECCION ADMINISTRATIVA,,,,,1,,,1,1,1,1,,
24,24,35,INSTITUTO ESTATAL DE CIEGOS,1,NO APLICA,,,,,,,,,1,,,,
24,24,36,PROMOTORA DEL ESTADO DE SAN LUIS POTOSI,3,NO APLICA,NA,NA,NA,NA,NA,NA,NA,NA,NA,NA,NA,NA,NA
24,24,37,CENTRO DE CONVENCIONES DE SAN LUIS POTOSI,3,NO APLICA,NA,NA,NA,NA,NA,NA,NA,NA,NA,NA,NA,NA,NA
24,24,38,INSTITUTO DE VIVIENDA DEL ESTADO,2,NO APLICA,NA,NA,NA,NA,NA,NA,NA,NA,NA,NA,NA,NA,NA
24,24,39,COMISION ESTATAL DEL AGUA,2,NO APLICA,NA,NA,NA,NA,NA,NA,NA,NA,NA,NA,NA,NA,NA
24,24,40,COMISION EJECUTIVA ESTATAL DE ATENCION A VICTIMAS,1,NO APLICA,,,,,,,,,1,,,,
24,24,41,COORDINACION ESTATAL PARA EL FORTALECIMIENTO INSTITUCIONAL DE LOS MUNICIPIOS,2,NO APLICA,NA,NA,NA,NA,NA,NA,NA,NA,NA,NA,NA,NA,NA
24,24,42,INSTITUTO DE LAS MUJERES DEL ESTADO DE SAN LUIS POTOSI,1,LEY DEL INSTITUTO DE LAS MUJERES DEL ESTADO DE SAN LUIS POTOSI,,,,,,,,,1,,,,
24,24,43,INSTITUTO REGISTRAL Y CATASTRAL DEL ESTADO DE SAN LUIS POTOSI,1,NO APLICA,,,,,,,,,1,,,,
24,24,44,CENTRO DE JUSTICIA PARA MUJERES DEL ESTADO DE SAN LUIS POTOSI,2,NO APLICA,NA,NA,NA,NA,NA,NA,NA,NA,NA,NA,NA,NA,NA
24,24,45,INSTITUTO DE TELEVISION PUBLICA DE SAN LUIS POTOSI XHSLS CANAL 9,2,NO APLICA,NA,NA,NA,NA,NA,NA,NA,NA,NA,NA,NA,NA,NA
24,24,46,CENTRO DE CONCILIACION LABORAL DEL ESTADO DE SAN LUIS POTOSI,1,NO APLICA,,,,,,,1,,1,,,,
24,24,47,SECRETARIA EJECUTIVA DEL SISTEMA ESTATAL ANTICORRUPCION,2,NO APLICA,NA,NA,NA,NA,NA,NA,NA,NA,NA,NA,NA,NA,NA
24,24,48,INSTITUTO ESTATAL DE EDUCACION PARA ADULTOS,1,NO APLICA,,1,1,1,1,1,,1,1,,1,,
24,24,49,COLEGIO DE BACHILLERES,2,NO APLICA,NA,NA,NA,NA,NA,NA,NA,NA,NA,NA,NA,NA,NA
24,24,50,COLEGIO DE EDUCACION PROFESIONAL TECNICA DEL ESTADO DE SAN LUIS POTOSI,3,NO APLICA,NA,NA,NA,NA,NA,NA,NA,NA,NA,NA,NA,NA,NA
24,24,51,COLEGIO DE ESTUDIOS CIENTIFICOS Y TECNOLOGICOS,2,NO APLICA,NA,NA,NA,NA,NA,NA,NA,NA,NA,NA,NA,NA,NA
24,24,52,UNIVERSIDAD INTERCULTURAL,2,NO APLICA,NA,NA,NA,NA,NA,NA,NA,NA,NA,NA,NA,NA,NA
24,24,53,INSTITUTO TECNOLOGICO SUPERIOR DE EBANO,2,NO APLICA,NA,NA,NA,NA,NA,NA,NA,NA,NA,NA,NA,NA,NA
24,24,54,INSTITUTO TECNOLOGICO SUPERIOR DE TAMAZUNCHALE,1,PROGRAMA ANUAL DE CAPACITACIONCENTRO DE APLICACIONES TECNOLOGICAS DEL TECNOLOGICO NACIONAL DE MEXICOSISTEMA DE EVALUACION DOCENTE DEL TECNOLOGICO NACIONAL DE MEXICO,,,,,,,,1,1,1,,,
24,24,55,UNIVERSIDAD TECNOLOGICA DE SAN LUIS POTOSI,1,PLAN INSTITUCIONAL DE DESARROLLO DE LA UNIVERSIDAD TECNOLOGICA DE SAN LUIS POTOSI,,1,1,1,1,1,1,1,1,1,1,,
24,24,56,INSTITUTO TECNOLOGICO SUPERIOR DE RIOVERDE,2,NO APLICA,NA,NA,NA,NA,NA,NA,NA,NA,NA,NA,NA,NA,NA
24,24,57,UNIVERSIDAD POLITECNICA DE SAN LUIS POTOSI,1,REGLAMENTO INTERIOR DE LA UNIVERSIDAD POLITECNICA DE SAN LUIS POTOSI,,1,1,,1,,,,1,1,,,
24,24,58,INSTITUTO TECNOLOGICO SUPERIOR DE SAN LUIS POTOSI CAPITAL,3,NO APLICA,NA,NA,NA,NA,NA,NA,NA,NA,NA,NA,NA,NA,NA
24,24,59,INSTITUTO POTOSINO DE BELLAS ARTES,9,NO IDENTIFICADO,NSS,NSS,NSS,NSS,NSS,NSS,NSS,NSS,NSS,NSS,NSS,NSS,NSS
24,24,60,MUSEO DEL VIRREINATO,3,NO APLICA,NA,NA,NA,NA,NA,NA,NA,NA,NA,NA,NA,NA,NA
24,24,61,CENTRO CULTURAL REAL DE CATORCE,3,NO APLICA,NA,NA,NA,NA,NA,NA,NA,NA,NA,NA,NA,NA,NA
24,24,62,MUSEO DEL FERROCARRIL,2,NO APLICA,NA,NA,NA,NA,NA,NA,NA,NA,NA,NA,NA,NA,NA
24,24,63,MUSEO DE ARTE CONTEMPORANEO,3,NO APLICA,NA,NA,NA,NA,NA,NA,NA,NA,NA,NA,NA,NA,NA
24,24,64,MUSEO LABERINTO DE LAS CIENCIAS Y LAS ARTES,3,NO APLICA,NA,NA,NA,NA,NA,NA,NA,NA,NA,NA,NA,NA,NA
24,24,65,CENTRO DE LAS ARTES DE SAN LUIS POTOSI,3,NO APLICA,NA,NA,NA,NA,NA,NA,NA,NA,NA,NA,NA,NA,NA
24,24,66,MUSEO FRANCISCO COSSIO,3,NO APLICA,NA,NA,NA,NA,NA,NA,NA,NA,NA,NA,NA,NA,NA
24,24,67,MUSEO FEDERICO SILVA ESCULTURA CONTEMPORANEA,3,NO APLICA,NA,NA,NA,NA,NA,NA,NA,NA,NA,NA,NA,NA,NA
24,24,68,CINETECA ALAMEDA,3,NO APLICA,NA,NA,NA,NA,NA,NA,NA,NA,NA,NA,NA,NA,NA
24,24,69,MUSEO NACIONAL DE LA MASCARA,3,NO APLICA,NA,NA,NA,NA,NA,NA,NA,NA,NA,NA,NA,NA,NA
24,24,70,INSTITUTO TEMAZCALLI PREVENCION Y REHABILITACION,3,NO APLICA,NA,NA,NA,NA,NA,NA,NA,NA,NA,NA,NA,NA,NA
24,24,71,INSTITUTO GERIATRICO DOCTOR NICOLAS AGUILAR,2,NO APLICA,NA,NA,NA,NA,NA,NA,NA,NA,NA,NA,NA,NA,NA
24,24,72,CENTRO DE ASISTENCIA SOCIAL ROSARIO CASTELLANOS,2,NO APLICA,NA,NA,NA,NA,NA,NA,NA,NA,NA,NA,NA,NA,NA
24,24,73,CENTRO DE ASISTENCIA SOCIAL RAFAEL NIETO,3,NO APLICA,NA,NA,NA,NA,NA,NA,NA,NA,NA,NA,NA,NA,NA
24,24,74,CENTRO DE ASISTENCIA SOCIAL MARGARITA MAZA DE JUAREZ,3,NO APLICA,NA,NA,NA,NA,NA,NA,NA,NA,NA,NA,NA,NA,NA
24,24,75,SISTEMA DE FINANCIAMIENTO PARA EL DESARROLLO DEL ESTADO DE SAN LUIS POTOSI,3,NO APLICA,NA,NA,NA,NA,NA,NA,NA,NA,NA,NA,NA,NA,NA
24,24,76,INSTITUTO DE CAPACITACION PARA EL TRABAJO DEL ESTADO DE SAN LUIS POTOSI,1,MANUAL DE ORGANIZACION,,1,,,1,,,,,,,,
24,24,77,UNIVERSIDAD TECNOLOGICA METROPOLITANA DE SAN LUIS POTOSI,3,NO APLICA,NA,NA,NA,NA,NA,NA,NA,NA,NA,NA,NA,NA,NA
24,24,78,CENTRO ESTATAL DE TRASPLANTES,3,NO APLICA,NA,NA,NA,NA,NA,NA,NA,NA,NA,NA,NA,NA,NA
24,24,79,MUSEO CASA DEL REBOZO,3,NO APLICA,NA,NA,NA,NA,NA,NA,NA,NA,NA,NA,NA,NA,NA
25,25,1,OFICINA DEL GOBERNADOR,3,NO APLICA,NA,NA,NA,NA,NA,NA,NA,NA,NA,NA,NA,NA,NA
25,25,2,SECRETARIA GENERAL DE GOBIERNO,3,NO APLICA,NA,NA,NA,NA,NA,NA,NA,NA,NA,NA,NA,NA,NA
25,25,3,SECRETARIA DE ADMINISTRACION Y FINANZAS,3,NO APLICA,NA,NA,NA,NA,NA,NA,NA,NA,NA,NA,NA,NA,NA
25,25,4,SECRETARIA DE EDUCACION PUBLICA Y CULTURA,3,NO APLICA,NA,NA,NA,NA,NA,NA,NA,NA,NA,NA,NA,NA,NA
25,25,5,SECRETARIA DE SEGURIDAD PUBLICA,3,NO APLICA,NA,NA,NA,NA,NA,NA,NA,NA,NA,NA,NA,NA,NA
25,25,6,SECRETARIA DE ECONOMIA,3,NO APLICA,NA,NA,NA,NA,NA,NA,NA,NA,NA,NA,NA,NA,NA
25,25,7,SECRETARIA DE SALUD,3,NO APLICA,NA,NA,NA,NA,NA,NA,NA,NA,NA,NA,NA,NA,NA
25,25,8,SECRETARIA DE TURISMO,3,NO APLICA,NA,NA,NA,NA,NA,NA,NA,NA,NA,NA,NA,NA,NA
25,25,9,SECRETARIA DE TRANSPARENCIA Y RENDICION DE CUENTAS,3,NO APLICA,NA,NA,NA,NA,NA,NA,NA,NA,NA,NA,NA,NA,NA
25,25,10,SECRETARIA DE PESCA Y ACUACULTURA,3,NO APLICA,NA,NA,NA,NA,NA,NA,NA,NA,NA,NA,NA,NA,NA
25,25,11,SECRETARIA DE LAS MUJERES,3,NO APLICA,NA,NA,NA,NA,NA,NA,NA,NA,NA,NA,NA,NA,NA
25,25,12,SECRETARIA DE BIENESTAR Y DESARROLLO SUSTENTABLE,3,NO APLICA,NA,NA,NA,NA,NA,NA,NA,NA,NA,NA,NA,NA,NA
25,25,13,SECRETARIA DE OBRAS PUBLICAS,3,NO APLICA,NA,NA,NA,NA,NA,NA,NA,NA,NA,NA,NA,NA,NA
25,25,14,SECRETARIA DE AGRICULTURA Y GANADERIA,3,NO APLICA,NA,NA,NA,NA,NA,NA,NA,NA,NA,NA,NA,NA,NA
25,25,15,INSTITUTO ESTATAL DE PROTECCION CIVIL,3,NO APLICA,NA,NA,NA,NA,NA,NA,NA,NA,NA,NA,NA,NA,NA
25,25,16,COMISION ESTATAL DE ATENCION INTEGRAL A VICTIMAS,3,NO APLICA,NA,NA,NA,NA,NA,NA,NA,NA,NA,NA,NA,NA,NA
25,25,17,CENTRO DE CONCILIACION LABORAL DEL ESTADO DE SINALOA,3,NO APLICA,NA,NA,NA,NA,NA,NA,NA,NA,NA,NA,NA,NA,NA
25,25,18,INSTITUTO DE LA DEFENSORIA PUBLICA DEL ESTADO,3,NO APLICA,NA,NA,NA,NA,NA,NA,NA,NA,NA,NA,NA,NA,NA
25,25,19,CONSEJO ESTATAL DE POBLACION,3,NO APLICA,NA,NA,NA,NA,NA,NA,NA,NA,NA,NA,NA,NA,NA
25,25,20,ARCHIVO HISTORICO GENERAL DEL ESTADO,3,NO APLICA,NA,NA,NA,NA,NA,NA,NA,NA,NA,NA,NA,NA,NA
25,25,21,DELEGACION DE RELACIONES EXTERIORES,3,NO APLICA,NA,NA,NA,NA,NA,NA,NA,NA,NA,NA,NA,NA,NA
25,25,22,SECRETARIA EJECUTIVA DEL SISTEMA ESTATAL DE PROTECCION INTEGRAL DE LOS DERECHOS DE NIÑAS NIÑOS Y ADOLESCENTES,3,NO APLICA,NA,NA,NA,NA,NA,NA,NA,NA,NA,NA,NA,NA,NA
25,25,23,COMISION ESTATAL DE BUSQUEDA DE PERSONAS DESAPARECIDAS,3,NO APLICA,NA,NA,NA,NA,NA,NA,NA,NA,NA,NA,NA,NA,NA
25,25,24,TRIBUNAL LOCAL DE CONCILIACION Y ARBITRAJE,3,NO APLICA,NA,NA,NA,NA,NA,NA,NA,NA,NA,NA,NA,NA,NA
25,25,25,PROCURADURIA FISCAL,3,NO APLICA,NA,NA,NA,NA,NA,NA,NA,NA,NA,NA,NA,NA,NA
25,25,26,INSTITUTO CATASTRAL DEL ESTADO DE SINALOA,3,NO APLICA,NA,NA,NA,NA,NA,NA,NA,NA,NA,NA,NA,NA,NA
25,25,27,SERVICIO DE ADMINISTRACION TRIBUTARIA DEL ESTADO DE SINALOA,3,NO APLICA,NA,NA,NA,NA,NA,NA,NA,NA,NA,NA,NA,NA,NA
25,25,28,COORDINACION DE COMUNICACION SOCIAL,3,NO APLICA,NA,NA,NA,NA,NA,NA,NA,NA,NA,NA,NA,NA,NA
25,25,29,COORDINACION DE ASESORES,3,NO APLICA,NA,NA,NA,NA,NA,NA,NA,NA,NA,NA,NA,NA,NA
25,25,30,JUNTA LOCAL DE CONCILIACION Y ARBITRAJE,3,NO APLICA,NA,NA,NA,NA,NA,NA,NA,NA,NA,NA,NA,NA,NA
25,25,31,INSTITUTO SINALOENSE DE DESARROLLO SOCIAL,3,NO APLICA,NA,NA,NA,NA,NA,NA,NA,NA,NA,NA,NA,NA,NA
25,25,32,COMISION PARA LA ATENCION DE LAS COMUNIDADES INDIGENAS DE SINALOA,3,NO APLICA,NA,NA,NA,NA,NA,NA,NA,NA,NA,NA,NA,NA,NA
25,25,33,COORDINACION GENERAL DE DESARROLLO TECNOLOGICO Y PROYECTOS ESPECIALES,1,ARTICULO 27 FRACCION III DEL REGLAMENTO INTERIOR DE LA COORDINACION GENERAL DE DESARROLLO TECNOLOGICO Y PROYECTOS ESPECIALES,,,,,,,,,1,1,,,
25,25,34,FOMENTO A LA INVESTIGACION CIENTIFICA,3,NO APLICA,NA,NA,NA,NA,NA,NA,NA,NA,NA,NA,NA,NA,NA
25,25,35,CENTRO ESTATAL DE EVALUACION Y CONTROL DE CONFIANZA,3,NO APLICA,NA,NA,NA,NA,NA,NA,NA,NA,NA,NA,NA,NA,NA
25,25,36,UNIVERSIDAD DE LA POLICIA DEL ESTADO DE SINALOA,3,NO APLICA,NA,NA,NA,NA,NA,NA,NA,NA,NA,NA,NA,NA,NA
25,25,37,COLEGIO DE BACHILLERES DEL ESTADO DE SINALOA,3,NO APLICA,NA,NA,NA,NA,NA,NA,NA,NA,NA,NA,NA,NA,NA
25,25,38,UNIVERSIDAD AUTONOMA DE OCCIDENTE,3,NO APLICA,NA,NA,NA,NA,NA,NA,NA,NA,NA,NA,NA,NA,NA
25,25,39,UNIVERSIDAD AUTONOMA DE SINALOA,3,NO APLICA,NA,NA,NA,NA,NA,NA,NA,NA,NA,NA,NA,NA,NA
25,25,40,ESCUELA NORMAL DE ESPECIALIZACION DEL ESTADO DE SINALOA,3,NO APLICA,NA,NA,NA,NA,NA,NA,NA,NA,NA,NA,NA,NA,NA
25,25,41,INSTITUTO SINALOENSE DE CULTURA FISICA Y EL DEPORTE,3,NO APLICA,NA,NA,NA,NA,NA,NA,NA,NA,NA,NA,NA,NA,NA
25,25,42,COLEGIO DE SINALOA,3,NO APLICA,NA,NA,NA,NA,NA,NA,NA,NA,NA,NA,NA,NA,NA
25,25,43,INSTITUTO SINALOENSE DE CULTURA,3,NO APLICA,NA,NA,NA,NA,NA,NA,NA,NA,NA,NA,NA,NA,NA
25,25,44,UNIVERSIDAD AUTONOMA INDIGENA DE MEXICO,3,NO APLICA,NA,NA,NA,NA,NA,NA,NA,NA,NA,NA,NA,NA,NA
25,25,45,SERVICIOS DE EDUCACION PUBLICA DESCENTRALIZADA DEL ESTADO DE SINALOA,3,NO APLICA,NA,NA,NA,NA,NA,NA,NA,NA,NA,NA,NA,NA,NA
25,25,46,UNIVERSIDAD POLITECNICA DE SINALOA,3,NO APLICA,NA,NA,NA,NA,NA,NA,NA,NA,NA,NA,NA,NA,NA
25,25,47,INSTITUTO SINALOENSE DE LA INFRAESTRUCTURA FISICA EDUCATIVA,3,NO APLICA,NA,NA,NA,NA,NA,NA,NA,NA,NA,NA,NA,NA,NA
25,25,48,INSTITUTO TECNOLOGICO SUPERIOR DE GUASAVE,3,NO APLICA,NA,NA,NA,NA,NA,NA,NA,NA,NA,NA,NA,NA,NA
25,25,49,INSTITUTO TECNOLOGICO SUPERIOR DE ELDORADO,3,NO APLICA,NA,NA,NA,NA,NA,NA,NA,NA,NA,NA,NA,NA,NA
25,25,50,COLEGIO DE EDUCACION PROFESIONAL TECNICA DEL ESTADO DE SINALOA,3,NO APLICA,NA,NA,NA,NA,NA,NA,NA,NA,NA,NA,NA,NA,NA
25,25,51,UNIVERSIDAD POLITECNICA DEL MAR Y LA SIERRA,3,NO APLICA,NA,NA,NA,NA,NA,NA,NA,NA,NA,NA,NA,NA,NA
25,25,52,UNIVERSIDAD POLITECNICA DEL VALLE DEL EVORA,3,NO APLICA,NA,NA,NA,NA,NA,NA,NA,NA,NA,NA,NA,NA,NA
25,25,53,UNIVERSIDAD TECNOLOGICA DE CULIACAN,3,NO APLICA,NA,NA,NA,NA,NA,NA,NA,NA,NA,NA,NA,NA,NA
25,25,54,UNIVERSIDAD TECNOLOGICA DE ESCUINAPA,3,NO APLICA,NA,NA,NA,NA,NA,NA,NA,NA,NA,NA,NA,NA,NA
25,25,55,INSTITUTO SINALOENSE PARA LA EDUCACION DE JOVENES Y ADULTOS,3,NO APLICA,NA,NA,NA,NA,NA,NA,NA,NA,NA,NA,NA,NA,NA
25,25,56,UNIVERSIDAD PEDAGOGICA DEL ESTADO DE SINALOA,3,NO APLICA,NA,NA,NA,NA,NA,NA,NA,NA,NA,NA,NA,NA,NA
25,25,57,CENTRO DE ESTUDIOS DE BACHILLERATO,3,NO APLICA,NA,NA,NA,NA,NA,NA,NA,NA,NA,NA,NA,NA,NA
25,25,58,COLEGIO DE ESTUDIOS CIENTIFICOS Y TECNOLOGICOS DEL ESTADO DE SINALOA,3,NO APLICA,NA,NA,NA,NA,NA,NA,NA,NA,NA,NA,NA,NA,NA
25,25,59,ESCUELA NORMAL EXPERIMENTAL DE EL FUERTE,3,NO APLICA,NA,NA,NA,NA,NA,NA,NA,NA,NA,NA,NA,NA,NA
25,25,60,CIUDAD EDUCADORA DEL SABER DE SINALOA,3,NO APLICA,NA,NA,NA,NA,NA,NA,NA,NA,NA,NA,NA,NA,NA
25,25,61,SISTEMA SINALOENSE DE RADIO Y TELEVISION,3,NO APLICA,NA,NA,NA,NA,NA,NA,NA,NA,NA,NA,NA,NA,NA
25,25,62,ESCUELA NORMAL DE SINALOA,3,NO APLICA,NA,NA,NA,NA,NA,NA,NA,NA,NA,NA,NA,NA,NA
25,25,63,ESCUELA LIBRE DE DERECHO,3,NO APLICA,NA,NA,NA,NA,NA,NA,NA,NA,NA,NA,NA,NA,NA
25,25,64,DESARROLLO URBANO TRES RIOS,3,NO APLICA,NA,NA,NA,NA,NA,NA,NA,NA,NA,NA,NA,NA,NA
25,25,65,PREESFORZADOS CONCRETOS Y AGREGADOS DE SINALOA,3,NO APLICA,NA,NA,NA,NA,NA,NA,NA,NA,NA,NA,NA,NA,NA
25,25,66,INSTITUTO DE CAPACITACION PARA EL TRABAJO DEL ESTADO DE SINALOA,3,NO APLICA,NA,NA,NA,NA,NA,NA,NA,NA,NA,NA,NA,NA,NA
25,25,67,COMISION ESTATAL DE MEJORA REGULATORIA Y GESTION EMPRESARIAL,3,NO APLICA,NA,NA,NA,NA,NA,NA,NA,NA,NA,NA,NA,NA,NA
25,25,68,CONSEJO PARA EL DESARROLLO ECONOMICO DE SINALOA,3,NO APLICA,NA,NA,NA,NA,NA,NA,NA,NA,NA,NA,NA,NA,NA
25,25,69,ADMINISTRACION DE LA BENEFICENCIA PUBLICA DEL ESTADO DE SINALOA,3,NO APLICA,NA,NA,NA,NA,NA,NA,NA,NA,NA,NA,NA,NA,NA
25,25,70,COMISION DE ARBITRAJE MEDICO DEL ESTADO DE SINALOA,3,NO APLICA,NA,NA,NA,NA,NA,NA,NA,NA,NA,NA,NA,NA,NA
25,25,71,COMISION ESTATAL PARA LA PROTECCION CONTRA RIESGOS SANITARIOS DE SINALOA,3,NO APLICA,NA,NA,NA,NA,NA,NA,NA,NA,NA,NA,NA,NA,NA
25,25,72,COMISION ESTATAL DE PREVENCION TRATAMIENTO Y CONTROL DE LAS ADICCIONES,3,NO APLICA,NA,NA,NA,NA,NA,NA,NA,NA,NA,NA,NA,NA,NA
25,25,73,CENTRO DE REHABILITACION PARA LA JUVENTUD,3,NO APLICA,NA,NA,NA,NA,NA,NA,NA,NA,NA,NA,NA,NA,NA
25,25,74,HOSPITAL CIVIL DE CULIACAN,3,NO APLICA,NA,NA,NA,NA,NA,NA,NA,NA,NA,NA,NA,NA,NA
25,25,75,DESARROLLO INTEGRAL DE LA FAMILIA,3,NO APLICA,NA,NA,NA,NA,NA,NA,NA,NA,NA,NA,NA,NA,NA
25,25,76,SERVICIOS DE SALUD DE SINALOA,3,NO APLICA,NA,NA,NA,NA,NA,NA,NA,NA,NA,NA,NA,NA,NA
25,25,77,JUNTA DE ASISTENCIA PRIVADA DEL ESTADO DE SINALOA,3,NO APLICA,NA,NA,NA,NA,NA,NA,NA,NA,NA,NA,NA,NA,NA
25,25,78,INSTITUTO SINALOENSE DE ACUACULTURA Y PESCA,3,NO APLICA,NA,NA,NA,NA,NA,NA,NA,NA,NA,NA,NA,NA,NA
25,25,79,CONSEJO ESTATAL PARA LA PREVENCION Y ATENCION DE LA VIOLENCIA FAMILIAR,3,NO APLICA,NA,NA,NA,NA,NA,NA,NA,NA,NA,NA,NA,NA,NA
25,25,80,CENTRO DE JUSTICIA PARA MUJERES,3,NO APLICA,NA,NA,NA,NA,NA,NA,NA,NA,NA,NA,NA,NA,NA
25,25,81,INSTITUTO SINALOENSE DE LA JUVENTUD,3,NO APLICA,NA,NA,NA,NA,NA,NA,NA,NA,NA,NA,NA,NA,NA
25,25,82,COMISION ESTATAL DE AGUA POTABLE Y ALCANTARILLADO DE SINALOA,3,NO APLICA,NA,NA,NA,NA,NA,NA,NA,NA,NA,NA,NA,NA,NA
25,25,83,COMISION DE VIVIENDA DEL ESTADO DE SINALOA,3,NO APLICA,NA,NA,NA,NA,NA,NA,NA,NA,NA,NA,NA,NA,NA
25,25,84,VIVEROS DE SINALOA,3,NO APLICA,NA,NA,NA,NA,NA,NA,NA,NA,NA,NA,NA,NA,NA
26,26,1,EJECUTIVO DEL ESTADO,1,LEY DEL SERVICIO CIVIL,,1,1,1,1,1,1,1,1,1,1,1,
26,26,2,SECRETARIA DE AGRICULTURA GANADERIA RECURSOS HIDRAULICOS PESCA Y ACUACULTURA,9,NO IDENTIFICADO,NSS,NSS,NSS,NSS,NSS,NSS,NSS,NSS,NSS,NSS,NSS,NSS,NSS
26,26,3,SECRETARIA DE DESARROLLO SOCIAL,1,MANUAL DE ORGANIZACION Y MANUAL DE PROCEDIMIENTOS,1,1,,,1,,,1,1,1,1,,
26,26,4,SECRETARIA DE ECONOMIA,1,NO APLICA,,1,,,1,,,1,1,,1,,
26,26,5,SECRETARIA DE EDUCACION Y CULTURA,1,REGLAMENTO INTERIOR,,,,,1,,,1,1,,,,
26,26,6,SECRETARIA DE GOBIERNO,9,NO IDENTIFICADO,NSS,NSS,NSS,NSS,NSS,NSS,NSS,NSS,NSS,NSS,NSS,NSS,NSS
26,26,7,SECRETARIA DE HACIENDA,1,NO APLICA,1,,,,1,,,1,1,1,1,,
26,26,8,SECRETARIA DE INFRAESTRUCTURA Y DESARROLLO URBANO,9,NO IDENTIFICADO,NSS,NSS,NSS,NSS,NSS,NSS,NSS,NSS,NSS,NSS,NSS,NSS,NSS
26,26,9,SECRETARIA DE LA CONSEJERIA JURIDICA,1,SUBSECRETARIA DE RECURSOS HUMANOS,,1,1,1,1,,,1,1,,,1,
26,26,10,SECRETARIA DE LA CONTRALORIA GENERAL,1,REGLAMENTO INTERIOR DE LA SECRETARIA DE LA CONTRALORIA GENERAL,,1,,,1,,,1,1,1,,,
26,26,11,SECRETARIA DE SALUD PUBLICA,9,NO IDENTIFICADO,NSS,NSS,NSS,NSS,NSS,NSS,NSS,NSS,NSS,NSS,NSS,NSS,NSS
26,26,12,SECRETARIA DE SEGURIDAD PUBLICA,1,REGLAMENTO INTERIOR DE LA SECRETARIA DE SEGURIDAD PUBLICA,,,,,,,,,1,,,,
26,26,13,SECRETARIA DE TURISMO,1,CONDICIONES GENERALES DE TRABAJO,,,,,1,,,,1,,,,
26,26,14,SECRETARIA DEL TRABAJO,1,CECAP,,,,,,,,,1,,,,
26,26,15,OFICIALIA MAYOR,1,REGLAMENTO INTERIOR DE LA OFICIALIA MAYOR,,,,,,,,,1,,,,
26,26,16,CENTRO DE EVALUACION Y CONTROL DE CONFIANZA DEL ESTADO DE SONORA,1,NO APLICA,,1,,,1,,,1,1,,,,
26,26,17,CENTRO DE CONCILIACION LABORAL DEL ESTADO DE SONORA,9,NO IDENTIFICADO,NSS,NSS,NSS,NSS,NSS,NSS,NSS,NSS,NSS,NSS,NSS,NSS,NSS
26,26,18,CENTRO ESTATAL DE TRASPLANTES,9,NO IDENTIFICADO,NSS,NSS,NSS,NSS,NSS,NSS,NSS,NSS,NSS,NSS,NSS,NSS,NSS
26,26,19,CENTRO REGIONAL DE FORMACION PROFESIONAL DOCENTE DE SONORA,1,NO APLICA,,,,,,,,,1,,,,
26,26,20,COLEGIO DE BACHILLERES DEL ESTADO,1,UNIDAD DEL SISTEMA PARA LA CARRERA DE LAS MAESTRAS Y LOS MAESTROS,1,,,,,,,,,,,,
26,26,21,COLEGIO DE EDUCACION PROFESIONAL TECNICA DEL ESTADO DE SONORA,9,NO IDENTIFICADO,NSS,NSS,NSS,NSS,NSS,NSS,NSS,NSS,NSS,NSS,NSS,NSS,NSS
26,26,22,COLEGIO DE ESTUDIOS CIENTIFICOS Y TECNOLOGICOS DEL ESTADO DE SONORA,9,NO IDENTIFICADO,NSS,NSS,NSS,NSS,NSS,NSS,NSS,NSS,NSS,NSS,NSS,NSS,NSS
26,26,23,COMISION DE ECOLOGIA Y DESARROLLO SUSTENTABLE DEL ESTADO DE SONORA,2,NO APLICA,NA,NA,NA,NA,NA,NA,NA,NA,NA,NA,NA,NA,NA
26,26,24,COMISION DE VIVIENDA DEL ESTADO DE SONORA,1,MANUALES Y REGLAS DE OPERACION,,,,,1,,,1,1,,1,,
26,26,25,COMISION EJECUTIVA DE ATENCION A VICTIMAS,2,NO APLICA,NA,NA,NA,NA,NA,NA,NA,NA,NA,NA,NA,NA,NA
26,26,26,COMISION DEL DEPORTE DEL ESTADO DE SONORA,9,NO IDENTIFICADO,NSS,NSS,NSS,NSS,NSS,NSS,NSS,NSS,NSS,NSS,NSS,NSS,NSS
26,26,27,COMISION ESTATAL DEL AGUA,9,NO IDENTIFICADO,NSS,NSS,NSS,NSS,NSS,NSS,NSS,NSS,NSS,NSS,NSS,NSS,NSS
26,26,28,COMISION ESTATAL PARA EL DESARROLLO DE LOS PUEBLOS Y COMUNIDADES INDIGENAS DE SONORA,9,NO IDENTIFICADO,NSS,NSS,NSS,NSS,NSS,NSS,NSS,NSS,NSS,NSS,NSS,NSS,NSS
26,26,29,COMITE DE CAMPAÑA DE ERRADICACION DE LA TUBERCULOSIS Y BRUCELOSIS BOVINA DEL ESTADO DE SONORA,9,NO IDENTIFICADO,NSS,NSS,NSS,NSS,NSS,NSS,NSS,NSS,NSS,NSS,NSS,NSS,NSS
26,26,30,CONSEJO ESTATAL DE CIENCIA Y TECNOLOGIA,3,NO APLICA,NA,NA,NA,NA,NA,NA,NA,NA,NA,NA,NA,NA,NA
26,26,31,CONSEJO ESTATAL DE CONCERTACION PARA LA OBRA PUBLICA,9,NO IDENTIFICADO,NSS,NSS,NSS,NSS,NSS,NSS,NSS,NSS,NSS,NSS,NSS,NSS,NSS
26,26,32,CONSEJO SONORENSE REGULADOR DEL BACANORA,9,NO IDENTIFICADO,NSS,NSS,NSS,NSS,NSS,NSS,NSS,NSS,NSS,NSS,NSS,NSS,NSS
26,26,33,COORDINACION ESTATAL DE PROTECCION CIVIL,9,NO IDENTIFICADO,NSS,NSS,NSS,NSS,NSS,NSS,NSS,NSS,NSS,NSS,NSS,NSS,NSS
26,26,34,FIDEICOMISO FONDO REVOLVENTE SONORA,1,NO APLICA,,,1,,1,,,1,,,,,
26,26,35,FIDEICOMISO MAESTRO PARA EL FINANCIAMIENTO DEL SECTOR AGROPECUARIO EN SONORA,9,NO IDENTIFICADO,NSS,NSS,NSS,NSS,NSS,NSS,NSS,NSS,NSS,NSS,NSS,NSS,NSS
26,26,36,FIDEICOMISO OPERADORA DE PROYECTOS ESTRATEGICOS DEL ESTADO DE SONORA IMPULSOR,9,NO IDENTIFICADO,NSS,NSS,NSS,NSS,NSS,NSS,NSS,NSS,NSS,NSS,NSS,NSS,NSS
26,26,37,FIDEICOMISO PUENTE COLORADO,2,NO APLICA,NA,NA,NA,NA,NA,NA,NA,NA,NA,NA,NA,NA,NA
26,26,38,FINANCIERA PARA EL DESARROLLO ECONOMICO DE SONORA,9,NO IDENTIFICADO,NSS,NSS,NSS,NSS,NSS,NSS,NSS,NSS,NSS,NSS,NSS,NSS,NSS
26,26,39,FONDO DE OPERACION DE OBRAS SONORA SI,9,NO IDENTIFICADO,NSS,NSS,NSS,NSS,NSS,NSS,NSS,NSS,NSS,NSS,NSS,NSS,NSS
26,26,40,FONDO ESTATAL DE SOLIDARIDAD,3,NO APLICA,NA,NA,NA,NA,NA,NA,NA,NA,NA,NA,NA,NA,NA
26,26,41,INSTITUTO DE MOVILIDAD Y TRANSPORTE DEL ESTADO DE SONORA,1,CECAP,,,,,,,,,1,,,,
26,26,42,INSTITUTO DE ACUACULTURA DEL ESTADO DE SONORA,1,CECAP,,,,,1,,,1,1,,,,
26,26,43,INSTITUTO DE BECAS Y CREDITO EDUCATIVO DEL ESTADO DE SONORA,2,NO APLICA,NA,NA,NA,NA,NA,NA,NA,NA,NA,NA,NA,NA,NA
26,26,44,INSTITUTO DE CAPACITACION PARA EL TRABAJO DEL ESTADO DE SONORA,1,NO APLICA,,,,,,,,,1,,,,
26,26,45,INSTITUTO DE SEGURIDAD Y SERVICIOS SOCIALES DE LOS TRABAJADORES DEL ESTADO DE SONORA,1,LEY 40 DEL SERVICIO CIVIL,,1,1,,1,,,1,1,1,1,,
26,26,46,INSTITUTO SONORENSE DE CULTURA,1,NO APLICA,1,1,,,1,,,1,1,,1,,
26,26,47,INSTITUTO SONORENSE DE EDUCACION PARA LOS ADULTOS,9,NO IDENTIFICADO,NSS,NSS,NSS,NSS,NSS,NSS,NSS,NSS,NSS,NSS,NSS,NSS,NSS
26,26,48,INSTITUTO SONORENSE DE INFRAESTRUCTURA EDUCATIVA,1,PROGRAMA OPERATIVO ANUAL,,,,,1,,,1,1,,,,
26,26,49,INSTITUTO SONORENSE DE LA JUVENTUD,1,NO APLICA,,,,,1,,,,1,,,,
26,26,50,INSTITUTO SONORENSE DE LAS MUJERES,1,NO APLICA,,1,,1,1,,,1,1,1,1,,
26,26,51,INSTITUTO SONORENSE PARA LA ATENCION DE ADULTOS MAYORES,9,NO IDENTIFICADO,NSS,NSS,NSS,NSS,NSS,NSS,NSS,NSS,NSS,NSS,NSS,NSS,NSS
26,26,52,INSTITUTO SUPERIOR DE SEGURIDAD PUBLICA DEL ESTADO,1,NO APLICA,,,,,1,,,1,1,1,1,,
26,26,53,INSTITUTO TECNOLOGICO SUPERIOR DE CAJEME,1,PROGRAMA DE CAPACITACION ANUAL,,1,,,,,,,1,,,,
26,26,54,INSTITUTO TECNOLOGICO SUPERIOR DE CANANEA,3,NO APLICA,NA,NA,NA,NA,NA,NA,NA,NA,NA,NA,NA,NA,NA
26,26,55,INSTITUTO TECNOLOGICO SUPERIOR DE PUERTO PEÑASCO,3,NO APLICA,NA,NA,NA,NA,NA,NA,NA,NA,NA,NA,NA,NA,NA
26,26,56,JUNTA DE CAMINOS DEL ESTADO DE SONORA,9,NO IDENTIFICADO,NSS,NSS,NSS,NSS,NSS,NSS,NSS,NSS,NSS,NSS,NSS,NSS,NSS
26,26,57,PROCURADURIA AMBIENTAL DEL ESTADO DE SONORA,3,NO APLICA,NA,NA,NA,NA,NA,NA,NA,NA,NA,NA,NA,NA,NA
26,26,58,PROGRESO FIDEICOMISO PROMOTOR URBANO DE SONORA,9,NO IDENTIFICADO,NSS,NSS,NSS,NSS,NSS,NSS,NSS,NSS,NSS,NSS,NSS,NSS,NSS
26,26,59,PROSONORA,1,NO APLICA,,,,,1,,1,1,1,,,,
26,26,60,RADIO SONORA,1,MARCO INTEGRADO DE CONTROL INTERNO PARA LA ADMINISTRACION PUBLICA ESTATAL,,1,,,1,,,1,1,1,1,,
26,26,61,SECRETARIA EJECUTIVA DEL SISTEMA ESTATAL ANTICORRUPCION,1,ESTATUTO ORGANICO DE LA SECRETARIA DEL SISTEMA ESTATAL ANTICORRUPCION,,,,,,,,1,1,,,,
26,26,62,SERVICIO DE ADMINISTRACION Y ENAJENACION DE BIENES DE ENTIDADES DEL GOBIERNO DEL ESTADO DE SONORA,9,NO IDENTIFICADO,NSS,NSS,NSS,NSS,NSS,NSS,NSS,NSS,NSS,NSS,NSS,NSS,NSS
26,26,63,SERVICIOS DE SALUD DE SONORA,9,NO IDENTIFICADO,NSS,NSS,NSS,NSS,NSS,NSS,NSS,NSS,NSS,NSS,NSS,NSS,NSS
26,26,64,SERVICIOS EDUCATIVOS DEL ESTADO DE SONORA,1,REGLAMENTO INTERIOR,,,,,1,,,1,1,,,,
26,26,65,SISTEMA ESTATAL DE TELEVISION SONORENSE,9,NO IDENTIFICADO,NSS,NSS,NSS,NSS,NSS,NSS,NSS,NSS,NSS,NSS,NSS,NSS,NSS
26,26,66,SISTEMA PARA EL DESARROLLO INTEGRAL DE LA FAMILIA SONORA,1,NO APLICA,,1,1,,1,,,1,1,1,,,
26,26,67,TELEFONIA RURAL DE SONORA,2,NO APLICA,NA,NA,NA,NA,NA,NA,NA,NA,NA,NA,NA,NA,NA
26,26,68,TELEVISORA DE HERMOSILLO SA DE CV TELEMAX,9,NO IDENTIFICADO,NSS,NSS,NSS,NSS,NSS,NSS,NSS,NSS,NSS,NSS,NSS,NSS,NSS
26,26,69,UNIVERSIDAD DE LA SIERRA,9,NO IDENTIFICADO,NSS,NSS,NSS,NSS,NSS,NSS,NSS,NSS,NSS,NSS,NSS,NSS,NSS
26,26,70,UNIVERSIDAD ESTATAL DE SONORA,9,NO IDENTIFICADO,NSS,NSS,NSS,NSS,NSS,NSS,NSS,NSS,NSS,NSS,NSS,NSS,NSS
26,26,71,UNIVERSIDAD TECNOLOGICA DE ETCHOJOA,2,NO APLICA,NA,NA,NA,NA,NA,NA,NA,NA,NA,NA,NA,NA,NA
26,26,72,UNIVERSIDAD TECNOLOGICA DE GUAYMAS,9,NO IDENTIFICADO,NSS,NSS,NSS,NSS,NSS,NSS,NSS,NSS,NSS,NSS,NSS,NSS,NSS
26,26,73,UNIVERSIDAD TECNOLOGICA DE HERMOSILLO,2,NO APLICA,NA,NA,NA,NA,NA,NA,NA,NA,NA,NA,NA,NA,NA
26,26,74,UNIVERSIDAD TECNOLOGICA DE NOGALES,1,LEY FEDERAL DEL TRABAJO Y CCT,,1,,1,,1,,1,1,,,,
26,26,75,UNIVERSIDAD TECNOLOGICA DE PUERTO PEÑASCO,1,REGLAMENTO INTERNO,,,,,,,,,1,,,,
26,26,76,UNIVERSIDAD TECNOLOGICA DE SAN LUIS RIO COLORADO,9,NO IDENTIFICADO,NSS,NSS,NSS,NSS,NSS,NSS,NSS,NSS,NSS,NSS,NSS,NSS,NSS
26,26,77,UNIVERSIDAD TECNOLOGICA DEL SUR DE SONORA,3,NO APLICA,NA,NA,NA,NA,NA,NA,NA,NA,NA,NA,NA,NA,NA
27,27,1,GUBERNATURA,1,NORMAS PARA LA ADMINISTRACION DE LOS RECURSOS HUMANOS EN EL PODER EJECUTIVO DEL ESTADO DE TABASCO Y LINEAMIENTOS Y POLITICAS GENERALES DE CAPACITACION DEL GOBIERNO DEL ESTADO DE TABASCO,,,,,1,,,,1,,1,,
27,27,2,COORDINACION GENERAL DE ASUNTOS JURIDICOS,1,NORMAS PARA LA ADMINISTRACION DE LOS RECURSOS HUMANOS EN EL PODER EJECUTIVO DEL ESTADO DE TABASCO Y LINEAMIENTOS Y POLITICAS GENERALES DE CAPACITACION DEL GOBIERNO DEL ESTADO DE TABASCO,,,,,1,,,,1,,1,,
27,27,3,SECRETARIA DE ADMINISTRACION E INNOVACION GUBERNAMENTAL,1,NORMAS PARA LA ADMINISTRACION DE LOS RECURSOS HUMANOS EN EL PODER EJECUTIVO DEL ESTADO DE TABASCO Y LINEAMIENTOS Y POLITICAS GENERALES DE CAPACITACION DEL GOBIERNO DEL ESTADO DE TABASCO,,,,,1,,,,1,,1,,
27,27,4,SECRETARIA DE BIENESTAR SUSTENTABILIDAD Y CAMBIO CLIMATICO,1,NORMAS PARA LA ADMINISTRACION DE LOS RECURSOS HUMANOS EN EL PODER EJECUTIVO DEL ESTADO DE TABASCO Y LINEAMIENTOS Y POLITICAS GENERALES DE CAPACITACION DEL GOBIERNO DEL ESTADO DE TABASCO,,,,,1,,,,1,,1,,
27,27,5,SECRETARIA DE CULTURA,1,NORMAS PARA LA ADMINISTRACION DE LOS RECURSOS HUMANOS EN EL PODER EJECUTIVO DEL ESTADO DE TABASCO Y LINEAMIENTOS Y POLITICAS GENERALES DE CAPACITACION DEL GOBIERNO DEL ESTADO DE TABASCO,,,,,1,,,,1,,1,,
27,27,6,SECRETARIA DE DESARROLLO AGROPECUARIO FORESTAL Y PESCA,1,NORMAS PARA LA ADMINISTRACION DE LOS RECURSOS HUMANOS EN EL PODER EJECUTIVO DEL ESTADO DE TABASCO Y LINEAMIENTOS Y POLITICAS GENERALES DE CAPACITACION DEL GOBIERNO DEL ESTADO DE TABASCO,,,,,1,,,,1,,1,,
27,27,7,SECRETARIA DE EDUCACION,1,NORMAS PARA LA ADMINISTRACION DE LOS RECURSOS HUMANOS EN EL PODER EJECUTIVO DEL ESTADO DE TABASCO Y LINEAMIENTOS Y POLITICAS GENERALES DE CAPACITACION DEL GOBIERNO DEL ESTADO DE TABASCO,,,,,1,,,,1,,1,,
27,27,8,SECRETARIA DE FINANZAS,1,NORMAS PARA LA ADMINISTRACION DE LOS RECURSOS HUMANOS EN EL PODER EJECUTIVO DEL ESTADO DE TABASCO Y LINEAMIENTOS Y POLITICAS GENERALES DE CAPACITACION DEL GOBIERNO DEL ESTADO DE TABASCO,,,,,1,,,,1,,1,,
27,27,9,SECRETARIA DE GOBIERNO,1,NORMAS PARA LA ADMINISTRACION DE LOS RECURSOS HUMANOS EN EL PODER EJECUTIVO DEL ESTADO DE TABASCO Y LINEAMIENTOS Y POLITICAS GENERALES DE CAPACITACION DEL GOBIERNO DEL ESTADO DE TABASCO,,,,,1,,,,1,,1,,
27,27,10,SECRETARIA DE LA FUNCION PUBLICA,1,NORMAS PARA LA ADMINISTRACION DE LOS RECURSOS HUMANOS EN EL PODER EJECUTIVO DEL ESTADO DE TABASCO Y LINEAMIENTOS Y POLITICAS GENERALES DE CAPACITACION DEL GOBIERNO DEL ESTADO DE TABASCO,,,,,1,,,,1,,1,,
27,27,11,SECRETARIA DE MOVILIDAD,1,NORMAS PARA LA ADMINISTRACION DE LOS RECURSOS HUMANOS EN EL PODER EJECUTIVO DEL ESTADO DE TABASCO Y LINEAMIENTOS Y POLITICAS GENERALES DE CAPACITACION DEL GOBIERNO DEL ESTADO DE TABASCO,,,,,1,,,,1,,1,,
27,27,12,SECRETARIA DE ORDENAMIENTO TERRITORIAL Y OBRAS PUBLICAS,1,NORMAS PARA LA ADMINISTRACION DE LOS RECURSOS HUMANOS EN EL PODER EJECUTIVO DEL ESTADO DE TABASCO Y LINEAMIENTOS Y POLITICAS GENERALES DE CAPACITACION DEL GOBIERNO DEL ESTADO DE TABASCO,,,,,1,,,,1,,1,,
27,27,13,SECRETARIA DE SALUD,1,NORMAS PARA LA ADMINISTRACION DE LOS RECURSOS HUMANOS EN EL PODER EJECUTIVO DEL ESTADO DE TABASCO Y LINEAMIENTOS Y POLITICAS GENERALES DE CAPACITACION DEL GOBIERNO DEL ESTADO DE TABASCO,,,,,1,,,,1,,1,,
27,27,14,SECRETARIA DE SEGURIDAD Y PROTECCION CIUDADANA,1,NORMAS PARA LA ADMINISTRACION DE LOS RECURSOS HUMANOS EN EL PODER EJECUTIVO DEL ESTADO DE TABASCO Y LINEAMIENTOS Y POLITICAS GENERALES DE CAPACITACION DEL GOBIERNO DEL ESTADO DE TABASCO,,,,,1,,,,1,,1,,
27,27,15,SECRETARIA DE TURISMO,1,NORMAS PARA LA ADMINISTRACION DE LOS RECURSOS HUMANOS EN EL PODER EJECUTIVO DEL ESTADO DE TABASCO Y LINEAMIENTOS Y POLITICAS GENERALES DE CAPACITACION DEL GOBIERNO DEL ESTADO DE TABASCO,,,,,1,,,,1,,1,,
27,27,16,SECRETARIA PARA EL DESARROLLO ECONOMICO Y LA COMPETITIVIDAD,1,NORMAS PARA LA ADMINISTRACION DE LOS RECURSOS HUMANOS EN EL PODER EJECUTIVO DEL ESTADO DE TABASCO Y LINEAMIENTOS Y POLITICAS GENERALES DE CAPACITACION DEL GOBIERNO DEL ESTADO DE TABASCO,,,,,1,,,,1,,1,,
27,27,17,SECRETARIA PARA EL DESARROLLO ENERGETICO,1,NORMAS PARA LA ADMINISTRACION DE LOS RECURSOS HUMANOS EN EL PODER EJECUTIVO DEL ESTADO DE TABASCO Y LINEAMIENTOS Y POLITICAS GENERALES DE CAPACITACION DEL GOBIERNO DEL ESTADO DE TABASCO,,,,,1,,,,1,,1,,
27,27,18,CENTRAL DE MAQUINARIA DE TABASCO,1,NORMAS PARA LA ADMINISTRACION DE LOS RECURSOS HUMANOS EN EL PODER EJECUTIVO DEL ESTADO DE TABASCO Y LINEAMIENTOS Y POLITICAS GENERALES DE CAPACITACION DEL GOBIERNO DEL ESTADO DE TABASCO,,,,,1,,,,1,,1,,
27,27,19,CENTRO DE INTERPRETACION Y CONVIVENCIA CON LA NATURALEZA,1,NORMAS PARA LA ADMINISTRACION DE LOS RECURSOS HUMANOS EN EL PODER EJECUTIVO DEL ESTADO DE TABASCO Y LINEAMIENTOS Y POLITICAS GENERALES DE CAPACITACION DEL GOBIERNO DEL ESTADO DE TABASCO,,,,,1,,,,1,,1,,
27,27,20,COMISION DE RADIO Y TELEVISION DE TABASCO,1,NORMAS PARA LA ADMINISTRACION DE LOS RECURSOS HUMANOS EN EL PODER EJECUTIVO DEL ESTADO DE TABASCO Y LINEAMIENTOS Y POLITICAS GENERALES DE CAPACITACION DEL GOBIERNO DEL ESTADO DE TABASCO,,,,,1,,,,1,,1,,
27,27,21,COORDINACION ESTATAL PARA LA REGULARIZACION DE LA TENENCIA DE LA TIERRA,1,NORMAS PARA LA ADMINISTRACION DE LOS RECURSOS HUMANOS EN EL PODER EJECUTIVO DEL ESTADO DE TABASCO Y LINEAMIENTOS Y POLITICAS GENERALES DE CAPACITACION DEL GOBIERNO DEL ESTADO DE TABASCO,,,,,1,,,,1,,1,,
27,27,22,INSTITUTO DE LA JUVENTUD Y EL DEPORTE DE TABASCO,1,NORMAS PARA LA ADMINISTRACION DE LOS RECURSOS HUMANOS EN EL PODER EJECUTIVO DEL ESTADO DE TABASCO Y LINEAMIENTOS Y POLITICAS GENERALES DE CAPACITACION DEL GOBIERNO DEL ESTADO DE TABASCO,,,,,1,,,,1,,1,,
27,27,23,JUNTA ESTATAL DE CAMINOS,1,NORMAS PARA LA ADMINISTRACION DE LOS RECURSOS HUMANOS EN EL PODER EJECUTIVO DEL ESTADO DE TABASCO Y LINEAMIENTOS Y POLITICAS GENERALES DE CAPACITACION DEL GOBIERNO DEL ESTADO DE TABASCO,,,,,1,,,,1,,1,,
27,27,24,CENTRAL DE ABASTO DE VILLAHERMOSA,1,NORMAS PARA LA ADMINISTRACION DE LOS RECURSOS HUMANOS EN EL PODER EJECUTIVO DEL ESTADO DE TABASCO Y LINEAMIENTOS Y POLITICAS GENERALES DE CAPACITACION DEL GOBIERNO DEL ESTADO DE TABASCO,,,,,1,,,,1,,1,,
27,27,25,CENTRO DE CONCILIACION LABORAL DEL ESTADO DE TABASCO,1,NORMAS PARA LA ADMINISTRACION DE LOS RECURSOS HUMANOS EN EL PODER EJECUTIVO DEL ESTADO DE TABASCO Y LINEAMIENTOS Y POLITICAS GENERALES DE CAPACITACION DEL GOBIERNO DEL ESTADO DE TABASCO,,,,,1,,,,1,,1,,
27,27,26,COLEGIO DE BACHILLERES DE TABASCO,1,REGLAMENTO INTERIOR CONDICIONES GENERALES DE TRABAJO VIGENTE,,,,,,,,,1,,1,,
27,27,27,COLEGIO DE EDUCACION PROFESIONAL TECNICO DEL ESTADO DE TABASCO,3,NO APLICA,NA,NA,NA,NA,NA,NA,NA,NA,NA,NA,NA,NA,NA
27,27,28,COLEGIO DE ESTUDIOS CIENTIFICOS Y TECNOLOGICOS DEL ESTADO DE TABASCO,1,LEY GENERAL DEL SISTEMA PARA LA CARRERA DE LAS MAESTRAS Y LOS MAESTROS,,,,,,,,,1,,,,
27,27,29,COMISION ESTATAL DE AGUA Y SANEAMIENTO,1,NORMAS PARA LA ADMINISTRACION DE LOS RECURSOS HUMANOS EN EL PODER EJECUTIVO DEL ESTADO DE TABASCO Y LINEAMIENTOS Y POLITICAS GENERALES DE CAPACITACION DEL GOBIERNO DEL ESTADO DE TABASCO,,,,,1,,,,1,,1,,
27,27,30,COMISION ESTATAL DE CONCILIACION Y ARBITRAJE MEDICO,1,NORMAS PARA LA ADMINISTRACION DE LOS RECURSOS HUMANOS EN EL PODER EJECUTIVO DEL ESTADO DE TABASCO Y LINEAMIENTOS Y POLITICAS GENERALES DE CAPACITACION DEL GOBIERNO DEL ESTADO DE TABASCO,,,,,,,,,1,,,,
27,27,31,CONSEJO DE CIENCIA Y TECNOLOGIA DEL ESTADO DE TABASCO,1,NORMAS PARA LA ADMINISTRACION DE LOS RECURSOS HUMANOS EN EL PODER EJECUTIVO DEL ESTADO DE TABASCO Y LINEAMIENTOS Y POLITICAS GENERALES DE CAPACITACION DEL GOBIERNO DEL ESTADO DE TABASCO,,,,,1,,,,1,,1,,
27,27,32,INSTITUTO DE BENEFICENCIA PUBLICA DEL ESTADO DE TABASCO,1,NORMAS PARA LA ADMINISTRACION DE LOS RECURSOS HUMANOS EN EL PODER EJECUTIVO DEL ESTADO DE TABASCO Y LINEAMIENTOS Y POLITICAS GENERALES DE CAPACITACION DEL GOBIERNO DEL ESTADO DE TABASCO,,,,,1,,,,1,,1,,
27,27,33,INSTITUTO DE EDUCACION PARA ADULTOS DE TABASCO,3,NO APLICA,NA,NA,NA,NA,NA,NA,NA,NA,NA,NA,NA,NA,NA
27,27,34,INSTITUTO DE FORMACION PARA EL TRABAJO DEL ESTADO DE TABASCO,1,NORMAS PARA LA ADMINISTRACION DE LOS RECURSOS HUMANOS EN EL PODER EJECUTIVO DEL ESTADO DE TABASCO Y LINEAMIENTOS Y POLITICAS GENERALES DE CAPACITACION DEL GOBIERNO DEL ESTADO DE TABASCO,,,,,1,,,,1,,1,,
27,27,35,INSTITUTO DE PROTECCION CIVIL DEL ESTADO DE TABASCO,1,NORMAS PARA LA ADMINISTRACION DE LOS RECURSOS HUMANOS,,1,,,,1,,,1,,,,
27,27,36,INSTITUTO DE SEGURIDAD SOCIAL DEL ESTADO DE TABASCO,2,NO APLICA,NA,NA,NA,NA,NA,NA,NA,NA,NA,NA,NA,NA,NA
27,27,37,INSTITUTO DE VIVIENDA DE TABASCO,1,NORMAS PARA LA ADMINISTRACION DE LOS RECURSOS HUMANOS DEL PODER EJECUTIVO DEL ESTADO DE TABASCO,,,,,,,,,1,,,,
27,27,38,INSTITUTO ESTATAL DE LAS MUJERES,1,NORMAS PARA LA ADMINISTRACION DE LOS RECURSOS HUMANOS EN EL PODER EJECUTIVO DEL ESTADO DE TABASCO Y LINEAMIENTOS Y POLITICAS GENERALES DE CAPACITACION DEL GOBIERNO DEL ESTADO DE TABASCO,,,,,1,,,,1,,1,,
27,27,39,INSTITUTO PARA EL FOMENTO DE LAS ARTESANIAS DE TABASCO,3,NO APLICA,NA,NA,NA,NA,NA,NA,NA,NA,NA,NA,NA,NA,NA
27,27,40,INSTITUTO TABASQUEÑO DE LA INFRAESTRUCTURA FISICA EDUCATIVA,3,NO APLICA,NA,NA,NA,NA,NA,NA,NA,NA,NA,NA,NA,NA,NA
27,27,41,INSTITUTO TECNOLOGICO SUPERIOR DE CENTLA,1,PROGRAMA DE CAPACITACION,,,,,,,,,1,,,,
27,27,42,INSTITUTO TECNOLOGICO SUPERIOR DE COMALCALCO,1,ARTICULO 68 DE LAS CONDICIONES GENERALES DE TRABAJO DEL INSTITUTO TECNOLOGICO SUPERIOR DE COMALCALCO,,1,,,,,1,,1,1,1,,
27,27,43,INSTITUTO TECNOLOGICO SUPERIOR DE LA REGION SIERRA,1,LINEAMIENTO DEL ESTIMULO AL DESEMPEÑO DOCENTE,,,,,,,,,,,1,,
27,27,44,INSTITUTO TECNOLOGICO SUPERIOR DE LOS RIOS,1,PROGRAMA DE DESARROLLO INSTITUCIONAL DEL INSTITUTO TECNOLOGICO SUPERIOR DE LOS RIOS,,,,,,,,1,,,1,,
27,27,45,INSTITUTO TECNOLOGICO SUPERIOR DE MACUSPANA,1,NO APLICA,,,,,1,,,,,,,,
27,27,46,INSTITUTO TECNOLOGICO SUPERIOR DE VILLA LA VENTA HUIMANGUILLO,1,MANUAL DE EVALUACION DEPARTAMENTAL PARA EL DEPARTAMENTO ACADEMICO,,,,,,,,1,1,,1,,
27,27,47,MUSEO INTERACTIVO PAPAGAYO,3,NO APLICA,NA,NA,NA,NA,NA,NA,NA,NA,NA,NA,NA,NA,NA
27,27,48,SECRETARIA EJECUTIVA DEL SISTEMA ESTATAL ANTICORRUPCION,3,NO APLICA,NA,NA,NA,NA,NA,NA,NA,NA,NA,NA,NA,NA,NA
27,27,49,SERVICIO ESTATAL DE ADMINISTRACION DE BIENES ASEGURADOS ABANDONADOS O DECOMISADOS DEL ESTADO DE TABASCO,1,NORMAS PARA LA ADMINISTRACION DE LOS RECURSOS HUMANOS DEL PODER EJECUTIVO DEL ESTADO DE TABASCO,,,,,,,,,1,,,,
27,27,50,SISTEMA PARA EL DESARROLLO INTEGRAL DE LA FAMILIA,1,LINEAMIENTOS Y POLITICAS PUBLICAS GENERALES DE CAPACITACION DEL ESTADO DE TABASCO,,,,,,,,,1,1,,,
27,27,51,UNIVERSIDAD INTERCULTURAL DEL ESTADO DE TABASCO,1,REGLAMENTO DE INGRESO PROMOCION Y PERMANENCIA DEL PERSONAL ACADEMICO,,1,,1,,,,,1,,,,
27,27,52,UNIVERSIDAD POLITECNICA DEL CENTRO,1,NO APLICA,,1,,,1,,,,1,,,,
27,27,53,UNIVERSIDAD POLITECNICA DEL GOLFO DE MEXICO,1,SISTEMA DE GESTION DE CALIDAD,,1,1,1,1,,1,1,1,1,,1,
27,27,54,UNIVERSIDAD POLITECNICA MESOAMERICANA,1,DEPARTAMENTO DE DESARROLLO HUMANO Y PSICOPEDAGOGICO Y OTRAS INSTANCIAS,,1,1,,1,,1,1,1,,1,,
27,27,55,UNIVERSIDAD POPULAR DE LA CHONTALPA,1,NO APLICA,,1,,,1,,,,1,,,,
27,27,56,UNIVERSIDAD TECNOLOGICA DE TABASCO,1,SISTEMA DE GESTION DE ORGANIZACIONES EDUCATIVAS DE LA UNIVERSIDAD TECNOLOGICA DE TABASCO,,,,,,,,1,1,1,,,
27,27,57,UNIVERSIDAD TECNOLOGICA DEL USUMACINTA,1,PROGRAMA DE ACTUALIZACION,,1,,,,,,1,1,1,,,
27,27,58,UNIVERSIDAD JUAREZ AUTONOMA DE TABASCO,1,CONTRATO COLECTIVO DE TRABAJO DEL SINDICATO DE TRABAJADORES ADMINISTRATIVOS Y DE INTENDENCIA DE LA UNIVERSIDAD JUAREZ AUTONOMA DE TABASCO,,,,,,,,,1,,1,,
27,27,59,ADMINISTRACION PORTUARIA INTEGRAL,3,NO APLICA,NA,NA,NA,NA,NA,NA,NA,NA,NA,NA,NA,NA,NA
27,27,60,MOVILIDAD INTEGRAL DE TABASCO,3,NO APLICA,NA,NA,NA,NA,NA,NA,NA,NA,NA,NA,NA,NA,NA
27,27,61,ESPECTACULOS DEPORTIVOS DE TABASCO,3,NO APLICA,NA,NA,NA,NA,NA,NA,NA,NA,NA,NA,NA,NA,NA
28,28,1,JEFE DE LA OFICINA DEL GOBERNADOR,1,REGLAMENTO DE LAS CONDICIONES GENERALES DEL TRABAJO,,,,,,,,,1,,,,
28,28,2,SECRETARIA GENERAL DE GOBIERNO,1,REGLAMENTO DE LAS CONDICIONES GENERALES DEL TRABAJO,,,,,,,,,1,,,,
28,28,3,SECRETARIA DE FINANZAS,1,REGLAMENTO DE LAS CONDICIONES GENERALES DEL TRABAJO,,,,,,,,,1,,,,
28,28,4,SECRETARIA DE ADMINISTRACION,1,REGLAMENTO DE LAS CONDICIONES GENERALES DEL TRABAJO,,,,,,,,,1,,,,
28,28,5,SECRETARIA DE BIENESTAR SOCIAL,1,REGLAMENTO DE LAS CONDICIONES GENERALES DEL TRABAJO,,,,,,,,,1,,,,
28,28,6,SECRETARIA DE DESARROLLO ECONOMICO,1,REGLAMENTO DE LAS CONDICIONES GENERALES DEL TRABAJO,,,,,,,,,1,,,,
28,28,7,SECRETARIA DE DESARROLLO RURAL,1,REGLAMENTO DE LAS CONDICIONES GENERALES DEL TRABAJO,,,,,,,,,1,,,,
28,28,8,SECRETARIA DE DESARROLLO URBANO Y MEDIO AMBIENTE,1,REGLAMENTO DE LAS CONDICIONES GENERALES DEL TRABAJO,,,,,,,,,1,,,,
28,28,9,SECRETARIA DE EDUCACION,1,REGLAMENTO DE LAS CONDICIONES GENERALES DEL TRABAJO,,,,,,,,,1,,,,
28,28,10,SECRETARIA DE OBRAS PUBLICAS,1,REGLAMENTO DE LAS CONDICIONES GENERALES DEL TRABAJO,,,,,,,,,1,,,,
28,28,11,SECRETARIA PESCA Y ACUACULTURA,1,REGLAMENTO DE LAS CONDICIONES GENERALES DEL TRABAJO,,,,,,,,,1,,,,
28,28,12,SECRETARIA DE SALUD,1,MANUAL DE ORGANIZACION DE LA SECRETARIA,,,,,1,,,,,,,,
28,28,13,SECRETARIA DE SEGURIDAD PUBLICA,1,REGLAMENTO DE LAS CONDICIONES GENERALES DEL TRABAJO,,,,,,,,,1,,,,
28,28,14,SECRETARIA DE TURISMO,1,REGLAMENTO DE LAS CONDICIONES GENERALES DEL TRABAJO,,,,,,,,,1,,,,
28,28,15,SECRETARIA DEL TRABAJO,1,REGLAMENTO DE LAS CONDICIONES GENERALES DEL TRABAJO,,,,,,,,,1,,,,
28,28,16,CONTRALORIA GUBERNAMENTAL,1,REGLAMENTO DE LAS CONDICIONES GENERALES DEL TRABAJO,,,,,,,,,1,,,,
28,28,17,CENTRO DE CONCILIACION LABORAL DEL ESTADO DE TAMAULIPAS,1,LINEAMIENTOS PARA EL RECLUTAMIENTO Y SELECCION DEL PERSONAL DEL CENTRO DE CONCILIACION LABORAL DEL ESTADO DE TAMAULIPAS,,,,,,,1,,,,,,
28,28,18,CENTRO REGIONAL DE FORMACION DOCENTE E INVESTIGACION EDUCATIVA,1,REGLAMENTO DE LAS CONDICIONES GENERALES DEL TRABAJO,,,,,,,,,1,,,,
28,28,19,COLEGIO DE BACHILLERES DEL ESTADO DE TAMAULIPAS,1,LEY GENERAL DEL SISTEMA PARA LA CARRERA DE LAS MAESTRAS Y MAESTROS,,,,,,,1,,,,,,
28,28,20,COLEGIO DE EDUCACION PROFESIONAL TECNICA DEL ESTADO DE TAMAULIPAS,1,REGLAMENTO DE LAS CONDICIONES GENERALES DEL TRABAJO,,,,,,,,,1,,,,
28,28,21,COLEGIO DE TAMAULIPAS,1,REGLAMENTO DE LAS CONDICIONES GENERALES DEL TRABAJO,,,,,,,,,1,,,,
28,28,22,COLEGIO SAN JUAN SIGLO XXI,1,REGLAMENTO DE LAS CONDICIONES GENERALES DEL TRABAJO,,,,,,,,,1,,,,
28,28,23,COMISION DE CAZA Y PESCA DEPORTIVA DE TAMAULIPAS,3,NO APLICA,NA,NA,NA,NA,NA,NA,NA,NA,NA,NA,NA,NA,NA
28,28,24,COMISION DE ENERGIA DE TAMAULIPAS,9,NO IDENTIFICADO,NSS,NSS,NSS,NSS,NSS,NSS,NSS,NSS,NSS,NSS,NSS,NSS,NSS
28,28,25,COMISION DE PARQUES Y BIODIVERSIDAD DE TAMAULIPAS,9,NO IDENTIFICADO,NSS,NSS,NSS,NSS,NSS,NSS,NSS,NSS,NSS,NSS,NSS,NSS,NSS
28,28,26,COMISION ESTATAL DE CONCILIACION Y ARBITRAJE MEDICO,1,REGLAMENTO DE LAS CONDICIONES GENERALES DEL TRABAJO,,,,,,,,,,,,1,
28,28,27,COMISION ESTATAL DE AGUA DE TAMAULIPAS,9,NO IDENTIFICADO,NSS,NSS,NSS,NSS,NSS,NSS,NSS,NSS,NSS,NSS,NSS,NSS,NSS
28,28,28,CONSEJO TAMAULIPECO DE CIENCIA Y TECNOLOGIA,1,REGLAMENTO DE LAS CONDICIONES GENERALES DEL TRABAJO,,,,,,,,,1,,,,
28,28,29,INSTITUTO DE LA JUVENTUD DE TAMAULIPAS,9,NO IDENTIFICADO,NSS,NSS,NSS,NSS,NSS,NSS,NSS,NSS,NSS,NSS,NSS,NSS,NSS
28,28,30,INSTITUTO DE LAS MUJERES EN TAMAULIPAS,9,NO IDENTIFICADO,NSS,NSS,NSS,NSS,NSS,NSS,NSS,NSS,NSS,NSS,NSS,NSS,NSS
28,28,31,INSTITUTO DE PREVISION Y SEGURIDAD SOCIAL DEL ESTADO DE TAMAULIPAS,2,NO APLICA,NA,NA,NA,NA,NA,NA,NA,NA,NA,NA,NA,NA,NA
28,28,32,INSTITUTO DEL DEPORTE DE TAMAULIPAS,3,NO APLICA,NA,NA,NA,NA,NA,NA,NA,NA,NA,NA,NA,NA,NA
28,28,33,INSTITUTO METROPOLITANO DE PLANEACION DEL SUR DE TAMAULIPAS,3,NO APLICA,NA,NA,NA,NA,NA,NA,NA,NA,NA,NA,NA,NA,NA
28,28,34,INSTITUTO REGISTRAL Y CATASTRAL DEL ESTADO DE TAMAULIPAS,9,NO IDENTIFICADO,NSS,NSS,NSS,NSS,NSS,NSS,NSS,NSS,NSS,NSS,NSS,NSS,NSS
28,28,35,INSTITUTO TAMAULIPECO DE BECAS ESTIMULOS Y CREDITOS EDUCATIVOS,3,NO APLICA,NA,NA,NA,NA,NA,NA,NA,NA,NA,NA,NA,NA,NA
28,28,36,INSTITUTO TAMAULIPECO DE CAPACITACION PARA EL EMPLEO,9,NO IDENTIFICADO,NSS,NSS,NSS,NSS,NSS,NSS,NSS,NSS,NSS,NSS,NSS,NSS,NSS
28,28,37,INSTITUTO TAMAULIPECO DE EDUCACION PARA ADULTOS,1,REGLAMENTO DE LAS CONDICIONES GENERALES DEL TRABAJO,,1,1,,1,,,1,,1,1,1,
28,28,38,INSTITUTO TAMAULIPECO DE INFRAESTRUCTURA FISICA Y EDUCATIVA,9,NO IDENTIFICADO,NSS,NSS,NSS,NSS,NSS,NSS,NSS,NSS,NSS,NSS,NSS,NSS,NSS
28,28,39,INSTITUTO TAMAULIPECO DE VIVIENDA Y URBANISMO,3,NO APLICA,NA,NA,NA,NA,NA,NA,NA,NA,NA,NA,NA,NA,NA
28,28,40,INSTITUTO TAMAULIPECO PARA LA CULTURA Y LAS ARTES,9,NO IDENTIFICADO,NSS,NSS,NSS,NSS,NSS,NSS,NSS,NSS,NSS,NSS,NSS,NSS,NSS
28,28,41,INSTITUTO TECNOLOGICO SUPERIOR DE EL MANTE,9,NO IDENTIFICADO,NSS,NSS,NSS,NSS,NSS,NSS,NSS,NSS,NSS,NSS,NSS,NSS,NSS
28,28,42,SECRETARIA EJECUTIVA DEL SISTEMA ESTATAL ANTICORRUPCION,9,NO IDENTIFICADO,NSS,NSS,NSS,NSS,NSS,NSS,NSS,NSS,NSS,NSS,NSS,NSS,NSS
28,28,43,SERVICIOS DE SALUD DE TAMAULIPAS,1,REGLAMENTO DE LAS CONDICIONES GENERALES DEL TRABAJO,,1,,,,,,1,1,,1,,
28,28,44,SISTEMA ESTATAL RADIO TAMAULIPAS,9,NO IDENTIFICADO,NSS,NSS,NSS,NSS,NSS,NSS,NSS,NSS,NSS,NSS,NSS,NSS,NSS
28,28,45,SISTEMA PARA EL DESARROLLO INTEGRAL DE LA FAMILIA DE TAMAULIPAS,3,NO APLICA,NA,NA,NA,NA,NA,NA,NA,NA,NA,NA,NA,NA,NA
28,28,46,UNIVERSIDAD DE SEGURIDAD Y JUSTICIA DE TAMAULIPAS,2,NO APLICA,NA,NA,NA,NA,NA,NA,NA,NA,NA,NA,NA,NA,NA
28,28,47,UNIVERSIDAD POLITECNICA DE ALTAMIRA,9,NO IDENTIFICADO,NSS,NSS,NSS,NSS,NSS,NSS,NSS,NSS,NSS,NSS,NSS,NSS,NSS
28,28,48,UNIVERSIDAD POLITECNICA DE LA REGION RIBEREÑA,1,REGLAMENTO DE LAS CONDICIONES GENERALES DEL TRABAJO,,,,,1,1,1,,,,,,
28,28,49,UNIVERSIDAD POLITECNICA DE VICTORIA,1,REGLAMENTO DE LAS CONDICIONES GENERALES DEL TRABAJO,,,,,1,1,1,,,,,,
28,28,50,UNIVERSIDAD TECNOLOGICA DE ALTAMIRA,1,REGLAMENTO DE LAS CONDICIONES GENERALES DEL TRABAJO,,,,,,,,1,1,,,,
28,28,51,UNIVERSIDAD TECNOLOGICA DE MATAMOROS,1,REGLAMENTO DE LAS CONDICIONES GENERALES DEL TRABAJO,,1,,,1,,,1,1,,,,
28,28,52,UNIVERSIDAD TECNOLOGICA DE NUEVO LAREDO,1,REGLAMENTO DE LAS CONDICIONES GENERALES DEL TRABAJO,,1,,,1,,,1,1,,,,
28,28,53,UNIVERSIDAD TECNOLOGICA DE TAMAULIPAS NORTE,1,REGLAMENTO DE LAS CONDICIONES GENERALES DEL TRABAJO,,,,,1,1,1,1,1,,,,
28,28,54,UNIVERSIDAD TECNOLOGICA DEL MAR DE TAMAULIPAS BICENTENARIO,1,REGLAMENTO DE LAS CONDICIONES GENERALES DEL TRABAJO,,,,,,,,,1,,,,
29,29,1,DESPACHO DEL GOBERNADOR,2,NO APLICA,NA,NA,NA,NA,NA,NA,NA,NA,NA,NA,NA,NA,NA
29,29,2,SECRETARIA DE GOBIERNO,2,NO APLICA,NA,NA,NA,NA,NA,NA,NA,NA,NA,NA,NA,NA,NA
29,29,3,SECRETARIA DE FINANZAS,3,NO APLICA,NA,NA,NA,NA,NA,NA,NA,NA,NA,NA,NA,NA,NA
29,29,4,SECRETARIA DE TURISMO,2,NO APLICA,NA,NA,NA,NA,NA,NA,NA,NA,NA,NA,NA,NA,NA
29,29,5,SECRETARIA DE DESARROLLO ECONOMICO,3,NO APLICA,NA,NA,NA,NA,NA,NA,NA,NA,NA,NA,NA,NA,NA
29,29,6,SECRETARIA DE INFRAESTRUCTURA,3,NO APLICA,NA,NA,NA,NA,NA,NA,NA,NA,NA,NA,NA,NA,NA
29,29,7,SECRETARIA DE EDUCACION PUBLICA DEL ESTADO DE TLAXCALA,2,NO APLICA,NA,NA,NA,NA,NA,NA,NA,NA,NA,NA,NA,NA,NA
29,29,8,SECRETARIA DE MOVILIDAD Y TRANSPORTE,3,NO APLICA,NA,NA,NA,NA,NA,NA,NA,NA,NA,NA,NA,NA,NA
29,29,9,SECRETARIA DE IMPULSO AGROPECUARIO,3,NO APLICA,NA,NA,NA,NA,NA,NA,NA,NA,NA,NA,NA,NA,NA
29,29,10,SECRETARIA DE LA FUNCION PUBLICA,3,NO APLICA,NA,NA,NA,NA,NA,NA,NA,NA,NA,NA,NA,NA,NA
29,29,11,SECRETARIA DE MEDIO AMBIENTE,3,NO APLICA,NA,NA,NA,NA,NA,NA,NA,NA,NA,NA,NA,NA,NA
29,29,12,SECRETARIA DE CULTURA,3,NO APLICA,NA,NA,NA,NA,NA,NA,NA,NA,NA,NA,NA,NA,NA
29,29,13,SECRETARIA DE BIENESTAR,1,LEY ORGANICA DE LA ADMINISTRACION PUBLICA DEL ESTADO DE TLAXCALA,,,,,,,,1,1,,,,
29,29,14,SECRETARIA DE SEGURIDAD CIUDADANA,1,LEY DE SEGURIDAD PUBLICA DEL ESTADO DE TLAXCALA Y SUS MUNICIPIOS,,1,1,,,1,,1,1,1,,,
29,29,15,SECRETARIA DE ORDENAMIENTO TERRITORIAL Y VIVIENDA,3,NO APLICA,NA,NA,NA,NA,NA,NA,NA,NA,NA,NA,NA,NA,NA
29,29,16,SECRETARIA DEL TRABAJO Y COMPETITIVIDAD,9,NO IDENTIFICADO,NSS,NSS,NSS,NSS,NSS,NSS,NSS,NSS,NSS,NSS,NSS,NSS,NSS
29,29,17,SECRETARIA DE SALUD SALUD DE TLAXCALA,1,CONDICIONES GENERALES DE TRABAJO,,1,1,,1,,,1,1,,1,1,
29,29,18,OFICIALIA MAYOR DE GOBIERNO,1,LEY ORGANICA DE LA ADMINISTRACION PUBLICA DEL ESTADO DE TLAXCALA,,,,,,,,,1,,,,
29,29,19,PROCURADURIA GENERAL DE JUSTICIA DEL ESTADO,2,NO APLICA,NA,NA,NA,NA,NA,NA,NA,NA,NA,NA,NA,NA,NA
29,29,20,COORDINACION GENERAL DE COMUNICACION,3,NO APLICA,NA,NA,NA,NA,NA,NA,NA,NA,NA,NA,NA,NA,NA
29,29,21,COORDINACION GENERAL DE PLANEACION E INVERSION,3,NO APLICA,NA,NA,NA,NA,NA,NA,NA,NA,NA,NA,NA,NA,NA
29,29,22,PROCURADURIA DE PROTECCION AL AMBIENTE DEL ESTADO DE TLAXCALA,1,LEY ORGANICA DE LA ADMINSTRACION PUBLICA ESTATAL,,,,,,,,1,1,,,,
29,29,23,COORDINACION DE RADIO CINE Y TELEVISION,2,NO APLICA,NA,NA,NA,NA,NA,NA,NA,NA,NA,NA,NA,NA,NA
29,29,24,CASA DE LAS ARTESANIAS,3,NO APLICA,NA,NA,NA,NA,NA,NA,NA,NA,NA,NA,NA,NA,NA
29,29,25,COORDINACION ESTATAL DE PROTECCION CIVIL,3,NO APLICA,NA,NA,NA,NA,NA,NA,NA,NA,NA,NA,NA,NA,NA
29,29,26,COMISION EJECUTIVA DEL SISTEMA ESTATAL DE SEGURIDAD PUBLICA,3,NO APLICA,NA,NA,NA,NA,NA,NA,NA,NA,NA,NA,NA,NA,NA
29,29,27,INSTITUTO ESTATAL DE LA MUJER,9,NO IDENTIFICADO,NSS,NSS,NSS,NSS,NSS,NSS,NSS,NSS,NSS,NSS,NSS,NSS,NSS
29,29,28,INSTITUTO TLAXCALTECA DE ASISTENCIA ESPECIALIZADA A LA SALUD,3,NO APLICA,NA,NA,NA,NA,NA,NA,NA,NA,NA,NA,NA,NA,NA
29,29,29,COMISION ESTATAL DE ARBITRAJE MEDICO,3,NO APLICA,NA,NA,NA,NA,NA,NA,NA,NA,NA,NA,NA,NA,NA
29,29,30,CENTRO DE EDUCACION CONTINUA Y A DISTANCIA UNIDAD TLAXCALA DEL INSTITUTO POLITECNICO NACIONAL,3,NO APLICA,NA,NA,NA,NA,NA,NA,NA,NA,NA,NA,NA,NA,NA
29,29,31,INSTITUTO TLAXCALTECA DE LA JUVENTUD,3,NO APLICA,NA,NA,NA,NA,NA,NA,NA,NA,NA,NA,NA,NA,NA
29,29,32,CONSEJO ESTATAL DE POBLACION,3,NO APLICA,NA,NA,NA,NA,NA,NA,NA,NA,NA,NA,NA,NA,NA
29,29,33,COLEGIO DE BACHILLERES DEL ESTADO DE TLAXCALA,3,NO APLICA,NA,NA,NA,NA,NA,NA,NA,NA,NA,NA,NA,NA,NA
29,29,34,INSTITUTO DEL DEPORTE DE TLAXCALA,2,NO APLICA,NA,NA,NA,NA,NA,NA,NA,NA,NA,NA,NA,NA,NA
29,29,35,COMISION ESTATAL PARA LA PROTECCION CONTRA RIESGOS SANITARIOS,3,NO APLICA,NA,NA,NA,NA,NA,NA,NA,NA,NA,NA,NA,NA,NA
29,29,36,INSTITUTO DE CATASTRO,1,DIPLOMADO,,,,,,,,,1,,,,
29,29,37,INSTITUTO DE CAPACITACION DE TRABAJO DEL ESTADO DE TLAXCALA,3,NO APLICA,NA,NA,NA,NA,NA,NA,NA,NA,NA,NA,NA,NA,NA
29,29,38,COORDINACION DE SERVICIO SOCIAL DE INSTITUCIONES DE EDUCACION SUPERIOR,3,NO APLICA,NA,NA,NA,NA,NA,NA,NA,NA,NA,NA,NA,NA,NA
29,29,39,COLEGIO DE ESTUDIOS SUPERIORES CIENTIFICOS Y TECNOLOGICOS DEL ESTADO DE TLAXCALA,1,CONTRATO COLECTIVO DE TRABAJO CAPITULO XI ARTICULO 105TIENE COMO PROPOSITO APOYAR EL DESARROLLO ACADEMICO DE LAS UNIDADES ADMINISTRATIVAS DE LA SUBSECRETARIA DE EDUCACION MEDIA SUPERIOR (SEMS) MEDIANTE PROGRAMAS Y PROYECTOS CONGRUENTES CON LAS DIRECTRICES Y PRIORIDADES DE LA SEMS IMPULSAR LA FORMACION Y EL DESARROLLO ACADEMICO DEL PERSONAL DOCENTE Y DIRECTIVO,,,,,,,,,1,,,,
29,29,40,INSTITUTO TLAXCALTECA DE LA INFRAESTRUCTURA FISICA EDUCATIVA,2,NO APLICA,NA,NA,NA,NA,NA,NA,NA,NA,NA,NA,NA,NA,NA
29,29,41,UNIVERSIDAD POLITECNICA DE TLAXCALA,1,REGLAMENTO INTERIOR,,1,1,,1,,,1,1,,1,,
29,29,42,INSTITUTO TECNOLOGICO SUPERIOR DE TLAXCO,2,NO APLICA,NA,NA,NA,NA,NA,NA,NA,NA,NA,NA,NA,NA,NA
29,29,43,UNIVERSIDAD TECNOLOGICA DE TLAXCALA,1,SISTEMA DE GESTION DE CALIDAD,,1,,,,,,,,,,,
29,29,44,INSTITUTO TLAXCALTECA PARA LA EDUCACION DE LOS ADULTOS,1,COMISION DE PROFESIONALIZACION,,1,,,,,,,1,,,,
29,29,45,EL COLEGIO DE TLAXCALA ASOCIACION CIVIL,2,NO APLICA,NA,NA,NA,NA,NA,NA,NA,NA,NA,NA,NA,NA,NA
29,29,46,SISTEMA ESTATAL PARA EL DESARROLLO INTEGRAL DE LA FAMILIA,2,NO APLICA,NA,NA,NA,NA,NA,NA,NA,NA,NA,NA,NA,NA,NA
29,29,47,UNIDAD DE SERVICIOS EDUCATIVOS DE TLAXCALA,1,LEY GENERAL DE SISTEMA PARA LOS MAESTROS,,,,1,1,1,1,1,1,1,,,
29,29,48,COLEGIO DE EDUCACION PROFESIONAL TECNICA DEL ESTADO DE TLAXCALA,9,NO IDENTIFICADO,NSS,NSS,NSS,NSS,NSS,NSS,NSS,NSS,NSS,NSS,NSS,NSS,NSS
29,29,49,COMISION ESTATAL DE AGUA DE TLAXCALA,1,REGLAS DE OPERACION PROAGUA ESCUELA DEL AGUA,,,,,,,,,1,,,,
29,29,50,CENTRO DE SERVICIOS INTEGRALES PARA EL TRATAMIENTO DE AGUAS RESIDUALES DEL ESTADO DE TLAXCALA,3,NO APLICA,NA,NA,NA,NA,NA,NA,NA,NA,NA,NA,NA,NA,NA
29,29,51,UNIVERSIDAD POLITECNICA DE TLAXCALA REGION PONIENTE,3,NO APLICA,NA,NA,NA,NA,NA,NA,NA,NA,NA,NA,NA,NA,NA
29,29,52,CENTRO DE CONCILIACION LABORAL DEL ESTADO DE TLAXCALA,9,NO IDENTIFICADO,NSS,NSS,NSS,NSS,NSS,NSS,NSS,NSS,NSS,NSS,NSS,NSS,NSS
29,29,53,CENTRO DE REHABILITACION INTEGRAL Y ESCUELA EN TERAPIA FISICA Y REHABILITACION,2,NO APLICA,NA,NA,NA,NA,NA,NA,NA,NA,NA,NA,NA,NA,NA
29,29,54,PENSIONES CIVILES DEL ESTADO DE TLAXCALA,3,NO APLICA,NA,NA,NA,NA,NA,NA,NA,NA,NA,NA,NA,NA,NA
29,29,55,FONDO MACRO PARA EL DESARROLLO INTEGRAL DE TLAXCALA,2,NO APLICA,NA,NA,NA,NA,NA,NA,NA,NA,NA,NA,NA,NA,NA
29,29,56,FIDEICOMISO CIUDAD INDUSTRIAL XICOHTENCATL,3,NO APLICA,NA,NA,NA,NA,NA,NA,NA,NA,NA,NA,NA,NA,NA
29,29,57,INSTITUTO TLAXCALTECA DE DESARROLLO TAURINO,3,NO APLICA,NA,NA,NA,NA,NA,NA,NA,NA,NA,NA,NA,NA,NA
29,29,58,COMISION EJECUTIVA DE ATENCION A VICTIMAS Y OFENDIDOS,1,NO SE SABE,,,,,,,,,1,,,,
30,30,1,OFICINA DEL C GOBERNADOR,1,LEY 584 DEL SERVICIO PUBLICO DE CARRERA EN LA ADMINISTRACION PUBLICA CENTRALIZADA DEL ESTADO DE VERACRUZ DE IGNACIO DE LA LLAVE,1,,,,,,,,1,1,,1,
30,30,2,SECRETARIA DE DESARROLLO AGROPECUARIO RURAL Y PESCA,1,LEY 584 DEL SERVICIO PUBLICO DE CARRERA EN LA ADMINISTRACION PUBLICA CENTRALIZADA DEL ESTADO DE VERACRUZ DE IGNACIO DE LA LLAVE,1,,,,,,,,1,1,,1,
30,30,3,SECRETARIA DE SALUD,1,LEY 584 DEL SERVICIO PUBLICO DE CARRERA EN LA ADMINISTRACION PUBLICA CENTRALIZADA DEL ESTADO DE VERACRUZ DE IGNACIO DE LA LLAVE,1,,,,,,,,1,1,,1,
30,30,4,SECRETARIA DE EDUCACION,1,LEY 584 DEL SERVICIO PUBLICO DE CARRERA EN LA ADMINISTRACION PUBLICA CENTRALIZADA DEL ESTADO DE VERACRUZ DE IGNACIO DE LA LLAVE,1,,,,,,,,1,1,,1,
30,30,5,SECRETARIA DE DESARROLLO SOCIAL,1,LEY 584 DEL SERVICIO PUBLICO DE CARRERA EN LA ADMINISTRACION PUBLICA CENTRALIZADA DEL ESTADO DE VERACRUZ DE IGNACIO DE LA LLAVE,1,,,,,,,,1,1,,1,
30,30,6,SECRETARIA DE DESARROLLO ECONOMICO Y PORTUARIO,1,LEY 584 DEL SERVICIO PUBLICO DE CARRERA EN LA ADMINISTRACION PUBLICA CENTRALIZADA DEL ESTADO DE VERACRUZ DE IGNACIO DE LA LLAVE,1,,,,,,,,1,1,,1,
30,30,7,SECRETARIA DE GOBIERNO,1,LEY 584 DEL SERVICIO PUBLICO DE CARRERA EN LA ADMINISTRACION PUBLICA CENTRALIZADA DEL ESTADO DE VERACRUZ DE IGNACIO DE LA LLAVE,1,,,,,,,,1,1,,1,
30,30,8,SECRETARIA DE FINANZAS Y PLANEACION,1,LEY 584 DEL SERVICIO PUBLICO DE CARRERA EN LA ADMINISTRACION PUBLICA CENTRALIZADA DEL ESTADO DE VERACRUZ DE IGNACIO DE LA LLAVE,1,,,,,,,,1,1,1,,
30,30,9,COORDINACION GENERAL DE COMUNICACION SOCIAL,1,LEY 584 DEL SERVICIO PUBLICO DE CARRERA EN LA ADMINISTRACION PUBLICA CENTRALIZADA DEL ESTADO DE VERACRUZ DE IGNACIO DE LA LLAVE,1,,,,,,,,1,1,,1,
30,30,10,CONTRALORIA GENERAL,1,LEY 584 DEL SERVICIO PUBLICO DE CARRERA EN LA ADMINISTRACION PUBLICA CENTRALIZADA DEL ESTADO DE VERACRUZ DE IGNACIO DE LA LLAVE,1,,,,,,,,1,1,,1,
30,30,11,SECRETARIA DE INFRAESTRUCTURA Y OBRAS PUBLICAS,1,LEY 584 DEL SERVICIO PUBLICO DE CARRERA EN LA ADMINISTRACION PUBLICA CENTRALIZADA DEL ESTADO DE VERACRUZ DE IGNACIO DE LA LLAVE,1,,,,,,,,1,1,,1,
30,30,12,OFICINA DEL PROGRAMA DE GOBIERNO,1,LEY 584 DEL SERVICIO PUBLICO DE CARRERA EN LA ADMINISTRACION PUBLICA CENTRALIZADA DEL ESTADO DE VERACRUZ DE IGNACIO DE LA LLAVE,1,,,,,,,,1,1,,1,
30,30,13,SECRETARIA DE SEGURIDAD PUBLICA,1,LEY 584 DEL SERVICIO PUBLICO DE CARRERA EN LA ADMINISTRACION PUBLICA CENTRALIZADA DEL ESTADO DE VERACRUZ DE IGNACIO DE LA LLAVE,1,,,,,,,,1,1,,1,
30,30,14,SECRETARIA DE TRABAJO PREVISION SOCIAL Y PRODUCTIVIDAD,1,LEY 584 DEL SERVICIO PUBLICO DE CARRERA EN LA ADMINISTRACION PUBLICA CENTRALIZADA DEL ESTADO DE VERACRUZ DE IGNACIO DE LA LLAVE,1,,,,,,,,1,1,,1,
30,30,15,SECRETARIA DE TURISMO Y CULTURA,1,LEY 584 DEL SERVICIO PUBLICO DE CARRERA EN LA ADMINISTRACION PUBLICA CENTRALIZADA DEL ESTADO DE VERACRUZ DE IGNACIO DE LA LLAVE,1,,,1,,,,,1,1,,1,
30,30,16,SECRETARIA DE PROTECCION CIVIL,1,LEY 584 DEL SERVICIO PUBLICO DE CARRERA EN LA ADMINISTRACION PUBLICA CENTRALIZADA DEL ESTADO DE VERACRUZ DE IGNACIO DE LA LLAVE,1,,,,,,,,1,1,,1,1
30,30,17,SECRETARIA DE MEDIO AMBIENTE,1,LEY 584 DEL SERVICIO PUBLICO DE CARRERA EN LA ADMINISTRACION PUBLICA CENTRALIZADA DEL ESTADO DE VERACRUZ DE IGNACIO DE LA LLAVE,1,,,,1,,,,1,1,,,
30,30,18,SERVICIOS DE SALUD DE VERACRUZ,1,LEY 584 DEL SERVICIO PUBLICO DE CARRERA EN LA ADMINISTRACION PUBLICA CENTRALIZADA DEL ESTADO DE VERACRUZ DE IGNACIO DE LA LLAVE,1,,,,,,,,1,1,,1,
30,30,19,SISTEMA PARA EL DESARROLLO INTEGRAL DE LA FAMILIA,1,LEY NUMERO 364 ESTATAL DEL SERVICIO CIVIL DE VERACRUZ,1,,,,,,,,1,1,,1,
30,30,20,COMISION DE ARBITRAJE MEDICO,1,LEY NUMERO 364 ESTATAL DEL SERVICIO CIVIL DE VERACRUZ,1,,,,,,,,1,1,,1,
30,30,21,ACADEMIA VERACRUZANA DE LAS LENGUAS INDIGENAS,1,LEY NUMERO 364 ESTATAL DEL SERVICIO CIVIL DE VERACRUZ,1,,,,,,,,1,1,,1,
30,30,22,INSTITUTO VERACRUZANO DEL DEPORTE,1,LEY NUMERO 364 ESTATAL DEL SERVICIO CIVIL DE VERACRUZ,1,1,,,1,1,,1,1,1,,,
30,30,23,INSTITUTO DE ESPACIOS EDUCATIVOS DEL ESTADO DE VERACRUZ,1,LEY NUMERO 364 ESTATAL DEL SERVICIO CIVIL DE VERACRUZ,1,,,,1,,,1,1,,,,
30,30,24,COLEGIO DE BACHILLERES DEL ESTADO DE VERACRUZ,1,LEY NUMERO 364 ESTATAL DEL SERVICIO CIVIL DE VERACRUZ,1,,,,,,,,,,,,
30,30,25,INSTITUTO TECNOLOGICO SUPERIOR DE MISANTLA,1,LEY NUMERO 364 ESTATAL DEL SERVICIO CIVIL DE VERACRUZ,1,,,,,,,,,,,,
30,30,26,INSTITUTO TECNOLOGICO SUPERIOR DE SAN ANDRES TUXTLA,1,LEY NUMERO 364 ESTATAL DEL SERVICIO CIVIL DE VERACRUZ,1,,,,,,,,1,,1,,
30,30,27,INSTITUTO TECNOLOGICO SUPERIOR DE TANTOYUCA,1,LEY NUMERO 364 ESTATAL DEL SERVICIO CIVIL DE VERACRUZ,1,1,,,,,,,1,,,1,
30,30,28,INSTITUTO TECNOLOGICO SUPERIOR DE COSAMALOAPAN,1,LEY NUMERO 364 ESTATAL DEL SERVICIO CIVIL DE VERACRUZ,1,,,,,,,,,,,,
30,30,29,INSTITUTO TECNOLOGICO SUPERIOR DE PANUCO,1,LEY NUMERO 364 ESTATAL DEL SERVICIO CIVIL DE VERACRUZ,1,,,,,,,,,,,,
30,30,30,INSTITUTO TECNOLOGICO SUPERIOR DE POZA RICA,1,LEY NUMERO 364 ESTATAL DEL SERVICIO CIVIL DE VERACRUZ,1,1,,,,,,,1,,1,,
30,30,31,INSTITUTO TECNOLOGICO SUPERIOR DE XALAPA,1,LEY NUMERO 364 ESTATAL DEL SERVICIO CIVIL DE VERACRUZ,1,1,1,,1,1,,,1,,,,
30,30,32,INSTITUTO TECNOLOGICO SUPERIOR DE COATZACOALCOS,1,LEY NUMERO 364 ESTATAL DEL SERVICIO CIVIL DE VERACRUZ,1,,,,,,,,,,,,
30,30,33,INSTITUTO TECNOLOGICO SUPERIOR DE TIERRA BLANCA,1,LEY NUMERO 364 ESTATAL DEL SERVICIO CIVIL DE VERACRUZ,1,,,,,,,,,,,,
30,30,34,INSTITUTO TECNOLOGICO SUPERIOR DE ALAMO,1,LEY NUMERO 364 ESTATAL DEL SERVICIO CIVIL DE VERACRUZ,1,,,,,,,1,1,,1,,
30,30,35,INSTITUTO TECNOLOGICO SUPERIOR DE ACAYUCAN,1,LEY NUMERO 364 ESTATAL DEL SERVICIO CIVIL DE VERACRUZ,1,,,,,,,,,,,,
30,30,36,INSTITUTO TECNOLOGICO SUPERIOR DE LAS CHOAPAS,1,LEY NUMERO 364 ESTATAL DEL SERVICIO CIVIL DE VERACRUZ,1,,,,,,,,1,,,,
30,30,37,INSTITUTO TECNOLOGICO SUPERIOR DE HUATUSCO,1,LEY NUMERO 364 ESTATAL DEL SERVICIO CIVIL DE VERACRUZ,1,1,1,1,1,1,1,1,1,1,1,,
30,30,38,INSTITUTO TECNOLOGICO SUPERIOR DE ALVARADO,1,LEY NUMERO 364 ESTATAL DEL SERVICIO CIVIL DE VERACRUZ,1,,,,,,1,,1,,,,
30,30,39,INSTITUTO TECNOLOGICO SUPERIOR DE PEROTE,1,LEY NUMERO 364 ESTATAL DEL SERVICIO CIVIL DE VERACRUZ,1,,,,,1,,1,1,,,,
30,30,40,INSTITUTO TECNOLOGICO SUPERIOR DE ZONGOLICA,1,LEY NUMERO 364 ESTATAL DEL SERVICIO CIVIL DE VERACRUZ,1,1,1,,1,,1,,1,,,,
30,30,41,INSTITUTO TECNOLOGICO SUPERIOR DE NARANJOS,1,LEY NUMERO 364 ESTATAL DEL SERVICIO CIVIL DE VERACRUZ,1,,,,,,,,,,,,
30,30,42,INSTITUTO TECNOLOGICO SUPERIOR DE CHICONTEPEC,1,LEY NUMERO 364 ESTATAL DEL SERVICIO CIVIL DE VERACRUZ,1,,,,,,,,,,,,
30,30,43,INSTITUTO TECNOLOGICO SUPERIOR DE MARTINEZ DE LA TORRE,1,LEY NUMERO 364 ESTATAL DEL SERVICIO CIVIL DE VERACRUZ,1,,,,,,,,1,,1,,
30,30,44,INSTITUTO TECNOLOGICO SUPERIOR DE JESUS CARRANZA,1,LEY NUMERO 364 ESTATAL DEL SERVICIO CIVIL DE VERACRUZ,1,,,,1,,,,1,,1,,
30,30,45,INSTITUTO TECNOLOGICO SUPERIOR DE RODRIGUEZ CLARA,1,LEY NUMERO 364 ESTATAL DEL SERVICIO CIVIL DE VERACRUZ,1,,,1,1,1,1,1,1,1,1,,
30,30,46,INSTITUTO VERACRUZANO DE EDUCACION PARA LOS ADULTOS,1,LEY NUMERO 364 ESTATAL DEL SERVICIO CIVIL DE VERACRUZ,1,,,,,,,,1,1,,,
30,30,47,COLEGIO NACIONAL DE EDUCACION PROFESIONAL TECNICA,1,LEY NUMERO 364 ESTATAL DEL SERVICIO CIVIL DE VERACRUZ,1,1,1,,,,,1,1,1,,,
30,30,48,UNIVERSIDAD TECNOLOGICA DEL SURESTE,1,LEY NUMERO 364 ESTATAL DEL SERVICIO CIVIL DE VERACRUZ,1,,,,,,,,,,,,
30,30,49,UNIVERSIDAD TECNOLOGICA DEL CENTRO,1,LEY NUMERO 364 ESTATAL DEL SERVICIO CIVIL DE VERACRUZ,1,1,1,1,1,1,1,1,1,1,1,,
30,30,50,UNIVERSIDAD TECNOLOGICA DE GUTIERREZ ZAMORA,1,LEY NUMERO 364 ESTATAL DEL SERVICIO CIVIL DE VERACRUZ,1,,,,,,,,1,,,,
30,30,51,CONSEJO VERACRUZANO DE INVESTIGACION CIENTIFICA Y DESARROLLO TECNOLOGICO,1,LEY NUMERO 364 ESTATAL DEL SERVICIO CIVIL DE VERACRUZ,1,,,,,,,,1,1,,1,
30,30,52,COLEGIO DE ESTUDIOS CIENTIFICOS Y TECNOLOGICOS,1,LEY NUMERO 364 ESTATAL DEL SERVICIO CIVIL DE VERACRUZ,1,,,,,,,,1,,,,
30,30,53,COLEGIO DE VERACRUZ,1,LEY NUMERO 364 ESTATAL DEL SERVICIO CIVIL DE VERACRUZ,1,,,,,,,,,,,,
30,30,54,UNIVERSIDAD POLITECNICA DE HUATUSCO,1,LEY NUMERO 364 ESTATAL DEL SERVICIO CIVIL DE VERACRUZ,1,,,,,,,,,,,,
30,30,55,UNIVERSIDAD POPULAR AUTONOMA DE VERACRUZ,1,LEY NUMERO 364 ESTATAL DEL SERVICIO CIVIL DE VERACRUZ,1,,,,,,,,1,,,,
30,30,56,INSTITUTO VERACRUZANO DE LA VIVIENDA,1,LEY NUMERO 364 ESTATAL DEL SERVICIO CIVIL DE VERACRUZ,1,,,,,,,,1,1,,1,
30,30,57,AGENCIA ESTATAL DE ENERGIA DEL ESTADO DE VERACRUZ,1,LEY NUMERO 364 ESTATAL DEL SERVICIO CIVIL DE VERACRUZ,1,,,,,,,1,,,,,
30,30,58,INSTITUTO VERACRUZANO DE LAS MUJERES,1,LEY NUMERO 364 ESTATAL DEL SERVICIO CIVIL DE VERACRUZ,1,1,,,,,,,1,1,,,
30,30,59,INSTITUTO VERACRUZANO DE DESARROLLO MUNICIPAL,1,LEY NUMERO 364 ESTATAL DEL SERVICIO CIVIL DE VERACRUZ,1,,,,,,,,1,,,,
30,30,60,COMISION EJECUTIVA PARA LA ATENCION INTEGRAL A VICTIMAS DEL DELITO,1,LEY NUMERO 364 ESTATAL DEL SERVICIO CIVIL DE VERACRUZ,1,1,,1,1,,1,,1,,,1,
30,30,61,CENTRO DE JUSTICIA PARA MUJERES DEL ESTADO DE VERACRUZ,1,LEY NUMERO 364 ESTATAL DEL SERVICIO CIVIL DE VERACRUZ,1,,,,,,,,1,,,,
30,30,62,INSTITUTO DE PENSIONES DEL ESTADO,1,LEY NUMERO 364 ESTATAL DEL SERVICIO CIVIL DE VERACRUZ,1,1,,,,,,,1,,,,
30,30,63,COMISION DEL AGUA DEL ESTADO DE VERACRUZ,1,LEY NUMERO 364 ESTATAL DEL SERVICIO CIVIL DE VERACRUZ,1,,,,,,,,1,,,,
30,30,64,RADIOTELEVISION DE VERACRUZ,1,LEY NUMERO 364 ESTATAL DEL SERVICIO CIVIL DE VERACRUZ,1,,,,,,,,1,,,,
30,30,65,SECRETARIA EJECUTIVA DEL SISTEMA ESTATAL ANTICORRUPCION,1,LEY NUMERO 364 ESTATAL DEL SERVICIO CIVIL DE VERACRUZ,1,1,,,1,,,,1,,,,
30,30,66,INSTITUTO DE LA POLICIA AUXILIAR Y PROTECCION PATRIMONIAL,1,LEY NUMERO 364 ESTATAL DEL SERVICIO CIVIL DE VERACRUZ,1,1,1,,,,,1,1,1,,,
30,30,67,ACADEMIA REGIONAL DE SEGURIDAD PUBLICA DEL SURESTE,1,LEY NUMERO 364 ESTATAL DEL SERVICIO CIVIL DE VERACRUZ,1,,,,,,,,,,,,
30,30,68,INSTITUTO DE CAPACITACION PARA EL TRABAJO,1,LEY NUMERO 364 ESTATAL DEL SERVICIO CIVIL DE VERACRUZ,1,,,,,,,,1,,,,
30,30,69,CENTRO DE CONCILIACION LABORAL DEL ESTADO DE VERACRUZ DE IGNACIO DE LA LLAVE,1,LEY NUMERO 364 ESTATAL DEL SERVICIO CIVIL DE VERACRUZ,1,,,,,,,,1,1,,1,
30,30,70,INSTITUTO VERACRUZANO DE LA CULTURA,1,LEY NUMERO 364 ESTATAL DEL SERVICIO CIVIL DE VERACRUZ,1,,,,,,,,1,,,,
30,30,71,PROCURADURIA ESTATAL DE PROTECCION AL MEDIO AMBIENTE,1,LEY NUMERO 364 ESTATAL DEL SERVICIO CIVIL DE VERACRUZ,1,,,,,,,,1,,,,
30,30,72,FIDEICOMISO FONDO DEL FUTURO,1,LEY NUMERO 364 ESTATAL DEL SERVICIO CIVIL DE VERACRUZ,1,,,,,,,,1,,,,
31,31,1,SECRETARIA DE DESARROLLO RURAL,1,POLITICA PARA ADMINISTRAR LA CAPACITACION DE LAS DEPENDENCIAS Y ENTIDADES,,1,,,,,,,1,,,,
31,31,2,SECRETARIA DE PESCA Y ACUACULTURA SUSTENTABLES,1,NO APLICA,,,,,1,,,,1,,,,
31,31,3,SECRETARIA DE LA CULTURA Y LAS ARTES,1,REGLAMENTO DEL CODIGO DE LA ADMINISTRACION PUBLICA DE YUCATAN ARTICULO 67 FRACCION VI,,,,,,,,,,,,,1
31,31,4,SECRETARIA DE ADMINISTRACION Y FINANZAS,1,REGLAMENTO DEL CODIGO DE LA ADMINISTRACION PUBLICA DE YUCATAN,,,,,,,,,,,,,1
31,31,5,CONSEJERIA JURIDICA,1,MANUAL DE POLITICAS DE LA CONSEJERIA JURIDICA,,1,,,,,,,1,,,,
31,31,6,SECRETARIA DE INVESTIGACION INNOVACION Y EDUCACION SUPERIOR,1,PROGRAMA ANUAL DE CAPACITACION 2022,,1,,,,,,1,1,1,,,
31,31,7,SECRETARIA DE DESARROLLO SOCIAL,2,NO APLICA,NA,NA,NA,NA,NA,NA,NA,NA,NA,NA,NA,NA,NA
31,31,8,DESPACHO DEL GOBERNADOR,2,NO APLICA,NA,NA,NA,NA,NA,NA,NA,NA,NA,NA,NA,NA,NA
31,31,9,SECRETARIA DE FOMENTO ECONOMICO Y TRABAJO,2,NO APLICA,NA,NA,NA,NA,NA,NA,NA,NA,NA,NA,NA,NA,NA
31,31,10,SECRETARIA DE EDUCACION,1,LEY DE RESPONSABILIDADES ADMINISTRATIVAS DEL ESTADO DE YUCATAN,,1,,,,,,,1,,,,
31,31,11,SECRETARIA DE LA CONTRALORIA GENERAL,1,CONDICIONES GENERALES DE TRABAJO DEL GOBIERNO DEL ESTADO,,1,,,1,,,,1,,,,
31,31,12,SECRETARIA GENERAL DE GOBIERNO,3,NO APLICA,NA,NA,NA,NA,NA,NA,NA,NA,NA,NA,NA,NA,NA
31,31,13,SECRETARIA DE LAS MUJERES,1,PROGRAMA DE FORTALECIMIENTO INSTITUCIONAL,,,,1,1,,,1,1,,,,
31,31,14,FISCALIA GENERAL DEL ESTADO,1,LEY GENERAL DEL SISTEMA NACIONAL DE SEGURIDAD PUBLICA LEY DE LA FISCALIA GENERAL DEL ESTADO DE YUCATAN Y REGLAMENTO DE LA LEY DE LA FISCALIA GENERAL DEL ESTADO DE YUCATAN,,1,1,1,1,,1,,1,1,,,
31,31,15,SECRETARIA DE DESARROLLO SUSTENTABLE,1,NO APLICA,,1,,,1,,,1,1,1,,,
31,31,16,SECRETARIA DE SALUD,2,NO APLICA,NA,NA,NA,NA,NA,NA,NA,NA,NA,NA,NA,NA,NA
31,31,17,SECRETARIA DE SEGURIDAD PUBLICA,1,LEY GENERAL DEL SISTEMA NACIONAL DE SEGURIDAD PUBLICA ARTICULO 47 FRACCION II IV V VI VII VIII X XI XII XIV,1,1,1,1,1,1,1,1,1,1,1,1,
31,31,18,SECRETARIA DE OBRAS PUBLICAS,3,NO APLICA,NA,NA,NA,NA,NA,NA,NA,NA,NA,NA,NA,NA,NA
31,31,19,SECRETARIA DE FOMENTO TURISTICO,3,NO APLICA,NA,NA,NA,NA,NA,NA,NA,NA,NA,NA,NA,NA,NA
31,31,20,FIDEICOMISO GARANTE DE LA ORQUESTA SINFONICA DE YUCATAN,3,NO APLICA,NA,NA,NA,NA,NA,NA,NA,NA,NA,NA,NA,NA,NA
31,31,21,FIDEICOMISO PUBLICO PARA LA ADMINISTRACION DEL PALACIO DE LA MUSICA,3,NO APLICA,NA,NA,NA,NA,NA,NA,NA,NA,NA,NA,NA,NA,NA
31,31,22,INSTITUTO DE INFRAESTRUCTURA CARRETERA DE YUCATAN,3,NO APLICA,NA,NA,NA,NA,NA,NA,NA,NA,NA,NA,NA,NA,NA
31,31,23,SISTEMA TELE YUCATAN S A DE C V,3,NO APLICA,NA,NA,NA,NA,NA,NA,NA,NA,NA,NA,NA,NA,NA
31,31,24,INSTITUTO DEL DEPORTE DEL ESTADO DE YUCATAN,1,LINEAMIENTOS PARA LA IMPLEMENTACION DEL SISTEMA DE CONTROL INTERNO INSTITUCIONAL DE LAS DEPENDENCIAS Y ENTIDADES DE LA ADMINISTRACION PUBLICA ESTATAL,,,,,1,,,1,1,,,,
31,31,25,FIDEICOMISO PUBLICO PARA LA ADMINISTRACION DE LA RESERVA TERRITORIAL DE UCU,3,NO APLICA,NA,NA,NA,NA,NA,NA,NA,NA,NA,NA,NA,NA,NA
31,31,26,INSTITUTO DE MOVILIDAD Y DESARROLLO URBANO TERRITORIAL,1,LINEAMIENTOS PARA LA IMPLEMENTACION DEL SISTEMA DE CONTROL INTERNO,,,,,,,,,1,,,,
31,31,27,INSTITUTO DE VIVIENDA DEL ESTADO DE YUCATAN,1,NO APLICA,,1,,,1,,,,1,1,,,
31,31,28,ADMINISTRACION DEL PATRIMONIO DE LA BENEFICENCIA PUBLICA DEL ESTADO DE YUCATAN,3,NO APLICA,NA,NA,NA,NA,NA,NA,NA,NA,NA,NA,NA,NA,NA
31,31,29,INSTITUTO PARA EL DESARROLLO DE LA CULTURA MAYA DEL ESTADO DE YUCATAN,3,NO APLICA,NA,NA,NA,NA,NA,NA,NA,NA,NA,NA,NA,NA,NA
31,31,30,INSTITUTO PARA LA INCLUSION DE LAS PERSONAS CON DISCAPACIDAD DEL ESTADO DE YUCATAN,1,PROGRAMA ANUAL DE CAPACITACION,,,,,,,,1,1,,,,
31,31,31,JUNTA DE ASISTENCIA PRIVADA DEL ESTADO DE YUCATAN,1,MANUAL DE PROCEDIMIENTOS DE LA JUNTA DE ASISTENCIA PRIVADA DEL ESTADO DE YUCATAN Y EL PROGRAMA ANUAL DE CAPACITACION,,1,,,1,,,1,1,1,,,
31,31,32,SISTEMA PARA EL DESARROLLO INTEGRAL DE LA FAMILIA EN YUCATAN,1,LINEAMIENTOS OPERATIVOS DE LA ENTIDAD DE CERTIFICACION Y EVALUACION DEL SISTEMA NACIONAL PARA EL DESARROLLO INTEGRAL DE LA FAMILIA,,,,,,,,1,,,,,
31,31,33,AGENCIA PARA EL DESARROLLO DE YUCATAN,1,POLITICA PARA PROMOVER LA PROFESIONALIZACION A TRAVES DE ESTUDIOS DE POSGRADO,,1,1,,1,,,,,,1,,
31,31,34,INSTITUTO PROMOTOR DE FERIAS DE YUCATAN,3,NO APLICA,NA,NA,NA,NA,NA,NA,NA,NA,NA,NA,NA,NA,NA
31,31,35,INSTITUTO YUCATECO DE EMPRENDEDORES,1,NO APLICA,,,,,,,,,1,,,,
31,31,36,COLEGIO DE BACHILLERES DEL ESTADO DE YUCATAN,1,LEY GENRAL DEL SISTEMA PARA LA CARRERA DE LAS MAESTRAS Y MAESTROS,,,,,,,1,,,,,,
31,31,37,COLEGIO DE EDUCACION PROFESIONAL TECNICA DEL ESTADO DE YUCATAN,1,CODIGO DE LA ADMINISTRACION PUBLICA DE YUCATAN ARTICULO 31,,,,,1,,,1,1,,1,,
31,31,38,COLEGIO DE ESTUDIOS CIENTIFICOS Y TECNOLOGICOS DEL ESTADO DE YUCATAN,1,NO APLICA,,,,,,,,,1,,,,
31,31,39,ESCUELA SUPERIOR DE ARTES DE YUCATAN,1,NO APLICA,,1,1,,1,,1,1,1,,,,
31,31,40,INSTITUTO DE EDUCACION PARA ADULTOS DEL ESTADO DE YUCATAN,1,CLAUSULA 139 DEL CONTRATO COLECTIVO DE TRABAJO,,,,,,,,,,,1,,1
31,31,41,INSTITUTO TECNOLOGICO SUPERIOR DE MOTUL,1,NO APLICA,,,,,,,,,1,,1,,
31,31,42,INSTITUTO TECNOLOGICO SUPERIOR DE PROGRESO,2,NO APLICA,NA,NA,NA,NA,NA,NA,NA,NA,NA,NA,NA,NA,NA
31,31,43,INSTITUTO TECNOLOGICO SUPERIOR DE VALLADOLID,1,NORMATIVIDAD DEL TECNOLOGICO NACIONAL DE MEXICO,,1,1,1,1,1,1,1,1,1,1,,1
31,31,44,INSTITUTO TECNOLOGICO SUPERIOR DEL SUR DEL ESTADO DE YUCATAN,3,NO APLICA,NA,NA,NA,NA,NA,NA,NA,NA,NA,NA,NA,NA,NA
31,31,45,UNIVERSIDAD DE ORIENTE,1,LEY FEDERAL DE TRABAJO REGLAMENTO INTERNO POLITICAS EN RECURSOS HUMANOS,,1,1,1,1,,1,1,1,,,,
31,31,46,UNIVERSIDAD POLITECNICA DE YUCATAN,1,CODIGO DE LA ADMINISTRACION PUBLICA DE YUCATAN,,1,,,1,,1,1,1,,1,,
31,31,47,UNIVERSIDAD TECNOLOGICA DEL CENTRO,1,NO APLICA,,,,,,,,1,1,,,,
31,31,48,UNIVERSIDAD TECNOLOGICA REGIONAL DEL SUR,1,REGLAMENTOS INTERNOS,,1,,,1,,,1,1,1,,1,
31,31,49,UNIVERSIDAD TECNOLOGICA DEL MAYAB,1,NORMA ISO 9001 2015,,1,1,,,1,,1,1,1,,,
31,31,50,UNIVERSIDAD TECNOLOGICA DEL PONIENTE,3,NO APLICA,NA,NA,NA,NA,NA,NA,NA,NA,NA,NA,NA,NA,NA
31,31,51,UNIVERSIDAD TECNOLOGICA METROPOLITANA,3,NO APLICA,NA,NA,NA,NA,NA,NA,NA,NA,NA,NA,NA,NA,NA
31,31,52,SECRETARIA EJECUTIVA DEL SISTEMA ESTATAL ANTICORRUPCION,1,PROGRAMA ANUAL DE CAPACITACION,,1,,,1,,1,,1,,,,
31,31,53,SECRETARIA TECNICA DE PLANEACION Y EVALUACION,1,CODIGO DE LA ADMINISTRACION PUBLICA ARTICULO 31 FRACCION II Y IV,,1,,,1,,,1,1,1,,,
31,31,54,COMISION EJECUTIVA ESTATAL DE ATENCION A VICTIMAS,1,NO APLICA,,1,,,,,,1,,,,,
31,31,55,INSTITUTO DE SEGURIDAD SOCIAL DE LOS TRABAJADORES DEL ESTADO DE YUCATAN,1,NO APLICA,,,,,,,,1,,,,,
31,31,56,CENTRO ESTATAL DE TRASPLANTES DE YUCATAN,1,PROGRAMA ANUAL DE CAPACITACION,,,,,1,,,1,1,1,,,
31,31,57,HOSPITAL COMUNITARIO DE PETO YUCATAN,3,NO APLICA,NA,NA,NA,NA,NA,NA,NA,NA,NA,NA,NA,NA,NA
31,31,58,HOSPITAL COMUNITARIO DE TICUL YUCATAN,1,DECRETO DE CREACION 748,,,,,,,,,1,,,,
31,31,59,HOSPITAL DE LA AMISTAD COREA MEXICO,3,NO APLICA,NA,NA,NA,NA,NA,NA,NA,NA,NA,NA,NA,NA,NA
31,31,60,HOSPITAL GENERAL DE TEKAX YUCATAN,3,NO APLICA,NA,NA,NA,NA,NA,NA,NA,NA,NA,NA,NA,NA,NA
31,31,61,SERVICIOS DE SALUD DE YUCATAN,1,CONDICIONES GENERALES DE TRABAJO FEDERAL,,,,,1,1,1,,,,,,
31,31,62,INSTITUTO PARA EL DESARROLLO Y CERTIFICACION DE LA INFRAESTRUCTURA FISICA EDUCATIVA Y ELECTRICA DE YUCATAN,3,NO APLICA,NA,NA,NA,NA,NA,NA,NA,NA,NA,NA,NA,NA,NA
31,31,63,INSTITUTO PARA LA CONSTRUCCION Y CONSERVACION DE OBRA PUBLICA EN YUCATAN,3,NO APLICA,NA,NA,NA,NA,NA,NA,NA,NA,NA,NA,NA,NA,NA
31,31,64,JUNTA DE AGUA POTABLE Y ALCANTARILLADO DE YUCATAN,1,CODIGO DE LA ADMINISTRACION PUBLICA DE YUCATAN ARTICULO 31 FRACCIONES II Y IV,,,,,,,,,1,,,,
31,31,65,INSTITUTO DE SEGURIDAD JURIDICA PATRIMONIAL DE YUCATAN,1,LEY QUE CREA EL INSTITUTO DE SEGURIDAD JURIDICA PATRIMONIAL DE YUCATAN DECRETO 433 DEL 19 DE JULIO 2011,,1,,1,1,1,,1,1,,,,
31,31,66,INSTITUTO DE CAPACITACION PARA EL TRABAJO DEL ESTADO DE YUCATAN,3,NO APLICA,NA,NA,NA,NA,NA,NA,NA,NA,NA,NA,NA,NA,NA
31,31,67,FIDEICOMISO PUBLICO PARA EL DESARROLLO DEL TURISMO DE REUNIONES EN YUCATAN,1,PROGRAMA ANUAL DE CAPACITACION,,1,,,,1,,1,,,,,
31,31,68,PATRONATO DE LAS UNIDADES DE SERVICIOS CULTURALES Y TURISTICOS DEL ESTADO DE YUCATAN,3,NO APLICA,NA,NA,NA,NA,NA,NA,NA,NA,NA,NA,NA,NA,NA
32,32,1,JEFATURA DE OFICINA DEL C GOBERNADOR,0,NO APLICA,NA,NA,NA,NA,NA,NA,NA,NA,NA,NA,NA,NA,NA
32,32,2,SECRETARIA GENERAL DE GOBIERNO,0,NO APLICA,NA,NA,NA,NA,NA,NA,NA,NA,NA,NA,NA,NA,NA
32,32,3,SECRETARIA DE FINANZAS,0,NO APLICA,NA,NA,NA,NA,NA,NA,NA,NA,NA,NA,NA,NA,NA
32,32,4,SECRETARIA DE SEGURIDAD PUBLICA,0,NO APLICA,NA,NA,NA,NA,NA,NA,NA,NA,NA,NA,NA,NA,NA
32,32,5,SECRETARIA DE ADMINISTRACION,0,NO APLICA,NA,NA,NA,NA,NA,NA,NA,NA,NA,NA,NA,NA,NA
32,32,6,SECRETARIA DE LA FUNCION PUBLICA,0,NO APLICA,NA,NA,NA,NA,NA,NA,NA,NA,NA,NA,NA,NA,NA
32,32,7,SECRETARIA DE ECONOMIA,0,NO APLICA,NA,NA,NA,NA,NA,NA,NA,NA,NA,NA,NA,NA,NA
32,32,8,SECRETARIA DE TURISMO,0,NO APLICA,NA,NA,NA,NA,NA,NA,NA,NA,NA,NA,NA,NA,NA
32,32,9,SECRETARIA DE OBRAS PUBLICAS,0,NO APLICA,NA,NA,NA,NA,NA,NA,NA,NA,NA,NA,NA,NA,NA
32,32,10,SECRETARIA DE EDUCACION,0,NO APLICA,NA,NA,NA,NA,NA,NA,NA,NA,NA,NA,NA,NA,NA
32,32,11,SECRETARIA DE DESARROLLO SOCIAL,0,NO APLICA,NA,NA,NA,NA,NA,NA,NA,NA,NA,NA,NA,NA,NA
32,32,12,SECRETARIA DE SALUD,0,NO APLICA,NA,NA,NA,NA,NA,NA,NA,NA,NA,NA,NA,NA,NA
32,32,13,SECRETARIA DE DESARROLLO URBANO VIVIENDA Y ORDENAMIENTO TERRITORIAL,0,NO APLICA,NA,NA,NA,NA,NA,NA,NA,NA,NA,NA,NA,NA,NA
32,32,14,SECRETARIA DEL AGUA Y MEDIO AMBIENTE,0,NO APLICA,NA,NA,NA,NA,NA,NA,NA,NA,NA,NA,NA,NA,NA
32,32,15,SECRETARIA DEL CAMPO,0,NO APLICA,NA,NA,NA,NA,NA,NA,NA,NA,NA,NA,NA,NA,NA
32,32,16,SECRETARIA DE LAS MUJERES,0,NO APLICA,NA,NA,NA,NA,NA,NA,NA,NA,NA,NA,NA,NA,NA
32,32,17,SECRETARIA DEL ZACATECANO MIGRANTE,0,NO APLICA,NA,NA,NA,NA,NA,NA,NA,NA,NA,NA,NA,NA,NA
32,32,18,COORDINACION GENERAL JURIDICA,0,NO APLICA,NA,NA,NA,NA,NA,NA,NA,NA,NA,NA,NA,NA,NA
32,32,19,COORDINACION ESTATAL DE PLANEACION,0,NO APLICA,NA,NA,NA,NA,NA,NA,NA,NA,NA,NA,NA,NA,NA
32,32,20,SISTEMA ESTATAL PARA EL DESARROLLO INTEGRAL DE LA FAMILIA,0,NO APLICA,NA,NA,NA,NA,NA,NA,NA,NA,NA,NA,NA,NA,NA
32,32,21,CONSEJO ESTATAL DE DESARROLLO ECONOMICO,0,NO APLICA,NA,NA,NA,NA,NA,NA,NA,NA,NA,NA,NA,NA,NA
32,32,22,CONSEJO ZACATECANO DE CIENCIA TECNOLOGIA E INNOVACION,0,NO APLICA,NA,NA,NA,NA,NA,NA,NA,NA,NA,NA,NA,NA,NA
32,32,23,SERVICIOS DE SALUD DE ZACATECAS,0,NO APLICA,NA,NA,NA,NA,NA,NA,NA,NA,NA,NA,NA,NA,NA
32,32,24,INSTITUTO DE LA DEFENSORIA PUBLICA,0,NO APLICA,NA,NA,NA,NA,NA,NA,NA,NA,NA,NA,NA,NA,NA
32,32,25,INSTITUTO DE CULTURA FISICA Y DEPORTE DEL ESTADO DE ZACATECAS,0,NO APLICA,NA,NA,NA,NA,NA,NA,NA,NA,NA,NA,NA,NA,NA
32,32,26,SISTEMA ZACATECANO DE RADIO Y TELEVISION,0,NO APLICA,NA,NA,NA,NA,NA,NA,NA,NA,NA,NA,NA,NA,NA
32,32,27,PATRONATO ESTATAL DE PROMOTORES VOLUNTARIOS,0,NO APLICA,NA,NA,NA,NA,NA,NA,NA,NA,NA,NA,NA,NA,NA
32,32,28,INSTITUTO ZACATECANO DE EDUCACION PARA ADULTOS,0,NO APLICA,NA,NA,NA,NA,NA,NA,NA,NA,NA,NA,NA,NA,NA
32,32,29,INSTITUTO DE CAPACITACION PARA EL TRABAJO,0,NO APLICA,NA,NA,NA,NA,NA,NA,NA,NA,NA,NA,NA,NA,NA
32,32,30,INSTITUTO ZACATECANO DE CULTURA RAMON LOPEZ VELARDE,0,NO APLICA,NA,NA,NA,NA,NA,NA,NA,NA,NA,NA,NA,NA,NA
32,32,31,INSTITUTO ZACATECANO DE CONSTRUCCION DE ESCUELAS,0,NO APLICA,NA,NA,NA,NA,NA,NA,NA,NA,NA,NA,NA,NA,NA
32,32,32,JUNTA DE PROTECCION Y CONSERVACION DE MONUMENTOS Y ZONAS TIPICAS DEL ESTADO DE ZACATECAS,0,NO APLICA,NA,NA,NA,NA,NA,NA,NA,NA,NA,NA,NA,NA,NA
32,32,33,INSTITUTO DE LA JUVENTUD DEL ESTADO DE ZACATECAS,0,NO APLICA,NA,NA,NA,NA,NA,NA,NA,NA,NA,NA,NA,NA,NA
32,32,34,INSTITUTO PARA LA ATENCION E INCLUSION DE LAS PERSONAS CON DISCAPACIDAD,0,NO APLICA,NA,NA,NA,NA,NA,NA,NA,NA,NA,NA,NA,NA,NA
32,32,35,UNIVERSIDAD POLITECNICA DE ZACATECAS,0,NO APLICA,NA,NA,NA,NA,NA,NA,NA,NA,NA,NA,NA,NA,NA
32,32,36,UNIVERSIDAD POLITECNICA DEL SUR DE ZACATECAS,0,NO APLICA,NA,NA,NA,NA,NA,NA,NA,NA,NA,NA,NA,NA,NA
32,32,37,INSTITUTO TECNOLOGICO SUPERIOR DE NOCHISTLAN,0,NO APLICA,NA,NA,NA,NA,NA,NA,NA,NA,NA,NA,NA,NA,NA
32,32,38,INSTITUTO TECNOLOGICO SUPERIOR DE FRESNILLO,0,NO APLICA,NA,NA,NA,NA,NA,NA,NA,NA,NA,NA,NA,NA,NA
32,32,39,INSTITUTO TECNOLOGICO SUPERIOR DE TLALTENANGO,0,NO APLICA,NA,NA,NA,NA,NA,NA,NA,NA,NA,NA,NA,NA,NA
32,32,40,INSTITUTO TECNOLOGICO SUPERIOR DE LORETO,0,NO APLICA,NA,NA,NA,NA,NA,NA,NA,NA,NA,NA,NA,NA,NA
32,32,41,INSTITUTO TECNOLOGICO SUPERIOR DE RIO GRANDE,0,NO APLICA,NA,NA,NA,NA,NA,NA,NA,NA,NA,NA,NA,NA,NA
32,32,42,INSTITUTO TECNOLOGICO SUPERIOR DE JEREZ,0,NO APLICA,NA,NA,NA,NA,NA,NA,NA,NA,NA,NA,NA,NA,NA
32,32,43,INSTITUTO TECNOLOGICO SUPERIOR DE SOMBRERETE,0,NO APLICA,NA,NA,NA,NA,NA,NA,NA,NA,NA,NA,NA,NA,NA
32,32,44,ESCUELA DE CONSERVACION Y RESTAURACION DE ZACATECAS REFUGIO REYES,0,NO APLICA,NA,NA,NA,NA,NA,NA,NA,NA,NA,NA,NA,NA,NA
32,32,45,COLEGIO DE BACHILLERES DEL ESTADO DE ZACATECAS,0,NO APLICA,NA,NA,NA,NA,NA,NA,NA,NA,NA,NA,NA,NA,NA
32,32,46,COLEGIO DE EDUCACION PROFESIONAL TECNICA DE ZACATECAS,0,NO APLICA,NA,NA,NA,NA,NA,NA,NA,NA,NA,NA,NA,NA,NA
32,32,47,COLEGIO DE ESTUDIOS CIENTIFICOS Y TECNOLOGICOS DEL ESTADO DE ZACATECAS,0,NO APLICA,NA,NA,NA,NA,NA,NA,NA,NA,NA,NA,NA,NA,NA
32,32,48,INSTITUTO DE SELECCION Y CAPACITACION DEL ESTADO DE ZACATECAS,0,NO APLICA,NA,NA,NA,NA,NA,NA,NA,NA,NA,NA,NA,NA,NA
32,32,49,UNIVERSIDAD TECNOLOGICA DEL ESTADO DE ZACATECAS,0,NO APLICA,NA,NA,NA,NA,NA,NA,NA,NA,NA,NA,NA,NA,NA
32,32,50,COMISION ESTATAL DE LA DEFENSA DEL CONTRIBUYENTE,0,NO APLICA,NA,NA,NA,NA,NA,NA,NA,NA,NA,NA,NA,NA,NA
32,32,51,SECRETARIA EJECUTIVA DEL SISTEMA ESTATAL ANTICORRUPCION,0,NO APLICA,NA,NA,NA,NA,NA,NA,NA,NA,NA,NA,NA,NA,NA
32,32,52,CENTRO DE CONCILIACION LABORAL DEL ESTADO DE ZACATECAS,0,NO APLICA,NA,NA,NA,NA,NA,NA,NA,NA,NA,NA,NA,NA,NA
32,32,53,AGENCIA DE ENERGIA DEL ESTADO DE ZACATECAS,0,NO APLICA,NA,NA,NA,NA,NA,NA,NA,NA,NA,NA,NA,NA,NA
32,32,54,INSTITUTO DE SEGURIDAD Y SERVICIOS SOCIALES PARA EL ESTADO DE ZACATECAS,0,NO APLICA,NA,NA,NA,NA,NA,NA,NA,NA,NA,NA,NA,NA,NA
