entidad_a,enticve1,numeral,nombre1,sexostt,sexos1,sexos2
1,01,1,DESPACHO EJECUTIVO ESTATAL,143,78,65
1,01,2,COORDINACION GENERAL DE GABINETE,17,7,10
1,01,3,SECRETARIA GENERAL DE GOBIERNO,470,208,262
1,01,4,SECRETARIA DE ADMINISTRACION,279,171,108
1,01,5,SECRETARIA DE FINANZAS,303,115,188
1,01,6,SECRETARIA DE SEGURIDAD PUBLICA,1655,1106,549
1,01,7,SECRETARIA DE DESARROLLO ECONOMICO,113,50,63
1,01,8,SECRETARIA DE SALUD,0,0,0
1,01,9,SECRETARIA DE SUSTENTABILIDAD MEDIO AMBIENTE Y AGUA,219,164,55
1,01,10,SECRETARIA DE GESTION URBANISTICA ORDENAMIENTO TERRITORIAL REGISTRAL Y CATASTRAL,212,106,106
1,01,11,SECRETARIA DE DESARROLLO SOCIAL,311,95,216
1,01,12,SECRETARIA DE OBRAS PUBLICAS,264,193,71
1,01,13,SECRETARIA DE DESARROLLO RURAL Y AGROEMPRESARIAL,108,77,31
1,01,14,SECRETARIA DE TURISMO,106,57,49
1,01,15,COORDINACION GENERAL DE PLANEACION Y PROYECTOS,63,35,28
1,01,16,COORDINACION GENERAL DE MOVILIDAD,106,78,28
1,01,17,CONTRALORIA DEL ESTADO,117,70,47
1,01,18,INSTITUTO ESTATAL DE SEGURIDAD PUBLICA DE AGUASCALIENTES,53,30,23
1,01,19,INSTITUTO DE SEGURIDAD Y SERVICIOS SOCIALES PARA LOS SERVIDORES PUBLICOS DEL ESTADO DE AGUASCALIENTES,193,86,107
1,01,20,SISTEMA PARA EL DESARROLLO INTEGRAL DE LA FAMILIA,540,148,392
1,01,21,INSTITUTO DE ASESORIA Y DEFENSORIA PUBLICA DEL ESTADO DE AGUASCALIENTES,65,29,36
1,01,22,INSTITUTO AGUASCALENTENSE DE LAS MUJERES,110,22,88
1,01,23,INSTITUTO AGUASCALENTENSE DE LA JUVENTUD,23,10,13
1,01,24,INSTITUTO DE VIVIENDA SOCIAL Y ORDENAMIENTO DE LA PROPIEDAD DEL ESTADO DE AGUASCALIENTES,107,56,51
1,01,25,PROCURADURIA ESTATAL DE PROTECCION AL AMBIENTE,60,40,20
1,01,26,INSTITUTO DEL AGUA DEL ESTADO,347,302,45
1,01,27,INSTITUTO PARA EL DESARROLLO DE LA SOCIEDAD DEL CONOCIMIENTO DEL ESTADO DE AGUASCALIENTES,56,28,28
1,01,28,PATRONATO DE LA FERIA NACIONAL DE SAN MARCOS,20,13,7
1,01,29,INSTITUTO DE EDUCACION DE AGUASCALIENTES,16284,5447,10837
1,01,30,COLEGIO DE ESTUDIOS CIENTIFICOS Y TECNOLOGICOS DEL ESTADO DE AGUASCALIENTES,920,421,499
1,01,31,ESCUELA NORMAL DE AGUASCALIENTES,137,45,92
1,01,32,INSTITUTO PARA LA EDUCACION DE LAS PERSONAS JOVENES Y ADULTAS DEL ESTADO DE AGUASCALIENTES,150,65,85
1,01,33,COLEGIO DE EDUCACION PROFESIONAL TECNICA DEL ESTADO DE AGUASCALIENTES,463,227,236
1,01,34,UNIVERSIDAD AUTONOMA DE AGUASCALIENTES,3104,1662,1442
1,01,35,UNIVERSIDAD TECNOLOGICA DE AGUASCALIENTES,456,245,211
1,01,36,UNIVERSIDAD TECNOLOGICA DEL NORTE DE AGUASCALIENTES,295,161,134
1,01,37,UNIVERSIDAD POLITECNICA DE AGUASCALIENTES,340,189,151
1,01,38,INSTITUTO CULTURAL DE AGUASCALIENTES,1117,614,503
1,01,39,INSTITUTO DEL DEPORTE DEL ESTADO DE AGUASCALIENTES,243,174,69
1,01,40,RADIO Y TELEVISION DE AGUASCALIENTES,154,102,52
1,01,41,UNIVERSIDAD TECNOLOGICA METROPOLITANA DE AGUASCALIENTES,81,37,44
1,01,42,INSTITUTO DE CAPACITACION PARA EL TRABAJO DEL ESTADO DE AGUASCALIENTES,169,70,99
1,01,43,INSTITUTO DE SERVICIOS DE SALUD DEL ESTADO DE AGUASCALIENTES,7586,2786,4800
1,01,44,COMISION ESTATAL DE ARBITRAJE MEDICO,14,8,6
1,01,45,UNIVERSIDAD TECNOLOGICA EL RETOÑO,151,77,74
1,01,46,UNIVERSIDAD TECNOLOGICA DE CALVILLO,84,39,45
1,01,47,INSTITUTO DE INFRAESTRUCTURA FISICA EDUCATIVA DEL ESTADO DE AGUASCALIENTES,83,48,35
1,01,48,SECRETARIA EJECUTIVA DEL SISTEMA ESTATAL ANTICORRUPCION,20,13,7
2,02,1,OFICINA DE LA GUBERNATURA,128,78,50
2,02,2,SECRETARIA GENERAL DE GOBIERNO,749,307,442
2,02,3,SECRETARIA DE HACIENDA,2009,948,1061
2,02,4,SECRETARIA DE LA HONESTIDAD Y LA FUNCION PUBLICA,140,67,73
2,02,5,SECRETARIA DE INFRAESTRUCTURA DESARROLLO URBANO Y REORDENACION TERRITORIAL,301,204,97
2,02,6,SECRETARIA DE ECONOMIA SUSTENTABLE Y TURISMO,197,99,98
2,02,7,SECRETARIA DEL CAMPO Y LA SEGURIDAD ALIMENTARIA,146,88,58
2,02,8,SECRETARIA DE EDUCACION,16997,5782,11215
2,02,9,SECRETARIA DE INTEGRACION Y BIENESTAR SOCIAL,174,89,85
2,02,10,SECRETARIA DEL TRABAJO Y PREVISION SOCIAL,316,131,185
2,02,11,SECRETARIA DE CULTURA,6,3,3
2,02,12,SECRETARIA DE SALUD,0,0,0
2,02,13,SECRETARIA PARA EL MANEJO SANEAMIENTO Y PROTECCION DEL AGUA,4,1,3
2,02,14,ADMINISTRADORA DE LA VIA CORTA TIJUANA TECATE,19,12,7
2,02,15,CENTRO DE JUSTICIA PARA LAS MUJERES,16,2,14
2,02,16,CENTRO METROPOLITANO DE CONVENCIONES TIJUANA PLAYAS DE ROSARITO TECATE,11,6,5
2,02,17,COLEGIO DE BACHILLERES DEL ESTADO DE BAJA CALIFORNIA,2248,1131,1117
2,02,18,COLEGIO DE EDUCACION PROFESIONAL TECNICA DEL ESTADO DE BAJA CALIFORNIA,559,287,272
2,02,19,COLEGIO DE ESTUDIOS CIENTIFICOS Y TECNOLOGICOS DEL ESTADO DE BAJA CALIFORNIA,2234,1182,1052
2,02,20,COMISION DE ARBITRAJE MEDICO DEL ESTADO DE BAJA CALIFORNIA,8,5,3
2,02,21,COMISION ESTATAL DE ENERGIA DE BAJA CALIFORNIA,19,12,7
2,02,22,COMISION ESTATAL DEL AGUA,166,148,18
2,02,23,COMISION ESTATAL DE SERVICIOS PUBLICOS DE ENSENADA,663,547,116
2,02,24,COMISION ESTATAL DE SERVICIOS PUBLICOS DE MEXICALI,1263,1005,258
2,02,25,COMISION ESTATAL DE SERVICIOS PUBLICOS DE TECATE,196,151,45
2,02,26,COMISION ESTATAL DE SERVICIOS PUBLICOS TIJUANA,1708,1332,376
2,02,27,COMISION ESTATAL DEL SISTEMA PENITENCIARIO,1893,1176,717
2,02,28,COMITE DE PLANEACION PARA EL DESARROLLO DEL ESTADO DE BAJA CALIFORNIA,22,8,14
2,02,29,FIDEICOMISO FONDO DE GARANTIAS COMPLEMENTARIAS Y CREDITOS PUENTE,13,8,5
2,02,30,FIDEICOMISO PUBLICO DE ADMINISTRACION DE FONDOS E INVERSION DEL TRAMO CARRETERO CENTINELA RUMOROSA,125,78,47
2,02,31,FIDEICOMISO PUBLICO PARA LA PROMOCION TURISTICA DEL ESTADO,10,3,7
2,02,32,FIDEICOMISO SAN MAR,0,0,0
2,02,33,INSTITUTO CONTRA LAS ADICCIONES DE BAJA CALIFORNIA,136,31,105
2,02,34,INSTITUTO DE ADMINISTRACION DE BIENES PARA LA RESTITUCION SOCIAL Y BIENES ASEGURADOS,31,14,17
2,02,35,INSTITUTO DE CAPACITACION DE ALTA TECNOLOGIA,12,5,7
2,02,36,INSTITUTO DE CULTURA DE BAJA CALIFORNIA,316,177,139
2,02,37,INSTITUTO DE IDENTIDAD VEHICULAR Y COMBATE A LA CONTAMINACION,98,45,53
2,02,38,INSTITUTO DE LA INFRAESTUCTURA FISICA EDUCATIVA DE BAJA CALIFORNIA,65,32,33
2,02,39,INSTITUTO DE LA JUVENTUD DE BAJA CALIFORNIA,102,66,36
2,02,40,INSTITUTO DE LA MUJER PARA EL ESTADO DE BAJA CALIFORNIA,23,5,18
2,02,41,INSTITUTO DE MOVILIDAD SUSTENTABLE DEL ESTADO DE BAJA CALIFORNIA,239,163,76
2,02,42,INSTITUTO DE PSIQUIATRIA DEL ESTADO DE BAJA CALIFORNIA,229,104,125
2,02,43,INSTITUTO DE SEGURIDAD Y SERVICIOS SOCIALES DE LOS TRABAJADORES DEL GOBIERNO Y MUNICIPOS DE BAJA CALIFORNIA,1827,760,1067
2,02,44,INSTITUTO DE SERVICIOS DE SALUD PUBLICA DEL ESTADO DE BAJA CALIFORNIA,8089,3075,5014
2,02,45,INSTITUTO DE SERVICIOS EDUCATIVOS Y PEDAGOGICOS DE BAJA CALIFORNIA,22067,7197,14870
2,02,46,INSTITUTO DEL DEPORTE Y LA CULTURA FISICA DE BAJA CALIFORNIA,366,253,113
2,02,47,INSTITUTO PARA EL DESARROLLO INMOBILIARIO Y DE LA VIVIENDA PARA EL ESTADO DE BAJA CALIFORNIA,201,114,87
2,02,48,JUNTA DE URBANIZACION DEL ESTADO DE BAJA CALIFORNIA,67,33,34
2,02,49,PROMOTORA DEL DESARROLLO URBANO DE TIJUANA,0,0,0
2,02,50,SECRETARIA EJECUTIVA DEL SISTEMA ESTATAL ANTICORRUPCION,7,5,2
2,02,51,SISTEMA PARA EL DESARROLLO INTEGRAL DE LA FAMILIA DE BAJA CALIFORNIA,1057,368,689
2,02,52,UNIDAD DE ESPECIALIDADES MEDICAS DE BAJA CALIFORNIA,384,130,254
2,02,53,UNIVERSIDAD POLITECNICA DE BAJA CALIFORNIA,182,100,82
2,02,54,UNIVERSIDAD TECNOLOGICA DE TIJUANA,374,202,172
3,03,1,JEFATURA DE LA OFICINA DEL EJECUTIVO,107,57,50
3,03,2,SECRETARIA GENERAL DE GOBIERNO,275,163,112
3,03,3,SECRETARIA DE FINANZAS Y ADMINISTRACION,1214,610,604
3,03,4,SECRETARIA DE PLANEACION URBANA INFRAESTRUCTURA MOVILIDAD MEDIO AMBIENTE Y RECURSOS NATURALES,218,154,64
3,03,5,SECRETARIA DE EDUCACION PUBLICA,12535,4622,7913
3,03,6,SECRETARIA DE TURISMO Y ECONOMIA,119,57,62
3,03,7,SECRETARIA DE SALUD,3734,1539,2195
3,03,8,SECRETARIA DE PESCA ACUACULTURA Y DESARROLLO AGROPECUARIO,123,80,43
3,03,9,SECRETARIA DEL TRABAJO BIENESTAR Y DESARROLLO SOCIAL,211,99,112
3,03,10,PROCURADURIA GENERAL DE JUSTICIA,1205,638,567
3,03,11,CONTRALORIA GENERAL,86,32,54
3,03,12,SECRETARIA DE SEGURIDAD PUBLICA,1453,823,630
3,03,13,COLEGIO DE BACHILLERES DEL ESTADO DE BAJA CALIFORNIA SUR,638,344,294
3,03,14,COLEGIO DE ESTUDIOS CIENTIFICOS Y TECNOLOGICOS DEL ESTADO,797,433,364
3,03,15,INSTITUTO TECNOLOGICO SUPERIOR DE CIUDAD CONSTITUCION,163,93,70
3,03,16,INSTITUTO TECNOLOGICO SUPERIOR DE LOS CABOS,197,102,95
3,03,17,INSTITUTO TECNOLOGICO SUPERIOR DE MULEGE,126,68,58
3,03,18,COLEGIO NACIONAL DE EDUCACION PROFESIONAL TECNICA,170,86,84
3,03,19,INSTITUTO SUDCALIFORNIANO DE LA INFRAESTRUCTURA FISICA EDUCATIVA,74,45,29
3,03,20,INSTITUTO ESTATAL DE EDUCACION PARA LOS ADULTOS,112,48,64
3,03,21,CONSEJO SUDCALIFORNIANO DE CIENCIA Y TECNOLOGIA,10,5,5
3,03,22,BENEMERITA ESCUELA NORMAL URBANA PROFESOR DOMINGO CARBALLO FELIX,145,68,77
3,03,23,UNIVERSIDAD TECNOLOGICA DE LA PAZ,70,37,33
3,03,24,INSTITUTO DE SERVICIOS DE SALUD,0,0,0
3,03,25,COMISION ESTATAL PARA LA PROTECCION CONTRA RIESGOS SANITARIOS,0,0,0
3,03,26,INSTITUTO DE SALUD PARA EL BIENESTAR,0,0,0
3,03,27,JUNTA ESTATAL DE CAMINOS,170,129,41
3,03,28,COMISION ESTATAL DEL AGUA,30,18,12
3,03,29,INSTITUTO DE VIVIENDA DE BAJA CALIFORNIA SUR,39,17,22
3,03,30,INSTITUTO SUDCALIFORNIANO DE LA JUVENTUD,18,6,12
3,03,31,INSTITUTO SUDCALIFORNIANO DEL DEPORTE,182,130,52
3,03,32,INSTITUTO SUDCALIFORNIANO DE CULTURA,317,183,134
3,03,33,INSTITUTO SUDCALIFORNIANO DE LAS MUJERES,65,13,52
3,03,34,INSTITUTO SUDCALIFORNIANO PARA LA INCLUSION DE PERSONAS CON DISCAPACIDAD,11,7,4
3,03,35,INSTITUTO ESTATAL DE RADIO Y TELEVISION,51,28,23
3,03,36,INSTITUTO DE CAPACITACION PARA LOS TRABAJADORES DEL ESTADO DE BAJA CALIFORNIA SUR,58,22,36
3,03,37,PATRONATO DEL ESTUDIANTE SUDCALIFORNIANO,46,15,31
3,03,38,SISTEMA ESTATAL PARA EL DESARROLLO INTEGRAL DE LA FAMILIA,389,109,280
4,04,1,OFICINA DEL GOBERNADOR,188,100,88
4,04,2,SECRETARIA GENERAL DE GOBIERNO,221,115,106
4,04,3,SECRETARIA DE FINANZAS,185,93,92
4,04,4,SECRETARIA DE ADMINISTRACION E INNOVACION GUBERNAMENTAL,300,180,120
4,04,5,SECRETARIA DE LA CONTRALORIA,122,57,65
4,04,6,SECRETARIA DE PLANEACION,52,27,25
4,04,7,SECRETARIA DE EDUCACION,11913,5112,6801
4,04,8,SECRETARIA DE CULTURA,241,146,95
4,04,9,SECRETARIA DE SALUD,331,169,162
4,04,10,SECRETARIA DE DESARROLLO SOCIAL Y HUMANO,190,102,88
4,04,11,SECRETARIA DE DESARROLLO ENERGETICO SUSTENTABLE,13,6,7
4,04,12,SECRETARIA DE DESARROLLO ECONOMICO,43,25,18
4,04,13,SECRETARIA DE DESARROLLO RURAL,160,91,69
4,04,14,SECRETARIA DE PESCA Y ACUACULTURA,36,22,14
4,04,15,SECRETARIA DE MEDIO AMBIENTE BIODIVERSIDAD Y CAMBIO CLIMATICO,49,25,24
4,04,16,SECRETARIA DE DESARROLLO URBANO OBRAS PUBLICAS E INFRAESTRUCTURA,381,295,86
4,04,17,SECRETARIA DE TURISMO,82,39,43
4,04,18,SECRETARIA DE TRABAJO Y PREVISION SOCIAL,126,51,75
4,04,19,SECRETARIA DE SEGURIDAD PUBLICA,1565,1293,272
4,04,20,SECRETARIA DE PROTECCION CIVIL,103,73,30
4,04,21,CONSEJERIA JURIDICA,20,10,10
4,04,22,FISCALIA GENERAL DEL ESTADO DE CAMPECHE,834,465,369
4,04,23,CONSEJO ESTATAL DE POBLACION DE CAMPECHE,18,7,11
4,04,24,CONSEJO ESTATAL DE SEGURIDAD PUBLICA EN EL ESTADO DE CAMPECHE,113,77,36
4,04,25,INSTITUTO ESTATAL DEL TRANSPORTE DEL ESTADO DE CAMPECHE,22,16,6
4,04,26,ARCHIVO GENERAL DEL ESTADO DE CAMPECHE,19,8,11
4,04,27,SECRETARIA EJECUTIVA DEL SISTEMA ESTATAL DE PROTECCION INTEGRAL DE LOS DERECHOS DE NIÑAS NIÑOS Y ADOLESCENTES,5,1,4
4,04,28,COMISION LOCAL DE BUSQUEDA DE PERSONAS DEL ESTADO DE CAMPECHE,2,1,1
4,04,29,SERVICIO DE ADMINISTRACION FISCAL DEL ESTADO DE CAMPECHE,260,152,108
4,04,30,COMISION DE CONCILIACION Y ARBITRAJE MEDICO DEL ESTADO DE CAMPECHE,12,4,8
4,04,31,JUNTA ESTATAL DE ASISTENCIA PRIVADA,4,0,4
4,04,32,INSTITUTO CAMPECHANO DEL EMPRENDEDOR,7,1,6
4,04,33,INSTITUTO PARA EL DESARROLLO DE LA MICRO PEQUEÑA Y MEDIANA EMPRESA,13,6,7
4,04,34,PROMOTORA DE PRODUCTOS Y SERVICIOS DE CAMPECHE,9,7,2
4,04,35,COMISION DE MEJORA REGULATORIA DEL ESTADO DE CAMPECHE,4,1,3
4,04,36,COORDINACION GENERAL DE SEGURIDAD PUBLICA VIALIDAD Y TRANSPORTE DEL ESTADO DE CAMPECHE,108,100,8
4,04,37,COLEGIO DE ESTUDIOS CIENTIFICOS Y TECNOLOGICOS DEL ESTADO DE CAMPECHE,NSS,NSS,NSS
4,04,38,INSTITUTO DE CAPACITACION PARA EL TRABAJO DEL ESTADO DE CAMPECHE,NSS,NSS,NSS
4,04,39,COLEGIO DE BACHILLERES DEL ESTADO DE CAMPECHE,NSS,NSS,NSS
4,04,40,UNIVERSIDAD TECNOLOGICA DE CAMPECHE,NSS,NSS,NSS
4,04,41,COLEGIO DE EDUCACION PROFESIONAL TECNICA DEL ESTADO DE CAMPECHE,NSS,NSS,NSS
4,04,42,INSTITUTO ESTATAL DE LA EDUCACION PARA LOS ADULTOS DEL ESTADO DE CAMPECHE,NSS,NSS,NSS
4,04,43,INSTITUTO TECNOLOGICO SUPERIOR DE CALKINI EN EL ESTADO DE CAMPECHE,NSS,NSS,NSS
4,04,44,INSTITUTO TECNOLOGICO SUPERIOR DE ESCARCEGA,128,65,63
4,04,45,INSTITUTO TECNOLOGICO SUPERIOR DE CHAMPOTON,NSS,NSS,NSS
4,04,46,UNIVERSIDAD TECNOLOGICA DE CANDELARIA,NSS,NSS,NSS
4,04,47,INSTITUTO TECNOLOGICO SUPERIOR DE HOPELCHEN,NSS,NSS,NSS
4,04,48,UNIVERSIDAD TECNOLOGICA DE CALAKMUL,NSS,NSS,NSS
4,04,49,UNIVERSIDAD AUTONOMA DE CAMPECHE,NSS,NSS,NSS
4,04,50,UNIVERSIDAD AUTONOMA DEL CARMEN,NSS,NSS,NSS
4,04,51,INSTITUTO CAMPECHANO,NSS,NSS,NSS
4,04,52,FUNDACION PABLO GARCIA,16,11,5
4,04,53,CONSEJO ESTATAL DE INVESTIGACION CIENTIFICA Y DESARROLLO TECNOLOGICO,4,3,1
4,04,54,INSTITUTO DE LA INFRAESTRUCTURA FISICA EDUCATIVA DEL ESTADO DE CAMPECHE,42,24,18
4,04,55,PROMOTORA DE EVENTOS ARTISTICOS CULTURALES Y DE CONVENCIONES DEL ESTADO DE CAMPECHE,38,17,21
4,04,56,INSTITUTO ESTATAL PARA EL FOMENTO DE LAS ACTIVIDADES ARTESANALES EN CAMPECHE,49,19,30
4,04,57,SISTEMA PARA EL DESARROLLO INTEGRAL DE LA FAMILIA DEL ESTADO DE CAMPECHE,697,271,426
4,04,58,INSTITUTO DEL DEPORTE DEL ESTADO DE CAMPECHE,90,53,37
4,04,59,INSTITUTO DE LA MUJER DEL ESTADO DE CAMPECHE,16,4,12
4,04,60,INSTITUTO DE LA JUVENTUD DEL ESTADO DE CAMPECHE,15,8,7
4,04,61,HOSPITAL DOCTOR MANUEL CAMPOS,238,97,141
4,04,62,HOSPITAL PSIQUIATRICO DE CAMPECHE,109,52,57
4,04,63,INSTITUTO DE SERVICIOS DESCENTRALIZADOS DE SALUD PUBLICA DEL ESTADO DE CAMPECHE,4002,1724,2278
4,04,64,REGIMEN ESTATAL DE PROTECCION SOCIAL EN SALUD EN CAMPECHE,NSS,NSS,NSS
4,04,65,SISTEMA DE ATENCION A NIÑOS NIÑAS Y ADOLESCENTES FARMACODEPENDIENTES DEL ESTADO DE CAMPECHE VIDA NUEVA,82,32,50
4,04,66,COMISION DE AGUA POTABLE Y ALCANTARILLADO DEL ESTADO DE CAMPECHE,48,28,20
4,04,67,PROMOTORA PARA LA CONSERVACION Y DESARROLLO SUSTENTABLE DEL ESTADO DE CAMPECHE,20,10,10
4,04,68,COMISION ESTATAL DE DESARROLLO DE SUELO Y VIVIENDA,119,65,54
4,04,69,INSTITUTO DE DESARROLLO Y FORMACION SOCIAL,47,28,19
4,04,70,SISTEMA DE TELEVISION Y RADIO DE CAMPECHE,NSS,NSS,NSS
4,04,71,INSTITUTO DE INFORMACION ESTADISTICA GEOGRAFICA Y CATASTRAL DEL ESTADO DE CAMPECHE,36,24,12
4,04,72,INSTITUTO DE SEGURIDAD Y SERVICIOS SOCIALES DE LOS TRABAJADORES DEL ESTADO DE CAMPECHE,215,70,145
4,04,73,INSTITUTO DE ACCESO A LA JUSTICIA DEL ESTADO DE CAMPECHE,76,30,46
4,04,74,CENTRO DE CONCILIACION LABORAL EN EL ESTADO,48,18,30
4,04,75,AGENCIA DE ENERGIA DEL ESTADO DE CAMPECHE,5,4,1
4,04,76,SECRETARIA EJECUTIVA DEL SISTEMA ANTICORRUPCION,7,4,3
4,04,77,FIDEICOMISO FONDO CAMPECHE,NSS,NSS,NSS
4,04,78,FIDEICOMISO DE INVERSION DEL IMPUESTO DEL 2 SOBRE NOMINA,NSS,NSS,NSS
4,04,79,FIDEICOMISO FONDO DE FOMENTO AGROPECUARIO DEL ESTADO DE CAMPECHE,NSS,NSS,NSS
5,05,1,OFICINAS DEL EJECUTIVO,270,142,128
5,05,2,SECRETARIA DE GOBIERNO,681,295,386
5,05,3,COORDINACION DE COMUNICACION E IMAGEN INSTITUCIONAL,65,35,30
5,05,4,SECRETARIA DE FINANZAS,493,246,247
5,05,5,ADMINISTRACION FISCAL GENERAL,1031,510,521
5,05,6,SECRETARIA DE ECONOMIA,46,21,25
5,05,7,SECRETARIA DE EDUCACION,238,95,143
5,05,8,SECRETARIA DE INCLUSION Y DESARROLLO SOCIAL,260,144,116
5,05,9,SECRETARIA DE SEGURIDAD PUBLICA,2410,1796,614
5,05,10,SECRETARIA DE SALUD,84,34,50
5,05,11,SECRETARIA DE INFRAESTRUCTURA DESARROLLO URBANO Y MOVILIDAD,350,208,142
5,05,12,SECRETARIA DE DESARROLLO RURAL,113,66,47
5,05,13,SECRETARIA DE FISCALIZACION Y RENDICION DE CUENTAS,92,42,50
5,05,14,SECRETARIA DE MEDIO AMBIENTE,181,81,100
5,05,15,SECRETARIA DE CULTURA,457,264,193
5,05,16,SECRETARIA DEL TRABAJO,319,126,193
5,05,17,SECRETARIA DE VIVIENDA Y ORDENAMIENTO TERRITORIAL,24,14,10
5,05,18,SECRETARIA DE TURISMO Y DESARROLLO DE PUEBLOS MAGICOS,43,17,26
5,05,19,INSTITUTO COAHUILENSE DE LAS MUJERES,35,5,30
5,05,20,PROCURADURIA PARA NIÑOS NIÑAS Y LA FAMILIA,79,23,56
5,05,21,SISTEMA PARA EL DESARROLLO INTEGRAL DE LA FAMILIA Y PROTECCION DE DERECHOS DEL ESTADO DE COAHUILA,582,184,398
5,05,22,CENTRO DE JUSTICIA Y EMPODERAMIENTO PARA LAS MUJERES DEL ESTADO DE COAHUILA DE ZARAGOZA,108,19,89
5,05,23,COMISION EJECUTIVA ESTATAL DE ATENCION A VICTIMAS,45,16,29
5,05,24,COAHUILA RADIO,30,18,12
5,05,25,INSTITUTO DE PENSIONES PARA LOS TRABAJADORES AL SERVICIO DEL ESTADO,61,26,35
5,05,26,INSTITUTO REGISTRAL Y CATASTRAL DEL ESTADO DE COAHUILA DE ZARAGOZA,71,43,28
5,05,27,INSTITUTO COAHUILENSE DE ADULTOS MAYORES,6,3,3
5,05,28,PROMOTORA PARA EL DESARROLLO RURAL DE COAHUILA,43,40,3
5,05,29,COMISION ESTATAL PARA LA REGULARIZACION DE LA TENENCIA DE LA TIERRA URBANA Y RUSTICA DE COAHUILA,77,40,37
5,05,30,COMISION ESTATAL DE LA VIVIENDA,57,28,29
5,05,31,SERVICIOS ESTATALES AEROPORTUARIOS,112,81,31
5,05,32,SERVICIOS DE SALUD COAHUILA,8689,3532,5157
5,05,33,INSTITUTO DE SERVICIOS DE SALUD REHABILITACION Y EDUCACION ESPECIAL E INTEGRAL,155,62,93
5,05,34,COMISION ESTATAL DE AGUAS Y SANEAMIENTO DE COAHUILA,71,53,18
5,05,35,INSTITUTO DE CAPACITACION PARA EL TRABAJO DEL ESTADO DE COAHUILA,131,41,90
5,05,36,CONSEJO ESTATAL DE CIENCIA Y TECNOLOGIA DEL ESTADO DE COAHUILA,23,12,11
5,05,37,INSTITUTO ESTATAL DEL DEPORTE DE COAHUILA,164,119,45
5,05,38,INSTITUTO ESTATAL DE EDUCACION PARA LOS ADULTOS,856,306,550
5,05,39,COLEGIO DE ESTUDIOS CIENTIFICOS Y TECNOLOGICOS DEL ESTADO DE COAHUILA,1285,647,638
5,05,40,COLEGIO DE BACHILLERES DE COAHUILA,1169,491,678
5,05,41,COLEGIO DE EDUCACION PROFESIONAL TECNOLOGICA DEL ESTADO DE COAHUILA,826,441,385
5,05,42,INSTITUTO COAHUILENSE DE INFRAESTRUCTURA FISICA EDUCATIVA,72,40,32
5,05,43,INSTITUTO TECNOLOGICO DE ESTUDIOS SUPERIORES DE REGION CARBONIFERA,185,98,87
5,05,44,INSTITUTO TECNOLOGICO SUPERIOR DE CIUDAD ACUÑA,165,106,59
5,05,45,INSTITUTO TECNOLOGICO DE ESTUDIOS SUPERIORES DE MONCLOVA,169,98,71
5,05,46,INSTITUTO TECNOLOGICO SUPERIOR DE MELCHOR MUZQUIZ,111,69,42
5,05,47,INSTITUTO TECNOLOGICO SUPERIOR DE SAN PEDRO COAHUILA,133,76,57
5,05,48,UNIVERSIDAD TECNOLOGICA DE COAHUILA,248,126,122
5,05,49,UNIVERSIDAD TECNOLOGICA DEL NORTE DE COAHUILA,170,84,86
5,05,50,UNIVERSIDAD TECNOLOGICA DE LA REGION DEL CENTRO DE COAHUILA,238,119,119
5,05,51,UNIVERSIDAD TECNOLOGICA DE TORREON,361,200,161
5,05,52,UNIVERSIDAD TECNOLOGICA DE SALTILLO,56,29,27
5,05,53,UNIVERSIDAD TECNOLOGICA DE PARRAS,74,37,37
5,05,54,UNIVERSIDAD TECNOLOGICA DE LA REGION CARBONIFERA,56,33,23
5,05,55,UNIVERSIDAD POLITECNICA DE LA REGION LAGUNA,66,43,23
5,05,56,UNIVERSIDAD POLITECNICA DE RAMOS ARIZPE,50,20,30
5,05,57,UNIVERSIDAD POLITECNICA DE PIEDRAS NEGRAS,71,32,39
5,05,58,UNIVERSIDAD POLITECNICA DE MONCLOVA FRONTERA,61,32,29
5,05,59,UNIVERSIDAD TECNOLOGICA DE CIUDAD ACUÑA,35,21,14
6,06,1,OFICINA DE LA GUBERNATURA,96,51,45
6,06,2,SECRETARIA GENERAL DE GOBIERNO,253,102,151
6,06,3,SECRETARIA DE PLANEACION FINANZAS Y ADMINISTRACION,521,293,228
6,06,4,SECRETARIA DE BIENESTAR SOCIAL INCLUSION SOCIAL Y MUJERES,24,13,11
6,06,5,SECRETARIA DE INFRAESTRUCTURA DESARROLLO URBANO Y MOVILIDAD,235,160,75
6,06,6,SECRETARIA DE DESARROLLO ECONOMICO,177,101,76
6,06,7,SECRETARIA DE EDUCACION Y CULTURA,10939,4086,6853
6,06,8,SECRETARIA DE SALUD Y BIENESTAR,4343,1807,2536
6,06,9,SECRETARIA DE SEGURIDAD PUBLICA,1596,995,601
6,06,10,CONSEJERIA JURIDICA DEL PODER EJECUTIVO DEL ESTADO,50,28,22
6,06,11,CONTRALORIA GENERAL DEL ESTADO,18,10,8
6,06,12,SISTEMA PARA EL DESARROLLO INTEGRAL DE LA FAMILIA EN EL ESTADO DE COLIMA,401,134,267
6,06,13,INSTITUTO COLIMENSE DEL DEPORTE,91,65,26
6,06,14,INSTITUTO PARA LA ATENCION DE LOS ADULTOS MAYORES,3,1,2
6,06,15,INSTITUTO COLIMENSE DE INFRAESTRUCTURA FISICA EDUCATIVA,12,7,5
6,06,16,INSTITUTO COLIMENSE DE RADIO Y TELEVISION,40,27,13
6,06,17,CENTRO ESTATAL PARA LA PREVENCION Y ATENCION DE LA VIOLENCIA FAMILIAR,2,0,2
6,06,18,INSTITUTO COLIMENSE PARA LA DISCAPACIDAD,6,4,2
6,06,19,COMISION ESTATAL DEL AGUA DE COLIMA,6,3,3
6,06,20,INSTITUTO COLIMENSE DE LAS MUJERES,4,2,2
6,06,21,INSTITUTO COLIMENSE PARA LA SOCIEDAD DE LA INFORMACION Y EL CONOCIMIENTO,28,18,10
6,06,22,INSTITUTO PARA EL MEDIO AMBIENTE Y DESARROLLO SUSTENTABLE,15,10,5
6,06,23,INSTITUTO PARA EL REGISTRO DEL TERRITORIO DEL ESTADO DE COLIMA,53,23,30
6,06,24,INSTITUTO DE SUELO URBANIZACION Y VIVIENDA DEL ESTADO DE COLIMA,32,15,17
6,06,25,PROCURADURIA DE PROTECCION DE NIÑAS NIÑOS Y ADOLESCENTES,19,8,11
6,06,26,PROTECCION CIVIL,23,22,1
6,06,27,INSTITUTO TECNICO HACENDARIO DEL ESTADO DE COLIMA,NSS,NSS,NSS
6,06,28,CONSEJO DE PARTICIPACION SOCIAL DEL ESTADO DE COLIMA,NSS,NSS,NSS
6,06,29,JUNTA DE ASISTENCIA PRIVADA,NSS,NSS,NSS
6,06,30,CONCILIACION LABORAL DEL ESTADO,NSS,NSS,NSS
6,06,31,COMISION ESTATAL DE CONCILIACION Y ARBITRAJE MEDICO DEL ESTADO,NSS,NSS,NSS
6,06,32,ORGANO DE GESTION Y CONTROL DEL PATRIMONIO DEL ESTADO DE COLIMA,NSS,NSS,NSS
6,06,33,INSTITUTO ESTATAL DE EDUCACION PARA ADULTOS,NSS,NSS,NSS
7,07,1,GUBERNATURA,43,28,15
7,07,2,SECRETARIA GENERAL DE GOBIERNO,1528,772,756
7,07,3,SECRETARIA DE HACIENDA,2300,1067,1233
7,07,4,SECRETARIA DE LA HONESTIDAD Y FUNCION PUBLICA,543,268,275
7,07,5,SECRETARIA DE IGUALDAD DE GENERO,259,105,154
7,07,6,SECRETARIA DE PROTECCION CIVIL,67,52,15
7,07,7,SECRETARIA DE OBRAS PUBLICAS,785,526,259
7,07,8,SECRETARIA DE MEDIO AMBIENTE E HISTORIA NATURAL,432,252,180
7,07,9,SECRETARIA DE ECONOMIA Y DEL TRABAJO,265,136,129
7,07,10,SECRETARIA DE BIENESTAR,159,78,81
7,07,11,SECRETARIA DE AGRICULTURA GANADERIA Y PESCA,562,356,206
7,07,12,SECRETARIA DE TURISMO,161,80,81
7,07,13,SECRETARIA PARA EL DESARROLLO SUSTENTABLE DE LOS PUEBLOS INDIGENAS,46,22,24
7,07,14,SECRETARIA DE SALUD,NSS,NSS,NSS
7,07,15,SECRETARIA DE EDUCACION,27469,13462,14007
7,07,16,SECRETARIA DE SEGURIDAD Y PROTECCION CIUDADANA,9547,6745,2802
7,07,17,SECRETARIA DE MOVILIDAD Y TRANSPORTE,158,96,62
7,07,18,COMISION ESTATAL DE BUSQUEDA DE PERSONAS,5,3,2
7,07,19,OFICIALIA MAYOR DEL ESTADO DE CHIAPAS,107,52,55
7,07,20,COORDINACION ESTATAL PARA EL MEJORAMIENTO DEL ZOOLOGICO MIGUEL ALVAREZ DEL TORO,176,104,72
7,07,21,JUNTA LOCAL DE CONCILIACION Y ARBITRAJE DEL ESTADO DE CHIAPAS,116,43,73
7,07,22,COMISION ESTATAL DE MEJORA REGULATORIA,18,6,12
7,07,23,INSTITUTO DE LA JUVENTUD DEL ESTADO DE CHIAPAS,40,21,19
7,07,24,INSTITUTO DE PROTECCION SOCIAL Y BENEFICENCIA PUBLICA DEL ESTADO DE CHIAPAS,16,7,9
7,07,25,CENTRO ESTATAL DE TRASPLANTES DEL ESTADO DE CHIAPAS,13,7,6
7,07,26,INSTITUTO DE ESTUDIOS DE POSGRADO,NSS,NSS,NSS
7,07,27,INSTITUTO ESTATAL DE EVALUACION E INNOVACION EDUCATIVA,14,5,9
7,07,28,INSTITUTO DE FORMACION POLICIAL,118,59,59
7,07,29,CENTRO ESTATAL DE PREVENCION SOCIAL DE LA VIOLENCIA Y PARTICIPACION CIUDADANA,12,4,8
7,07,30,INSTITUTO PARA LA GESTION INTEGRAL DE RIESGOS DE DESASTRES DEL ESTADO DE CHIAPAS,207,154,53
7,07,31,COMISION EJECUTIVA ESTATAL DE ATENCION A VICTIMAS PARA EL ESTADO DE CHIAPAS,11,6,5
7,07,32,INSTITUTO DEL PATRIMONIO DEL ESTADO,40,20,20
7,07,33,INSTITUTO DE BOMBEROS DEL ESTADO DE CHIAPAS,16,10,6
7,07,34,INSTITUTO ESTATAL DEL AGUA,46,28,18
7,07,35,COMISION DE CAMINOS E INFRAESTRUCTURA HIDRAULICA,528,363,165
7,07,36,PROCURADURIA AMBIENTAL DEL ESTADO DE CHIAPAS,11,7,4
7,07,37,INSTITUTO DE CAPACITACION Y VINCULACION TECNOLOGICA DEL ESTADO DE CHIAPAS,NSS,NSS,NSS
7,07,38,INSTITUTO CASA DE LAS ARTESANIAS DE CHIAPAS,90,47,43
7,07,39,CENTRO DE CONCILIACION LABORAL DEL ESTADO DE CHIAPAS,32,14,18
7,07,40,PROMOTORA DE VIVIENDA CHIAPAS,76,41,35
7,07,41,INSTITUTO DEL CAFE DE CHIAPAS,73,46,27
7,07,42,OFICINA DE CONVENCIONES Y VISITANTES,67,42,25
7,07,43,INSTITUTO DE SALUD,NSS,NSS,NSS
7,07,44,SISTEMA PARA EL DESARROLLO INTEGRAL DE LA FAMILIA DEL ESTADO DE CHIAPAS SISTEMA DIF CHIAPAS,1236,425,811
7,07,45,COLEGIO DE BACHILLERES DE CHIAPAS,NSS,NSS,NSS
7,07,46,COLEGIO DE EDUCACION PROFESIONAL TECNICA DEL ESTADO DE CHIAPAS CONALEP CHIAPAS,NSS,NSS,NSS
7,07,47,UNIVERSIDAD TECNOLOGICA DE LA SELVA,NSS,NSS,NSS
7,07,48,COLEGIO DE ESTUDIOS CIENTIFICOS Y TECNOLOGICOS DEL ESTADO DE CHIAPAS,NSS,NSS,NSS
7,07,49,INSTITUTO CHIAPANECO DE EDUCACION PARA JOVENES Y ADULTOS,NSS,NSS,NSS
7,07,50,INSTITUTO TECNOLOGICO SUPERIOR DE CINTALAPA,NSS,NSS,NSS
7,07,51,UNIVERSIDAD POLITECNICA DE CHIAPAS,NSS,NSS,NSS
7,07,52,UNIVERSIDAD POLITECNICA DE TAPACHULA,NSS,NSS,NSS
7,07,53,UNIVERSIDAD INTERCULTURAL DE CHIAPAS,NSS,NSS,NSS
7,07,54,INSTITUTO DE LA INFRAESTRUCTURA FISICA EDUCATIVA DEL ESTADO DE CHIAPAS,151,91,60
7,07,55,CENTRO REGIONAL DE FORMACION DOCENTE E INVESTIGACION EDUCATIVA,NSS,NSS,NSS
7,07,56,TALLERES GRAFICOS DE CHIAPAS,NSS,NSS,NSS
7,07,57,SISTEMA CHIAPANECO DE RADIO TELEVISION Y CINEMATOGRAFIA,NSS,NSS,NSS
7,07,58,CENTRO ESTATAL DE CONTROL DE CONFIANZA CERTIFICADO DEL ESTADO DE CHIAPAS,117,43,74
7,07,59,INSTITUTO DE SEGURIDAD SOCIAL DE LOS TRABAJADORES DEL ESTADO DE CHIAPAS,NSS,NSS,NSS
7,07,60,CONSEJO ESTATAL PARA LAS CULTURAS Y LAS ARTES DE CHIAPAS,542,324,218
7,07,61,COMISION ESTATAL DE CONCILIACION Y ARBITRAJE MEDICO DEL ESTADO DE CHIAPAS,12,5,7
7,07,62,SECRETARIADO EJECUTIVO DEL SISTEMA ESTATAL DE SEGURIDAD PUBLICA,80,47,33
7,07,63,INSTITUTO DE CIENCIA TECNOLOGIA E INNOVACION DEL ESTADO DE CHIAPAS,137,77,60
7,07,64,SECRETARIA EJECUTIVA DEL SISTEMA ANTICORRUPCION DEL ESTADO DE CHIAPAS,NSS,NSS,NSS
7,07,65,ARCHIVO GENERAL DEL ESTADO,20,9,11
7,07,66,CONSEJERIA JURIDICA DEL GOBERNADOR,85,42,43
7,07,67,INSTITUTO DE COMUNICACION SOCIAL Y RELACIONES PUBLICAS DEL ESTADO DE CHIAPAS,100,52,48
7,07,68,INSTITUTO DEL DEPORTE DEL ESTADO DE CHIAPAS,171,109,62
7,07,69,SOCIEDAD OPERADORA DE LA TORRE CHIAPAS SA DE CV,NSS,NSS,NSS
7,07,70,SOCIEDAD OPERADORA DEL AEROPUERTO INTERNACIONAL ANGEL ALBINO CORZO,NSS,NSS,NSS
8,08,1,DESPACHO DEL EJECUTIVO,24,13,11
8,08,2,COMISION ESTATAL PARA PUEBLOS INDIGENAS,125,76,49
8,08,3,COORDINACION GENERAL DE COMUNICACION,70,29,41
8,08,4,COORDINACION DE RELACIONES PUBLICAS,NSS,NSS,NSS
8,08,5,FISCALIA GENERAL DEL ESTADO,6320,3531,2789
8,08,6,REPRESENTACION DEL GOBIERNO DEL ESTADO DE CHIHUAHUA EN LA CIUDAD DE MEXICO,11,4,7
8,08,7,SECRETARIA DE COMUNICACIONES Y OBRAS PUBLICAS,1152,990,162
8,08,8,SECRETARIA DE COORDINACION DE GABINETE,157,83,74
8,08,9,SECRETARIA DE CULTURA,321,161,160
8,08,10,SECRETARIA DE DESARROLLO HUMANO Y BIEN COMUN,159,57,102
8,08,11,SECRETARIA DE DESARROLLO RURAL,402,294,108
8,08,12,SECRETARIA DE DESARROLLO URBANO Y ECOLOGIA,290,162,128
8,08,13,SECRETARIA DE HACIENDA,14233,7932,6301
8,08,14,SECRETARIA DE INNOVACION Y DESARROLLO ECONOMICO,75,37,38
8,08,15,SECRETARIA DE LA FUNCION PUBLICA,184,84,100
8,08,16,SECRETARIA DE SALUD,65,26,39
8,08,17,SECRETARIA DE SEGURIDAD PUBLICA,NSS,NSS,NSS
8,08,18,SECRETARIA DE TRABAJO Y PREVISION SOCIAL,360,122,238
8,08,19,SECRETARIA DE EDUCACION Y DEPORTE,12825,4430,8395
8,08,20,SECRETARIA GENERAL DE GOBIERNO,582,224,358
8,08,21,ADMINISTRADORA DE SERVICIOS AEROPORTUARIOS,5,3,2
8,08,22,COLEGIO DE BACHILLERES DEL ESTADO DE CHIHUAHUA,NSS,NSS,NSS
8,08,23,COLEGIO DE EDUCACION PROFESIONAL TECNICA DEL ESTADO DE CHIHUAHUA,869,465,404
8,08,24,COLEGIO DE ESTUDIOS CIENTIFICOS Y TECNOLOGICOS DEL ESTADO DE CHIHUAHUA,1547,762,785
8,08,25,COMISION ESTATAL DE VIVIENDA SUELO E INFRAESTRUCTURA DE CHIHUAHUA,119,64,55
8,08,26,CONSEJO ESTATAL DE POBLACION,59,10,49
8,08,27,DESARROLLO INTEGRAL DE LA FAMILIA DEL ESTADO DE CHIHUAHUA,527,174,353
8,08,28,EL COLEGIO DE CHIHUAHUA,31,13,18
8,08,29,ESCUELA NORMAL SUPERIOR DEL ESTADO PROFESOR JOSE E MEDRANO,216,115,101
8,08,30,FIDEICOMISO ESTATAL PARA EL FOMENTO DE LAS ACTIVIDADES PRODUCTIVAS EN EL ESTADO DE CHIHUAHUA,31,14,17
8,08,31,FIDEICOMISO DE ADMINISTRACION PARA LA PROMOCION Y FOMENTO DE LAS ACTIVIDADES TURISTICAS DEL ESTADO,NSS,NSS,NSS
8,08,32,FIDEICOMISO DE PUENTES FRONTERIZOS,124,79,45
8,08,33,FOMENTO Y DESARROLLO ARTESANAL,30,7,23
8,08,34,INSTITUTO CHIHUAHUENSE DE EDUCACION PARA ADULTOS,260,85,175
8,08,35,INSTITUTO CHIHUAHUENSE DE INFRAESTRUCTURA FISICA EDUCATIVA,79,39,40
8,08,36,INSTITUTO CHIHUAHUENSE DE LA JUVENTUD,44,14,30
8,08,37,INSTITUTO CHIHUAHUENSE DE LA SALUD,5875,2152,3723
8,08,38,INSTITUTO CHIHUAHUENSE DE LAS MUJERES,233,24,209
8,08,39,INSTITUTO CHIHUAHUENSE DEL DEPORTE Y CULTURA FISICA,141,90,51
8,08,40,INSTITUTO DE APOYO AL DESARROLLO TECNOLOGICO,75,41,34
8,08,41,INSTITUTO DE CAPACITACION PARA EL TRABAJO DEL ESTADO DE CHIHUAHUA,529,180,349
8,08,42,INSTITUTO DE INNOVACION Y COMPETITIVIDAD,19,9,10
8,08,43,INSTITUTO TECNOLOGICO SUPERIOR DE NUEVO CASAS GRANDES,167,104,63
8,08,44,JUNTA CENTRAL DE AGUA Y SANEAMIENTO,175,113,62
8,08,45,JUNTA DE ASISTENCIA SOCIAL PRIVADA DEL ESTADO DE CHIHUAHUA,6,2,4
8,08,46,OPERADORA DE TRANSPORTE VIVEBUS,165,127,38
8,08,47,PARQUE CUMBRES DE MAJALCA,2,1,1
8,08,48,PENSIONES CIVILES DEL ESTADO,1162,565,597
8,08,49,PROMOTORA PARA EL DESARROLLO ECONOMICO DE CHIHUAHUA,20,13,7
8,08,50,SECRETARIA EJECUTIVA DEL SISTEMA ESTATAL ANTICORRUPCION,11,4,7
8,08,51,SERVICIOS DE SALUD DE CHIHUAHUA,8681,3368,5313
8,08,52,SERVICIOS EDUCATIVOS DEL ESTADO DE CHIHUAHUA,32581,10479,22102
8,08,53,SUBSISTEMA DE PREPARATORIA ABIERTA Y TELEBACHILLERATO DEL ESTADO DE CHIHUAHUA,725,334,391
8,08,54,UNIVERSIDAD AUTONOMA DE CHIHUAHUA,3816,2054,1762
8,08,55,UNIVERSIDAD AUTONOMA DE CIUDAD JUAREZ,2660,1471,1189
8,08,56,UNIVERSIDAD PEDAGOGICA NACIONAL DEL ESTADO DE CHIHUAHUA,440,176,264
8,08,57,UNIVERSIDAD POLITECNICA DE CHIHUAHUA,99,43,56
8,08,58,UNIVERSIDAD TECNOLOGICA DE CAMARGO,122,66,56
8,08,59,UNIVERSIDAD TECNOLOGICA DE CHIHUAHUA,458,248,210
8,08,60,UNIVERSIDAD TECNOLOGICA DE CHIHUAHUA SUR,93,35,58
8,08,61,UNIVERSIDAD TECNOLOGICA DE CIUDAD JUAREZ,697,363,334
8,08,62,UNIVERSIDAD TECNOLOGICA DE LA BABICORA,61,33,28
8,08,63,UNIVERSIDAD TECNOLOGICA DE LA TARAHUMARA,65,31,34
8,08,64,UNIVERSIDAD TECNOLOGICA DE PAQUIME,105,51,54
8,08,65,UNIVERSIDAD TECNOLOGICA DE PARRAL,107,65,42
8,08,66,UNIVERSIDAD TECNOLOGICA PASO DEL NORTE,95,44,51
9,09,1,JEFATURA DE GOBIERNO DE LA CIUDAD DE MEXICO,611,286,325
9,09,2,SECRETARIA DE GOBIERNO,9424,4962,4462
9,09,3,SECRETARIA DE DESARROLLO URBANO Y VIVIENDA,751,350,401
9,09,4,SECRETARIA DE DESARROLLO ECONOMICO,570,299,271
9,09,5,SECRETARIA DE TURISMO,151,69,82
9,09,6,SECRETARIA DEL MEDIO AMBIENTE,3799,2259,1540
9,09,7,SECRETARIA DE OBRAS Y SERVICIOS,5242,3191,2051
9,09,8,SECRETARIA DE INCLUSION Y BIENESTAR SOCIAL,5088,1509,3579
9,09,9,SECRETARIA DE ADMINISTRACION Y FINANZAS,8103,3833,4270
9,09,10,SECRETARIA DE MOVILIDAD,1369,761,608
9,09,11,SECRETARIA DE SEGURIDAD CIUDADANA,44395,31708,12687
9,09,12,SECRETARIA DE LA CONTRALORIA GENERAL,749,343,406
9,09,13,CONSEJERIA JURIDICA Y DE SERVICIOS LEGALES,4820,2221,2599
9,09,14,SECRETARIA DE SALUD,25574,10240,15334
9,09,15,SECRETARIA DE CULTURA,1421,804,617
9,09,16,SECRETARIA DE TRABAJO Y FOMENTO AL EMPLEO,599,244,355
9,09,17,SECRETARIA DE GESTION INTEGRAL DE RIESGOS Y PROTECCION CIVIL,347,194,153
9,09,18,SECRETARIA DE PUEBLOS Y BARRIOS ORIGINARIOS Y COMUNIDADES INDIGENAS RESIDENTES,165,72,93
9,09,19,SECRETARIA DE EDUCACION CIENCIA TECNOLOGIA E INNOVACION,1001,522,479
9,09,20,SECRETARIA DE LAS MUJERES,721,86,635
9,09,21,CENTRO DE COMANDO CONTROL COMPUTO COMUNICACIONES Y CONTACTO CIUDADANO DE LA CIUDAD DE MEXICO,506,228,278
9,09,22,AGENCIA DIGITAL DE INNOVACION PUBLICA DE LA CIUDAD DE MEXICO,776,372,404
9,09,23,COMISION DE BUSQUEDA DE PERSONAS DE LA CIUDAD DE MEXICO,10,3,7
9,09,24,INSTANCIA EJECUTORA DEL SISTEMA INTEGRAL DE DERECHOS HUMANOS DE LA CIUDAD DE MEXICO,22,11,11
9,09,25,SISTEMA DE AGUAS DE LA CIUDAD DE MEXICO,12105,9548,2557
9,09,26,AGENCIA DE ATENCION ANIMAL DE LA CIUDAD DE MEXICO,81,31,50
9,09,27,PLANTA PRODUCTORA DE MEZCLAS ASFALTICAS,303,238,65
9,09,28,ORGANO REGULADOR DE TRANSPORTE,289,190,99
9,09,29,UNIVERSIDAD DE LA POLICIA DE LA CIUDAD DE MEXICO,386,225,161
9,09,30,AGENCIA DE PROTECCION SANITARIA DEL GOBIERNO DE LA CIUDAD DE MEXICO,110,62,48
9,09,31,UNIVERSIDAD DE LA SALUD,123,60,63
9,09,32,INSTITUTO DE ESTUDIOS SUPERIORES DE LA CIUDAD DE MEXICO ROSARIO CASTELLANOS,1099,503,596
9,09,33,SISTEMA PUBLICO DE RADIODIFUSION DE LA CIUDAD DE MEXICO,61,38,23
9,09,34,AUTORIDAD DEL CENTRO HISTORICO,63,37,26
9,09,35,COMISION EJECUTIVA DE ATENCION A VICTIMAS DE LA CIUDAD DE MEXICO,33,15,18
9,09,36,MECANISMO DE PROTECCION INTEGRAL DE PERSONAS DEFENSORAS DE DERECHOS HUMANOS Y PERIODISTAS DE LA CIUDAD DE MEXICO,17,4,13
9,09,37,INSTITUTO DE VIVIENDA DE LA CIUDAD DE MEXICO,NSS,NSS,NSS
9,09,38,PROCURADURIA AMBIENTAL Y DEL ORDENAMIENTO TERRITORIAL DE LA CIUDAD DE MEXICO,19,8,11
9,09,39,INSTITUTO LOCAL DE LA INFRAESTRUCTURA FISICA EDUCATIVA DE LA CIUDAD DE MEXICO,NSS,NSS,NSS
9,09,40,INSTITUTO PARA LA SEGURIDAD DE LAS CONSTRUCCIONES EN EL DISTRITO FEDERAL,NSS,NSS,NSS
9,09,41,SISTEMA PARA EL DESARROLLO INTEGRAL DE LA FAMILIA DE LA CIUDAD DE MEXICO,NSS,NSS,NSS
9,09,42,CONSEJO PARA PREVENIR Y ELIMINAR LA DISCRIMINACION DE LA CIUDAD DE MEXICO,4,2,2
9,09,43,INSTITUTO DE LAS PERSONAS CON DISCAPACIDAD DE LA CIUDAD DE MEXICO,8,5,3
9,09,44,INSTITUTO DE LA JUVENTUD DE LA CIUDAD DE MEXICO,58,26,32
9,09,45,PROCURADURIA SOCIAL DEL DISTRITO FEDERAL,211,94,117
9,09,46,CAJA DE PREVISION PARA TRABAJADORES A LISTA DE RAYA DEL GOBIERNO DE LA CIUDAD DE MEXICO,55,31,24
9,09,47,CAJA DE PREVISION DE LA POLICIA AUXILIAR DE LA CIUDAD DE MEXICO,149,80,69
9,09,48,CAJA DE PREVISION DE LA POLICIA PREVENTIVA DE LA CIUDAD DE MEXICO,39,18,21
9,09,49,CORPORACION MEXICANA DE IMPRESION SA DE CV,NSS,NSS,NSS
9,09,50,SERVICIOS METROPOLITANOS SA DE CV,NSS,NSS,NSS
9,09,51,METROBUS,NSS,NSS,NSS
9,09,52,SISTEMA DE TRANSPORTE COLECTIVO,NSS,NSS,NSS
9,09,53,RED DE TRANSPORTE DE PASAJEROS DE LA CIUDAD DE MEXICO,NSS,NSS,NSS
9,09,54,SERVICIO DE TRANSPORTES ELECTRICOS DE LA CIUDAD DE MEXICO,NSS,NSS,NSS
9,09,55,ESCUELA DE ADMINISTRACION PUBLICA DE LA CIUDAD DE MEXICO,20,10,10
9,09,56,INSTITUTO DE VERIFICACION ADMINISTRATIVA DE LA CIUDAD DE MEXICO,2,1,1
9,09,57,INSTITUTO PARA LA ATENCION Y PREVENCION DE LAS ADICCIONES EN LA CIUDAD DE MEXICO,71,38,33
9,09,58,SERVICIOS DE SALUD PUBLICA DEL DISTRITO FEDERAL,NSS,NSS,NSS
9,09,59,INSTITUTO DE CAPACITACION PARA EL TRABAJO DE LA CIUDAD DE MEXICO,NSS,NSS,NSS
9,09,60,HEROICO CUERPO DE BOMBEROS DE LA CIUDAD DE MEXICO,2254,1799,455
9,09,61,INSTITUTO DEL DEPORTE DE LA CIUDAD DE MEXICO,225,108,117
9,09,62,INSTITUTO DE EDUCACION MEDIA SUPERIOR DEL DISTRITO FEDERAL,70,45,25
9,09,63,INSTITUTO DE PLANEACION DEMOCRATICA Y PROSPECTIVA,NSS,NSS,NSS
9,09,64,FIDEICOMISO CENTRO HISTORICO DE LA CIUDAD DE MEXICO,NSS,NSS,NSS
9,09,65,FIDEICOMISO DE RECUPERACION CREDITICIA DE LA CIUDAD DE MEXICO,NSS,NSS,NSS
9,09,66,FIDEICOMISO PARA LA RECONSTRUCCION INTEGRAL DE LA CIUDAD DE MEXICO,5,3,2
9,09,67,FIDEICOMISO MUSEO DE ARTE POPULAR MEXICANO,63,41,22
9,09,68,FIDEICOMISO MUSEO DEL ESTANQUILLO,11,7,4
9,09,69,FIDEICOMISO PARA LA PROMOCION Y DESARROLLO DEL CINE MEXICANO EN LA CIUDAD DE MEXICO,4,2,2
9,09,70,FIDEICOMISO EDUCACION GARANTIZADA DE LA CIUDAD DE MEXICO,137,57,80
9,09,71,FONDO PARA EL DESARROLLO ECONOMICO Y SOCIAL DE LA CIUDAD DE MEXICO,NSS,NSS,NSS
9,09,72,FONDO DE DESARROLLO ECONOMICO DEL DISTRITO FEDERAL,8,4,4
9,09,73,FONDO PARA EL DESARROLLO SOCIAL DE LA CIUDAD DE MEXICO,NSS,NSS,NSS
9,09,74,FONDO MIXTO DE PROMOCION TURISTICA DE LA CIUDAD DE MEXICO,NSS,NSS,NSS
10,10,1,DESPACHO DEL EJECUTIVO,324,193,131
10,10,2,SECRETARIA GENERAL DE GOBIERNO,733,353,380
10,10,3,SECRETARIA DE FINANZAS Y DE ADMINISTRACION,1461,637,824
10,10,4,SECRETARIA DE COMUNICACIONES Y OBRAS PUBLICAS,469,331,138
10,10,5,SECRETARIA DE DESARROLLO ECONOMICO,80,34,46
10,10,6,SECRETARIA DE AGRICULTURA GANADERIA Y DESARROLLO RURAL,207,139,68
10,10,7,SECRETARIA DE EDUCACION,33480,13686,19794
10,10,8,SECRETARIA DE CONTRALORIA,217,80,137
10,10,9,SECRETARIA DE RECURSOS NATURALES Y MEDIO AMBIENTE,189,108,81
10,10,10,SECRETARIA DE SEGURIDAD PUBLICA,2243,1524,719
10,10,11,SECRETARIA DE BIENESTAR SOCIAL,161,70,91
10,10,12,FISCALIA GENERAL DEL ESTADO,1490,864,626
10,10,13,SECRETARIA DE TURISMO,139,83,56
10,10,14,SECRETARIA DEL TRABAJO Y PREVISION SOCIAL,193,75,118
10,10,15,SECRETARIADO EJECUTIVO DEL CONSEJO ESTATAL DE SEGURIDAD PUBLICA,33,17,16
10,10,16,INSTITUTO DE ATENCION Y PROTECCION A MIGRANTES Y SUS FAMILIAS,13,5,8
10,10,17,COMISION ESTATAL DE ATENCION INTEGRAL A VICTIMAS,73,28,45
10,10,18,DIRECCION DE TRANSPORTE AEREO DEL GOBIERNO DEL ESTADO,19,18,1
10,10,19,COMISION DE AGUAS DEL ESTADO,133,82,51
10,10,20,INSTITUTO PARA LA INFRAESTRUCTURA FISICA EDUCATIVA DEL ESTADO DE DURANGO,98,60,38
10,10,21,CENTRO CULTURAL Y DE CONVENCIONES DEL ESTADO DE DURANGO,25,18,7
10,10,22,SERVICIOS DE SALUD DEL ESTADO,8217,3363,4854
10,10,23,SISTEMA ESTATAL PARA EL DESARROLLO INTEGRAL DE LA FAMILIA,1310,456,854
10,10,24,COLEGIO DE BACHILLERES DEL ESTADO DE DURANGO,1648,910,738
10,10,25,CONSEJO DE CIENCIA Y TECNOLOGIA DEL ESTADO DE DURANGO,17,6,11
10,10,26,COLEGIO DE EDUCACION PROFESIONAL TECNICA DEL ESTADO DE DURANGO,247,152,95
10,10,27,COLEGIO DE ESTUDIOS CIENTIFICOS Y TECNOLOGICOS DEL ESTADO DE DURANGO,1016,591,425
10,10,28,INSTITUTO DURANGUENSE DE EDUCACION PARA ADULTOS,272,140,132
10,10,29,INSTITUTO TECNOLOGICO SUPERIOR DE LERDO,253,154,99
10,10,30,INSTITUTO TECNOLOGICO SUPERIOR DE LA REGION DE LOS LLANOS,107,61,46
10,10,31,INSTITUTO TECNOLOGICO SUPERIOR DE SANTIAGO PAPASQUIARO,150,84,66
10,10,32,INSTITUTO DE CULTURA DEL ESTADO DE DURANGO,432,250,182
10,10,33,SISTEMA ESTATAL DE TELESECUNDARIAS,1736,1144,592
10,10,34,UNIVERSIDAD PEDAGOGICA DE DURANGO,130,72,58
10,10,35,UNIVERSIDAD POLITECNICA DE DURANGO,175,101,74
10,10,36,UNIVERSIDAD POLITECNICA DE GOMEZ PALACIO,166,92,74
10,10,37,BENEMERITA Y CENTENARIA ESCUELA NORMAL DEL ESTADO DE DURANGO,240,100,140
10,10,38,INSTITUTO TECNOLOGICO SUPERIOR DE SANTA MARIA DEL ORO,62,34,28
10,10,39,UNIVERSIDAD TECNOLOGICA DE DURANGO,224,114,110
10,10,40,UNIVERSIDAD TECNOLOGICA DE LA LAGUNA,81,44,37
10,10,41,UNIVERSIDAD TECNOLOGICA DE EL MEZQUITAL,22,16,6
10,10,42,BEBELECHE MUSEO INTERACTIVO DE DURANGO,0,0,0
10,10,43,UNIVERSIDAD TECNOLOGICA DE POANAS,73,33,40
10,10,44,UNIVERSIDAD POLITECNICA DE CUENCAME,58,35,23
10,10,45,UNIVERSIDAD TECNOLOGICA DE RODEO,49,22,27
10,10,46,UNIVERSIDAD TECNOLOGICA DE TAMAZULA,24,13,11
10,10,47,SECRETARIA EJECUTIVA DEL SISTEMA LOCAL ANTICORRUPCION,16,9,7
10,10,48,FISCALIA ESPECIALIZADA EN COMBATE A LA CORRUPCION DEL ESTADO DE DURANGO,43,26,17
10,10,49,PROCURADURIA DE PROTECCION AL AMBIENTE DEL ESTADO DE DURANGO,0,0,0
10,10,50,INSTITUTO DURANGUENSE DE LA JUVENTUD,29,16,13
10,10,51,INSTITUTO ESTATAL DE LAS MUJERES,37,10,27
10,10,52,COMISION ESTATAL DE SUELO Y VIVIENDA,214,124,90
10,10,53,FERIAS ESPECTACULOS Y PASEOS TURISTICOS DE DURANGO,0,0,0
10,10,54,CENTROS DE CONCILIACION LABORAL DEL ESTADO DE DURANGO,38,13,25
10,10,55,DIRECCION DE PENSIONES DEL ESTADO DE DURANGO,152,76,76
11,11,1,OFICINA DEL GOBERNADOR,1,0,1
11,11,2,COORDINACION GENERAL DE COMUNICACION SOCIAL,99,70,29
11,11,3,OFICINA DEL SECRETARIO PARTICULAR,126,66,60
11,11,4,INSTITUTO DE PLANEACION ESTADISTICA Y GEOGRAFIA DEL ESTADO DE GUANAJUATO,34,25,9
11,11,5,JEFATURA DE GABINETE DEL PODER EJECUTIVO,42,31,11
11,11,6,UNIDAD DE TRANSPARENCIA Y ARCHIVOS DEL PODER EJECUTIVO,53,19,34
11,11,7,OFICINA DE REPRESENTACION DEL GOBIERNO DEL ESTADO DE GUANAJUATO EN LA CIUDAD DE MEXICO,16,8,8
11,11,8,COORDINACION GENERAL JURIDICA,34,19,15
11,11,9,SECRETARIA DE GOBIERNO,2207,940,1267
11,11,10,SECRETARIA DE DESARROLLO SOCIAL Y HUMANO,917,485,432
11,11,11,SECRETARIA DE FINANZAS INVERSION Y ADMINISTRACION,726,371,355
11,11,12,SECRETARIA DE SEGURIDAD PUBLICA,7076,4821,2255
11,11,13,SECRETARIA DE DESARROLLO AGROALIMENTARIO Y RURAL,164,101,63
11,11,14,SECRETARIA DE DESARROLLO ECONOMICO SUSTENTABLE,281,137,144
11,11,15,SECRETARIA DE EDUCACION,60180,18868,41312
11,11,16,SECRETARIA DE INFRAESTRUCTURA CONECTIVIDAD Y MOVILIDAD,594,356,238
11,11,17,SECRETARIA DE TURISMO,104,43,61
11,11,18,SECRETARIA DE LA TRANSPARENCIA Y RENDICION DE CUENTAS,278,141,137
11,11,19,SECRETARIA DE MEDIO AMBIENTE Y ORDENAMIENTO TERRITORIAL,195,114,81
11,11,20,SECRETARIA DEL MIGRANTE Y ENLACE INTERNACIONAL,37,19,18
11,11,21,SERVICIO DE ADMINISTRACION TRIBUTARIA DEL ESTADO DE GUANAJUATO,1111,467,644
11,11,22,SECRETARIADO EJECUTIVO DEL SISTEMA ESTATAL DE SEGURIDAD PUBLICA,68,38,30
11,11,23,COORDINACION GENERAL DE INFORMACION ESTRATEGICA,46,26,20
11,11,24,UNIDAD DE ANALISIS Y ESTRATEGIA DE SEGURIDAD CIUDADANA,1,0,1
11,11,25,SECRETARIA EJECUTIVA DEL SISTEMA DE PROTECCION DE LOS DERECHOS DE NIÑAS NIÑOS Y ADOLESCENTES,10,1,9
11,11,26,COMISION ESTATAL DE BUSQUEDA DE PERSONAS,24,11,13
11,11,27,COMISION ESTATAL DEL AGUA DE GUANAJUATO,168,115,53
11,11,28,COORDINADORA DE FOMENTO AL COMERCIO EXTERIOR,56,31,25
11,11,29,INSTITUTO ESTATAL DE LA CULTURA,368,241,127
11,11,30,UNIVERSIDAD TECNOLOGICA DE LEON,862,469,393
11,11,31,INSTITUTO TECNOLOGICO SUPERIOR DE IRAPUATO,425,256,169
11,11,32,SISTEMA AVANZADO DE BACHILLERATO Y EDUCACION SUPERIOR EN EL ESTADO DE GUANAJUATO,1944,1006,938
11,11,33,INSTITUTO DE SALUD PUBLICA DEL ESTADO DE GUANAJUATO,23791,7981,15810
11,11,34,INSTITUTO TECNOLOGICO SUPERIOR DEL SUR DE GUANAJUATO,125,79,46
11,11,35,COMISION ESTATAL DE CONCILIACION Y ARBITRAJE MEDICO,15,8,7
11,11,36,UNIVERSIDAD TECNOLOGICA DEL SUROESTE DE GUANAJUATO,284,137,147
11,11,37,INSTITUTO PARA EL DESARROLLO Y ATENCION A LAS JUVENTUDES DEL ESTADO DE GUANAJUATO,82,36,46
11,11,38,PROCURADURIA AMBIENTAL Y DE ORDENAMIENTO TERRITORIAL DEL ESTADO DE GUANAJUATO,93,52,41
11,11,39,COLEGIO DE EDUCACION PROFESIONAL TECNICA DEL ESTADO DE GUANAJUATO,1385,674,711
11,11,40,INSTITUTO DE LA MUJER GUANAJUATENSE,59,18,41
11,11,41,INSTITUTO DE SEGURIDAD SOCIAL DEL ESTADO DE GUANAJUATO,1920,778,1142
11,11,42,ESCUELA PREPARATORIA REGIONAL DEL RINCON,80,33,47
11,11,43,INSTITUTO DE ALFABETIZACION Y EDUCACION BASICA PARA ADULTOS,742,297,445
11,11,44,UNIVERSIDAD POLITECNICA DE GUANAJUATO,330,189,141
11,11,45,FORUM CULTURAL GUANAJUATO,45,27,18
11,11,46,INSTITUTO ESTATAL DE CAPACITACION,473,243,230
11,11,47,UNIVERSIDAD VIRTUAL DEL ESTADO DE GUANAJUATO,2037,897,1140
11,11,48,CENTRO DE EVALUACION Y CONTROL DE CONFIANZA DEL ESTADO DE GUANAJUATO,151,58,93
11,11,49,INSTITUTO TECNOLOGICO SUPERIOR DE GUANAJUATO,87,38,49
11,11,50,INSTITUTO TECNOLOGICO SUPERIOR DE SALVATIERRA,124,75,49
11,11,51,UNIVERSIDAD POLITECNICA DE PENJAMO,153,84,69
11,11,52,UNIVERSIDAD POLITECNICA DE JUVENTINO ROSAS,145,85,60
11,11,53,UNIVERSIDAD POLITECNICA DEL BICENTENARIO,152,89,63
11,11,54,UNIVERSIDAD TECNOLOGICA DE SAN MIGUEL DE ALLENDE,164,84,80
11,11,55,GUANAJUATO PUERTO INTERIOR,1,1,0
11,11,56,UNIVERSIDAD TECNOLOGICA DE SALAMANCA,208,112,96
11,11,57,PARQUE AGRO TECNOLOGICO XONOTLI SA DE CV,10,8,2
11,11,58,INSTITUTO GUANAJUATENSE PARA PERSONAS CON DISCAPACIDAD,130,59,71
11,11,59,INSTITUTO TECNOLOGICO SUPERIOR DE ABASOLO,85,44,41
11,11,60,INSTITUTO TECNOLOGICO SUPERIOR DE PURISIMA DEL RINCON,144,80,64
11,11,61,UNIVERSIDAD TECNOLOGICA LAJA BAJIO,59,28,31
11,11,62,SECRETARIA EJECUTIVA DEL SISTEMA ESTATAL ANTICORRUPCION,17,10,7
11,11,63,INSTITUTO DE FORMACION EN SEGURIDAD PUBLICA DEL ESTADO,96,60,36
11,11,64,PROCURADURIA DE PROTECCION DE NIÑAS NIÑOS Y ADOLESCENTES,128,44,84
11,11,65,INSTITUTO DE INNOVACION CIENCIA Y EMPRENDIMIENTO PARA LA COMPETITIVIDAD,53,25,28
11,11,66,COMISION ESTATAL DE ATENCION INTEGRAL A VICTIMAS,22,16,6
11,11,67,CENTRO DE CONCILIACION LABORAL DEL ESTADO DE GUANAJUATO,128,62,66
11,11,68,COMISION DE DEPORTE DEL ESTADO DE GUANAJUATO,116,60,56
11,11,69,UNIDAD DE TELEVISION DE GUANAJUATO,189,119,70
11,11,70,SISTEMA ESTATAL PARA EL DESARROLLO INTEGRAL DE LA FAMILIA,502,267,235
11,11,71,COLEGIO DE ESTUDIOS CIENTIFICOS Y TECNOLOGICOS DEL ESTADO DE GUANAJUATO,3099,1436,1663
11,11,72,UNIVERSIDAD TECNOLOGICA DEL NORTE DEL ESTADO DE GUANAJUATO,292,139,153
11,11,73,MUSEO ICONOGRAFICO DEL QUIJOTE,28,12,16
11,11,74,CONSEJO GUANAJUATENSE PARA LA PREVENSION Y CONTROL DEL VIH-SIDA,1,0,1
11,11,75,FONDOS GUANAJUATO,105,60,45
11,11,76,CENTRO DE LAS ARTES,20,12,8
11,11,77,MUSEO DE ARTE E HISTORIA DE GUANAJUATO,67,42,25
11,11,78,TEATRO BICENTENARIO,33,24,9
11,11,79,PARQUE GUANAJUATO BICENTENARIO,43,20,23
12,12,1,JEFE DE LA OFICINA DEL GOBERNADOR,595,360,235
12,12,2,SECRETARIA GENERAL DE GOBIERNO,727,335,392
12,12,3,SECRETARIA DE FINANZAS Y ADMINISTRACION,13722,5810,7912
12,12,4,SECRETARIA DE EDUCACION GUERRERO,59066,23689,35377
12,12,5,SECRETARIA DE CULTURA,225,118,107
12,12,6,SECRETARIA DE SALUD,20458,7797,12661
12,12,7,SECRETARIA DE DESARROLLO URBANO OBRAS PUBLICAS Y ORDENAMIENTO TERRITORIAL,162,93,69
12,12,8,SECRETARIA DE DESARROLLO Y BIENESTAR SOCIAL,203,86,117
12,12,9,SECRETARIA DE AGRICULTURA GANADERIA PESCA Y DESARROLLO RURAL,166,88,78
12,12,10,SECRETARIA DE FOMENTO Y DESARROLLO ECONOMICO,63,36,27
12,12,11,SECRETARIA DEL TRABAJO Y PREVISION SOCIAL,481,189,292
12,12,12,SECRETARIA DE TURISMO,166,66,100
12,12,13,SECRETARIA DE MEDIO AMBIENTE Y RECURSOS NATURALES,203,109,94
12,12,14,SECRETARIA DE SEGURIDAD PUBLICA,4521,3431,1090
12,12,15,SECRETARIA DE PROTECCION CIVIL,508,422,86
12,12,16,SECRETARIA DE CONTRALORIA Y TRANSPARENCIA GUBERNAMENTAL,308,159,149
12,12,17,SECRETARIA DE LA MUJER,274,78,196
12,12,18,SECRETARIA DE PLANEACION Y DESARROLLO REGIONAL,252,140,112
12,12,19,CONSEJERIA JURIDICA DEL PODER EJECUTIVO DEL ESTADO,50,25,25
12,12,20,SECRETARIA DE ASUNTOS INDIGENAS Y AFROMEXICANOS,93,53,40
12,12,21,SECRETARIA DE LA JUVENTUD Y LA NIÑEZ,70,36,34
12,12,22,SECRETARIA DE LOS MIGRANTES Y ASUNTOS INTERNACIONALES,25,15,10
12,12,23,CONSEJO DE POLITICAS PUBLICAS,2,2,0
12,12,24,REPRESENTACION DEL PODER EJECUTIVO DEL ESTADO DE GUERRERO EN LA CIUDAD DE MEXICO,34,17,17
12,12,25,PROCURADURIA DE PROTECCION AMBIENTAL,33,18,15
12,12,26,TRIBUNAL DE CONCILIACION Y ARBITRAJE,73,28,45
12,12,27,INSTITUTO ESTATAL PARA LA EDUCACION DE JOVENES Y ADULTOS DE GUERRERO,303,158,145
12,12,28,COLEGIO DE BACHILLERES DEL ESTADO DE GUERRERO,2824,1506,1318
12,12,29,COLEGIO DE EDUCACION PROFESIONAL TECNICA DEL ESTADO DE GUERRERO,665,387,278
12,12,30,COLEGIO DE ESTUDIOS CIENTIFICOS Y TECNOLOGICOS DEL ESTADO DE GUERRERO,280,145,135
12,12,31,ESCUELA DE PARTERAS PROFESIONALES DEL ESTADO DE GUERRERO OPD,22,9,13
12,12,32,INSTITUTO DE CAPACITACION PARA EL TRABAJO DEL ESTADO DE GUERRERO,201,97,104
12,12,33,INSTITUTO DE BACHILLERATO DEL ESTADO DE GUERRERO,41,27,14
12,12,34,INSTITUTO DE BACHILLERATO INTERCULTURAL DEL ESTADO DE GUERRERO,67,28,39
12,12,35,INSTITUTO TECNOLOGICO SUPERIOR DE LA COSTA CHICA,140,84,56
12,12,36,INSTITUTO TECNOLOGICO SUPERIOR DE LA MONTAÑA,165,93,72
12,12,37,UNIVERSIDAD INTERCULTURAL DEL ESTADO DE GUERRERO,50,32,18
12,12,38,UNIVERSIDAD POLITECNICA DEL ESTADO DE GUERRERO,94,48,46
12,12,39,UNIVERSIDAD TECNOLOGICA DE ACAPULCO,102,58,44
12,12,40,UNIVERSIDAD TECNOLOGICA DE LA COSTA GRANDE DE GUERRERO,249,147,102
12,12,41,UNIVERSIDAD TECNOLOGICA DE LA REGION NORTE DE GUERRERO,217,126,91
12,12,42,UNIVERSIDAD TECNOLOGICA DEL MAR DEL ESTADO DE GUERRERO,53,33,20
12,12,43,UNIVERSIDAD TECNOLOGICA DE TIERRA CALIENTE,48,30,18
12,12,44,CONSEJO DE CIENCIA TECNOLOGIA E INNOVACION DEL ESTADO DE GUERRERO,20,11,9
12,12,45,INSTITUTO DE RADIO Y TELEVISION DE GUERRERO,136,91,45
12,12,46,LA AVISPA MUSEO INTERACTIVO,37,22,15
12,12,47,ORQUESTA FILARMONICA DE ACAPULCO,114,75,39
12,12,48,INSTITUTO DEL DEPORTE DE GUERRERO,101,64,37
12,12,49,HOSPITAL DE LA MADRE Y EL NIÑO GUERRERENSE,507,139,368
12,12,50,HOSPITAL DE LA MADRE Y EL NIÑO INDIGENA GUERRERENSE,306,109,197
12,12,51,INSTITUTO ESTATAL DE CANCEROLOGIA DR ARTURO BELTRAN ORTEGA,197,81,116
12,12,52,INSTITUTO ESTATAL DE OFTALMOLOGIA,67,20,47
12,12,53,INSTITUTO DE SEGURIDAD SOCIAL DE LOS SERVIDORES PUBLICOS DEL ESTADO DE GUERRERO,336,189,147
12,12,54,INSTITUTO GUERRERENSE DE LA INFRAESTRUCTURA FISICA EDUCATIVA,111,72,39
12,12,55,ACABUS,45,28,17
12,12,56,COMISION DE INFRAESTRUCTURA CARRETERA Y AEROPORTUARIA DEL ESTADO DE GUERRERO,301,204,97
12,12,57,INSTITUTO GUERRERENSE PARA LA ATENCION INTEGRAL DE LAS PERSONAS ADULTAS MAYORES,35,17,18
12,12,58,PARQUE PAPAGAYO,174,128,46
12,12,59,SISTEMA PARA EL DESARROLLO INTEGRAL DE LA FAMILIA,751,285,466
12,12,60,CONSEJO ESTATAL DEL COCOTERO,21,14,7
12,12,61,AGROINDUSTRIAS DEL SUR,59,52,7
12,12,62,CONSEJO ESTATAL DEL CAFE,28,18,10
12,12,63,FIDEICOMISO GUERRERO INDUSTRIAL,11,5,6
12,12,64,FIDEICOMISO PARA EL DESARROLLO ECONOMICO Y SOCIAL DE ACAPULCO,71,46,25
12,12,65,FONDO DE APOYO A LA MICRO PEQUEÑA Y MEDIANA EMPRESA DEL ESTADO DE GUERRERO,13,6,7
12,12,66,INSTITUTO GUERRERENSE DEL EMPRENDEDOR OPD,20,18,2
12,12,67,FIDEICOMISO CENTRO INTERNACIONAL ACAPULCO,NSS,NSS,NSS
12,12,68,FIDEICOMISO PARA LA PROMOCION TURISTICA DE ACAPULCO,8,5,3
12,12,69,PROMOTORA TURISTICA DE GUERRERO,52,35,17
12,12,70,PROMOTORA ADMINISTRADORA DE LOS SERVICIOS DE PLAYA DE ZONA FEDERAL MARITIMO TERRESTRE DE ZIHUATANEJO,NSS,NSS,NSS
12,12,71,FIDEICOMISO BAHIA DE ZIHUATANEJO,83,60,23
12,12,72,INSTITUTO DE VIVIENDA Y SUELO URBANO DE GUERRERO,88,39,49
12,12,73,COMISION DE AGUA POTABLE ALCANTARILLADO Y SANEAMIENTO DEL ESTADO DE GUERRERO,204,113,91
12,12,74,INSTITUTO DE LA POLICIA AUXILIAR DEL ESTADO DE GUERRERO,1458,1308,150
12,12,75,FIDEICOMISO DE ADMINISTRACION E INVERSION DEL IMPUESTO SOBRE LA PRESTACION DE SERVICIOS DE HOSPEDAJE DE TAXCO,0,0,0
12,12,76,FIDEICOMISO PARA LA ADMINISTRACION DEL IMPUESTO SOBRE LA PRESTACION DEL SERVICIO DE HOSPEDAJE DE IXTAPA ZIHUATANEJO,0,0,0
12,12,77,PROMOTORA Y ADMINISTRADORA DE LOS SERVICIOS DE PLAYA DE ZONA FEDERAL MARITIMO TERRESTRE DE ACAPULCO,315,244,71
12,12,78,SECRETARIA EJECUTIVA DEL SISTEMA ESTATAL ANTICORRUPCION DE GUERRERO,12,6,6
12,12,79,COMISION EJECUTIVA ESTATAL DE ATENCION A VICTIMAS,58,30,28
13,13,1,OFICIALIA MAYOR,710,315,395
13,13,2,OFICINA DEL GOBERNADOR,39,22,17
13,13,3,PROCURADURIA GENERAL DE JUSTICIA,2209,1170,1039
13,13,4,SECRETARIA DE CONTRALORIA,366,188,178
13,13,5,SECRETARIA DE CULTURA,223,116,107
13,13,6,SECRETARIA DE DESARROLLO AGROPECUARIO,441,268,173
13,13,7,SECRETARIA DE DESARROLLO ECONOMICO,151,68,83
13,13,8,SECRETARIA DE DESARROLLO SOCIAL,200,90,110
13,13,9,SECRETARIA DE EDUCACION PUBLICA,149,60,89
13,13,10,SECRETARIA DE FINANZAS PUBLICAS,1243,536,707
13,13,11,SECRETARIA DE GOBIERNO,1212,592,620
13,13,12,SECRETARIA DE OBRAS PUBLICAS Y ORDENAMIENTO TERRITORIAL,937,676,261
13,13,13,SECRETARIA DE SALUD,32,19,13
13,13,14,SECRETARIA DE SEGURIDAD PUBLICA,3264,2316,948
13,13,15,SECRETARIA DE TURISMO,135,72,63
13,13,16,SECRETARIA DEL MEDIO AMBIENTE Y RECURSOS NATURALES,446,281,165
13,13,17,SECRETARIA DE MOVILIDAD Y TRANSPORTE,22,8,14
13,13,18,SECRETARIA DEL TRABAJO Y PREVISION SOCIAL,246,109,137
13,13,19,SECRETARIA EJECUTIVA DE LA POLITICA PUBLICA ESTATAL,188,107,81
13,13,20,UNIDAD DE PLANEACION Y PROSPECTIVA,265,119,146
13,13,21,AGENCIA DE DESARROLLO VALLE DE PLATA,5,1,4
13,13,22,AGENCIA ESTATAL DE ENERGIA DE HIDALGO,14,6,8
13,13,23,BACHILLERATO DEL ESTADO DE HIDALGO,499,241,258
13,13,24,CENTRO DE CONCILIACION LABORAL DEL ESTADO DE HIDALGO,68,30,38
13,13,25,CENTRO DE JUSTICIA PARA MUJERES DEL ESTADO DE HIDALGO,92,27,65
13,13,26,CENTRO ESTATAL DE MAQUINARIA PARA EL DESARROLLO,37,27,10
13,13,27,CIUDAD DE LAS MUJERES,88,1,87
13,13,28,COLEGIO DE BACHILLERES DEL ESTADO DE HIDALGO,3024,1579,1445
13,13,29,COLEGIO DE EDUCACION PROFESIONAL TECNICA DEL ESTADO DE HIDALGO,373,185,188
13,13,30,COLEGIO DE ESTUDIOS CIENTIFICOS Y TECNOLOGICOS DEL ESTADO DE HIDALGO,2653,1271,1382
13,13,31,COMISION DE AGUA Y ALCANTARILLADO DE SISTEMAS INTERMUNICIPALES,1102,814,288
13,13,32,COMISION DE AGUA Y ALCANTARILLADO DEL SISTEMA VALLE DEL MEZQUITAL,52,40,12
13,13,33,COMISION ESTATAL DE VIVIENDA,81,38,43
13,13,34,COMISION ESTATAL DEL AGUA Y ALCANTARILLADO,112,65,47
13,13,35,COMISION ESTATAL DE BIODIVERSIDAD DE HIDALGO,13,4,9
13,13,36,COMISION ESTATAL PARA EL DESARROLLO SOSTENIBLE DE LOS PUEBLOS INDIGENAS CEDSPI,64,41,23
13,13,37,CONSEJO DE CIENCIA TECNOLOGIA E INNOVACION DE HIDALGO CITNOVA,33,19,14
13,13,38,CONSEJO EJECUTIVO DEL COMPLEJO CIENTIFICO Y TECNOLOGICO SINCROTRON EN EL ESTADO DE HIDALGO,1,1,0
13,13,39,CONSEJO ESTATAL PARA LA CULTURA Y LAS ARTES DE HIDALGO,194,116,78
13,13,40,CONSEJO RECTOR PACHUCA CIUDAD DEL CONOCIMIENTO Y LA CULTURA,18,10,8
13,13,41,CORPORACION DE FOMENTO DE INFRAESTRUCTURA INDUSTRIAL,39,23,16
13,13,42,CORPORACION INTERNACIONAL HIDALGO,18,9,9
13,13,43,EL COLEGIO DEL ESTADO DE HIDALGO,23,13,10
13,13,44,ESCUELA DE MUSICA DEL ESTADO DE HIDALGO,79,50,29
13,13,45,INSTITUTO CATASTRAL DEL ESTADO DE HIDALGO,40,27,13
13,13,46,INSTITUTO DE CAPACITACION PARA EL TRABAJO DEL ESTADO DE HIDALGO,276,151,125
13,13,47,INSTITUTO DE VIVIENDA DESARROLLO URBANO Y ASENTAMIENTOS HUMANOS,3,3,0
13,13,48,INSTITUTO HIDALGUENSE DE COMPETITIVIDAD EMPRESARIAL,36,20,16
13,13,49,INSTITUTO HIDALGUENSE DE EDUCACION,43346,15459,27887
13,13,50,INSTITUTO HIDALGUENSE DE EDUCACION PARA ADULTOS,261,108,153
13,13,51,INSTITUTO HIDALGUENSE DE FINANCIAMIENTO A LA EDUCACION SUPERIOR,12,7,5
13,13,52,INSTITUTO HIDALGUENSE DE INFRAESTRUCTURA FISICA EDUCATIVA,132,78,54
13,13,53,INSTITUTO HIDALGUENSE DE LA JUVENTUD,28,12,16
13,13,54,INSTITUTO HIDALGUENSE DE LAS MUJERES,70,21,49
13,13,55,INSTITUTO HIDALGUENSE DEL DEPORTE,199,126,73
13,13,56,INSTITUTO HIDALGUENSE PARA EL DESARROLLO MUNICIPAL,29,8,21
13,13,57,INSTITUTO PARA LA ATENCION DE LAS Y LOS ADULTOS MAYORES DEL ESTADO DE HIDALGO,149,48,101
13,13,58,INSTITUTO TECNOLOGICO SUPERIOR DE HUICHAPAN,202,116,86
13,13,59,INSTITUTO TECNOLOGICO SUPERIOR DEL OCCIDENTE DEL ESTADO DE HIDALGO,248,129,119
13,13,60,INSTITUTO TECNOLOGICO SUPERIOR DEL ORIENTE DEL ESTADO DE HIDALGO,218,107,111
13,13,61,MUSEO INTERACTIVO PARA LA NIÑEZ Y LA JUVENTUD HIDALGUENSE EL REHILETE,148,79,69
13,13,62,OPERADORA DE EVENTOS DEL ESTADO DE HIDALGO,68,40,28
13,13,63,POLICIA INDUSTRIAL BANCARIA DEL ESTADO DE HIDALGO,2308,1749,559
13,13,64,RADIO Y TELEVISION DE HIDALGO,247,145,102
13,13,65,SECRETARIA TECNICA DEL SISTEMA ESTATAL ANTICORRUPCION DE HIDALGO,6,5,1
13,13,66,SERVICIOS DE SALUD DE HIDALGO,16248,5411,10837
13,13,67,SISTEMA DE TRANSPORTE CONVENCIONAL DE HIDALGO,120,65,55
13,13,68,SISTEMA INTEGRADO DE TRANSPORTE MASIVO DE HIDALGO,98,60,38
13,13,69,SISTEMA PARA EL DESARROLLO INTEGRAL DE LA FAMILIA DEL ESTADO DE HIDALGO,2218,664,1554
13,13,70,UNIVERSIDAD DIGITAL DEL ESTADO DE HIDALGO,24,13,11
13,13,71,UNIVERSIDAD INTERCULTURAL DEL ESTADO DE HIDALGO,65,36,29
13,13,72,UNIVERSIDAD POLITECNICA DE FRANCISCO I MADERO,251,128,123
13,13,73,UNIVERSIDAD POLITECNICA DE HUEJUTLA,111,54,57
13,13,74,UNIVERSIDAD POLITECNICA DE LA ENERGIA,72,45,27
13,13,75,UNIVERSIDAD POLITECNICA DE PACHUCA,458,242,216
13,13,76,UNIVERSIDAD POLITECNICA DE TULANCINGO,318,174,144
13,13,77,UNIVERSIDAD POLITECNICA METROPOLITANA DE HIDALGO,292,149,143
13,13,78,UNIVERSIDAD TECNOLOGICA DE LA HUASTECA HIDALGUENSE,265,133,132
13,13,79,UNIVERSIDAD TECNOLOGICA DE LA SIERRA HIDALGUENSE,218,113,105
13,13,80,UNIVERSIDAD TECNOLOGICA DE LA ZONA METROPOLITANA DEL VALLE DE MEXICO,98,59,39
13,13,81,UNIVERSIDAD TECNOLOGICA DE MINERAL DE LA REFORMA,50,19,31
13,13,82,UNIVERSIDAD TECNOLOGICA DEL VALLE DEL MEZQUITAL,285,153,132
13,13,83,UNIVERSIDAD TECNOLOGICA MINERA DE ZIMAPAN,53,27,26
13,13,84,UNIVERSIDAD TECNOLOGICA TULA TEPEJI,526,247,279
13,13,85,UNIVERSIDAD TECNOLOGICA TULANCINGO,259,109,150
14,14,1,CONSEJERIA JURIDICA DEL PODER EJECUTIVO DEL ESTADO,40,17,23
14,14,2,CONSEJO CIUDADANO DE SEGURIDAD,9,5,4
14,14,3,CONTRALORIA DEL ESTADO,396,220,176
14,14,4,COORDINACION GENERAL ESTRATEGICA DE CRECIMIENTO Y DESARROLLO ECONOMICO,NSS,NSS,NSS
14,14,5,COORDINACION GENERAL ESTRATEGICA DE DESARROLLO SOCIAL,17,5,12
14,14,6,COORDINACION GENERAL ESTRATEGICA DE GESTION DEL TERRITORIO,11,4,7
14,14,7,COORDINACION GENERAL ESTRATEGICA DE SEGURIDAD,25,15,10
14,14,8,DESPACHO DEL GOBERNADOR Y UNIDADES AUXILIARES DEL GOBERNADOR,176,116,60
14,14,9,FISCALIA ESPECIALIZADA EN COMBATE A LA CORRUPCION,103,60,43
14,14,10,FISCALIA ESTATAL JALISCO,4313,2328,1985
14,14,11,JEFATURA DE GABINETE,63,32,31
14,14,12,PROCURADURIA SOCIAL,369,177,192
14,14,13,SECRETARIA DE ADMINISTRACION,596,340,256
14,14,14,SECRETARIA DE AGRICULTURA Y DESARROLLO RURAL SADER,245,149,96
14,14,15,SECRETARIA DE CULTURA,716,264,452
14,14,16,SECRETARIA DE DESARROLLO ECONOMICO,139,52,87
14,14,17,SECRETARIA DE EDUCACION,78152,26807,51345
14,14,18,SECRETARIA DE GESTION INTEGRAL DEL AGUA,6,6,0
14,14,19,SECRETARIA DE IGUALDAD SUSTANTIVA ENTRE MUJERES Y HOMBRES SISEMH,263,67,196
14,14,20,SECRETARIA DE INFRAESTRUCTURA Y OBRA PUBLICA SIOP,833,598,235
14,14,21,SECRETARIA DE INNOVACION CIENCIA Y TECNOLOGIA,89,41,48
14,14,22,SECRETARIA DE LA HACIENDA PUBLICA,1601,710,891
14,14,23,SECRETARIA DE MEDIO AMBIENTE Y DESARROLLO TERRITORIAL SEMADET,291,172,119
14,14,24,SECRETARIA DE PLANEACION Y PARTICIPACION CIUDADANA,123,58,65
14,14,25,SECRETARIA DE SALUD,63,31,32
14,14,26,SECRETARIA DE SEGURIDAD,7929,5101,2828
14,14,27,SECRETARIA DE TRABAJO Y PREVISION SOCIAL STPS,NSS,NSS,NSS
14,14,28,SECRETARIA DE TRANSPORTE,980,518,462
14,14,29,SECRETARIA DE TURISMO SECTUR,101,46,55
14,14,30,SECRETARIA DEL SISTEMA DE ASISTENCIA SOCIAL,360,183,177
14,14,31,SECRETARIA GENERAL DE GOBIERNO,1002,471,531
14,14,32,UNIDAD DE ENLACE FEDERAL Y ASUNTOS INTERNACIONALES,21,11,10
14,14,33,AGENCIA DE SANIDAD INOCUIDAD Y CALIDAD AGROALIMENTARIA DE JALISCO ASICA,62,40,22
14,14,34,AGENCIA ESTATAL DE ENTRETENIMIENTO DE JALISCO,161,65,96
14,14,35,AGENCIA PARA EL DESARROLLO DE INDUSTRIAS CREATIVAS Y DIGITALES DEL ESTADO DE JALISCO,17,6,11
14,14,36,BOSQUE LA PRIMAVERA,71,61,10
14,14,37,CENTRO DE COORDINACION COMANDO CONTROL COMUNICACIONES Y COMPUTO DEL ESTADO DE JALISCO C5,246,139,107
14,14,38,COLEGIO DE BACHILLERES DEL ESTADO DE JALISCO COBAEJ,2002,1122,880
14,14,39,COLEGIO DE EDUCACION PROFESIONAL TECNICA DEL ESTADO DE JALISCO CONALEP,1356,673,683
14,14,40,COLEGIO DE ESTUDIOS CIENTIFICOS Y TECNOLOGICOS DEL ESTADO DE JALISCO CECYTEJ,1732,938,794
14,14,41,COMISION DE ARBITRAJE MEDICO DEL ESTADO DE JALISCO CAMEJAL,17,9,8
14,14,42,COMISION ESTATAL DEL AGUA DE JALISCO CEA,497,393,104
14,14,43,COMISION ESTATAL INDIGENA,11,4,7
14,14,44,CONSEJO ESTATAL CONTRA LAS ADICCIONES,164,61,103
14,14,45,CONSEJO ESTATAL DE CIENCIA Y TECNOLOGIA DE JALISCO COECYTJAL,54,33,21
14,14,46,CONSEJO ESTATAL DE SEGURIDAD,264,85,179
14,14,47,CONSEJO ESTATAL PARA EL FOMENTO DEPORTIVO DEL ESTADO DE JALISCO CODE,1093,679,414
14,14,48,CONSEJO ESTATAL PARA LA PREVENCION DE ACCIDENTES CEPAJ,36,23,13
14,14,49,ESCUELA DE CONSERVACION Y RESTAURACION DE OCCIDENTE,55,24,31
14,14,50,FIDEICOMISO MAESTRO CIUDAD CREATIVA DIGITAL,2,0,2
14,14,51,FIDEICOMISO PARA LA ADMINISTRACION DEL PROGRAMA DE DESARROLLO FORESTAL DEL ESTADO DE JALISCO FIPRODEFO,9,6,3
14,14,52,FONDO JALISCO DE FOMENTO EMPRESARIAL FOJAL,77,32,45
14,14,53,HOGAR CABAÑAS,268,69,199
14,14,54,HOSPITAL CIVIL DE GUADALAJARA,7636,2941,4695
14,14,55,INDUSTRIA JALISCIENSE DE REHABILITACION SOCIAL INJALRESO,26,16,10
14,14,56,INSTITUTO CULTURAL CABAÑAS,91,50,41
14,14,57,INSTITUTO DE FORMACION PARA EL TRABAJO DEL ESTADO DE JALISCO,644,280,364
14,14,58,INSTITUTO DE INFORMACION ESTADISTICA Y GEOGRAFICA DEL ESTADO DE JALISCO IIEG,76,40,36
14,14,59,INSTITUTO DE LA INFRAESTRUCTURA FISICA EDUCATIVA DEL ESTADO DE JALISCO INFEJAL,120,68,52
14,14,60,INSTITUTO DE PENSIONES DEL ESTADO DE JALISCO IPEJAL,841,430,411
14,14,61,INSTITUTO ESTATAL PARA LA EDUCACION DE JOVENES Y ADULTOS INEEJAD,299,114,185
14,14,62,INSTITUTO JALISCIENSE DE CANCEROLOGIA,291,103,188
14,14,63,INSTITUTO JALISCIENSE DE CIENCIAS FORENSES IJCF,567,294,273
14,14,64,INSTITUTO JALISCIENSE DE LA VIVIENDA,65,38,27
14,14,65,INSTITUTO METROPOLITANO DE PLANEACION DEL AREA METROPOLITANA DE GUADALAJARA IMEPLAN,75,41,34
14,14,66,INSTITUTO TECNOLOGICO JOSE MARIO MOLINA PASQUEL Y HENRIQUEZ,1939,1215,724
14,14,67,MUSEO CABAÑAS,91,50,41
14,14,68,ORGANISMO OPERADOR DEL PARQUE DE LA SOLIDARIDAD Y MONTENEGRO,95,67,28
14,14,69,PARQUE METROPOLITANO DE GUADALAJARA,51,45,6
14,14,70,PLATAFORMA ABIERTA DE INNOVACION Y DESARROLLO DE JALISCO,46,19,27
14,14,71,PROCURADURIA DE DESARROLLO URBANO PRODEUR,51,30,21
14,14,72,SECRETARIA EJECUTIVA DEL SISTEMA ESTATAL ANTICORRUPCION,56,27,29
14,14,73,SERVICIOS DE SALUD JALISCO OPD,21466,7513,13953
14,14,74,SISTEMA DE TREN ELECTRICO URBANO SITEUR,1204,910,294
14,14,75,SISTEMA INTERMUNICIPAL DE LOS SERVICIOS DE AGUA POTABLE Y ALCANTARILLADO SIAPA,2677,2227,450
14,14,76,SISTEMA JALISCIENSE DE RADIO Y TELEVISION,144,93,51
14,14,77,SISTEMA PARA EL DESARROLLO INTEGRAL DE LA FAMILIA DIF JALISCO,1501,532,969
14,14,78,UNIDAD ESTATAL DE PROTECCION CIVIL Y BOMBEROS,314,262,52
14,14,79,UNIVERSIDAD POLITECNICA DE LA ZONA METROPOLITANA DE GUADALAJARA,98,63,35
14,14,80,UNIVERSIDAD TECNOLOGICA DE JALISCO,431,255,176
14,14,81,UNIVERSIDAD TECNOLOGICA DE LA ZONA METROPOLITANA DE GUADALAJARA,123,68,55
15,15,1,GUBERNATURA,35,17,18
15,15,2,SECRETARIA GENERAL DE GOBIERNO,1501,915,586
15,15,3,SECRETARIA DE FINANZAS,3751,1916,1835
15,15,4,SECRETARIA DEL TRABAJO,403,175,228
15,15,5,SECRETARIA DE EDUCACION,122610,36280,86330
15,15,6,SECRETARIA DEL CAMPO,927,601,326
15,15,7,SECRETARIA DE DESARROLLO ECONOMICO,199,105,94
15,15,8,SECRETARIA DE LA CONTRALORIA,582,300,282
15,15,9,SECRETARIA DEL MEDIO AMBIENTE,528,296,232
15,15,10,COORDINACION GENERAL DE COMUNICACION SOCIAL,190,105,85
15,15,11,SECRETARIA DE DESARROLLO SOCIAL,1003,510,493
15,15,12,SECRETARIA DE SALUD,109,50,59
15,15,13,SECRETARIA DE MOVILIDAD,752,385,367
15,15,14,SECRETARIA DE DESARROLLO URBANO Y OBRA,959,509,450
15,15,15,SECRETARIA DE CULTURA Y TURISMO,1618,875,743
15,15,16,SECRETARIA DE SEGURIDAD,25182,18522,6660
15,15,17,SECRETARIA DE JUSTICIA Y DERECHOS HUMANOS,1303,609,694
15,15,18,SECRETARIA DE LAS MUJERES,661,227,434
15,15,19,SISTEMA MEXIQUENSE DE MEDIOS PUBLICOS,858,537,321
15,15,20,SISTEMA PARA EL DESARROLLO INTEGRAL DE LA FAMILIA DEL ESTADO DE MEXICO,1812,696,1116
15,15,21,SECRETARIA EJECUTIVA DEL SISTEMA ANTICORRUPCION DEL ESTADO DE MEXICO,88,52,36
15,15,22,INSTITUTO MEXIQUENSE DE LA PIROTECNIA,43,32,11
15,15,23,CONSEJO MEXIQUENSE DE CIENCIA Y TECNOLOGIA,65,35,30
15,15,24,COMITE DE PLANEACION PARA EL DESARROLLO DEL ESTADO DE MEXICO,32,20,12
15,15,25,INSTITUTO DE INFORMACION E INVESTIGACION GEOGRAFICA ESTADISTICA Y CATASTRAL DEL ESTADO DE MEXICO,174,102,72
15,15,26,INSTITUTO DE SEGURIDAD SOCIAL DEL ESTADO DE MEXICO Y MUNICIPIOS,10618,3714,6904
15,15,27,INSTITUTO DE ADMINISTRACION PUBLICA DEL ESTADO DE MEXICO AC,40,16,24
15,15,28,INSTITUTO HACENDARIO DEL ESTADO DE MEXICO,69,39,30
15,15,29,FIDEICOMISO PUBLICO PARA LA CONSTRUCCION DE CENTROS PREVENTIVOS Y DE READAPTACION SOCIAL EN EL ESTADO DE MEXICO,7,4,3
15,15,30,JUNTA LOCAL DE CONCILIACION Y ARBITRAJE VALLE DE TOLUCA,122,45,77
15,15,31,JUNTA LOCAL DE CONCILIACION Y ARBITRAJE VALLE CUAUTITLAN TEXCOCO,231,73,158
15,15,32,TRIBUNAL ESTATAL DE CONCILIACION Y ARBITRAJE,70,24,46
15,15,33,INSTITUTO DE CAPACITACION Y ADIESTRAMIENTO PARA EL TRABAJO INDUSTRIAL,1509,686,823
15,15,34,CENTRO DE CONCILIACION LABORAL DEL ESTADO DE MEXICO,172,80,92
15,15,35,CENTRO REGIONAL DE FORMACION DOCENTE E INVESTIGACION EDUCATIVA,32,20,12
15,15,36,COLEGIO DE BACHILLERES DEL ESTADO DE MEXICO,3191,1444,1747
15,15,37,COLEGIO DE EDUCACION PROFESIONAL TECNICA DEL ESTADO DE MEXICO,3987,1840,2147
15,15,38,COLEGIO DE ESTUDIOS CIENTIFICOS Y TECNOLOGICOS DEL ESTADO DE MEXICO,3222,1486,1736
15,15,39,INSTITUTO MEXIQUENSE DE LA INFRAESTRUCTURA FISICA EDUCATIVA,297,183,114
15,15,40,SERVICIOS EDUCATIVOS INTEGRADOS AL ESTADO DE MEXICO,71772,25551,46221
15,15,41,TECNOLOGICO DE ESTUDIOS SUPERIORES DE CHALCO,191,108,83
15,15,42,TECNOLOGICO DE ESTUDIOS SUPERIORES DE CHICOLOAPAN,39,16,23
15,15,43,TECNOLOGICO DE ESTUDIOS SUPERIORES DE CHIMALHUACAN,291,158,133
15,15,44,TECNOLOGICO DE ESTUDIOS SUPERIORES DE COACALCO,381,202,179
15,15,45,TECNOLOGICO DE ESTUDIOS SUPERIORES DE CUAUTITLAN IZCALLI,367,205,162
15,15,46,TECNOLOGICO DE ESTUDIOS SUPERIORES DE ECATEPEC,570,323,247
15,15,47,TECNOLOGICO DE ESTUDIOS SUPERIORES DE HUIXQUILUCAN,187,113,74
15,15,48,TECNOLOGICO DE ESTUDIOS SUPERIORES DE IXTAPALUCA,224,115,109
15,15,49,TECNOLOGICO DE ESTUDIOS SUPERIORES DE JILOTEPEC,162,82,80
15,15,50,TECNOLOGICO DE ESTUDIOS SUPERIORES DE JOCOTITLAN,241,131,110
15,15,51,TECNOLOGICO DE ESTUDIOS SUPERIORES DE SAN FELIPE DEL PROGRESO,144,75,69
15,15,52,TECNOLOGICO DE ESTUDIOS SUPERIORES DE TIANGUISTENCO,222,119,103
15,15,53,TECNOLOGICO DE ESTUDIOS SUPERIORES DE VALLE DE BRAVO,192,97,95
15,15,54,TECNOLOGICO DE ESTUDIOS SUPERIORES DE VILLA GUERRERO,87,40,47
15,15,55,TECNOLOGICO DE ESTUDIOS SUPERIORES DEL ORIENTE DEL ESTADO DE MEXICO,254,160,94
15,15,56,UNIVERSIDAD DIGITAL DEL ESTADO DE MEXICO,350,153,197
15,15,57,UNIVERSIDAD ESTATAL DEL VALLE DE ECATEPEC,267,110,157
15,15,58,UNIVERSIDAD ESTATAL DEL VALLE DE TOLUCA,171,60,111
15,15,59,UNIVERSIDAD INTERCULTURAL DEL ESTADO DE MEXICO,271,103,168
15,15,60,UNIVERSIDAD MEXIQUENSE DEL BICENTENARIO,1304,621,683
15,15,61,UNIVERSIDAD POLITECNICA DE ATLACOMULCO,69,38,31
15,15,62,UNIVERSIDAD POLITECNICA DE ATLAUTLA,69,32,37
15,15,63,UNIVERSIDAD POLITECNICA DE CHIMALHUACAN,48,20,28
15,15,64,UNIVERSIDAD POLITECNICA DE CUAUTITLAN IZCALLI,99,58,41
15,15,65,UNIVERSIDAD POLITECNICA DE OTZOLOTEPEC,52,26,26
15,15,66,UNIVERSIDAD POLITECNICA DE TECAMAC,185,97,88
15,15,67,UNIVERSIDAD POLITECNICA DE TEXCOCO,118,69,49
15,15,68,UNIVERSIDAD POLITECNICA DEL VALLE DE MEXICO,392,192,200
15,15,69,UNIVERSIDAD POLITECNICA DEL VALLE DE TOLUCA,247,119,128
15,15,70,UNIVERSIDAD TECNOLOGICA DE NEZAHUALCOYOTL,541,295,246
15,15,71,UNIVERSIDAD TECNOLOGICA DE TECAMAC,504,254,250
15,15,72,UNIVERSIDAD TECNOLOGICA DE ZINACANTEPEC,35,17,18
15,15,73,UNIVERSIDAD TECNOLOGICA DEL SUR DEL ESTADO DE MEXICO,181,103,78
15,15,74,UNIVERSIDAD TECNOLOGICA DEL VALLE DE TOLUCA,505,255,250
15,15,75,UNIVERSIDAD TECNOLOGICA FIDEL VELAZQUEZ,541,254,287
15,15,76,INSTITUTO DE FORMACION CONTINUA PROFESIONALIZACION E INVESTIGACION DEL MAGISTERIO DEL ESTADO DE MEXICO,14,7,7
15,15,77,INSTITUTO DE INVESTIGACION Y CAPACITACION AGROPECUARIA ACUICOLA Y FORESTAL DEL ESTADO DE MEXICO,171,112,59
15,15,78,PROTECTORA DE BOSQUES DEL ESTADO DE MEXICO,991,745,246
15,15,79,FIDEICOMISO PARA EL DESARROLLO DE PARQUES Y ZONAS INDUSTRIALES EN EL ESTADO DE MEXICO,35,21,14
15,15,80,INSTITUTO DE FOMENTO MINERO Y ESTUDIOS GEOLOGICOS DEL ESTADO DE MEXICO,14,10,4
15,15,81,INSTITUTO MEXIQUENSE DEL EMPRENDEDOR,89,40,49
15,15,82,COMISION ESTATAL DE PARQUES NATURALES Y DE LA FAUNA,320,234,86
15,15,83,RECICLAGUA AMBIENTAL SA DE CV,90,71,19
15,15,84,PROCURADURIA DE PROTECCION AL AMBIENTE DEL ESTADO DE MEXICO,75,41,34
15,15,85,INSTITUTO ESTATAL DE ENERGIA Y CAMBIO CLIMATICO,42,24,18
15,15,86,CONSEJO DE INVESTIGACION Y EVALUACION DE LA POLITICA SOCIAL,23,11,12
15,15,87,CONSEJO ESTATAL PARA EL DESARROLLO INTEGRAL DE LOS PUEBLOS INDIGENAS DEL ESTADO DE MEXICO,77,39,38
15,15,88,INSTITUTO MEXIQUENSE DE LA JUVENTUD,47,25,22
15,15,89,JUNTA DE ASISTENCIA PRIVADA DEL ESTADO DE MEXICO,29,13,16
15,15,90,BANCO DE TEJIDOS DEL ESTADO DE MEXICO,23,9,14
15,15,91,COMISION DE CONCILIACION Y ARBITRAJE MEDICO DEL ESTADO DE MEXICO,53,28,25
15,15,92,INSTITUTO DE SALUD DEL ESTADO DE MEXICO,55626,19403,36223
15,15,93,HOSPITAL REGIONAL DE ALTA ESPECIALIDAD DE ZUMPANGO,783,294,489
15,15,94,INSTITUTO MATERNO INFANTIL DEL ESTADO DE MEXICO,1721,499,1222
15,15,95,INSTITUTO MEXIQUENSE PARA LA PROTECCION E INTEGRACION AL DESARROLLO DE LAS PERSONAS CON DISCAPACIDAD,11,7,4
15,15,96,JUNTA DE CAMINOS DEL ESTADO DE MEXICO,809,638,171
15,15,97,SISTEMA DE AUTOPISTAS AEROPUERTOS SERVICIOS CONEXOS Y AUXILIARES DEL ESTADO DE MEXICO,83,40,43
15,15,98,SISTEMA DE TRANSPORTE MASIVO Y TELEFERICO DEL ESTADO DE MEXICO,82,56,26
15,15,99,INSTITUTO MEXIQUENSE DE LA VIVIENDA SOCIAL,716,396,320
15,15,100,COMISION DEL AGUA DEL ESTADO DE MEXICO,1556,1128,428
15,15,101,COMISION TECNICA DEL AGUA DEL ESTADO DE MEXICO,14,9,5
15,15,102,INSTITUTO DE INVESTIGACION Y FOMENTO DE LAS ARTESANIAS DEL ESTADO DE MEXICO,62,31,31
15,15,103,UNIVERSIDAD MEXIQUENSE DE SEGURIDAD,517,329,188
15,15,104,CENTRO DE CONTROL DE CONFIANZA DEL ESTADO DE MEXICO,342,108,234
15,15,105,UNIDAD DE ASUNTOS INTERNOS,117,53,64
15,15,106,INSTITUTO DE LA FUNCION REGISTRAL DEL ESTADO DE MEXICO,545,230,315
15,15,107,COMISION PARA EL DESARROLLO TURISTICO DEL VALLE DE TEOTIHUACAN,NSS,NSS,NSS
15,15,108,PROCURADURIA DEL COLONO DEL ESTADO DE MEXICO,NSS,NSS,NSS
16,16,1,EJECUTIVO DEL ESTADO,84,34,50
16,16,2,JEFATURA DE LA OFICINA DEL GOBERNADOR,232,114,118
16,16,3,COORDINACION GENERAL DE COMUNICACION SOCIAL,88,46,42
16,16,4,SECRETARIA DE GOBIERNO,1254,516,738
16,16,5,SECRETARIA DE FINANZAS Y ADMINISTRACION,2162,1028,1134
16,16,6,SECRETARIA DE COMUNICACIONES Y OBRAS PUBLICAS,561,374,187
16,16,7,SECRETARIA DE DESARROLLO RURAL Y AGROALIMENTARIO,411,207,204
16,16,8,SECRETARIA DE DESARROLLO ECONOMICO,269,110,159
16,16,9,SECRETARIA DE TURISMO,135,53,82
16,16,10,SECRETARIA DE EDUCACION,27671,12846,14825
16,16,11,SECRETARIA DEL MIGRANTE,42,14,28
16,16,12,SECRETARIA DE SEGURIDAD PUBLICA,7658,5196,2462
16,16,13,SECRETARIA DE MEDIO AMBIENTE CAMBIO CLIMATICO Y DESARROLLO TERRITORIAL,270,120,150
16,16,14,SECRETARIA DE CONTRALORIA,309,135,174
16,16,15,SECRETARIA DE DESARROLLO SOCIAL Y HUMANO,149,51,98
16,16,16,SECRETARIA DE CULTURA,470,208,262
16,16,17,SECRETARIA DE IGUALDAD SUSTANTIVA Y DESARROLLO DE LAS MUJERES MICHOACANAS,54,10,44
16,16,18,SECRETARIA DE SALUD,16764,6089,10675
16,16,19,CONSEJERIA JURIDICA DEL EJECUTIVO DEL ESTADO DE MICHOACAN DE OCAMPO,69,31,38
16,16,20,TRIBUNAL DE CONCILIACION Y ARBITRAJE,52,11,41
16,16,21,COORDINACION DEL SISTEMA PENITENCIARIO DEL ESTADO DE MICHOACAN DE OCAMPO,3134,1912,1222
16,16,22,INSTITUTO REGISTRAL Y CATATASTRAL DEL ESTADO DE MICHOACAN DE OCAMPO,390,175,215
16,16,23,COMISION COORDINADORA DEL TRANSPORTE PUBLICO,148,84,64
16,16,24,SECRETARIADO EJECUTIVO DEL SISTEMA ESTATAL DE SEGURIDAD PUBLICA,44,24,20
16,16,25,PROCURADURIA DE PROTECCION AL AMBIENTE DEL ESTADO DE MICHOACAN DE OCAMPO,27,15,12
16,16,26,JUNTA LOCAL DE CONCILIACION Y ARBITRAJE,178,44,134
16,16,27,SECRETARIA EJECUTIVA DEL SISTEMA ESTATAL DE PROTECCION INTEGRAL DE NIÑAS NIÑOS Y ADOLESCENTES DEL ESTADO DE MICHOACAN,3,3,0
16,16,28,INSTITUTO DEL ARTESANO MICHOACANO,99,34,65
16,16,29,COMISION ESTATAL DE CULTURA FISICA Y DEPORTE,123,70,53
16,16,30,SISTEMA MICHOACANO DE RADIO Y TELEVISION,181,111,70
16,16,31,CENTRO DE CONVENCIONES DE MORELIA,72,42,30
16,16,32,PARQUE ZOOLOGICO BENITO JUAREZ,141,104,37
16,16,33,SISTEMA PARA EL DESARROLLO DE LA FAMILIA MICHOACANA,959,262,697
16,16,34,UNIVERSIDAD VIRTUAL DEL ESTADO DE MICHOACAN,90,42,48
16,16,35,TELEBACHILLERATO MICHOACAN,851,443,408
16,16,36,INSTITUTO DE VIVIENDA DEL ESTADO DE MICHOACAN,71,35,36
16,16,37,COMISION FORESTAL DEL ESTADO,247,145,102
16,16,38,COMISION DE PESCA DEL ESTADO DE MICHOACAN,131,96,35
16,16,39,COLEGIO DE BACHILLERES DEL ESTADO DE MICHOACAN,3826,2148,1678
16,16,40,COLEGIO DE EDUCACION PROFESIONAL TECNICA DEL ESTADO DE MICHOACAN,845,476,369
16,16,41,UNIVERSIDAD TECNOLOGICA DE MORELIA,216,115,101
16,16,42,COLEGIO DE ESTUDIOS CIENTIFICOS Y TECNOLOGICOS DEL ESTADO DE MICHOACAN,2144,1153,991
16,16,43,INSTITUTO DE CAPACITACION PARA EL TRABAJO DEL ESTADO DE MICHOACAN,906,409,497
16,16,44,INSTITUTO DE LA INFRAESTRUCTURA FISICA EDUCATIVA DEL ESTADO DE MICHOACAN,124,76,48
16,16,45,UNIVERSIDAD DE LA CIENEGA DEL ESTADO DE MICHOACAN DE OCAMPO,137,86,51
16,16,46,CENTRO ESTATAL DE CERTIFICACION ACREDITACION Y CONTROL DE CONFIANZA,10,7,3
16,16,47,UNIVERSIDAD INTERCULTURAL INDIGENA,220,112,108
16,16,48,COMISION ESTATAL DE ARBITRAJE MEDICO DE MICHOACAN,11,4,7
16,16,49,JUNTA DE ASISTENCIA PRIVADA DEL ESTADO DE MICHOACAN DE OCAMPO,24,8,16
16,16,50,COMISION ESTATAL PARA EL DESARROLLO DE PUEBLOS INDIGENAS,43,25,18
16,16,51,INSTITUTO DE PLANEACION DEL ESTADO DE MICHOACAN,124,48,76
16,16,52,COMISION ESTATAL DEL AGUA Y GESTION DE CUENCAS,169,89,80
16,16,53,COMITE DE ADQUISICIONES DEL PODER EJECUTIVO,56,27,29
16,16,54,UNIVERSIDAD POLITECNICA DE URUAPAN,39,19,20
16,16,55,UNIVERSIDAD POLITECNICA DE LAZARO CARDENAS,46,24,22
16,16,56,INSTITUTO DE DEFENSORIA PUBLICA DEL ESTADO DE MICHOACAN,201,112,89
16,16,57,INSTITUTO ESTATAL DE ESTUDIOS SUPERIORES EN SEGURIDAD Y PROFESIONALIZACION POLICIAL DEL ESTADO DE MICHOACAN,71,37,34
16,16,58,COMISION EJECUTIVA ESTATAL DE ATENCION A VICTIMAS,110,48,62
16,16,59,CENTRO ESTATAL DE FOMENTO GANADERO DEL ESTADO DE MICHOACAN DE OCAMPO,34,29,5
16,16,60,SISTEMA INTEGRAL DE FINANCIAMIENTO PARA EL DESARROLLO DE MICHOACAN,80,42,38
16,16,61,INSTITUTO DE LA JUVENTUD MICHOACANA,46,20,26
16,16,62,INSTITUTO DE CIENCIA TECNOLOGIA E INNOVACION DEL ESTADO DE MICHOACAN DE OCAMPO,10,4,6
16,16,63,CONSEJO ESTATAL PARA PREVENIR Y ELIMINAR LA DISCRIMINACION Y LA VIOLENCIA,18,10,8
16,16,64,UNIVERSIDAD TECNOLOGICA DE ORIENTE,40,16,24
16,16,65,CASA DEL ADULTO MAYOR,13,3,10
17,17,1,JEFATURA DE LA OFICINA DE LA GUBERNATURA,163,104,59
17,17,2,SECRETARIA DE GOBIERNO,242,107,135
17,17,3,SECRETARIA DE HACIENDA,587,229,358
17,17,4,SECRETARIA DE DESARROLLO ECONOMICO Y DEL TRABAJO,373,149,224
17,17,5,SECRETARIA DE DESARROLLO AGROPECUARIO,95,41,54
17,17,6,SECRETARIA DE OBRAS PUBLICAS,136,84,52
17,17,7,SECRETARIA DE EDUCACION,102,45,57
17,17,8,SECRETARIA DE SALUD,47,19,28
17,17,9,SECRETARIA DE ADMINISTRACION,413,220,193
17,17,10,SECRETARIA DE LA CONTRALORIA,131,57,74
17,17,11,SECRETARIA DE TURISMO Y CULTURA,291,174,117
17,17,12,SECRETARIA DE DESARROLLO SOCIAL,56,27,29
17,17,13,SECRETARIA DE DESARROLLO SUSTENTABLE,202,119,83
17,17,14,SECRETARIA DE MOVILIDAD Y TRANSPORTE,206,110,96
17,17,15,COMISION ESTATAL DE SEGURIDAD PUBLICA,3166,2074,1092
17,17,16,CONSEJERIA JURIDICA,69,31,38
17,17,17,INSTITUTO ESTATAL DE DOCUMENTACION DEL ESTADO DE MORELOS,NSS,NSS,NSS
17,17,18,SECRETARIADO EJECUTIVO DEL SISTEMA ESTATAL DE SEGURIDAD PUBLICA,37,19,18
17,17,19,SECRETARIA EJECUTIVO DEL SISTEMA DE PROTECCION INTEGRAL DE NIÑAS NIÑOS Y ADOLESCENTES DEL ESTADO DE MORELOS,0,0,0
17,17,20,COORDINACION ESTATAL DEL SUBSISTEMA DE PREPARATORIA ABIERTA,19,9,10
17,17,21,TRIBUNAL ESTATAL DE CONCILIACION Y ARBITRAJE DEL ESTADO DE MORELOS,54,32,22
17,17,22,INSTITUTO MORELENSE DE LAS PERSONAS ADOLESCENTES Y JOVENES,20,12,8
17,17,23,FONDO ESTATAL PARA LA ADMINISTRACION Y OPERACION DEL RECINTO DEPORTIVO AGUSTIN CORUCO DIAZ,NSS,NSS,NSS
17,17,24,PROCURADURIA DE PROTECCION AL AMBIENTE DEL ESTADO DE MORELOS,NSS,NSS,NSS
17,17,25,COMISION ESTATAL DE BIODIVERSIDAD,10,4,6
17,17,26,COMISION DE BUSQUEDA DE PERSONAS DEL ESTADO DE MORELOS,17,8,9
17,17,27,JUNTA LOCAL DE CONCILIACION Y ARBITRAJE DEL ESTADO DE MORELOS,127,47,80
17,17,28,COMISION ESTATAL DE EVALUACION DEL DESARROLLO SOCIAL,5,1,4
17,17,29,FONDO ESTATAL PARA LA PROMOCION Y DESARROLLO DE EVENTOS VINCULADOS CON LA CULTURA Y EL TURISMO,NSS,NSS,NSS
17,17,30,PROCURADURIA ESTATAL DE LA DEFENSA DEL TRABAJO,NSS,NSS,NSS
17,17,31,CENTRO ESTATAL DE PREVENCION SOCIAL DE LA VIOLENCIA Y DELINCUENCIA CON PARTICIPACION CIUDADANA,32,19,13
17,17,32,COMISION EJECUTIVA DE ATENCION Y REPARACION A VICTIMAS DEL ESTADO DE MORELOS,24,7,17
17,17,33,COMISION ESTATAL DEL AGUA,141,89,52
17,17,34,COORDINACION ESTATAL DE PROTECCION CIVIL MORELOS,79,52,27
17,17,35,COMISION ESTATAL DE MEJORA REGULATORIA,10,4,6
17,17,36,INSTITUTO MORELENSE DE RADIO Y TELEVISION,110,64,46
17,17,37,INSTITUTO PROVETERANOS DE LA REVOLUCION DEL SUR,5,3,2
17,17,38,COMISION ESTATAL DE RESERVAS TERRITORIALES,29,18,11
17,17,39,INSTITUTO DE SERVICIOS REGISTRALES Y CATASTRALES DEL ESTADO DE MORELOS,125,54,71
17,17,40,INSTITUTO DE LA DEFENSORIA PUBLICA DEL ESTADO DE MORELOS,65,24,41
17,17,41,INSTITUTO DE CREDITO PARA LOS TRABAJADORES AL SERVICIO DEL GOBIERNO DEL ESTADO DE MORELOS,206,93,113
17,17,42,COMISION ESTATAL DE ARBITRAJE MEDICO,7,1,6
17,17,43,HOSPITAL DEL NIÑO MORELENSE,552,204,348
17,17,44,SERVICIOS DE SALUD DE MORELOS,6897,2367,4530
17,17,45,SISTEMA PARA EL DESARROLLO INTEGRAL DE LA FAMILIA DEL ESTADO DE MORELOS,687,261,426
17,17,46,INSTITUTO DE CAPACITACION PARA EL TRABAJO DEL ESTADO DE MORELOS,NSS,NSS,NSS
17,17,47,INSTITUTO DE EDUCACION BASICA DEL ESTADO DE MORELOS,20768,6426,14342
17,17,48,INSTITUTO ESTATAL DE EDUCACION PARA ADULTOS,208,87,121
17,17,49,COLEGIO DE BACHILLERES DEL ESTADO DE MORELOS,737,355,382
17,17,50,COLEGIO NACIONAL DE EDUCACION PROFESIONAL TECNICA DEL ESTADO DE MORELOS,420,194,226
17,17,51,COLEGIO DE ESTUDIOS CIENTIFICOS Y TECNOLOGICOS DEL ESTADO DE MORELOS,295,138,157
17,17,52,UNIVERSIDAD POLITECNICA DEL ESTADO DE MORELOS,397,200,197
17,17,53,UNIVERSIDAD TECNOLOGICA EMILIANO ZAPATA DEL ESTADO DE MORELOS,339,161,178
17,17,54,UNIVERSIDAD TECNOLOGICA DEL SUR DEL ESTADO DE MORELOS,90,48,42
17,17,55,CONSEJO DE CIENCIA Y TECNOLOGIA DEL ESTADO DE MORELOS,42,23,19
17,17,56,INSTITUTO ESTATAL DE INFRAESTRUCTURA EDUCATIVA,99,56,43
17,17,57,INSTITUTO DEL DEPORTE Y CULTURA FISICA DEL ESTADO DE MORELOS,114,66,48
17,17,58,CENTRO MORELENSE DE LAS ARTES,180,108,72
17,17,59,MUSEO MORELENSE DE ARTE POPULAR,14,6,8
17,17,60,AEROPUERTO DE CUERNAVACA SA DE CV,5,2,3
17,17,61,OPERADOR DE CARRETERAS DE CUOTA,10,7,3
17,17,62,INSTITUTO MORELENSE PARA EL FINANCIAMIENTO DEL SECTOR PRODUCTIVO,51,21,30
18,18,1,SECRETARIA DE ADMINISTRACION Y FINANZAS,1324,575,749
18,18,2,SECRETARIA DE DESARROLLO RURAL,185,109,76
18,18,3,SECRETARIA DE EDUCACION,3768,1495,2273
18,18,4,SECRETARIA DE BIENESTAR E IGUALDAD SUSTANTIVA,54,28,26
18,18,5,SECRETARIA PARA LA HONESTIDAD Y BUENA GOBERNANZA,140,66,74
18,18,6,SECRETARIA DE INFRAESTRUCTURA,891,661,230
18,18,7,SECRETARIA DE DESARROLLO SUSTENTABLE,241,119,122
18,18,8,SECRETARIA DE SEGURIDAD Y PROTECCION CIUDADANA,2131,1604,527
18,18,9,SECRETARIA DE TURISMO,106,42,64
18,18,10,SECRETARIA DE ECONOMIA,288,126,162
18,18,11,SECRETARIA GENERAL DE GOBIERNO,542,247,295
18,18,12,SECRETARIA EJECUTIVA DEL SISTEMA LOCAL ANTICORRUPCION,6,4,2
18,18,13,DESPACHO DEL EJECUTIVO,121,66,55
18,18,14,SECRETARIA DE MOVILIDAD,341,235,106
18,18,15,BENEFICENCIA PUBLICA DEL ESTADO DE NAYARIT,7,3,4
18,18,16,CENTRO DE DESARROLLO ECONOMICO EDUCATIVO DE LA MESA DE EL NAYAR,27,12,15
18,18,17,CENTRO DE JUSTICIA FAMILIAR,54,11,43
18,18,18,COLEGIO DE BACHILLERES DEL ESTADO DE NAYARIT,372,202,170
18,18,19,COLEGIO DE EDUCACION PROFESIONAL TECNICA DEL ESTADO DE NAYARIT,237,113,124
18,18,20,COLEGIO DE ESTUDIOS CIENTIFICOS Y TECNOLOGICOS DEL ESTADO DE NAYARIT,640,327,313
18,18,21,COMISION ESTATAL DE AGUA POTABLE Y ALCANTARILLADO,120,63,57
18,18,22,COMISION ESTATAL DE CONCILIACION Y ARBITRAJE MEDICO PARA EL ESTADO DE NAYARIT,12,7,5
18,18,23,COMISION FORESTAL DE NAYARIT,41,34,7
18,18,24,COMITE ADMINISTRADOR DE LA FERIA NACIONAL TEPIC,NSS,NSS,NSS
18,18,25,INSTITUTO DE PLANEACION DE NAYARIT,28,14,14
18,18,26,CONSEJO DE CIENCIA Y TECNOLOGIA DEL ESTADO DE NAYARIT,31,14,17
18,18,27,CONSEJO ESTATAL CONTRA LAS ADICCIONES,81,32,49
18,18,28,CONSEJO ESTATAL PARA LA CULTURA Y LAS ARTES DE NAYARIT,240,113,127
18,18,29,FIDEICOMISO BAHIA DE BANDERAS,182,126,56
18,18,30,FIDEICOMISO DE PROMOCION TURISTICA,9,4,5
18,18,31,FONDO DE FOMENTO INDUSTRIAL DEL ESTADO DE NAYARIT,8,1,7
18,18,32,INSTITUTO DE CAPACITACION PARA EL TRABAJO DEL ESTADO DE NAYARIT,237,101,136
18,18,33,INSTITUTO MARAKAME,77,28,49
18,18,34,INSTITUTO NAYARITA DE CULTURA FISICA Y DEPORTE,190,122,68
18,18,35,INSTITUTO NAYARITA DE EDUCACION PARA ADULTOS,189,67,122
18,18,36,INSTITUTO NAYARITA DE LA JUVENTUD,19,6,13
18,18,37,INSTITUTO NAYARITA PARA LA INFRAESTRUCTURA FISICA EDUCATIVA,123,82,41
18,18,38,INSTITUTO PARA LA MUJER NAYARITA,102,26,76
18,18,39,INSTITUTO PROMOTOR DE LA VIVIENDA DE NAYARIT,135,73,62
18,18,40,PATRONATO DEL TEATRO DEL PUEBLO,41,18,23
18,18,41,SERVICIOS DE EDUCACION PUBLICA DEL ESTADO DE NAYARIT,16028,5652,10376
18,18,42,SERVICIOS DE SALUD EN NAYARIT,6178,2275,3903
18,18,43,SECRETARIADO EJECUTIVO DEL SISTEMA ESTATAL DE SEGURIDAD PUBLICA,160,77,83
18,18,44,SISTEMA PARA EL DESARROLLO INTEGRAL DE LA FAMILIA DEL ESTADO DE NAYARIT,785,254,531
18,18,45,UNIVERSIDAD TECNOLOGICA DE BAHIA DE BANDERAS,170,75,95
18,18,46,UNIVERSIDAD TECNOLOGICA DE LA COSTA,136,76,60
18,18,47,UNIVERSIDAD TECNOLOGICA DE LA SIERRA,41,19,22
18,18,48,UNIVERSIDAD TECNOLOGICA DE NAYARIT,374,175,199
18,18,49,UNIVERSIDAD TECNOLOGICA DE MAZATAN,10,6,4
18,18,50,UNIVERSIDAD POLITECNICA DEL ESTADO DE NAYARIT,60,24,36
18,18,51,COMISION ESTATAL DE ATENCION INTEGRAL A VICTIMAS DEL ESTADO DE NAYARIT,22,11,11
18,18,52,PATRONATO DE LA UNIVERSIDAD AUTONOMA DE NAYARIT,9,3,6
18,18,53,FONDO MIXTO CONACYT GOBIERNO DEL ESTADO DE NAYARIT,NSS,NSS,NSS
18,18,54,SISTEMA DE RADIO Y TELEVISION DE NAYARIT,129,74,55
19,19,1,SECRETARIA PARTICULAR DEL GOBERNADOR,60,40,20
19,19,2,OFICINA EJECUTIVA DEL GOBERNADOR,18,7,11
19,19,3,SECRETARIA GENERAL DE GOBIERNO,1315,598,717
19,19,4,SECRETARIA DE FINANZAS Y TESORERIA GENERAL DEL ESTADO,793,383,410
19,19,5,REPRESENTACION DEL GOBIERNO DEL ESTADO DE NUEVO LEON EN LA CIUDAD DE MEXICO,33,20,13
19,19,6,SECRETARIA DE SEGURIDAD PUBLICA,8919,6717,2202
19,19,7,SECRETARIA DE EDUCACION,278,126,152
19,19,8,SECRETARIA DE SALUD,114,45,69
19,19,9,SECRETARIA DE ECONOMIA Y TRABAJO,204,110,94
19,19,10,SECRETARIA DE INFRAESTRUCTURA,87,54,33
19,19,11,SECRETARIA DE DESARROLLO SOCIAL,405,200,205
19,19,12,SECRETARIA DE ADMINISTRACION,825,379,446
19,19,13,SECRETARIA DE DESARROLLO SUSTENTABLE,141,76,65
19,19,14,CONTRALORIA Y TRANSPARENCIA GUBERNAMENTAL,200,91,109
19,19,15,SECRETARIA DE DESARROLLO AGROPECUARIO,100,76,24
19,19,16,JUNTA LOCAL DE CONCILIACION Y ARBITRAJE,353,144,209
19,19,17,TRIBUNAL DE JUSTICIA ADMINISTRATIVA,178,79,99
19,19,18,TRIBUNAL DE ARBITRAJE,14,7,7
19,19,19,COLEGIO DE BACHILLERES MILITARIZADO GENERAL MARIANO ESCOBEDO,669,341,328
19,19,20,COLEGIO DE EDUCACION PROFESIONAL TECNICA DE NUEVO LEON CONALEP,1588,865,723
19,19,21,COLEGIO DE ESTUDIOS CIENTIFICOS Y TECNOLOGICOS CECYTE,840,431,409
19,19,22,CONSEJO ESTATAL DEL TRANSPORTE CET,0,0,0
19,19,23,CONSEJO ESTATAL PARA LA PROMOCION DE VALORES Y CULTURA DE LA LEGALIDAD,3,2,1
19,19,24,CONSEJO PARA LA CULTURA Y LAS ARTES CONARTE,212,122,90
19,19,25,CORPORACION PARA EL DESARROLLO TURISTICO DE NUEVO LEON CODETUR,43,26,17
19,19,26,FIDEICOMISO FESTIVAL INTERNACIONAL DE SANTA LUCIA FISL,6,0,6
19,19,27,FIDEICOMISO FONDO DE APOYO PARA LA CREACION Y CONSOLIDACION DEL EMPLEO PRODUCTIVO EN EL ESTADO DE NUEVO LEON FOCRECE,9,8,1
19,19,28,FIDEICOMISO FONDO EDITORIAL DE NUEVO LEON,7,3,4
19,19,29,FIDEICOMISO PARA EL DESARROLLO DE LA ZONA CITRICOLA FIDECITRUS,14,6,8
19,19,30,FIDEICOMISO PARA EL DESARROLLO DEL SUR DEL ESTADO DE NUEVO LEON FIDESUR,51,36,15
19,19,31,FIDEICOMISO PARA LA REORDENACION COMERCIAL FIRECOM,21,15,6
19,19,32,FIDEICOMISO PROMOTOR DE PROYECTOS ESTRATEGICOS URBANOS FIDEPROES,40,21,19
19,19,33,FIDEICOMISO SISTEMA INTEGRAL DE TRANSITO METROPOLITANO SINTRAM,6,6,0
19,19,34,FIDEICOMISO TURISMO NUEVO LEON FITUR,20,4,16
19,19,35,FIDEICOMISO VIDA SILVESTRE DE NUEVO LEON FVS,0,0,0
19,19,36,FOMENTO METROPOLITANO DE MONTERREY FOMERREY,145,87,58
19,19,37,INSTITUTO CONSTRUCTOR DE INFRAESTRUCTURA FISICA EDUCATIVA Y DEPORTIVA DE NUEVO LEON ICIFED,118,78,40
19,19,38,INSTITUTO DE CAPACITACION Y EDUCACION PARA EL TRABAJO ICET,237,132,105
19,19,39,INSTITUTO DE CONTROL VEHICULAR ICV,391,170,221
19,19,40,INSTITUTO DE DEFENSORIA PUBLICA DE NUEVO LEON,476,216,260
19,19,41,INSTITUTO DE INNOVACION Y TRANSFERENCIA DE TECNOLOGIA IITT,28,17,11
19,19,42,INSTITUTO DE INVESTIGACION INNOVACION Y ESTUDIOS DE POSGRADO PARA LA EDUCACION DE NUEVO LEON IIIEPE,42,18,24
19,19,43,INSTITUTO DE LA VIVIENDA DE NUEVO LEON,121,75,46
19,19,44,INSTITUTO DE MOVILIDAD Y ACCESIBILIDAD DEL ESTADO DE NUEVO LEON IMA,205,149,56
19,19,45,INSTITUTO DE SEGURIDAD Y SERVICIOS SOCIALES DE LOS TRABAJADORES DEL ESTADO DE NUEVO LEON ISSSTELEON,516,226,290
19,19,46,INSTITUTO DEL AGUA DEL ESTADO DE NUEVO LEON,2,2,0
19,19,47,INSTITUTO ESTATAL DE CULTURA FISICA Y DEPORTE INDE,929,670,259
19,19,48,INSTITUTO ESTATAL DE LA JUVENTUD,24,12,12
19,19,49,INSTITUTO ESTATAL DE LAS MUJERES,296,73,223
19,19,50,INSTITUTO ESTATAL DE LAS PERSONAS ADULTAS MAYORES IEPAM,25,8,17
19,19,51,INSTITUTO ESTATAL DE SEGURIDAD PUBLICA IESP,8,3,5
19,19,52,INSTITUTO REGISTRAL Y CATASTRAL DEL ESTADO DE NUEVO LEON IRCNL,554,235,319
19,19,53,MUSEO DE HISTORIA MEXICANA MHM,111,69,42
19,19,54,OPERADORA DE SERVICIOS TURISTICOS DE NUEVO LEON OSETUR,38,26,12
19,19,55,PARQUE FUNDIDORA,263,189,74
19,19,56,PARQUES Y VIDA SILVESTRE DE NUEVO LEON,184,136,48
19,19,57,PROMOTORA DE DESARROLLO RURAL PRODERLEON,66,57,9
19,19,58,SECRETARIA EJECUTIVA DEL SISTEMA ESTATAL ANTICORRUPCION,27,19,8
19,19,59,SERVICIOS DE AGUA Y DRENAJE DE MONTERREY SADM,5670,4486,1184
19,19,60,SERVICIOS DE SALUD SSNL,10480,4255,6225
19,19,61,SISTEMA DE CAMINOS SCNL,102,73,29
19,19,62,SISTEMA DE RADIO Y TELEVISION DE NUEVO LEON,172,109,63
19,19,63,SISTEMA DE TRANSPORTE COLECTIVO METRORREY,936,849,87
19,19,64,SISTEMA PARA EL DESARROLLO INTEGRAL DE LA FAMILIA DIF,1693,559,1134
19,19,65,UNIDAD DE INTEGRACION EDUCATIVA UIE,42171,13458,28713
19,19,66,UNIVERSIDAD DE CIENCIAS DE LA SEGURIDAD UCS,134,74,60
19,19,67,UNIVERSIDAD POLITECNICA DE APODACA,56,32,24
19,19,68,UNIVERSIDAD POLITECNICA DE GARCIA,61,34,27
19,19,69,UNIVERSIDAD TECNOLOGICA BILINGUE FRANCO MEXICANA DE NUEVO LEON,34,22,12
19,19,70,UNIVERSIDAD TECNOLOGICA CADEREYTA,178,98,80
19,19,71,UNIVERSIDAD TECNOLOGICA GENERAL MARIANO ESCOBEDO,281,167,114
19,19,72,UNIVERSIDAD TECNOLOGICA LINARES,243,135,108
19,19,73,UNIVERSIDAD TECNOLOGICA SANTA CATARINA,316,172,144
19,19,74,CORPORACION PARA EL DESARROLLO DE LA ZONA FRONTERIZA DE NUEVO LEON CODEFRONT,104,54,50
19,19,75,FIDEICOMISO FONDO PARA LA VIVIENDA DE LOS TRABAJADORES DE LA EDUCACION FOVILEON EDUCACION,7,6,1
19,19,76,FIDEICOMISO FONDO PARA LA VIVIENDA DE LOS TRABAJADORES DEL ESTADO FOVILEON SERVIDORES PUBLICOS,0,0,0
19,19,77,FIDEICOMISO ZARAGOZA,11,7,4
19,19,78,RED ESTATAL DE AUTOPISTAS DE NUEVO LEON REA,319,186,133
19,19,79,SISTEMA INTEGRAL PARA EL MANEJO ECOLOGICO Y PROCESAMIENTO DE DESECHOS SIMEPRODE,394,259,135
20,20,1,GUBERNATURA,439,210,229
20,20,2,SECRETARIA GENERAL DE GOBIERNO,1276,598,678
20,20,3,SECRETARIA DE SEGURIDAD PUBLICA DE OAXACA,8796,6510,2286
20,20,4,SECRETARIA DE LAS INFRAESTRUCTURAS Y EL ORDENAMIENTO TERRITORIAL SUSTENTABLE,952,509,443
20,20,5,SECRETARIA DE TURISMO,344,137,207
20,20,6,SECRETARIA DE ECONOMIA,703,313,390
20,20,7,SECRETARIA DE MOVILIDAD,537,254,283
20,20,8,SECRETARIA DE LAS CULTURAS Y ARTES DE OAXACA,710,413,297
20,20,9,SECRETARIA DE BIENESTAR DEL ESTADO DE OAXACA,261,120,141
20,20,10,SECRETARIA DE PUEBLOS INDIGENAS Y AFROMEXICANO,111,51,60
20,20,11,SECRETARIA DE DESARROLLO AGROPECUARIO PESCA Y ACUACULTURA,1053,638,415
20,20,12,SECRETARIA DE FINANZAS,1924,903,1021
20,20,13,SECRETARIA DE ADMINISTRACION,3003,1474,1529
20,20,14,SECRETARIA DE MEDIO AMBIENTE ENERGIAS Y DESARROLLO SUSTENTABLE,124,58,66
20,20,15,SECRETARIA DE LAS MUJERES DE OAXACA,63,15,48
20,20,16,SECRETARIADO EJECUTIVO DEL SISTEMA ESTATAL DE SEGURIDAD PUBLICA,130,36,94
20,20,17,SECRETARIA DE LA CONTRALORIA Y TRANSPARENCIA GUBERNAMENTAL,434,186,248
20,20,18,JEFATURA DE LA GUBERNATURA,NSS,NSS,NSS
20,20,19,CONSEJERIA JURIDICA DEL GOBIERNO DEL ESTADO,1431,651,780
20,20,20,COORDINACION GENERAL DE EDUCACION MEDIA SUPERIOR Y SUPERIOR CIENCIA Y TECNOLOGIA,131,71,60
20,20,21,COORDINACION GENERAL DE COMUNICACION SOCIAL Y VOCERIA DEL GOBIERNO DEL ESTADO,142,73,69
20,20,22,COORDINACION PARA LA ATENCION DE LOS DERECHOS HUMANOS,19,7,12
20,20,23,COORDINACION GENERAL DEL COMITE ESTATAL DE PLANEACION PARA EL DESARROLLO DE OAXACA,484,245,239
20,20,24,CAMINOS Y AEROPISTAS DE OAXACA,733,506,227
20,20,25,CASA DE LA CULTURA OAXAQUEÑA,79,46,33
20,20,26,CENTRO DE LAS ARTES DE SAN AGUSTIN,30,23,7
20,20,27,COLEGIO DE BACHILLERES DEL ESTADO DE OAXACA,2897,1574,1323
20,20,28,COLEGIO DE ESTUDIOS CIENTIFICOS Y TECNOLOGICOS DEL ESTADO DE OAXACA,1895,1067,828
20,20,29,COLEGIO SUPERIOR PARA LA EDUCACION INTEGRAL INTERCULTURAL DE OAXACA,595,330,265
20,20,30,INSTITUTO DE CULTURA FISICA Y DEPORTE DE OAXACA,124,78,46
20,20,31,COMISION ESTATAL DE LA VIVIENDA,288,145,143
20,20,32,COMISION ESTATAL DEL AGUA,796,497,299
20,20,33,COMISION ESTATAL FORESTAL,22,9,13
20,20,34,COMISION ESTATAL PARA LA PLANEACION DE LA EDUCACION SUPERIOR EN EL ESTADO DE OAXACA,12,5,7
20,20,35,COMISION ESTATAL PARA LA PLANEACION Y PROGRAMACION DE LA EDUCACION MEDIA SUPERIOR DEL ESTADO DE OAXACA,5,2,3
20,20,36,COMISION PARA LA REGULARIZACION DE LA TENENCIA DE LA TIERRA URBANA DEL ESTADO DE OAXACA,21,13,8
20,20,37,CONSEJO ESTATAL PARA LA PREVENCION Y CONTROL DEL SIDA,26,6,20
20,20,38,CONSEJO OAXAQUEÑO DE CIENCIA TECNOLOGIA E INNOVACION,14,9,5
20,20,39,COORDINACION ESTATAL DE PROTECCION CIVIL DE OAXACA,NSS,NSS,NSS
20,20,40,CORPORACION OAXAQUEÑA DE RADIO Y TELEVISION,62,36,26
20,20,41,DIRECCION GENERAL DE POBLACION DE OAXACA,19,7,12
20,20,42,HOSPITAL DE LA NIÑEZ OAXAQUEÑA,26,13,13
20,20,43,INSTITUTO DE CAPACITACION Y PRODUCTIVIDAD PARA EL TRABAJO DEL ESTADO DE OAXACA,210,108,102
20,20,44,INSTITUTO DE ESTUDIOS DE BACHILLERATO DEL ESTADO DE OAXACA,1173,699,474
20,20,45,INSTITUTO DE LA JUVENTUD DEL ESTADO DE OAXACA,74,35,39
20,20,46,INSTITUTO DEL PATRIMONIO CULTURAL DEL ESTADO DE OAXACA,34,21,13
20,20,47,INSTITUTO ESTATAL DE EDUCACION PUBLICA DE OAXACA,NSS,NSS,NSS
20,20,48,INSTITUTO ESTATAL DE EDUCACION PARA ADULTOS,NSS,NSS,NSS
20,20,49,INSTITUTO OAXAQUEÑO CONSTRUCTOR DE INFRAESTRUCTURA FISICA EDUCATIVA,157,101,56
20,20,50,INSTITUTO OAXAQUEÑO DE ATENCION AL MIGRANTE,43,18,25
20,20,51,INSTITUTO OAXAQUEÑO DE LAS ARTESANIAS,38,15,23
20,20,52,INSTITUTO TECNOLOGICO SUPERIOR DE SAN MIGUEL EL GRANDE,100,53,47
20,20,53,INSTITUTO TECNOLOGICO SUPERIOR DE TEPOSCOLULA,117,71,46
20,20,54,NOVAUNIVERSITAS,106,51,55
20,20,55,SERVICIOS DE AGUA POTABLE Y ALCANTARILLADO DE OAXACA,618,428,190
20,20,56,SISTEMA PARA EL DESARROLLO INTEGRAL DE LA FAMILIA DEL ESTADO DE OAXACA,1100,350,750
20,20,57,UNIVERSIDAD DE CHALCATONGO,47,25,22
20,20,58,UNIVERSIDAD DE LA CAÑADA,98,54,44
20,20,59,UNIVERSIDAD DE LA COSTA,48,21,27
20,20,60,UNIVERSIDAD DE LA SIERRA JUAREZ,104,62,42
20,20,61,UNIVERSIDAD DE LA SIERRA SUR,323,157,166
20,20,62,UNIVERSIDAD DEL ISTMO,279,162,117
20,20,63,UNIVERSIDAD DEL MAR,621,368,253
20,20,64,UNIVERSIDAD DEL PAPALOAPAN,340,208,132
20,20,65,UNIVERSIDAD TECNOLOGICA DE LA MIXTECA,491,288,203
20,20,66,UNIVERSIDAD TECNOLOGICA DE LA SIERRA SUR DE OAXACA,46,19,27
20,20,67,UNIVERSIDAD TECNOLOGICA DE LOS VALLES CENTRALES DE OAXACA,142,63,79
20,20,68,UNIVERSIDAD POLITECNICA DE NOCHIXTLAN ABRAHAM CASTELLANOS,36,13,23
20,20,69,DEFENSORIA PUBLICA DEL ESTADO DE OAXACA,297,148,149
20,20,70,INSTITUTO OAXAQUEÑO DEL EMPRENDEDOR Y DE LA COMPETITIVIDAD,30,11,19
20,20,71,INSTITUTO DE LA FUNCION REGISTRAL DEL ESTADO DE OAXACA,48,31,17
20,20,72,FIDEICOMISO PARA EL DESARROLLO LOGISTICO DEL ESTADO DE OAXACA,24,13,11
20,20,73,FIDEICOMISO DE FOMENTO PARA EL ESTADO DE OAXACA,16,6,10
20,20,74,OFICINA DE CONVENCIONES Y VISITANTES DE OAXACA,14,6,8
20,20,75,OFICINA DE PENSIONES DEL ESTADO DE OAXACA,115,50,65
20,20,76,SERVICIOS DE SALUD DE OAXACA,NSS,NSS,NSS
20,20,77,SECRETARIA EJECUTIVA DEL SISTEMA ESTATAL DE COMBATE A LA CORRUPCION,31,18,13
20,20,78,COORDINACION GENERAL DE UNIDADES Y CARAVANAS MOVILES DE SERVICIOS GRATUITOS,46,25,21
20,20,79,COORDINACION GENERAL DE ATENCION REGIONAL,45,31,14
20,20,80,COORDINACION GENERAL DE RELACIONES INTERNACIONALES,12,8,4
20,20,81,COORDINACION GENERAL DE ENLACE FEDERAL,11,7,4
20,20,82,SISTEMA DE TRANSPORTE COLECTIVO METROPOLITANO CITYBUS OAXACA,11,7,4
20,20,83,DIRECCION GENERAL DEL HANGAR OFICIAL DEL GOBIERNO DEL ESTADO,30,28,2
20,20,84,CENTRO DE CONCILIACION LABORAL DEL ESTADO DE OAXACA,43,24,19
21,21,1,EJECUTIVO DEL ESTADO,27,17,10
21,21,2,SECRETARIA DE GOBERNACION,933,464,469
21,21,3,SECRETARIA DE PLANEACION Y FINANZAS,1970,924,1046
21,21,4,SECRETARIA DE ADMINISTRACION,603,298,305
21,21,5,SECRETARIA DE LA FUNCION PUBLICA,398,207,191
21,21,6,SECRETARIA DE TRABAJO,195,83,112
21,21,7,SECRETARIA DE ECONOMIA,104,56,48
21,21,8,SECRETARIA DE CULTURA,277,140,137
21,21,9,SECRETARIA DE TURISMO,138,80,58
21,21,10,SECRETARIA DE DESARROLLO RURAL,177,102,75
21,21,11,SECRETARIA DE INFRAESTRUCTURA,516,309,207
21,21,12,SECRETARIA DE MOVILIDAD Y TRANSPORTE,295,164,131
21,21,13,SECRETARIA DE EDUCACION,30073,10455,19618
21,21,14,SECRETARIA DE BIENESTAR,205,120,85
21,21,15,SECRETARIA DE SEGURIDAD PUBLICA,7815,5761,2054
21,21,16,SECRETARIA DE MEDIO AMBIENTE DESARROLLO SUSTENTABLE Y ORDENAMIENTO TERRITORIAL,179,95,84
21,21,17,SECRETARIA DE IGUALDAD SUSTANTIVA,124,29,95
21,21,18,CONSEJERIA JURIDICA,171,88,83
21,21,19,SERVICIOS DE SALUD DEL ESTADO DE PUEBLA,NSS,NSS,NSS
21,21,20,AGENCIA DE ENERGIA DEL ESTADO DE PUEBLA,NSS,NSS,NSS
21,21,21,BENEMERITA UNIVERSIDAD AUTONOMA DE PUEBLA,NSS,NSS,NSS
21,21,22,CARRETERAS DE CUOTA PUEBLA,NSS,NSS,NSS
21,21,23,CENTRO DE CONCILIACION LABORAL DEL ESTADO DE PUEBLA,NSS,NSS,NSS
21,21,24,CENTRO DE INVESTIGACION Y SEGURIDAD,NSS,NSS,NSS
21,21,25,CIUDAD MODELO,NSS,NSS,NSS
21,21,26,COMISION DE BUSQUEDA DE PERSONAS DEL ESTADO DE PUEBLA,NSS,NSS,NSS
21,21,27,COMISION DE MEJORA REGULATORIA DEL ESTADO DE PUEBLA,NSS,NSS,NSS
21,21,28,COMISION EJECUTIVA ESTATAL DE ATENCION A VICTIMAS,NSS,NSS,NSS
21,21,29,COMISION EJECUTIVA PARA LA ACTUALIZACION Y MODERNIZACION DE LA PROCURACION Y LA ADMINISTRACION DE JUSTICIA,NSS,NSS,NSS
21,21,30,COMISION ESTATAL DE AGUA Y SANEAMIENTO DE PUEBLA,NSS,NSS,NSS
21,21,31,FIDEICOMISO PUBLICO DENOMINADO COMISION ESTATAL DE VIVIENDA PUEBLA,NSS,NSS,NSS
21,21,32,COMITE ADMINISTRADOR POBLANO PARA LA CONSTRUCCION DE ESPACIOS EDUCATIVOS,NSS,NSS,NSS
21,21,33,CONSEJO ESTATAL DE COORDINACION DEL SISTEMA NACIONAL DE SEGURIDAD PUBLICA,NSS,NSS,NSS
21,21,34,CONVENCIONES Y PARQUES,NSS,NSS,NSS
21,21,35,COORDINACION GENERAL DE COMUNICACION Y AGENDA DIGITAL,NSS,NSS,NSS
21,21,36,FIDEICOMISO PUBLICO BANCO ESTATAL DE TIERRA,NSS,NSS,NSS
21,21,37,FIDEICOMISO PUBLICO PARA LA ADMINISTRACION DE INMUEBLES Y EJECUCION DE OBRAS PUBLICAS EN LA RESERVA TERRITORIAL ATLIXCAYOTL-QUETZALCOATL,NSS,NSS,NSS
21,21,38,INSTITUTO DE BIENESTAR ANIMAL,NSS,NSS,NSS
21,21,39,INSTITUTO DE CAPACITACION PARA EL TRABAJO DEL ESTADO DE PUEBLA,NSS,NSS,NSS
21,21,40,INSTITUTO ESTATAL DE EDUCACION PARA ADULTOS,NSS,NSS,NSS
21,21,41,INSTITUTO DE SEGURIDAD Y SERVICIOS SOCIALES DE LOS TRABAJADORES AL SERVICIO DE LOS PODERES DEL ESTADO DE PUEBLA,NSS,NSS,NSS
21,21,42,INSTITUTO POBLANO DE ASISTENCIA AL MIGRANTE,NSS,NSS,NSS
21,21,43,INSTITUTO POBLANO DE LA JUVENTUD,NSS,NSS,NSS
21,21,44,INSTITUTO POBLANO DE LOS PUEBLOS INDIGENAS,NSS,NSS,NSS
21,21,45,INSTITUTO POBLANO DEL DEPORTE,NSS,NSS,NSS
21,21,46,INSTITUTO REGISTRAL Y CATASTRAL DEL ESTADO DE PUEBLA,NSS,NSS,NSS
21,21,47,JUNTA LOCAL DE CONCILIACION Y ARBITRAJE,NSS,NSS,NSS
21,21,48,JUNTA PARA EL CUIDADO DE LAS INSTITUCIONES DE ASISTENCIA PRIVADA,NSS,NSS,NSS
21,21,49,MUSEOS PUEBLA,NSS,NSS,NSS
21,21,50,PROCURADURIA DE LA DEFENSA DEL TRABAJO,NSS,NSS,NSS
21,21,51,SECRETARIA EJECUTIVA DEL SISTEMA ESTATAL ANTICORRUPCION,NSS,NSS,NSS
21,21,52,SISTEMA ESTATAL DE TELECOMUNICACIONES,NSS,NSS,NSS
21,21,53,SISTEMA PARA EL DESARROLLO INTEGRAL DE LA FAMILIA DEL ESTADO DE PUEBLA,NSS,NSS,NSS
21,21,54,TRIBUNAL DE ARBITRAJE DE LOS TRABAJADORES AL SERVICIO DE LOS PODERES DEL ESTADO,NSS,NSS,NSS
21,21,55,COLEGIO DE BACHILLERES DEL ESTADO DE PUEBLA,NSS,NSS,NSS
21,21,56,COLEGIO DE EDUCACION PROFESIONAL TECNICA DEL ESTADO DE PUEBLA,NSS,NSS,NSS
21,21,57,COLEGIO DE ESTUDIOS CIENTIFICOS Y TECNOLOGICOS DEL ESTADO DE PUEBLA,NSS,NSS,NSS
21,21,58,CONSEJO DE CIENCIA Y TECNOLOGIA DEL ESTADO DE PUEBLA,NSS,NSS,NSS
21,21,59,INSTITUTO DE EDUCACION DIGITAL DEL ESTADO DE PUEBLA,NSS,NSS,NSS
21,21,60,INSTITUTO DE PROFESIONALIZACION DEL MAGISTERIO POBLANO,NSS,NSS,NSS
21,21,61,INSTITUTO TECNOLOGICO SUPERIOR DE ACATLAN DE OSORIO,NSS,NSS,NSS
21,21,62,INSTITUTO TECNOLOGICO SUPERIOR DE ATLIXCO,NSS,NSS,NSS
21,21,63,INSTITUTO TECNOLOGICO SUPERIOR DE CIUDAD SERDAN,NSS,NSS,NSS
21,21,64,INSTITUTO TECNOLOGICO SUPERIOR DE HUAUCHINANGO,NSS,NSS,NSS
21,21,65,INSTITUTO TECNOLOGICO SUPERIOR DE LA SIERRA NEGRA DE AJALPAN,NSS,NSS,NSS
21,21,66,INSTITUTO TECNOLOGICO SUPERIOR DE LA SIERRA NORTE DE PUEBLA,NSS,NSS,NSS
21,21,67,INSTITUTO TECNOLOGICO SUPERIOR DE LIBRES,NSS,NSS,NSS
21,21,68,INSTITUTO TECNOLOGICO SUPERIOR DE SAN MARTIN TEXMELUCAN,NSS,NSS,NSS
21,21,69,INSTITUTO TECNOLOGICO SUPERIOR DE TEPEACA,NSS,NSS,NSS
21,21,70,INSTITUTO TECNOLOGICO SUPERIOR DE TEPEXI DE RODRIGUEZ,NSS,NSS,NSS
21,21,71,INSTITUTO TECNOLOGICO SUPERIOR DE TEZIUTLAN,NSS,NSS,NSS
21,21,72,INSTITUTO TECNOLOGICO SUPERIOR DE TLATLAUQUITEPEC,NSS,NSS,NSS
21,21,73,INSTITUTO TECNOLOGICO SUPERIOR DE VENUSTIANO CARRANZA,NSS,NSS,NSS
21,21,74,INSTITUTO TECNOLOGICO SUPERIOR DE ZACAPOAXTLA,NSS,NSS,NSS
21,21,75,UNIVERSIDAD DE LA SALUD,NSS,NSS,NSS
21,21,76,UNIVERSIDAD INTERCULTURAL DEL ESTADO DE PUEBLA,NSS,NSS,NSS
21,21,77,UNIVERSIDAD INTERSERRANA DEL ESTADO DE PUEBLA AHUACATLAN,NSS,NSS,NSS
21,21,78,UNIVERSIDAD INTERSERRANA DEL ESTADO DE PUEBLA CHILCHOTLA,NSS,NSS,NSS
21,21,79,UNIVERSIDAD POLITECNICA DE AMOZOC,NSS,NSS,NSS
21,21,80,UNIVERSIDAD POLITECNICA DE PUEBLA,NSS,NSS,NSS
21,21,81,UNIVERSIDAD POLITECNICA METROPOLITANA DE PUEBLA,NSS,NSS,NSS
21,21,82,UNIVERSIDAD TECNOLOGICA BILINGUE INTERNACIONAL Y SUSTENTABLE DE PUEBLA,NSS,NSS,NSS
21,21,83,UNIVERSIDAD TECNOLOGICA DE HUEJOTZINGO,NSS,NSS,NSS
21,21,84,UNIVERSIDAD TECNOLOGICA DE IZUCAR DE MATAMOROS,NSS,NSS,NSS
21,21,85,UNIVERSIDAD TECNOLOGICA DE ORIENTAL,NSS,NSS,NSS
21,21,86,UNIVERSIDAD TECNOLOGICA DE PUEBLA,NSS,NSS,NSS
21,21,87,UNIVERSIDAD TECNOLOGICA DE TECAMACHALCO,NSS,NSS,NSS
21,21,88,UNIVERSIDAD TECNOLOGICA DE TEHUACAN,NSS,NSS,NSS
21,21,89,UNIVERSIDAD TECNOLOGICA DE XICOTEPEC DE JUAREZ,NSS,NSS,NSS
21,21,90,INSTITUTO DE LA DISCAPACIDAD DEL ESTADO DE PUEBLA,NSS,NSS,NSS
21,21,91,INSTITUTO POBLANO DEL DEPORTE Y JUVENTUD,NSS,NSS,NSS
22,22,1,JEFATURA DE GABINETE,52,29,23
22,22,2,SECRETARIA PARTICULAR,79,54,25
22,22,3,UNIDAD DE COMUNICACION SOCIAL,116,49,67
22,22,4,SECRETARIA DE GOBIERNO,390,151,239
22,22,5,SECRETARIA DE SEGURIDAD CIUDADANA,1143,763,380
22,22,6,SECRETARIA DE FINANZAS,725,308,417
22,22,7,SECRETARIA DE LA CONTRALORIA,180,87,93
22,22,8,SECRETARIA DE DESARROLLO SUSTENTABLE,122,52,70
22,22,9,SECRETARIA DE DESARROLLO AGROPECUARIO,204,150,54
22,22,10,SECRETARIA DE DESARROLLO URBANO Y OBRAS PUBLICAS,267,155,112
22,22,11,SECRETARIA DE EDUCACION,127,55,72
22,22,12,SECRETARIA DE LA JUVENTUD,54,20,34
22,22,13,SECRETARIA DE DESARROLLO SOCIAL,195,101,94
22,22,14,SECRETARIA DEL TRABAJO,264,111,153
22,22,15,SECRETARIA DE TURISMO,81,36,45
22,22,16,SECRETARIA DE SALUD,10,3,7
22,22,17,OFICIALIA MAYOR,560,323,237
22,22,18,SECRETARIA DE PLANEACION Y PARTICIPACION CIUDADANA,16,9,7
22,22,19,SECRETARIA DE CULTURA,184,117,67
22,22,20,COORDINACION ESTATAL DE DESARROLLO MUNICIPAL,5,0,5
22,22,21,INSTITUTO DE ESTUDIOS CONSTITUCIONALES DEL ESTADO DE QUERETARO,8,4,4
22,22,22,CONSEJO ESTATAL DE POBLACION DEL ESTADO DE QUERETARO,6,3,3
22,22,23,COORDINACION ESTATAL DE PROTECCION CIVIL,50,31,19
22,22,24,DIRECCION ESTATAL DE ARCHIVOS,28,11,17
22,22,25,SISTEMA ESTATAL DE PROTECCION INTEGRAL A NIÑOS NIÑAS Y ADOLESCENTES,1,0,1
22,22,26,INSTITUTO DE LA DEFENSORIA PENAL PUBLICA DEL ESTADO DE QUERETARO,66,28,38
22,22,27,AUTORIDAD DE EJECUCION DE MEDIDAS DEL SISTEMA INTEGRAL DE JUSTICIA PENAL PARA ADOLESCENTES DEL ESTADO DE QUERETARO,51,25,26
22,22,28,AUTORIDAD DE SUPERVISION DE MEDIDAS CAUTELARES SUSPENSION CONDICIONAL DEL PROCESO LIBERTAD CONDICIONADA Y MEDIDAS DE SEGURIDAD EN LIBERTAD DEL ESTADO DE QUERETARO,46,21,25
22,22,29,COMISION LOCAL DE BUSQUEDA DE PERSONAS DEL ESTADO DE QUERETARO,4,2,2
22,22,30,CONSEJO ESTATAL DE SEGURIDAD PUBLICA,11,5,6
22,22,31,CENTRO ESTATAL DE PREVENCION SOCIAL,0,0,0
22,22,32,CENTRO DE JUSTICIA PARA LAS MUJERES DEL ESTADO DE QUERETARO,3,0,3
22,22,33,UNIDAD ESTATAL DEL SISTEMA DE EVALUACION DEL DESEMPEÑO,2,0,2
22,22,34,UNIDAD DE TRANSPARENCIA DEL PODER EJECUTIVO DEL ESTADO DE QUERETARO,6,1,5
22,22,35,JUNTA DE ASISTENCIA PRIVADA,2,1,1
22,22,36,ESCUELA NORMAL DEL ESTADO DE QUERETARO ANDRES BALVANERA,335,137,198
22,22,37,ESCUELA NORMAL SUPERIOR DE QUERETARO,NSS,NSS,NSS
22,22,38,UNIVERSIDAD PEDAGOGICA NACIONAL,NSS,NSS,NSS
22,22,39,CENTRO EDUCATIVO Y CULTURAL DEL ESTADO DE QUERETARO MANUEL GOMEZ MORIN,24,13,11
22,22,40,CONSEJO ESTATAL CONTRA LAS ADICCIONES,6,3,3
22,22,41,COMISION DE ARBITRAJE MEDICO DEL ESTADO DE QUERETARO,9,4,5
22,22,42,CASA DEL JUBILADO Y PENSIONADO DEL ESTADO DE QUERETARO,4,2,2
22,22,43,COMISION DE MEJORA REGULATORIA DEL ESTADO DE QUERETARO,10,3,7
22,22,44,CENTRO ESTATAL DE PARTICIPACION CIUDADANA DE QUERETARO,1,1,0
22,22,45,COMISION ESTATAL DE AGUAS,1391,1075,316
22,22,46,PROCURADURIA ESTATAL DE PROTECCION AL MEDIO AMBIENTE Y DESARROLLO URBANO,17,8,9
22,22,47,PATRONATO DE LAS FIESTAS DE QUERETARO,9,7,2
22,22,48,COMISION PARA EL FOMENTO ECONOMICO DE LAS EMPRESAS DEL SECTOR INDUSTRIAL COMERCIAL Y DE SERVICIOS DEL ESTADO DE QUERETARO,1,0,1
22,22,49,SISTEMA ESTATAL DE COMUNICACION CULTURAL Y EDUCATIVA,44,32,12
22,22,50,SISTEMA PARA EL DESARROLLO INTEGRAL DE LA FAMILIA DEL ESTADO DE QUERETARO,403,122,281
22,22,51,INSTITUTO QUERETANO DEL TRANSPORTE,NSS,NSS,NSS
22,22,52,CENTRO DE CAPACITACION FORMACION E INVESTIGACION PARA LA SEGURIDAD DEL ESTADO DE QUERETARO,27,15,12
22,22,53,CENTRO DE INFORMACION Y ANALISIS PARA LA SEGURIDAD DE QUERETARO,131,65,66
22,22,54,CENTRO DE EVALUACION Y CONTROL DE CONFIANZA DEL ESTADO DE QUERETARO,68,18,50
22,22,55,COMISION ESTATAL DEL SISTEMA PENITENCIARIO DE QUERETARO,822,412,410
22,22,56,AEROPUERTO INTERCONTINENTAL DE QUERETARO SA DE CV,140,99,41
22,22,57,FIDEICOMISO PROMOTOR DEL EMPLEO,0,0,0
22,22,58,INSTITUTO QUERETANO DE LAS MUJERES,145,10,135
22,22,59,CASA QUERETANA DE LAS ARTESANIAS,15,7,8
22,22,60,INSTITUTO DE LA VIVIENDA DEL ESTADO DE QUERETARO,NSS,NSS,NSS
22,22,61,COMISION ESTATAL DE INFRAESTRUCTURA DE QUERETARO,NSS,NSS,NSS
22,22,62,UNIVERSIDAD TECNOLOGICA DE SAN JUAN DEL RIO,329,182,147
22,22,63,CONSEJO DE CIENCIA Y TECNOLOGIA DEL ESTADO DE QUERETARO,38,18,20
22,22,64,INSTITUTO DE ARTES Y OFICIOS DE QUERETARO,37,22,15
22,22,65,UNIDAD DE SERVICIOS PARA LA EDUCACION BASICA EN EL ESTADO DE QUERETARO,18205,5077,13128
22,22,66,UNIVERSIDAD AUTONOMA DE QUERETARO,NSS,NSS,NSS
22,22,67,COLEGIO DE BACHILLERES DEL ESTADO DE QUERETARO,1694,826,868
22,22,68,UNIVERSIDAD TECNOLOGICA DE QUERETARO,700,344,356
22,22,69,INSTITUTO DE CAPACITACION PARA EL TRABAJO DEL ESTADO DE QUERETARO,301,145,156
22,22,70,COLEGIO DE ESTUDIOS CIENTIFICOS Y TECNOLOGICOS DEL ESTADO DE QUERETARO,537,247,290
22,22,71,INSTITUTO DE INFRAESTRUCTURA FISICA EDUCATIVA DEL ESTADO DE QUERETARO,56,30,26
22,22,72,COLEGIO DE EDUCACION PROFESIONAL TECNICA DEL ESTADO DE QUERETARO,469,220,249
22,22,73,UNIVERSIDAD POLITECNICA DE QUERETARO,316,176,140
22,22,74,UNIVERSIDAD AERONAUTICA EN QUERETARO,365,202,163
22,22,75,UNIVERSIDAD POLITECNICA DE SANTA ROSA JAUREGUI,230,140,90
22,22,76,UNIVERSIDAD TECNOLOGICA DE CORREGIDORA,81,42,39
22,22,77,INSTITUTO DEL DEPORTE Y LA RECREACION DEL ESTADO DE QUERETARO,201,118,83
22,22,78,CENTRO DE CONCILIACION LABORAL DEL ESTADO DE QUERETARO,NSS,NSS,NSS
22,22,79,SERVICIOS DE SALUD DEL ESTADO DE QUERETARO,8008,2736,5272
22,22,80,CENTRO ESTATAL DE TRASPLANTES DE QUERETARO,NSS,NSS,NSS
22,22,81,FIDEICOMISO PROMOTOR DE PROYECTOS ECONOMICOS Y DE BIENESTAR SOCIAL,7,4,3
22,22,82,FIDEICOMISO PROMOTOR DE TURISMO EN EL ESTADO DE QUERETARO,0,0,0
22,22,83,SECRETARIA EJECUTIVA DEL SISTEMA ESTATAL ANTICORRUPCION,12,5,7
23,23,1,DESPACHO DEL GOBERNADOR,101,52,49
23,23,2,SECRETARIA DE DESARROLLO AGROPECUARIO RURAL Y PESCA,235,135,100
23,23,3,SECRETARIA DE FINANZAS Y PLANEACION,976,552,424
23,23,4,SECRETARIA DE OBRAS PUBLICAS,289,191,98
23,23,5,SECRETARIA DE DESARROLLO TERRITORIAL URBANO SUSTENTABLE,220,135,85
23,23,6,SECRETARIA DE DESARROLLO SOCIAL,143,69,74
23,23,7,SECRETARIA DE DESARROLLO ECONOMICO,97,41,56
23,23,8,SECRETARIA DE EDUCACION,85,47,38
23,23,9,SECRETARIA DE LA CONTRALORIA DEL ESTADO,269,126,143
23,23,10,SECRETARIA DE GOBIERNO,253,121,132
23,23,11,SECRETARIA DE ECOLOGIA Y MEDIO AMBIENTE,109,61,48
23,23,12,SECRETARIA DE SALUD,20,8,12
23,23,13,SECRETARIA DE SEGURIDAD PUBLICA,2304,1506,798
23,23,14,SECRETARIA DEL TRABAJO Y PREVISION SOCIAL,207,77,130
23,23,15,SECRETARIA DE TURISMO,118,64,54
23,23,16,CONSEJERIA JURIDICA DEL PODER EJECUTIVO,29,13,16
23,23,17,COORDINACION GENERAL DE COMUNICACION DEL GOBIERNO DEL ESTADO DE QUINTANA ROO,80,38,42
23,23,18,SERVICIO DE ADMINISTRACION TRIBUTARIA DE QUINTANA ROO,646,343,303
23,23,19,PROCURADURIA FISCAL DEL ESTADO DE QUINTANA ROO,10,3,7
23,23,20,CENTRO DE EVALUACION DEL DESEMPEÑO DEL ESTADO DE QUINTANA ROO,4,2,2
23,23,21,COMISION DE BUSQUEDA DE PERSONAS DEL ESTADO DE QUINTANA ROO,13,7,6
23,23,22,INSTITUTO QUINTANARROENSE DE INNOVACION Y TECNOLOGIA,40,23,17
23,23,23,COMISION ESTATAL DE MEJORA REGULATORIA,4,0,4
23,23,24,REPRESENTACION DEL GOBIERNO DEL ESTADO EN LA CIUDAD DE MEXICO,17,10,7
23,23,25,SECRETARIA EJECUTIVA DEL SISTEMA ESTATAL DE PROTECCION DE LOS DERECHOS DE NIÑAS NIÑOS Y ADOLESCENTES,10,5,5
23,23,26,PROCURADURIA DE PROTECCION AL AMBIENTE DEL ESTADO DE QUINTANA ROO,49,34,15
23,23,27,INSTITUTO DE BIODIVERSIDAD Y AREAS NATURALES PROTEGIDAS DEL ESTADO DE QUINTANA ROO,27,18,9
23,23,28,COORDINACION ESTATAL DE PROTECCION CIVIL,37,24,13
23,23,29,JUNTA DE ASISTENCIA SOCIAL PRIVADA DE QUINTANA ROO,9,3,6
23,23,30,ADMINISTRACION DEL PATRIMONIO DE LA BENEFICIENCIA PUBLICA DEL ESTADO DE QUINTANA ROO,12,4,8
23,23,31,CENTRO ESTATAL DE EVALUACION Y CONTROL DE CONFIANZA,93,29,64
23,23,32,ARCHIVO GENERAL DEL ESTADO,28,12,16
23,23,33,INSTITUTO GEOGRAFICO Y CATASTRAL DEL ESTADO DE QUINTANA ROO,19,14,5
23,23,34,REGISTRO PUBLICO DE LA PROPIEDAD Y DEL COMERCIO DEL ESTADO DE QUINTANA ROO,82,22,60
23,23,35,SERVICIO ESTATAL DEL EMPLEO Y CAPACITACION PARA EL TRABAJO,37,18,19
23,23,36,INSTITUTO DE CULTURA Y LAS ARTES DE QUINTANA ROO,250,117,133
23,23,37,SISTEMA QUINTANARROENSE DE COMUNICACION SOCIAL,300,195,105
23,23,38,FUNDACION DE PARQUES Y MUSEOS DE COZUMEL QUINTANA ROO,240,154,86
23,23,39,INSTITUTO PARA EL DESARROLLO Y FINANCIAMIENTO DEL ESTADO DE QUINTANA ROO,17,6,11
23,23,40,INSTITUTO PARA EL DESARROLLO DEL PUEBLO MAYA Y LAS COMUNIDADES INDIGENAS DEL ESTADO DE QUINTANA ROO,31,19,12
23,23,41,COMISION EJECUTIVA DE ATENCION A VICTIMAS DEL ESTADO DE QUINTANA ROO,98,42,56
23,23,42,CONSEJO QUINTANARROENSE DE CIENCIA Y TECNOLOGIA,96,54,42
23,23,43,INSTITUTO DE MOVILIDAD DEL ESTADO DE QUINTANA ROO,136,79,57
23,23,44,COMISION PARA LA JUVENTUD Y EL DEPORTE DE QUINTANA ROO,343,237,106
23,23,45,INSTITUTO QUINTANARROENSE DE LA JUVENTUD,59,28,31
23,23,46,AGENCIA DE PROYECTOS ESTRATEGICOS DEL ESTADO DE QUINTANA ROO,227,130,97
23,23,47,SERVICIOS EDUCATIVOS DE QUINTANA ROO,16982,6928,10054
23,23,48,INSTITUTO DE INFRAESTRUCTURA FISICA EDUCATIVA DEL ESTADO DE QUINTANA ROO,127,69,58
23,23,49,INSTITUTO ESTATAL PARA LA EDUCACION DE JOVENES Y ADULTOS,181,92,89
23,23,50,CENTRO DE ESTUDIOS DE BACHILLERATO TECNICO EVA SAMANO DE LOPEZ MATEOS,142,68,74
23,23,51,COLEGIO DE BACHILLERES DEL ESTADO DE QUINTANA ROO,1547,830,717
23,23,52,COLEGIO DE ESTUDIOS CIENTIFICOS Y TECNOLOGICOS DE QUINTANA ROO,658,359,299
23,23,53,COLEGIO DE EDUCACION PROFESIONAL Y TECNICA DEL ESTADO DE QUINTANA ROO,835,433,402
23,23,54,INSTITUTO TECNOLOGICO SUPERIOR DE FELIPE CARRILLO PUERTO,NSS,NSS,NSS
23,23,55,UNIVERSIDAD DEL CARIBE,485,236,249
23,23,56,UNIVERSIDAD POLITECNICA DE BACALAR,74,31,43
23,23,57,UNIVERSIDAD DE QUINTANA ROO,1153,588,565
23,23,58,UNIVERSIDAD TECNOLOGICA DE CHETUMAL,99,56,43
23,23,59,UNIVERSIDAD POLITECNICA DE QUINTANA ROO,140,84,56
23,23,60,UNIVERSIDAD INTERCULTURAL MAYA DE QUINTANA ROO,85,52,33
23,23,61,UNIVERSIDAD TECNOLOGICA DE CANCUN,381,186,195
23,23,62,UNIVERSIDAD TECNOLOGICA DE LA RIVIERA MAYA,162,81,81
23,23,63,SECRETARIA EJECUTIVA DEL SISTEMA ANTICORRUPCION DEL ESTADO DE QUINTANA ROO,13,5,8
23,23,64,INSTITUTO QUINTANARROENSE DE LA MUJER,115,30,85
23,23,65,CENTRO DE CONCILIACION LABORAL,81,30,51
23,23,66,SISTEMA PARA EL DESARROLLO INTEGRAL DE LA FAMILIA DEL ESTADO DE QUINTANA ROO,1361,404,957
23,23,67,SERVICIOS ESTATALES DE SALUD,8124,3543,4581
23,23,68,SECRETARIADO EJECUTIVO DEL SISTEMA ESTATAL DE SEGURIDAD PUBLICA,92,67,25
23,23,69,COMISION DE AGUA POTABLE Y ALCANTARILLADO,1271,943,328
23,23,70,INSTITUTO DE CAPACITACION PARA EL TRABAJO DEL ESTADO DE QUINTANA ROO,325,166,159
23,23,71,CONSEJO DE PROMOCION TURISTICA DE QUINTANA ROO,NSS,NSS,NSS
23,23,72,ADMINISTRACION PORTUARIA INTEGRAL DE QUINTANA ROO,374,237,137
23,23,73,VIP SERVICIOS AREOS EJECUTIVOS,46,34,12
24,24,1,DESPACHO DEL EJECUTIVO,81,50,31
24,24,2,SECRETARIA GENERAL DE GOBIERNO,560,274,286
24,24,3,SECRETARIA TECNICA DEL GABINETE,14,5,9
24,24,4,UNIDAD DE SISTEMAS E INFORMATICA DEL PODER EJECUTIVO DE SAN LUIS POTOSI,14,10,4
24,24,5,SECRETARIA DE FINANZAS,814,356,458
24,24,6,SISTEMA EDUCATIVO ESTATAL REGULAR,6547,2380,4167
24,24,7,SECRETARIA DE EDUCACION,34832,12523,22309
24,24,8,SECRETARIA DE CULTURA,502,301,201
24,24,9,SECRETARIA DE COMUNICACIONES Y TRANSPORTES,117,75,42
24,24,10,SECRETARIA DE DESARROLLO SOCIAL Y REGIONAL,165,84,81
24,24,11,SECRETARIA DE DESARROLLO AGROPECUARIO Y RECURSOS HIDRAULICOS,257,177,80
24,24,12,SECRETARIA DE DESARROLLO URBANO VIVIENDA Y OBRAS PUBLICAS,194,123,71
24,24,13,SECRETARIA DE DESARROLLO ECONOMICO,104,49,55
24,24,14,SECRETARIA DEL TRABAJO Y PREVISION SOCIAL,310,141,169
24,24,15,SECRETARIA DE TURISMO,80,32,48
24,24,16,SECRETARIA DE ECOLOGIA Y GESTION AMBIENTAL,82,45,37
24,24,17,SECRETARIADO EJECUTIVO DEL CONSEJO ESTATAL DE SEGURIDAD PUBLICA DEL ESTADO,60,39,21
24,24,18,SECRETARIA DE SEGURIDAD PUBLICA,4538,3641,897
24,24,19,OFICIALIA MAYOR,395,205,190
24,24,20,CONTRALORIA GENERAL DEL ESTADO,165,82,83
24,24,21,COORDINACION GENERAL DE LA DEFENSORIA PUBLICA DEL ESTADO,191,91,100
24,24,22,CONSEJERIA JURIDICA,9,8,1
24,24,23,COORDINACION GENERAL DE COMUNICACION SOCIAL,68,48,20
24,24,24,CONSEJO POTOSINO DE CIENCIA Y TECNOLOGIA,9,2,7
24,24,25,ARCHIVO HISTORICO DEL ESTADO LICENCIADO ANTONIO ROCHA CORDERO,24,10,14
24,24,26,CENTRO ESTATAL DE CULTURA Y RECREACION TANGAMANGA I Y II PROFESOR CARLOS JONGUITUD BARRIOS,356,295,61
24,24,27,INSTITUTO POTOSINO DE CULTURA FISICA Y DEPORTE,171,114,57
24,24,28,INSTITUTO POTOSINO DE LA JUVENTUD,19,14,5
24,24,29,SERVICIOS DE SALUD DE SAN LUIS POTOSI,6551,2305,4246
24,24,30,JUNTA ESTATAL DE CAMINOS,199,143,56
24,24,31,INSTITUTO ESTATAL DE INFRAESTRUCTURA FISICA EDUCATIVA,68,40,28
24,24,32,CONSEJO ESTATAL DE POBLACION,25,10,15
24,24,33,INSTITUTO DE DESARROLLO HUMANO Y SOCIAL DE LOS PUEBLOS INDIGENAS,23,14,9
24,24,34,SISTEMA ESTATAL PARA EL DESARROLLO INTEGRAL DE LA FAMILIA,745,271,474
24,24,35,INSTITUTO ESTATAL DE CIEGOS,17,2,15
24,24,36,PROMOTORA DEL ESTADO DE SAN LUIS POTOSI,28,16,12
24,24,37,CENTRO DE CONVENCIONES DE SAN LUIS POTOSI,25,12,13
24,24,38,INSTITUTO DE VIVIENDA DEL ESTADO,53,26,27
24,24,39,COMISION ESTATAL DEL AGUA,88,55,33
24,24,40,COMISION EJECUTIVA ESTATAL DE ATENCION A VICTIMAS,127,46,81
24,24,41,COORDINACION ESTATAL PARA EL FORTALECIMIENTO INSTITUCIONAL DE LOS MUNICIPIOS,41,26,15
24,24,42,INSTITUTO DE LAS MUJERES DEL ESTADO DE SAN LUIS POTOSI,39,4,35
24,24,43,INSTITUTO REGISTRAL Y CATASTRAL DEL ESTADO DE SAN LUIS POTOSI,135,68,67
24,24,44,CENTRO DE JUSTICIA PARA MUJERES DEL ESTADO DE SAN LUIS POTOSI,97,11,86
24,24,45,INSTITUTO DE TELEVISION PUBLICA DE SAN LUIS POTOSI XHSLS CANAL 9,36,19,17
24,24,46,CENTRO DE CONCILIACION LABORAL DEL ESTADO DE SAN LUIS POTOSI,37,19,18
24,24,47,SECRETARIA EJECUTIVA DEL SISTEMA ESTATAL ANTICORRUPCION,9,5,4
24,24,48,INSTITUTO ESTATAL DE EDUCACION PARA ADULTOS,254,109,145
24,24,49,COLEGIO DE BACHILLERES,1977,1073,904
24,24,50,COLEGIO DE EDUCACION PROFESIONAL TECNICA DEL ESTADO DE SAN LUIS POTOSI,202,94,108
24,24,51,COLEGIO DE ESTUDIOS CIENTIFICOS Y TECNOLOGICOS,813,422,391
24,24,52,UNIVERSIDAD INTERCULTURAL,433,207,226
24,24,53,INSTITUTO TECNOLOGICO SUPERIOR DE EBANO,60,26,34
24,24,54,INSTITUTO TECNOLOGICO SUPERIOR DE TAMAZUNCHALE,140,73,67
24,24,55,UNIVERSIDAD TECNOLOGICA DE SAN LUIS POTOSI,287,110,177
24,24,56,INSTITUTO TECNOLOGICO SUPERIOR DE RIOVERDE,132,67,65
24,24,57,UNIVERSIDAD POLITECNICA DE SAN LUIS POTOSI,426,212,214
24,24,58,INSTITUTO TECNOLOGICO SUPERIOR DE SAN LUIS POTOSI CAPITAL,168,95,73
24,24,59,INSTITUTO POTOSINO DE BELLAS ARTES,135,80,55
24,24,60,MUSEO DEL VIRREINATO,8,6,2
24,24,61,CENTRO CULTURAL REAL DE CATORCE,6,3,3
24,24,62,MUSEO DEL FERROCARRIL,19,10,9
24,24,63,MUSEO DE ARTE CONTEMPORANEO,10,7,3
24,24,64,MUSEO LABERINTO DE LAS CIENCIAS Y LAS ARTES,61,32,29
24,24,65,CENTRO DE LAS ARTES DE SAN LUIS POTOSI,78,39,39
24,24,66,MUSEO FRANCISCO COSSIO,35,19,16
24,24,67,MUSEO FEDERICO SILVA ESCULTURA CONTEMPORANEA,12,7,5
24,24,68,CINETECA ALAMEDA,13,5,8
24,24,69,MUSEO NACIONAL DE LA MASCARA,18,14,4
24,24,70,INSTITUTO TEMAZCALLI PREVENCION Y REHABILITACION,103,48,55
24,24,71,INSTITUTO GERIATRICO DOCTOR NICOLAS AGUILAR,76,22,54
24,24,72,CENTRO DE ASISTENCIA SOCIAL ROSARIO CASTELLANOS,20,1,19
24,24,73,CENTRO DE ASISTENCIA SOCIAL RAFAEL NIETO,43,18,25
24,24,74,CENTRO DE ASISTENCIA SOCIAL MARGARITA MAZA DE JUAREZ,48,8,40
24,24,75,SISTEMA DE FINANCIAMIENTO PARA EL DESARROLLO DEL ESTADO DE SAN LUIS POTOSI,38,17,21
24,24,76,INSTITUTO DE CAPACITACION PARA EL TRABAJO DEL ESTADO DE SAN LUIS POTOSI,182,86,96
24,24,77,UNIVERSIDAD TECNOLOGICA METROPOLITANA DE SAN LUIS POTOSI,44,21,23
24,24,78,CENTRO ESTATAL DE TRASPLANTES,10,6,4
24,24,79,MUSEO CASA DEL REBOZO,10,2,8
25,25,1,EJECUTIVO DEL ESTADO,72,49,23
25,25,2,SECRETARIA GENERAL DE GOBIERNO,1924,865,1059
25,25,3,SECRETARIA DE ADMINISTRACION Y FINANZAS,1991,1034,957
25,25,4,SECRETARIA DE INNOVACION,163,91,72
25,25,5,SECRETARIA DE DESARROLLO SOCIAL,158,38,120
25,25,6,SECRETARIA DE DESARROLLO SUSTENTABLE,174,85,89
25,25,7,SECRETARIA DE ECONOMIA,115,53,62
25,25,8,SECRETARIA DE OBRAS PUBLICAS,215,150,65
25,25,9,SECRETARIA DE EDUCACION PUBLICA Y CULTURA,15359,5549,9810
25,25,10,SECRETARIA DE SALUD,1569,488,1081
25,25,11,SECRETARIA DE AGRICULTURA Y GANADERIA,105,71,34
25,25,12,SECRETARIA DE PESCA Y ACUACULTURA,42,18,24
25,25,13,SECRETARIA DE TURISMO,61,20,41
25,25,14,SECRETARIA DE SEGURIDAD PUBLICA,3101,2038,1063
25,25,15,SECRETARIA DE TRANSPARENCIA Y RENDICION DE CUENTAS,63,25,38
25,25,16,PROCURADURIA FISCAL,21,12,9
25,25,17,ARCHIVO HISTORICO DE SINALOA,27,10,17
25,25,18,ADMINISTRACION DE LA BENEFICIENCIA PUBLICA DEL ESTADO DE SINALOA,3,1,2
25,25,19,COORDINACION DE PROYECTOS ESPECIALES E INTERINSTITUCIONALES,1,1,0
25,25,20,COMISION ESTATAL DE PREVENCION TRATAMIENTO Y CONTROL DE LAS ADICCIONES,9,6,3
25,25,21,COORDINACION DE ESTRATEGIA DIGITAL,5,2,3
25,25,22,COORDINACION DE COMUNICACION SOCIAL,57,29,28
25,25,23,DIRECCION DE PREVENCION Y REINSERCION SOCIAL,28,12,16
25,25,24,JUNTA LOCAL DE CONCILIACION Y ARBITRAJE,140,56,84
25,25,25,JUNTA DE ASISTENCIA PRIVADA DE SINALOA,23,10,13
25,25,26,CENTRO DE INTERNAMIENTO PARA ADOLESCENTES,18,7,11
25,25,27,CONSEJO ESTATAL DE POBLACION,14,3,11
25,25,28,COMISION PARA LA ATENCION DE LAS COMUNIDADES INDIGENAS DE SINALOA,15,12,3
25,25,29,CONSEJO ESTATAL PARA LA PREVENCION Y ATENCION DE LA VIOLENCIA FAMILIAR,61,15,46
25,25,30,INSTITUTO PARA LA ATENCION INTEGRAL DEL MENOR DEL ESTADO DE SINALOA,50,16,34
25,25,31,INSTITUTO ESTATAL DE PROTECCION CIVIL DE SINALOA,13,9,4
25,25,32,REPRESENTACION DEL GOBIERNO DEL ESTADO DE SINALOA EN LA CIUDAD DE MEXICO,11,7,4
25,25,33,INSTITUTO DE LA DEFENSORIA PUBLICA,263,82,181
25,25,34,INSTITUTO SINALOENSE DE DESARROLLO SOCIAL,4,2,2
25,25,35,INSTITUTO CATASTRAL DEL ESTADO DE SINALOA,196,115,81
25,25,36,TRIBUNAL DE JUSTICIA ADMINISTRATIVA,31,12,19
25,25,37,INSTITUTO ESTATAL DE CIENCIAS PENALES,41,16,25
25,25,38,COMISION ESTATAL PARA LA PROTECCION CONTRA RIESGOS SANITARIOS DE SINALOA,23,15,8
25,25,39,SISTEMA SINALOENSE DE RADIO Y TELEVISION,17,7,10
25,25,40,PREESFORZADOS CONCRETOS Y AGREGADOS DE SINALOA,NSS,NSS,NSS
25,25,41,INSTITUTO SINALOENSE DE LA INFRAESTRUCTURA FISICA EDUCATIVA,NSS,NSS,NSS
25,25,42,INSTITUTO SINALOENSE DE LAS MUJERES,NSS,NSS,NSS
25,25,43,UNIVERSIDAD PEDAGOGICA DEL ESTADO DE SINALOA,NSS,NSS,NSS
25,25,44,SERVICIOS DE SALUD DE SINALOA,NSS,NSS,NSS
25,25,45,SERVICIOS DE EDUCACION PUBLICA DESCENTRALIZADA DEL ESTADO DE SINALOA,NSS,NSS,NSS
25,25,46,INSTITUTO DE SEGURIDAD Y SERVICIOS SOCIALES DE LOS TRABAJADORES DE LA EDUCACION DEL ESTADO DE SINALOA,NSS,NSS,NSS
25,25,47,INSTITUTO SINALOENSE PARA LA EDUCACION DE LOS ADULTOS,NSS,NSS,NSS
25,25,48,INTERNADO INFANTIL PROFRA PAQUITA NUÑEZ ZEPEDA,2,0,2
25,25,49,INSTITUTO SINALOENSE DE LA JUVENTUD,NSS,NSS,NSS
25,25,50,INSTITUTO SINALOENSE DE LA CULTURA FISICA Y EL DEPORTE,NSS,NSS,NSS
25,25,51,INSTITUTO SINALOENSE DE CULTURA,188,94,94
25,25,52,INSTITUTO DE CAPACITACION PARA EL TRABAJO DEL ESTADO DE SINALOA,NSS,NSS,NSS
25,25,53,HOSPITAL PEDIATRICO DE SINALOA,629,178,451
25,25,54,HOSPITAL CIVIL DE CULIACAN,NSS,NSS,NSS
25,25,55,FONDO PARA LA DOTACION Y MANTENIMIENTO DE EQUIPOS Y PROGRAMAS DE COMPUTO A LOS PLANTELES DE EDUCACION PUBLICA BASICA DEL ESTADO DE SINALOA,NSS,NSS,NSS
25,25,56,ESCUELA NORMAL DE SINALOA,299,130,169
25,25,57,ESCUELA NORMAL DE ESPECIALIZACION DEL ESTADO DE SINALOA,102,40,62
25,25,58,COLEGIO DE SINALOA,NSS,NSS,NSS
25,25,59,SISTEMA PARA EL DESARROLLO INTEGRAL DE LA FAMILIA,836,257,579
25,25,60,DESARROLLO URBANO TRES RIOS,NSS,NSS,NSS
25,25,61,SECRETARIADO EJECUTIVO DEL SISTEMA ESTATAL DE SEGURIDAD PUBLICA,116,50,66
25,25,62,COLEGIO NACIONAL DE EDUCACION PROFESIONAL TECNICA DE SINALOA,NSS,NSS,NSS
25,25,63,COMISION ESTATAL DE AGUA POTABLE Y ALCANTARILLADO DE SINALOA,NSS,NSS,NSS
25,25,64,COMISION DE ARBITRAJE MEDICO DEL ESTADO DE SINALOA,3,0,3
25,25,65,CONSEJO PARA EL DESARROLLO ECONOMICO DE SINALOA,NSS,NSS,NSS
25,25,66,COMISION COORDINADORA DE CAPACITACION Y ASESORIA FISCAL,NSS,NSS,NSS
25,25,67,COLEGIO DE BACHILLERES DEL ESTADO DE SINALOA,NSS,NSS,NSS
25,25,68,CENTRO DE CIENCIAS DE SINALOA,NSS,NSS,NSS
25,25,69,COMISION ESTATAL DE MEJORA REGULATORIA Y GESTION EMPRESARIAL,NSS,NSS,NSS
25,25,70,INSTITUTO DE APOYO A LA INVESTIGACION E INNOVACION,NSS,NSS,NSS
25,25,71,INSTITUTO DE PENSIONES DEL ESTADO DE SINALOA,22,10,12
25,25,72,REGIMEN ESTATAL DE PROTECCION SOCIAL EN SALUD DEL ESTADO DE SINALOA,NSS,NSS,NSS
25,25,73,INSTITUTO SINALOENSE DE ACUACULTURA Y PESCA,10,8,2
25,25,74,UNIVERSIDAD POLITECNICA DEL MAR Y LA SIERRA,NSS,NSS,NSS
25,25,75,UNIVERSIDAD POLITECNICA DEL VALLE DEL EVORA,NSS,NSS,NSS
25,25,76,UNIVERSIDAD POLITECNICA DE SINALOA,NSS,NSS,NSS
25,25,77,UNIVERSIDAD TECNOLOGICA DE CULIACAN,NSS,NSS,NSS
25,25,78,UNIVERSIDAD TECNOLOGICA DE ESCUINAPA,NSS,NSS,NSS
25,25,79,INSTITUTO TECNOLOGICO SUPERIOR DE GUASAVE,NSS,NSS,NSS
25,25,80,INSTITUTO TECNOLOGICO SUPERIOR DE EL DORADO,NSS,NSS,NSS
25,25,81,ESCUELA NORMAL EXPERIMENTAL DE EL FUERTE,NSS,NSS,NSS
25,25,82,COMISION DE VIVIENDA DEL ESTADO DE SINALOA,NSS,NSS,NSS
25,25,83,COLEGIO DE ESTUDIOS CIENTIFICOS Y TECNOLOGICOS DEL ESTADO DE SINALOA,NSS,NSS,NSS
25,25,84,SISTEMA ESTATAL Y MUNICIPAL ANTICORRUPCION DEL ESTADO DE SINALOA,NSS,NSS,NSS
26,26,1,EJECUTIVO DEL ESTADO,95,43,52
26,26,2,SAGARHPA,166,91,75
26,26,3,SECRETARIA DE DESARROLLO SOCIAL,192,75,117
26,26,4,SECRETARIA DE ECONOMIA,75,34,41
26,26,5,SECRETARIA DE EDUCACION Y CULTURA,12120,4136,7984
26,26,6,SECRETARIA DE GOBIERNO,507,221,286
26,26,7,SECRETARIA DE HACIENDA,NSS,NSS,NSS
26,26,8,SECRETARIA DE INFRAESTRUCTURA Y DESARROLLO URBANO,216,111,105
26,26,9,SECRETARIA DE LA CONSEJERIA JURIDICA,145,64,81
26,26,10,SECRETARIA DE LA CONTRALORIA GENERAL,337,171,166
26,26,11,SECRETARIA DE SALUD PUBLICA,91,39,52
26,26,12,SECRETARIA DE SEGURIDAD PUBLICA,3149,2078,1071
26,26,13,SECRETARIA DE TURISMO,35,17,18
26,26,14,SECRETARIA DEL TRABAJO,230,98,132
26,26,15,OFICIALIA MAYOR,NSS,NSS,NSS
26,26,16,ADMINISTRACION PORTUARIA INTEGRAL DE SONORA SA DE CV,NSS,NSS,NSS
26,26,17,CENTRO DE EVALUACION Y CONTROL DE CONFIANZA,81,27,54
26,26,18,CENTRO ESTATAL DE TRASPLANTES,14,6,8
26,26,19,CENTRO REGIONAL DE FORMACION PROFESIONAL DOCENTE DE SONORA,592,251,341
26,26,20,COLEGIO DE BACHILLERES DEL ESTADO DE SONORA,1851,969,882
26,26,21,COLEGIO DE EDUCACION PROFESIONAL TECNICA DEL ESTADO DE SONORA,1056,533,523
26,26,22,COLEGIO DE ESTUDIOS CIENTIFICOS Y TECNOLOGICOS DEL ESTADO DE SONORA,1572,783,789
26,26,23,COMISION DE ECOLOGIA Y DESARROLLO SUSTENTABLE DEL ESTADO DE SONORA,178,99,79
26,26,24,COMISION DE VIVIENDA DEL ESTADO DE SONORA,39,21,18
26,26,25,COMISION DEL DEPORTE DEL ESTADO DE SONORA,311,194,117
26,26,26,COMISION EJECUTIVA ESTATAL DE ATENCION A VICTIMAS,7,3,4
26,26,27,COMISION ESTATAL DEL AGUA,78,46,32
26,26,28,COMISION ESTATAL PARA EL DESARROLLO DE LOS PUEBLOS Y COMUNIDADES INDIGENAS,22,9,13
26,26,29,COMITE DE CAMPAÑA PARA LA ERRADICACION DE LA TUBERCULOSIS Y BRUCELOSIS BOVINA DEL ESTADO DE SONORA,NSS,NSS,NSS
26,26,30,CONSEJO ESTATAL DE CIENCIA Y TECNOLOGIA,6,2,4
26,26,31,CONSEJO ESTATAL DE CONCERTACION PARA LA OBRA PUBLICA,109,63,46
26,26,32,CONSEJO PARA EL RECINTO FIZCALIZADO ESTRATEGICO DE SONORA,NSS,NSS,NSS
26,26,33,CONSEJO SONORENSE REGULADOR DEL BACANORA,4,1,3
26,26,34,COORDINACION ESTATAL DE PROTECCION CIVIL,71,42,29
26,26,35,FIDEICOMISO MAESTRO PARA EL FINANCIAMIENTO DEL SECTOR AGROPECUARIO,6,3,3
26,26,36,FIDEICOMISO FONDO REVOLVENTE SONORA,8,3,5
26,26,37,FIDEICOMISO PUENTE COLORADO,36,23,13
26,26,38,FINANCIERA PARA EL DESARROLLO ECONOMICO DE SONORA,29,8,21
26,26,39,FONDO DE OPERACION DE OBRAS SONORA SI,37,35,2
26,26,40,FONDO ESTATAL DE SOLIDARIDAD,1,0,1
26,26,41,FONDO ESTATAL PARA LA MODERNIZACION DEL TRANSPORTE,18,2,16
26,26,42,IMPULSOR FIDEICOMISO OPERADORA DE PROYECTOS ESTRATEGICOS DEL ESTADO DE SONORA,6,4,2
26,26,43,INSTITUTO DE ACUACULTURA DEL ESTADO DE SONORA,41,29,12
26,26,44,INSTITUTO DE CAPACITACION PARA EL TRABAJO DEL ESTADO DE SONORA,382,186,196
26,26,45,INSTITUTO DE CREDITO Y BECAS DEL ESTADO DE SONORA,122,40,82
26,26,46,INSTITUTO SONORENSE DE CULTURA,309,167,142
26,26,47,INSTITUTO SONORENSE DE EDUCACION PARA LOS ADULTOS,261,77,184
26,26,48,INSTITUTO SONORENSE DE INFRAESTRUCTURA EDUCATIVA,142,70,72
26,26,49,INSTITUTO SONORENSE DE LA JUVENTUD,NSS,NSS,NSS
26,26,50,INSTITUTO SONORENSE DE LAS MUJERES,68,3,65
26,26,51,INSTITUTO SONORENSE PARA LA ATENCION DE ADULTOS MAYORES,NSS,NSS,NSS
26,26,52,INSTITUTO TECNOLOGICO SUPERIOR DE CAJEME,282,152,130
26,26,53,INSTITUTO TECNOLOGICO SUPERIOR DE CANANEA,168,95,73
26,26,54,INSTITUTO TECNOLOGICO SUPERIOR DE PUERTO PEÑASCO,NSS,NSS,NSS
26,26,55,INSTUITUTO SUPERIOR DE SEGURIDAD PUBLICA DEL ESTADO,31,15,16
26,26,56,INSTITUTO DE SEGURIDAD Y SERVICIOS SOCIALES DE LOS TRABAJADORES DEL ESTADO DE SONORA,2908,1264,1644
26,26,57,JUNTA DE CAMINOS DEL ESTADO DE SONORA,274,214,60
26,26,58,PROCURADURIA AMBIENTAL DEL ESTADO DE SONORA,20,10,10
26,26,59,PROGRESO FIDEICOMISO PROMOTOR URBANO,5,3,2
26,26,60,PROMOTORA PARA EL DESARROLLO REGIONAL DE LA MINERIA,NSS,NSS,NSS
26,26,61,PROSONORA,21,5,16
26,26,62,RADIO SONORA,51,30,21
26,26,63,SECRETARIA EJECUTIVA DEL SISTEMA ESTATAL ANTICORRUPCION,8,4,4
26,26,64,SERVICIO DE ADMINISTRACION Y ENAJENACION DE BIENES DE ENTIDADES DEL GOBIERNO DEL ESTADO,5,4,1
26,26,65,SERVICIOS DE SALUD DE SONORA,11083,4295,6788
26,26,66,SERVICIOS EDUCATIVOS DEL ESTADO DE SONORA,19629,7257,12372
26,26,67,SISTEMA ESTATAL DE TELEVISION SONORENSE,4,3,1
26,26,68,SISTEMA PARA EL DESARROLLO INTEGRAL DE LA FAMILIA DEL ESTADO DE SONORA,677,213,464
26,26,69,TELEFONIA RURAL DE SONORA,2,1,1
26,26,70,TELEVISORA DE HERMOSILLO SA DE CV,148,90,58
26,26,71,UNIVERSIDAD DE LA SIERRA,NSS,NSS,NSS
26,26,72,UNIVERSIDAD ESTATAL DE SONORA,1659,824,835
26,26,73,UNIVERSIDAD TECNOLOGICA DE ETCHOJOA,63,35,28
26,26,74,UNIVERSIDAD TECNOLOGICA DE GUAYMAS,82,42,40
26,26,75,UNIVERSIDAD TECNOLOGICA DE HERMOSILLO,378,199,179
26,26,76,UNIVERSIDAD TECNOLOGICA DE NOGALES,172,91,81
26,26,77,UNIVERSIDAD TECNOLOGICA DE PUERTO PEÑASCO,69,40,29
26,26,78,UNIVERSIDAD TECNOLOGICA DE SAN LUIS RIO COLORADO,176,83,93
26,26,79,UNIVERSIDAD TECNOLOGICA DEL SUR DE SONORA,161,101,60
27,27,1,GUBERNATURA,556,324,232
27,27,2,COORDINACION GENERAL DE ASUNTOS JURIDICOS,167,79,88
27,27,3,SECRETARIA DE ADMINISTRACION E INNOVACION GUBERNAMENTAL,1384,927,457
27,27,4,SECRETARIA DE BIENESTAR SUSTENTABILIDAD Y CAMBIO CLIMATICO,314,199,115
27,27,5,SECRETARIA DE CULTURA,1256,641,615
27,27,6,SECRETARIA DE DESARROLLO AGROPECUARIO FORESTAL Y PESCA,960,650,310
27,27,7,SECRETARIA DE EDUCACION,33988,12579,21409
27,27,8,SECRETARIA DE FINANZAS,1080,536,544
27,27,9,SECRETARIA DE GOBIERNO,1390,602,788
27,27,10,SECRETARIA DE LA FUNCION PUBLICA,404,238,166
27,27,11,SECRETARIA DE MOVILIDAD,327,213,114
27,27,12,SECRETARIA DE ORDENAMIENTO TERRITORIAL Y OBRAS PUBLICAS,441,289,152
27,27,13,SECRETARIA DE SALUD,20993,8852,12141
27,27,14,SECRETARIA DE SEGURIDAD Y PROTECCION CIUDADANA,7549,6027,1522
27,27,15,SECRETARIA DE TURISMO,109,56,53
27,27,16,SECRETARIA PARA EL DESARROLLO ECONOMICO Y LA COMPETITIVIDAD,179,86,93
27,27,17,SECRETARIA PARA EL DESARROLLO ENERGETICO,172,109,63
27,27,18,CENTRAL DE MAQUINARIA DE TABASCO,481,428,53
27,27,19,CENTRO DE INTERPRETACION Y CONVIVENCIA CON LA NATURALEZA YUMKA,128,89,39
27,27,20,COMISION DE RADIO Y TELEVISION DE TABASCO,212,150,62
27,27,21,COORDINACION ESTATAL PARA LA REGULARIZACION DE LA TENENCIA DE LA TIERRA,69,41,28
27,27,22,INSTITUTO DE LA JUVENTUD Y EL DEPORTE DE TABASCO,263,176,87
27,27,23,JUNTA ESTATAL DE CAMINOS,511,394,117
27,27,24,CENTRAL DE ABASTO DE VILLAHERMOSA,76,55,21
27,27,25,CENTRO DE CONCILIACION LABORAL DEL ESTADO DE TABASCO,20,14,6
27,27,26,COLEGIO DE BACHILLERES DE TABASCO,3626,2075,1551
27,27,27,COLEGIO DE EDUCACION PROFESIONAL TECNICA DEL ESTADO DE TABASCO,584,306,278
27,27,28,COLEGIO DE ESTUDIOS CIENTIFICOS Y TECNOLOGICOS DEL ESTADO DE TABASCO,1289,792,497
27,27,29,COMISION ESTATAL DE AGUA Y SANEAMIENTO,1897,1459,438
27,27,30,COMISION ESTATAL DE CONCILIACION Y ARBITRAJE MEDICO,19,7,12
27,27,31,CONSEJO DE CIENCIA Y TECNOLOGIA DEL ESTADO DE TABASCO,34,14,20
27,27,32,INSTITUTO DE BENEFICENCIA PUBLICA DEL ESTADO DE TABASCO,12,4,8
27,27,33,INSTITUTO DE EDUCACION PARA ADULTOS DE TABASCO,383,183,200
27,27,34,INSTITUTO DE FORMACION PARA EL TRABAJO DEL ESTADO DE TABASCO,327,143,184
27,27,35,INSTITUTO DE PROTECCION CIVIL DEL ESTADO DE TABASCO,257,188,69
27,27,36,INSTITUTO DE SEGURIDAD SOCIAL DEL ESTADO DE TABASCO,3088,1447,1641
27,27,37,INSTITUTO DE VIVIENDA DE TABASCO,247,164,83
27,27,38,INSTITUTO ESTATAL DE LAS MUJERES,70,26,44
27,27,39,INSTITUTO PARA EL FOMENTO DE LAS ARTESANIAS DE TABASCO,53,24,29
27,27,40,INSTITUTO TABASQUEÑO DE LA INFRAESTRUCTURA FISICA EDUCATIVA,85,53,32
27,27,41,INSTITUTO TECNOLOGICO SUPERIOR DE CENTLA,180,101,79
27,27,42,INSTITUTO TECNOLOGICO SUPERIOR DE COMALCALCO,188,113,75
27,27,43,INSTITUTO TECNOLOGICO SUPERIOR DE LA REGION SIERRA,164,96,68
27,27,44,INSTITUTO TECNOLOGICO SUPERIOR DE LOS RIOS,209,140,69
27,27,45,INSTITUTO TECNOLOGICO SUPERIOR DE MACUSPANA,148,104,44
27,27,46,INSTITUTO TECNOLOGICO SUPERIOR DE VILLA LA VENTA HUIMANGUILLO,174,100,74
27,27,47,MUSEO INTERACTIVO PAPAGAYO,62,30,32
27,27,48,SECRETARIA EJECUTIVA DEL SISTEMA ESTATAL ANTICORRUPCION,33,12,21
27,27,49,SERVICIO ESTATAL DE ADMINISTRACION DE BIENES ASEGURADOS ABANDONADOS O DECOMISADOS DEL ESTADO DE TABASCO,21,11,10
27,27,50,SISTEMA PARA EL DESARROLLO INTEGRAL DE LA FAMILIA,2151,846,1305
27,27,51,UNIVERSIDAD INTERCULTURAL DEL ESTADO DE TABASCO,183,105,78
27,27,52,UNIVERSIDAD POLITECNICA DEL CENTRO,105,63,42
27,27,53,UNIVERSIDAD POLITECNICA DEL GOLFO DE MEXICO,178,103,75
27,27,54,UNIVERSIDAD POLITECNICA MESOAMERICANA,95,51,44
27,27,55,UNIVERSIDAD POPULAR DE LA CHONTALPA,709,442,267
27,27,56,UNIVERSIDAD TECNOLOGICA DE TABASCO,320,148,172
27,27,57,UNIVERSIDAD TECNOLOGICA DEL USUMACINTA,132,62,70
27,27,58,UNIVERSIDAD JUAREZ AUTONOMA DE TABASCO,4533,2618,1915
27,27,59,ADMINISTRACION PORTUARIA INTEGRAL,33,27,6
27,27,60,MOVILIDAD INTEGRAL DE TABASCO,38,35,3
28,28,1,JEFE DE LA OFICINA DEL GOBERNADOR,460,248,212
28,28,2,SECRETARIA GENERAL DE GOBIERNO,2120,957,1163
28,28,3,SECRETARIA DE FINANZAS,1557,711,846
28,28,4,SECRETARIA DE ADMINISTRACION,1399,896,503
28,28,5,SECRETARIA DE BIENESTAR SOCIAL,424,236,188
28,28,6,SECRETARIA DE DESARROLLO ECONOMICO,238,114,124
28,28,7,SECRETARIA DE DESARROLLO RURAL,291,210,81
28,28,8,SECRETARIA DE DESARROLLO URBANO Y MEDIO AMBIENTE,271,154,117
28,28,9,SECRETARIA DE EDUCACION,48986,17899,31087
28,28,10,SECRETARIA DE OBRAS PUBLICAS,610,424,186
28,28,11,SECRETARIA PESCA Y ACUACULTURA,59,40,19
28,28,12,SECRETARIA DE SALUD,16,8,8
28,28,13,SECRETARIA DE SEGURIDAD PUBLICA,6548,4915,1633
28,28,14,SECRETARIA DE TURISMO,82,38,44
28,28,15,SECRETARIA DEL TRABAJO,407,184,223
28,28,16,CONTRALORIA GUBERNAMENTAL,340,158,182
28,28,17,CENTRO DE CONCILIACION LABORAL DEL ESTADO DE TAMAULIPAS,NSS,NSS,NSS
28,28,18,CENTRO REGIONAL DE FORMACION DOCENTE E INVESTIGACION EDUCATIVA,54,32,22
28,28,19,COLEGIO DE BACHILLERES DEL ESTADO DE TAMAULIPAS,1272,639,633
28,28,20,COLEGIO DE EDUCACION PROFESIONAL TECNICA DEL ESTADO DE TAMAULIPAS,846,416,430
28,28,21,COLEGIO DE TAMAULIPAS,25,12,13
28,28,22,COLEGIO SAN JUAN SIGLO XXI,52,33,19
28,28,23,COMISION DE CAZA Y PESCA DEPORTIVA DE TAMAULIPAS,NSS,NSS,NSS
28,28,24,COMISION DE ENERGIA DE TAMAULIPAS,NSS,NSS,NSS
28,28,25,COMISION DE PARQUES Y BIODIVERSIDAD DE TAMAULIPAS,NSS,NSS,NSS
28,28,26,COMISION ESTATAL DE CONCILIACION Y ARBITRAJE MEDICO,NSS,NSS,NSS
28,28,27,COMISION ESTATAL DE AGUA DE TAMAULIPAS,NSS,NSS,NSS
28,28,28,CONSEJO TAMAULIPECO DE CIENCIA Y TECNOLOGIA,24,10,14
28,28,29,INSTITUTO DE LA JUVENTUD DE TAMAULIPAS,NSS,NSS,NSS
28,28,30,INSTITUTO DE LAS MUJERES EN TAMAULIPAS,NSS,NSS,NSS
28,28,31,INSTITUTO DE PREVISION Y SEGURIDAD SOCIAL DEL ESTADO DE TAMAULIPAS,NSS,NSS,NSS
28,28,32,INSTITUTO DEL DEPORTE DE TAMAULIPAS,NSS,NSS,NSS
28,28,33,INSTITUTO METROPOLITANO DE PLANEACION DEL SUR DE TAMAULIPAS,NSS,NSS,NSS
28,28,34,INSTITUTO REGISTRAL Y CATASTRAL DEL ESTADO DE TAMAULIPAS,NSS,NSS,NSS
28,28,35,INSTITUTO TAMAULIPECO DE BECAS ESTIMULOS Y CREDITOS EDUCATIVOS,35,15,20
28,28,36,INSTITUTO TAMAULIPECO DE CAPACITACION PARA EL EMPLEO,409,225,184
28,28,37,INSTITUTO TAMAULIPECO DE EDUCACION PARA ADULTOS,532,231,301
28,28,38,INSTITUTO TAMAULIPECO DE INFRAESTRUCTURA FISICA Y EDUCATIVA,NSS,NSS,NSS
28,28,39,INSTITUTO TAMAULIPECO DE VIVIENDA Y URBANISMO,NSS,NSS,NSS
28,28,40,INSTITUTO TAMAULIPECO PARA LA CULTURA Y LAS ARTES,NSS,NSS,NSS
28,28,41,INSTITUTO TECNOLOGICO SUPERIOR DE EL MANTE,93,59,34
28,28,42,SECRETARIA EJECUTIVA DEL SISTEMA ESTATAL ANTICORRUPCION,NSS,NSS,NSS
28,28,43,SERVICIOS DE SALUD DE TAMAULIPAS,17510,7159,10351
28,28,44,SISTEMA ESTATAL RADIO TAMAULIPAS,NSS,NSS,NSS
28,28,45,SISTEMA DE BACHILLERATOS MILITARIZADOS DEL ESTADO DE TAMAULIPAS,NSS,NSS,NSS
28,28,46,SISTEMA PARA EL DESARROLLO INTEGRAL DE LA FAMILIA DE TAMAULIPAS,1288,488,800
28,28,47,UNIVERSIDAD DE SEGURIDAD Y JUSTICIA DE TAMAULIPAS,142,68,74
28,28,48,UNIVESIDAD POLITECNICA DE ALTAMIRA,105,58,47
28,28,49,UNIVERSIDAD POLITECNICA DE LA REGION RIBEREÑA,61,39,22
28,28,50,UNIVERSIDAD POLITECNICA DE VICTORIA,171,110,61
28,28,51,UNIVERSIDAD TECNOLOGICA DE ALTAMIRA,213,119,94
28,28,52,UNIVERSIDAD TECNOLOGICA DE MATAMOROS,239,151,88
28,28,53,UNIVERSIDAD TECNOLOGICA DE NUEVO LAREDO,245,158,87
28,28,54,UNIVERSIDAD TECNOLOGICA DE TAMAULIPAS NORTE,235,126,109
28,28,55,UNIVERSIDAD TECNOLOGICA DEL MAR DE TAMAULIPAS BICENTENARIO,35,20,15
29,29,1,DESPACHO DEL GOBERNADOR,157,83,74
29,29,2,SECRETARIA DE GOBIERNO,2447,1743,704
29,29,3,SECRETARIA DE FINANZAS,464,218,246
29,29,4,SECRETARIA DE TURISMO,39,21,18
29,29,5,SECRETARIA DE DESARROLLO ECONOMICO,58,30,28
29,29,6,SECRETARIA DE INFRAESTRUCTURA,60,42,18
29,29,7,SECRETARIA DE EDUCACION PUBLICA,2919,1122,1797
29,29,8,SECRETARIA DE MOVILIDAD Y TRANSPORTE,135,70,65
29,29,9,SECRETARIA DE FOMENTO AGROPECUARIO,144,97,47
29,29,10,SECRETARIA DE LA FUNCION PUBLICA,115,65,50
29,29,11,SECRETARIA DE MEDIO AMBIENTE,281,226,55
29,29,12,OFICIALIA MAYOR DE GOBIERNO,560,245,315
29,29,13,PROCURADURIA GENERAL DE JUSTICIA DEL ESTADO,656,335,321
29,29,14,COORDINACION GENERAL DE INFORMACION Y RELACIONES PUBLICAS,65,26,39
29,29,15,COORDINACION GENERAL DE PLANEACION E INVERSION,31,16,15
29,29,16,COORDINACION DE RADIO CINE Y TELEVISION,140,97,43
29,29,17,CENTRO DE EDUCACION CONTINUA Y A DISTANCIA DEL INSTITUTO POLITECNICO NACIONAL UNIDAD TLAXCALA,25,15,10
29,29,18,CASA DE LAS ARTESANIAS,30,16,14
29,29,19,SISTEMA ESTATAL DE PROMOCION DEL EMPLEO,74,24,50
29,29,20,COORDINACION ESTATAL DE PROTECCION CIVIL,14,10,4
29,29,21,COMISION EJECUTIVA DEL SISTEMA ESTATAL DE SEGURIDAD PUBLICA,146,66,80
29,29,22,INSTITUTO TLAXCALTECA DE DESARROLLO TAURINO,6,3,3
29,29,23,INSTITUTO ESTATAL DE LA MUJER,21,6,15
29,29,24,INSTITUTO TLAXCALTECA DE ASISTENCIA ESPECIALIZADA A LA SALUD,71,31,40
29,29,25,COMISION ESTATAL DE ARBITRAJE MEDICO,9,4,5
29,29,26,INSTITUTO DE CATASTRO,17,9,8
29,29,27,INSTITUTO TLAXCALTECA DE LA JUVENTUD,25,12,13
29,29,28,INSTITUTO TLAXCALTECA DE LA CULTURA,247,140,107
29,29,29,INSTITUTO TLAXCALTECA PARA PERSONAS CON DISCAPACIDAD,22,6,16
29,29,30,CONSEJO ESTATAL DE POBLACION,9,4,5
29,29,31,INSTITUTO DE CAPACITACION PARA EL TRABAJO DEL ESTADO DE TLAXCALA,291,150,141
29,29,32,COMISION ESTATAL PARA LA PROTECCION CONTRA RIESGOS SANITARIOS,109,55,54
29,29,33,COLEGIO DE BACHILLERES DEL ESTADO DE TLAXCALA,1404,698,706
29,29,34,FONDO MACRO PARA EL DESARROLLO INTEGRAL DE TLAXCALA,23,12,11
29,29,35,FIDEICOMISO CIUDAD INDUSTRIAL XICOHTENCATL,11,7,4
29,29,36,INSTITUTO DEL DEPORTE DE TLAXCALA,59,30,29
29,29,37,COORDINACION DE SERVICIO SOCIAL DE INSTITUCIONES DE EDUCACION SUPERIOR,9,5,4
29,29,38,COLEGIO DE ESTUDIOS CIENTIFICOS Y TECNOLOGICOS DEL ESTADO DE TLAXCALA,1413,704,709
29,29,39,INSTITUTO TLAXCALTECA DE LA INFRAESTRUCTURA FISICA EDUCATIVA,60,42,18
29,29,40,ORGANISMO PUBLICO DESCENTRALIZADO DE SALUD TLAXCALA,6857,2484,4373
29,29,41,UNIVERSIDAD POLITECNICA DE TLAXCALA,413,236,177
29,29,42,INSTITUTO TECNOLOGICO SUPERIOR DE TLAXCO,NSS,NSS,NSS
29,29,43,UNIVERSIDAD TECNOLOGICA DE TLAXCALA,270,152,118
29,29,44,INSTITUTO TLAXCALTECA PARA LA EDUCACION DE LOS ADULTOS,138,68,70
29,29,45,EL COLEGIO DE TLAXCALA ASOCIACION CIVIL,44,25,19
29,29,46,SISTEMA ESTATAL PARA EL DESARROLLO INTEGRAL DE LA FAMILIA,148,55,93
29,29,47,COMISION EJECUTIVA DE ATENCION A VICTIMAS Y OFENDIDOS,24,14,10
29,29,48,UNIDAD DE SERVICIOS EDUCATIVOS DE TLAXCALA,17053,6132,10921
29,29,49,COLEGIO DE EDUCACION PROFESIONAL TECNICA DEL ESTADO DE TLAXCALA,19,8,11
29,29,50,INSTITUTO INMOBILIARIO DE DESARROLLO URBANO Y VIVIENDA DEL ESTADO DE TLAXCALA,21,14,7
29,29,51,COMISION ESTATAL DE AGUA DE TLAXCALA,19,10,9
29,29,52,CENTRO DE SERVICIOS INTEGRALES PARA EL TRATAMIENTO DE AGUAS RESIDUALES DEL ESTADO DE TLAXCALA,51,42,9
29,29,53,UNIVERSIDAD POLITECNICA DE TLAXCALA REGION PONIENTE,62,54,8
29,29,54,CENTRO DE CONCILIACION LABORAL DEL ESTADO DE TLAXCALA,27,14,13
29,29,55,CENTRO DE REHABILITACION INTEGRAL Y ESCUELA EN TERAPIA FISICA Y REHABILITACION,52,18,34
29,29,56,PENSIONES CIVILES DEL ESTADO DE TLAXCALA,NSS,NSS,NSS
30,30,1,OFICINA DEL C GOBERNADOR,432,298,134
30,30,2,SECRETARIA DE DESARROLLO AGROPECUARIO RURAL Y PESCA,369,202,167
30,30,3,SECRETARIA DE SALUD,26,15,11
30,30,4,SECRETARIA DE EDUCACION,122149,43133,79016
30,30,5,SECRETARIA DE DESARROLLO SOCIAL,1018,550,468
30,30,6,SECRETARIA DE DESARROLLO ECONOMICO Y PORTUARIO,154,85,69
30,30,7,SECRETARIA DE GOBIERNO,1566,845,721
30,30,8,SECRETARIA DE FINANZAS Y PLANEACION,2430,1179,1251
30,30,9,COORDINACION GENERAL DE COMUNICACION SOCIAL,191,105,86
30,30,10,CONTRALORIA GENERAL,525,260,265
30,30,11,SECRETARIA DE INFRAESTRUCTURA Y OBRAS PUBLICAS,724,465,259
30,30,12,OFICINA DEL PROGRAMA DE GOBIERNO,79,34,45
30,30,13,SECRETARIA DE SEGURIDAD PUBLICA,13105,9172,3933
30,30,14,SECRETARIA DE TRABAJO PREVISION SOCIAL Y PRODUCTIVIDAD,309,123,186
30,30,15,SECRETARIA DE TURISMO Y CULTURA,193,110,83
30,30,16,SECRETARIA DE PROTECCION CIVIL,229,137,92
30,30,17,SECRETARIA DE MEDIO AMBIENTE,266,164,102
30,30,18,SERVICIOS DE SALUD DE VERACRUZ,29967,11347,18620
30,30,19,SISTEMA PARA EL DESARROLLO INTEGRAL DE LA FAMILIA,1118,482,636
30,30,20,COMISION DE ARBITRAJE MEDICO,26,18,8
30,30,21,ACADEMIA VERACRUZANA DE LAS LENGUAS INDIGENAS,29,13,16
30,30,22,INSTITUTO VERACRUZANO DEL DEPORTE,102,51,51
30,30,23,INSTITUTO DE ESPACIOS EDUCATIVOS DEL ESTADO DE VERACRUZ,229,141,88
30,30,24,COLEGIO DE BACHILLERES DEL ESTADO DE VERACRUZ,3462,1624,1838
30,30,25,INSTITUTO TECNOLOGICO SUPERIOR DE MISANTLA,255,149,106
30,30,26,INSTITUTO TECNOLOGICO SUPERIOR DE SAN ANDRES TUXTLA,197,102,95
30,30,27,INSTITUTO TECNOLOGICO SUPERIOR DE TANTOYUCA,176,92,84
30,30,28,INSTITUTO TECNOLOGICO SUPERIOR DE COSAMALOAPAN,147,92,55
30,30,29,INSTITUTO TECNOLOGICO SUPERIOR DE PANUCO,180,97,83
30,30,30,INSTITUTO TECNOLOGICO SUPERIOR DE POZA RICA,313,177,136
30,30,31,INSTITUTO TECNOLOGICO SUPERIOR DE XALAPA,291,151,140
30,30,32,INSTITUTO TECNOLOGICO SUPERIOR DE COATZACOALCOS,361,163,198
30,30,33,INSTITUTO TECNOLOGICO SUPERIOR DE TIERRA BLANCA,241,124,117
30,30,34,INSTITUTO TECNOLOGICO SUPERIOR DE ALAMO,167,76,91
30,30,35,INSTITUTO TECNOLOGICO SUPERIOR DE ACAYUCAN,236,130,106
30,30,36,INSTITUTO TECNOLOGICO SUPERIOR DE LAS CHOAPAS,198,118,80
30,30,37,INSTITUTO TECNOLOGICO SUPERIOR DE HUATUSCO,199,108,91
30,30,38,INSTITUTO TECNOLOGICO SUPERIOR DE ALVARADO,214,101,113
30,30,39,INSTITUTO TECNOLOGICO SUPERIOR DE PEROTE,146,90,56
30,30,40,INSTITUTO TECNOLOGICO SUPERIOR DE ZONGOLICA,207,124,83
30,30,41,INSTITUTO TECNOLOGICO SUPERIOR DE NARANJOS,116,61,55
30,30,42,INSTITUTO TECNOLOGICO SUPERIOR DE CHICONTEPEC,74,46,28
30,30,43,INSTITUTO TECNOLOGICO SUPERIOR DE MARTINEZ DE LA TORRE,106,58,48
30,30,44,INSTITUTO TECNOLOGICO SUPERIOR DE JESUS CARRANZA,114,68,46
30,30,45,INSTITUTO TECNOLOGICO SUPERIOR DE RODRIGUEZ CLARA,102,60,42
30,30,46,INSTITUTO VERACRUZANO DE EDUCACION PARA LOS ADULTOS,338,161,177
30,30,47,COLEGIO NACIONAL DE EDUCACION PROFESIONAL TECNICA,1109,564,545
30,30,48,UNIVERSIDAD TECNOLOGICA DEL SURESTE,221,113,108
30,30,49,UNIVERSIDAD TECNOLOGICA DEL CENTRO,383,197,186
30,30,50,UNIVERSIDAD TECNOLOGICA DE GUTIERREZ ZAMORA,190,107,83
30,30,51,CONSEJO VERACRUZANO DE INVESTIGACION CIENTIFICA Y DESARROLLO TECNOLOGICO,28,11,17
30,30,52,COLEGIO DE ESTUDIOS CIENTIFICOS Y TECNOLOGICOS,1136,592,544
30,30,53,COLEGIO DE VERACRUZ,109,67,42
30,30,54,UNIVERSIDAD POLITECNICA DE HUATUSCO,143,67,76
30,30,55,UNIVERSIDAD POPULAR AUTONOMA DE VERACRUZ,52,24,28
30,30,56,INSTITUTO VERACRUZANO DE LA VIVIENDA,161,80,81
30,30,57,AGENCIA ESTATAL DE ENERGIA DEL ESTADO DE VERACRUZ,19,8,11
30,30,58,INSTITUTO VERACRUZANO DE LAS MUJERES,75,17,58
30,30,59,INSTITUTO VERACRUZANO DE DESARROLLO MUNICIPAL,22,11,11
30,30,60,COMISION EJECUTIVA PARA LA ATENCION INTEGRAL A VICTIMAS DEL DELITO,107,37,70
30,30,61,CENTRO DE JUSTICIA PARA MUJERES DEL ESTADO DE VERACRUZ,22,1,21
30,30,62,INSTITUTO DE PENSIONES DEL ESTADO,407,190,217
30,30,63,COMISION DEL AGUA DEL ESTADO DE VERACRUZ,2540,1846,694
30,30,64,RADIOTELEVISION DE VERACRUZ,416,299,117
30,30,65,SECRETARIA EJECUTIVA DEL SISTEMA ESTATAL ANTICORRUPCION,45,22,23
30,30,66,INSTITUTO DE LA POLICIA AUXILIAR Y PROTECCION PATRIMONIAL,7345,5624,1721
30,30,67,ACADEMIA REGIONAL DE SEGURIDAD PUBLICA DEL SURESTE,41,22,19
30,30,68,INSTITUTO DE CAPACITACION PARA EL TRABAJO,833,382,451
30,30,69,CENTRO DE CONCILIACION LABORAL DEL ESTADO DE VERACRUZ DE IGNACIO DE LA LLAVE,106,53,53
30,30,70,INSTITUTO VERACRUZANO DE LA CULTURA,302,163,139
30,30,71,PROCURADURIA ESTATAL DE PROTECCION AL MEDIO AMBIENTE,119,59,60
30,30,72,FIDEICOMISO FONDO DEL FUTURO,20,7,13
31,31,1,SECRETARIA DE DESARROLLO RURAL,327,217,110
31,31,2,SECRETARIA DE PESCA Y ACUACULTURA SUSTENTABLES,69,38,31
31,31,3,SECRETARIA DE LA CULTURA Y LAS ARTES,747,429,318
31,31,4,SECRETARIA DE ADMINISTRACION Y FINANZAS,1175,583,592
31,31,5,CONSEJERIA JURIDICA,461,176,285
31,31,6,SECRETARIA DE INVESTIGACION INNOVACION Y EDUCACION SUPERIOR,78,31,47
31,31,7,SECRETARIA DE DESARROLLO SOCIAL,1092,599,493
31,31,8,DESPACHO DEL GOBERNADOR,67,35,32
31,31,9,SECRETARIA DE FOMENTO ECONOMICO Y TRABAJO,250,110,140
31,31,10,SECRETARIA DE EDUCACION,33893,12470,21423
31,31,11,SECRETARIA DE LA CONTRALORIA GENERAL,304,148,156
31,31,12,SECRETARIA GENERAL DE GOBIERNO,980,548,432
31,31,13,SECRETARIA DE LAS MUJERES,309,68,241
31,31,14,FISCALIA GENERAL DEL ESTADO,1135,523,612
31,31,15,SECRETARIA DE DESARROLLO SUSTENTABLE,133,63,70
31,31,16,SECRETARIA DE SALUD,1,1,0
31,31,17,SECRETARIA DE SEGURIDAD PUBLICA,5364,4485,879
31,31,18,SECRETARIA DE OBRAS PUBLICAS,42,16,26
31,31,19,SECRETARIA DE FOMENTO TURISTICO,112,57,55
31,31,20,CASA DE LAS ARTESANIAS DEL GOBIERNO DEL ESTADO DE YUCATAN,26,7,19
31,31,21,FIDEICOMISO GARANTE DE LA ORQUESTA SINFONICA DE YUCATAN,90,59,31
31,31,22,FIDEICOMISO PUBLICO PARA LA ADMINISTRACION DEL PALACIO DE LA MUSICA,20,10,10
31,31,23,INSTITUTO DE INFRAESTRUCTURA CARRETERA DE YUCATAN,546,460,86
31,31,24,SISTEMA TELE YUCATAN S A DE C V,77,46,31
31,31,25,INSTITUTO DEL DEPORTE DEL ESTADO DE YUCATAN,467,307,160
31,31,26,FIDEICOMISO PUBLICO PARA LA ADMINISTRACION DE LA RESERVA TERRITORIAL DE UCU,5,4,1
31,31,27,INSTITUTO DE MOVILIDAD Y DESARROLLO URBANO TERRITORIAL,317,219,98
31,31,28,INSTITUTO DE VIVIENDA DEL ESTADO DE YUCATAN,297,170,127
31,31,29,ADMINISTRACION DEL PATRIMONIO DE LA BENEFICENCIA PUBLICA DEL ESTADO DE YUCATAN,12,4,8
31,31,30,INSTITUTO PARA EL DESARROLLO DE LA CULTURA MAYA DEL ESTADO DE YUCATAN,46,28,18
31,31,31,INSTITUTO PARA LA INCLUSION DE LAS PERSONAS CON DISCAPACIDAD DEL ESTADO DE YUCATAN,14,8,6
31,31,32,JUNTA DE ASISTENCIA PRIVADA DEL ESTADO DE YUCATAN,6,2,4
31,31,33,SISTEMA PARA EL DESARROLLO INTEGRAL DE LA FAMILIA EN YUCATAN,1278,314,964
31,31,34,AGENCIA PARA EL DESARROLLO DE YUCATAN,8,6,2
31,31,35,INSTITUTO PROMOTOR DE FERIAS DE YUCATAN,48,30,18
31,31,36,INSTITUTO YUCATECO DE EMPRENDEDORES,79,42,37
31,31,37,COLEGIO DE BACHILLERES DEL ESTADO DE YUCATAN,2382,1282,1100
31,31,38,COLEGIO DE EDUCACION PROFESIONAL TECNICA DEL ESTADO DE YUCATAN,494,267,227
31,31,39,COLEGIO DE ESTUDIOS CIENTIFICOS Y TECNOLOGICOS DEL ESTADO DE YUCATAN,265,124,141
31,31,40,ESCUELA SUPERIOR DE ARTES DE YUCATAN,179,90,89
31,31,41,INSTITUTO DE EDUCACION PARA ADULTOS DEL ESTADO DE YUCATAN,300,158,142
31,31,42,INSTITUTO TECNOLOGICO SUPERIOR DE MOTUL,123,75,48
31,31,43,INSTITUTO TECNOLOGICO SUPERIOR DE PROGRESO,157,96,61
31,31,44,INSTITUTO TECNOLOGICO SUPERIOR DE VALLADOLID,158,95,63
31,31,45,INSTITUTO TECNOLOGICO SUPERIOR DEL SUR DEL ESTADO DE YUCATAN,149,98,51
31,31,46,UNIVERSIDAD DE ORIENTE,127,76,51
31,31,47,UNIVERSIDAD POLITECNICA DE YUCATAN,71,43,28
31,31,48,UNIVERSIDAD TECNOLOGICA DEL CENTRO,57,28,29
31,31,49,UNIVERSIDAD TECNOLOGICA REGIONAL DEL SUR,121,73,48
31,31,50,UNIVERSIDAD TECNOLOGICA DEL MAYAB,89,68,21
31,31,51,UNIVERSIDAD TECNOLOGICA DEL PONIENTE,50,39,11
31,31,52,UNIVERSIDAD TECNOLOGICA METROPOLITANA,374,204,170
31,31,53,SECRETARIA EJECUTIVA DEL SISTEMA ESTATAL ANTICORRUPCION,24,12,12
31,31,54,SECRETARIA TECNICA DE PLANEACION Y EVALUACION,61,36,25
31,31,55,COMISION EJECUTIVA ESTATAL DE ATENCION A VICTIMAS,55,16,39
31,31,56,INSTITUTO DE SEGURIDAD SOCIAL DE LOS TRABAJADORES DEL ESTADO DE YUCATAN,481,176,305
31,31,57,CENTRO ESTATAL DE TRASPLANTES DE YUCATAN,5,2,3
31,31,58,HOSPITAL COMUNITARIO DE PETO YUCATAN,164,81,83
31,31,59,HOSPITAL COMUNITARIO DE TICUL YUCATAN,3,1,2
31,31,60,HOSPITAL DE LA AMISTAD COREA MEXICO,219,74,145
31,31,61,HOSPITAL GENERAL DE TEKAX YUCATAN,9,6,3
31,31,62,SERVICIOS DE SALUD DE YUCATAN,8356,4073,4283
31,31,63,INSTITUTO PARA EL DESARROLLO Y CERTIFICACION DE LA INFRAESTRUCTURA FISICA EDUCATIVA Y ELECTRICA DE YUCATAN,147,99,48
31,31,64,INSTITUTO PARA LA CONSTRUCCION Y CONSERVACION DE OBRA PUBLICA EN YUCATAN,167,98,69
31,31,65,JUNTA DE AGUA POTABLE Y ALCANTARILLADO DE YUCATAN,880,631,249
31,31,66,INSTITUTO DE SEGURIDAD JURIDICA PATRIMONIAL DE YUCATAN,296,116,180
31,31,67,INSTITUTO DE CAPACITACION PARA EL TRABAJO DEL ESTADO DE YUCATAN,80,41,39
31,31,68,FIDEICOMISO PUBLICO PARA EL DESARROLLO DEL TURISMO DE REUNIONES EN YUCATAN,27,18,9
31,31,69,PATRONATO DE LAS UNIDADES DE SERVICIOS CULTURALES Y TURISTICOS DEL ESTADO DE YUCATAN,410,280,130
32,32,1,JEFATURA DE OFICINA DEL CIUDADANO GOBERNADOR,215,119,96
32,32,2,SECRETARIA GENERAL DE GOBIERNO,344,193,151
32,32,3,SECRETARIA DE FINANZAS,973,476,497
32,32,4,SECRETARIA DE SEGURIDAD PUBLICA,2725,1963,762
32,32,5,SECRETARIA DE ADMINISTRACION,345,177,168
32,32,6,SECRETARIA DE LA FUNCION PUBLICA,225,99,126
32,32,7,SECRETARIA DE ECONOMIA,179,75,104
32,32,8,SECRETARIA DE TURISMO,119,47,72
32,32,9,SECRETARIA DE OBRAS PUBLICAS,937,754,183
32,32,10,SECRETARIA DE EDUCACION,25749,11159,14590
32,32,11,SECRETARIA DE DESARROLLO SOCIAL,225,111,114
32,32,12,SECRETARIA DE SALUD,0,0,0
32,32,13,SECRETARIA DE DESARROLLO URBANO VIVIENDA Y ORDENAMIENTO TERRITORIAL,218,121,97
32,32,14,SECRETARIA DEL AGUA Y MEDIO AMBIENTE,224,136,88
32,32,15,SECRETARIA DEL CAMPO,349,263,86
32,32,16,SECRETARIA DE LAS MUJERES,84,22,62
32,32,17,SECRETARIA DEL ZACATECANO MIGRANTE,43,18,25
32,32,18,COORDINACION GENERAL JURIDICA,107,50,57
32,32,19,COORDINACION ESTATAL DE PLANEACION,54,26,28
32,32,20,SISTEMA ESTATAL PARA EL DESARROLLO INTEGRAL DE LA FAMILIA,722,293,429
32,32,21,CONSEJO ESTATAL DE DESARROLLO ECONOMICO,6,1,5
32,32,22,CONSEJO ZACATECANO DE CIENCIA TECNOLOGIA E INNOVACION,77,42,35
32,32,23,SERVICIOS DE SALUD DE ZACATECAS,8493,3302,5191
32,32,24,INSTITUTO DE LA DEFENSORIA PUBLICA,122,58,64
32,32,25,INSTITUTO DE CULTURA FISICA Y DEPORTE DEL ESTADO DE ZACATECAS,165,104,61
32,32,26,SISTEMA ZACATECANO DE RADIO Y TELEVISION,76,49,27
32,32,27,PATRONATO ESTATAL DE PROMOTORES VOLUNTARIOS,32,6,26
32,32,28,INSTITUTO ZACATECANO DE EDUCACION PARA ADULTOS,170,64,106
32,32,29,INSTITUTO DE CAPACITACION PARA EL TRABAJO,31,13,18
32,32,30,INSTITUTO ZACATECANO DE CULTURA RAMON LOPEZ VELARDE,338,213,125
32,32,31,INSTITUTO ZACATECANO DE CONSTRUCCION DE ESCUELAS,69,43,26
32,32,32,JUNTA DE PROTECCION Y CONSERVACION DE MONUMENTOS Y ZONAS TIPICAS DEL ESTADO DE ZACATECAS,45,21,24
32,32,33,INSTITUTO DE LA JUVENTUD DEL ESTADO DE ZACATECAS,34,14,20
32,32,34,INSTITUTO PARA LA ATENCION E INCLUSION DE LAS PERSONAS CON DISCAPACIDAD,49,20,29
32,32,35,UNIVERSIDAD POLITECNICA DE ZACATECAS,157,75,82
32,32,36,UNIVERSIDAD POLITECNICA DEL SUR DE ZACATECAS,61,44,17
32,32,37,INSTITUTO TECNOLOGICO SUPERIOR DE NOCHISTLAN,85,48,37
32,32,38,INSTITUTO TECNOLOGICO SUPERIOR DE FRESNILLO,174,104,70
32,32,39,INSTITUTO TECNOLOGICO SUPERIOR DE TLALTENANGO,105,56,49
32,32,40,INSTITUTO TECNOLOGICO SUPERIOR DE LORETO,107,57,50
32,32,41,INSTITUTO TECNOLOGICO SUPERIOR DE RIO GRANDE,152,92,60
32,32,42,INSTITUTO TECNOLOGICO SUPERIOR DE JEREZ,89,46,43
32,32,43,INSTITUTO TECNOLOGICO SUPERIOR DE SOMBRERETE,115,62,53
32,32,44,ESCUELA DE CONSERVACION Y RESTAURACION DE ZACATECAS REFUGIO REYES,13,5,8
32,32,45,COLEGIO DE BACHILLERES DEL ESTADO DE ZACATECAS,1287,738,549
32,32,46,COLEGIO DE EDUCACION PROFESIONAL TECNICA DE ZACATECAS,190,109,81
32,32,47,COLEGIO DE ESTUDIOS CIENTIFICOS Y TECNOLOGICOS DEL ESTADO DE ZACATECAS,897,494,403
32,32,48,INSTITUTO DE SELECCION Y CAPACITACION DEL ESTADO DE ZACATECAS,28,15,13
32,32,49,UNIVERSIDAD TECNOLOGICA DEL ESTADO DE ZACATECAS,214,116,98
32,32,50,COMISION ESTATAL DE LA DEFENSA DEL CONTRIBUYENTE,16,8,8
32,32,51,SECRETARIA EJECUTIVA DEL SISTEMA ESTATAL ANTICORRUPCION,13,5,8
32,32,52,CENTRO DE CONCILIACION LABORAL DEL ESTADO DE ZACATECAS,27,12,15
32,32,53,AGENCIA DE ENERGIA DEL ESTADO DE ZACATECAS,9,4,5
32,32,54,INSTITUTO DE SEGURIDAD Y SERVICIOS SOCIALES PARA EL ESTADO DE ZACATECAS,776,400,376
