entidad_a,enticve1,numeral,nombre1,presup1,presup2,presup3
1,01,1,DESPACHO EJECUTIVO ESTATAL,129358400,129358400,138617501
1,01,2,COORDINACION GENERAL EJECUTIVA DE GABINETE,20634900,20634900,20299283
1,01,3,SECRETARIA DE COMUNICACION Y VOCERIA DEL GOBIERNO,0,0,17914568
1,01,4,SECRETARIA GENERAL DE GOBIERNO,531493500,531493500,438921486
1,01,5,SECRETARIA DE SEGURIDAD PUBLICA,1148599300,1148599300,1037307315
1,01,6,SECRETARIA DE FINANZAS,963834900,963834900,700076146
1,01,7,SECRETARIA DE DESARROLLO ECONOMICO CIENCIA Y TECNOLOGIA,137685800,137685800,199864601
1,01,8,SECRETARIA DE SALUD,1128100,1128100,878699
1,01,9,SECRETARIA DE SUSTENTABILIDAD MEDIO AMBIENTE Y AGUA,103191600,103191600,99901987
1,01,10,SECRETARIA DE DESARROLLO SOCIAL,256163800,256163800,281460308
1,01,11,SECRETARIA DE OBRAS PUBLICAS,778168500,778168500,1540040617
1,01,12,SECRETARIA DE DESARROLLO RURAL Y AGROEMPRESARIAL,164228100,164228100,163951526
1,01,13,SECRETARIA DE TURISMO,103291800,103291800,103222095
1,01,14,SECRETARIA DE PLANEACION PARTICIPACION Y DESARROLLO,66018000,66018000,59063497
1,01,15,SECRETARIA DE ADMINISTRACION,180257800,180257800,150436441
1,01,16,COORDINACION GENERAL DE MOVILIDAD,424110900,424110900,110029169
1,01,17,CONTRALORIA DEL ESTADO,66807800,66807800,70600749
1,01,18,SECRETARIA DE LA FAMILIA,3067400,3067400,4143688
1,01,19,SECRETARIA DE INNOVACION Y GOBIERNO DIGITAL,0,0,10671766
1,01,20,SECRETARIA DE GESTION URBANISTICA ORDENAMIENTO TERRITORIAL REGISTRAL Y CATASTRAL,100638000,100638000,68547294
1,01,21,CONSEJERIA JURIDICA DEL ESTADO,0,0,2196444
1,01,22,INSTITUTO ESTATAL DE SEGURIDAD PUBLICA DE AGUASCALIENTES,24010100,24010100,33584565
1,01,23,INSTITUTO DE SEGURIDAD Y SERVICIOS SOCIALES PARA LOS SERVIDORES PUBLICOS DEL ESTADO DE AGUASCALIENTES,656182000,656182000,270872863
1,01,24,SISTEMA PARA EL DESARROLLO INTEGRAL DE LA FAMILIA,359743300,359743300,378162911
1,01,25,INSTITUTO DE ASESORIA Y DEFENSORIA PUBLICA DEL ESTADO DE AGUASCALIENTES,33381600,33381600,31190325
1,01,26,INSTITUTO AGUASCALENTENSE DE LA JUVENTUD,17023500,17023500,19082824
1,01,27,INSTITUTO DE VIVIENDA SOCIAL Y ORDENAMIENTO DE LA PROPIEDAD DEL ESTADO DE AGUASCALIENTES,107258000,107258000,75170413
1,01,28,PROCURADURIA ESTATAL DE PROTECCION AL AMBIENTE,35638600,35638600,37435614
1,01,29,INSTITUTO DEL AGUA DEL ESTADO,360361900,360361900,477848577
1,01,30,INSTITUTO DE CIENCIA Y TECNOLOGIA DEL ESTADO DE AGUASCALIENTES,46104300,46104300,54360486
1,01,31,PATRONATO DE LA FERIA NACIONAL DE SAN MARCOS,98540000,98540000,153086672
1,01,32,INSTITUTO AGUASCALENTENSE DE LAS MUJERES,23962700,23962700,33847170
1,01,33,ESCUELA NORMAL DE AGUASCALIENTES,32205800,32205800,34097311
1,01,34,INSTITUTO PARA LA EDUCACION DE LAS PERSONAS JOVENES Y ADULTAS DEL ESTADO DE AGUASCALIENTES,67312000,67312000,70059661
1,01,35,UNIVERSIDAD POLITECNICA DE AGUASCALIENTES,99426000,99426000,122282414
1,01,36,INSTITUTO CULTURAL DE AGUASCALIENTES,262518300,262518300,313760051
1,01,37,INSTITUTO DEL DEPORTE DEL ESTADO DE AGUASCALIENTES,192549300,192549300,241510197
1,01,38,RADIO Y TELEVISION DE AGUASCALIENTES,74696400,74696400,73892084
1,01,39,UNIVERSIDAD TECNOLOGICA METROPOLITANA DE AGUASCALIENTES,19150500,19150500,24732671
1,01,40,INSTITUTO DE CAPACITACION PARA EL TRABAJO DEL ESTADO DE AGUASCALIENTES,66898000,66898000,58115155
1,01,41,COMISION ESTATAL DE ARBITRAJE MEDICO,6852200,6852200,6334878
1,01,42,UNIVERSIDAD TECNOLOGICA EL RETOÑO,40398600,40398600,45937227
1,01,43,UNIVERSIDAD TECNOLOGICA DE CALVILLO,20186600,20186600,21956865
1,01,44,INSTITUTO DE INFRAESTRUCTURA FISICA EDUCATIVA DEL ESTADO DE AGUASCALIENTES,274720700,274720700,295232761
1,01,45,CENTRO DE CONCILIACION LABORAL DEL ESTADO DE AGUASCALIENTES,19849200,19849200,14545395
1,01,46,FIDEICOMISO DE INVERSION Y ADMINISTRACION PARA EL DESARROLLO ECONOMICO DEL ESTADO DE AGUASCALIENTES,26521000,26521000,40759733
1,01,47,FIDEICOMISO DEL COMPLEJO TRES CENTURIAS,57053900,57053900,73132861
1,01,48,FIDEICOMISO DE DESARROLLOS INDUSTRIALES,94463000,94463000,199043824
1,01,49,SISTEMA DE FINANCIAMIENTO DE AGUASCALIENTES,303821000,303821000,366682601
1,01,50,INSTITUTO DE EDUCACION DE AGUASCALIENTES,7479280900,7479280900,7966326481
1,01,51,COLEGIO DE ESTUDIOS CIENTIFICOS Y TECNOLOGICOS DEL ESTADO DE AGUASCALIENTES,399300000,399300000,377211385
1,01,52,UNIVERSIDAD AUTONOMA DE AGUASCALIENTES,1377058000,1377058000,2408563301
1,01,53,UNIVERSIDAD TECNOLOGICA DE AGUASCALIENTES,139777400,139777400,151990487
1,01,54,UNIVERSIDAD TECNOLOGICA DEL NORTE DE AGUASCALIENTES,103466600,103466600,103526762
1,01,55,INSTITUTO DE SERVICIOS DE SALUD DEL ESTADO DE AGUASCALIENTES,3525322200,3525322200,3812946482
1,01,56,SECRETARIA EJECUTIVA DEL SISTEMA ESTATAL ANTICORRUPCION,16791200,16791200,16336901
1,01,57,COLEGIO DE EDUCACION PROFESIONAL TECNICA DEL ESTADO DE AGUASCALIENTES,111952000,111952000,125687771
2,02,1,COORDINACION DE GABINETE,149095911,190441683,175017244
2,02,2,SECRETARIA GENERAL DE GOBIERNO,237860051,318922784,290837437
2,02,3,OFICIALIA MAYOR DE GOBIERNO,1354062285,1211836533,1055527636
2,02,4,DIRECCION DE COMUNICACION SOCIAL,39698800,100878066,93145464
2,02,5,SECRETARIA DE HACIENDA DEL ESTADO,1334513447,2378578982,2261511877
2,02,6,SECRETARIA DE LA HONESTIDAD Y LA FUNCION PUBLICA,76800722,87031485,73141253
2,02,7,SECRETARIA DE PESCA Y ACUACULTURA,42826288,52225351,41291432
2,02,8,SECRETARIA DE INFRAESTRUCTURA DESARROLLO URBANO Y REORDENACION TERRITORIAL,233512659,2404421098,1444630802
2,02,9,SECRETARIA DE ECONOMIA E INNOVACION,393891334,431195257,389918490
2,02,10,SECRETARIA DE CAMPO Y SEGURIDAD ALIMENTARIA,180303683,317253658,309503733
2,02,11,SECRETARIA DE TURISMO,352646404,363980770,346350438
2,02,12,SECRETARIA DE EDUCACION,26441112952,31127331270,29970848080
2,02,13,SECRETARIA DE MEDIO AMBIENTE Y DESARROLLO SUSTENTABLE,49972158,74412706,68069773
2,02,14,SECRETARIA DE BIENESTAR,2580146298,4084402247,3693549846
2,02,15,SECRETARIA DEL TRABAJO Y PREVISION SOCIAL,257677608,277252697,257131784
2,02,16,DIRECCION DEL REGISTRO PUBLICO DE LA PROPIEDAD Y DEL COMERCIO,98588573,127773972,97147474
2,02,17,SECRETARIA DE CULTURA,234344653,282290564,268012410
2,02,18,SECRETARIA DE INCLUSION SOCIAL E IGUALDAD DE GENERO,31066379,40036507,29918162
2,02,19,SECRETARIA DE SEGURIDAD CIUDADANA,2449281818,2447207505,2333283534
2,02,20,SECRETARIA DE SALUD,4811162871,6477667607,6404761381
2,02,21,SECRETARIA PARA EL MANEJO SANEAMIENTO Y PROTECCION DEL AGUA,85728042,1863729486,1861169102
2,02,22,CONSEJERIA JURIDICA,0,213245363,196237042
2,02,23,ADMINISTRADORA DE LA VIA CORTA TIJUANA TECATE,20780550,24320703,17895671
2,02,24,CENTRO DE CONCILIACION LABORAL DEL ESTADO DE BAJA CALIFORNIA,60000000,60000000,49915872
2,02,25,CENTRO DE JUSTICIA PARA LAS MUJERES,14000000,15773000,14750129
2,02,26,CENTRO METROPOLITANO DE CONVENCIONES TIJUANA PLAYAS DE ROSARITO TECATE,12500000,14756050,12235380
2,02,27,COLEGIO DE BACHILLERES DEL ESTADO DE BAJA CALIFORNIA,1192436773,1350832784,1321042601
2,02,28,COLEGIO DE EDUCACION PROFESIONAL TECNICA DEL ESTADO DE BAJA CALIFORNIA,207629714,221443028,196908756
2,02,29,COLEGIO DE ESTUDIOS CIENTIFICOS Y TECNOLOGICOS DEL ESTADO DE BAJA CALIFORNIA,839693150,890467597,884019372
2,02,30,COMISION DE ARBITRAJE MEDICO DEL ESTADO DE BAJA CALIFORNIA,3216715,3216715,3205858
2,02,31,COMISION ESTATAL DE ENERGIA DE BAJA CALIFORNIA,43316658,43316658,40658032
2,02,32,COMISION ESTATAL DE SERVICIOS PUBLICOS DE ENSENADA,917691895,1207145825,1042231054
2,02,33,COMISION ESTATAL DE SERVICIOS PUBLICOS DE MEXICALI,1815401059,2323163462,1946903629
2,02,34,COMISION ESTATAL DE SERVICIOS PUBLICOS DE TECATE,385214358,484257615,404762973
2,02,35,COMISION ESTATAL DE SERVICIOS PUBLICOS DE TIJUANA,4661548148,5158342518,4897451920
2,02,36,COMISION ESTATAL DEL AGUA DEL ESTADO DE BAJA CALIFORNIA,1185657836,2426765988,2097444549
2,02,37,COMISION ESTATAL DEL SISTEMA PENITENCIARIO,1214093594,1266417058,1265683214
2,02,38,COMITE DE PLANEACION PARA EL DESARROLLO DEL ESTADO,16458027,16792445,16203976
2,02,39,FIDEICOMISO FONDO DE GARANTIAS COMPLEMENTARIAS Y CREDITOS PUENTE,55925415,106736091,106451469
2,02,40,FIDEICOMISO PUBLICO DE ADMINISTRACION DE FONDOS E INVERSION DEL TRAMO CARRETERO CENTINELA RUMOROSA,235000000,327056550,253207378
2,02,41,FIDEICOMISO PUBLICO PARA LA PROMOCION TURISTICA DEL ESTADO,273513936,277678976,141045403
2,02,42,FIDEICOMISO SAN ANTONIO DEL MAR,53010,53010,700
2,02,43,INSTITUTO DE CAPACITACION DE ALTA TECNOLOGIA,6822714,7186428,6286700
2,02,44,INSTITUTO DE CULTURA DE BAJA CALIFORNIA,224455255,283397590,231208618
2,02,45,INSTITUTO DE LA INFRAESTRUCTURA FISICA EDUCATIVA DE BAJA CALIFORNIA,17479463,23511306,22633310
2,02,46,INSTITUTO DE LA JUVENTUD DE BAJA CALIFORNIA,83763567,110367024,108955828
2,02,47,INSTITUTO DE LA MUJER PARA EL ESTADO DE BAJA CALIFORNIA,14909069,31334714,29511772
2,02,48,INSTITUTO DE MOVILIDAD SUSTENTABLE DEL ESTADO DE BAJA CALIFORNIA,117501406,160512386,139601559
2,02,49,INSTITUTO DE PSIQUIATRIA DEL ESTADO DE BAJA CALIFORNIA,193848246,253733736,212033716
2,02,50,INSTITUTO DE SEGURIDAD Y SERVICIOS SOCIALES DE LOS TRABAJADORES DEL GOBIERNO Y MUNICIPIOS DE BAJA CALIFORNIA,7404027630,14584859913,14201698179
2,02,51,INSTITUTO DE SERVICIOS DE SALUD PUBLICA DEL ESTADO DE BAJA CALIFORNIA,5404566308,6175547211,5705743942
2,02,52,INSTITUTO DE SERVICIOS EDUCATIVOS Y PEDAGOGICOS DE BAJA CALIFORNIA,13022364307,13545987086,13497746214
2,02,53,INSTITUTO DEL DEPORTE Y LA CULTURA FISICA DE BAJA CALIFORNIA,321802536,438902536,407753748
2,02,54,INSTITUTO PARA EL DESARROLLO INMOBILIARIO Y DE LA VIVIENDA PARA EL ESTADO DE BAJA CALIFORNIA,160000000,177484347,168411314
2,02,55,JUNTA DE URBANIZACION DEL ESTADO DE BAJA CALIFORNIA,32992736,39279822,37511247
2,02,56,PROMOTORA DEL DESARROLLO URBANO DE TIJUANA,1267290,11217120,10433032
2,02,57,SECRETARIA EJECUTIVA DEL SISTEMA ESTATAL ANTICORRUPCION,14228970,14228970,5372749
2,02,58,SISTEMA PARA EL DESARROLLO INTEGRAL DE LA FAMILIA DE BAJA CALIFORNIA,808036877,978395230,960912578
2,02,59,UNIDAD DE ESPECIALIDADES MEDICAS DE BAJA CALIFORNIA,244935994,238730426,145021991
2,02,60,UNIVERSIDAD INTERCULTURAL DE BAJA CALIFORNIA,20000000,13789736,11296442
2,02,61,UNIVERSIDAD POLITECNICA DE BAJA CALIFORNIA,61189108,68316692,59510888
2,02,62,UNIVERSIDAD TECNOLOGICA DE TIJUANA,171286436,191123608,155506787
3,03,1,JEFATURA DE LA OFICINA DEL EJECUTIVO,87068800,87068800,89681447
3,03,2,SECRETARIA GENERAL DE GOBIERNO,103986961,103986961,127353395
3,03,3,SECRETARIA DE FINANZAS Y ADMINISTRACION,1470382996,1470382996,1731059930
3,03,4,SECRETARIA DE PLANEACION URBANA INFRAESTRUCTURA MOVILIDAD MEDIO AMBIENTE Y RECURSOS NATURALES,224884153,224884153,457157710
3,03,5,SECRETARIA DE EDUCACION PUBLICA,6844331088,6844331088,6977157649
3,03,6,SECRETARIA DE TURISMO Y ECONOMIA,142025161,142025161,145927002
3,03,7,SECRETARIA DE SALUD,1873770540,1873770540,2113480408
3,03,8,SECRETARIA DE PESCA ACUACULTURA Y DESARROLLO AGROPECUARIO,171397404,171397404,203533940
3,03,9,SECRETARIA DEL TRABAJO BIENESTAR Y DESARROLLO SOCIAL,182172690,182172690,119256139
3,03,10,PROCURADURIA GENERAL DE JUSTICIA,320136839,320136839,350166433
3,03,11,CONTRALORIA GENERAL,25487995,25487995,30259677
3,03,12,SECRETARIA DE SEGURIDAD PUBLICA,794848279,794848279,787978399
3,03,13,COLEGIO DE BACHILLERES DEL ESTADO DE BAJA CALIFORNIA SUR,403927698,403927698,486621170
3,03,14,COLEGIO DE ESTUDIOS CIENTIFICOS Y TECNOLOGICOS DEL ESTADO,306714736,306714736,347250026
3,03,15,INSTITUTO TECNOLOGICO SUPERIOR DE CIUDAD CONSTITUCION,34789250,34789250,42041905
3,03,16,INSTITUTO TECNOLOGICO SUPERIOR DE LOS CABOS,39759958,39759958,45836342
3,03,17,INSTITUTO TECNOLOGICO SUPERIOR DE MULEGE,25754647,25754647,26347562
3,03,18,COLEGIO NACIONAL DE EDUCACION PROFESIONAL TECNICA,58878075,58878075,62736771
3,03,19,INSTITUTO SUDCALIFORNIANO DE LA INFRAESTRUCTURA FISICA EDUCATIVA,167528819,167528819,296170130
3,03,20,INSTITUTO ESTATAL DE EDUCACION PARA LOS ADULTOS,49889744,49889744,46818230
3,03,21,CONSEJO SUDCALIFORNIANO DE CIENCIA Y TECNOLOGIA,1700000,1700000,1700000
3,03,22,BENEMERITA ESCUELA NORMAL URBANA PROFESOR DOMINGO CARBALLO FELIX,14250333,14250333,21576859
3,03,23,UNIVERSIDAD TECNOLOGICA DE LA PAZ,21288658,21288658,21570680
3,03,24,INSTITUTO DE SERVICIOS DE SALUD,0,0,0
3,03,25,COMISION ESTATAL PARA LA PROTECCION CONTRA RIESGOS SANITARIOS,0,0,0
3,03,26,INSTITUTO DE SALUD PARA EL BIENESTAR,0,0,0
3,03,27,JUNTA ESTATAL DE CAMINOS,65000000,65000000,68264728
3,03,28,COMISION ESTATAL DEL AGUA,80125686,80125686,189342617
3,03,29,INSTITUTO DE VIVIENDA DE BAJA CALIFORNIA SUR,49712356,49712356,93443797
3,03,30,INSTITUTO SUDCALIFORNIANO DE LA JUVENTUD,7384941,7384941,7250754
3,03,31,INSTITUTO SUDCALIFORNIANO DEL DEPORTE,108719603,108719603,163857590
3,03,32,INSTITUTO SUDCALIFORNIANO DE CULTURA,116751349,116751349,124532276
3,03,33,INSTITUTO SUDCALIFORNIANO DE LAS MUJERES,25402136,25402136,33788162
3,03,34,INSTITUTO SUDCALIFORNIANO PARA LA INCLUSION DE PERSONAS CON DISCAPACIDAD,3412712,3412712,33536644
3,03,35,INSTITUTO ESTATAL DE RADIO Y TELEVISION,23160401,23160401,23766291
3,03,36,INSTITUTO DE CAPACITACION PARA LOS TRABAJADORES DEL ESTADO DE BAJA CALIFORNIA SUR,23009868,23009868,24336081
3,03,37,PATRONATO DEL ESTUDIANTE SUDCALIFORNIANO,28277862,28277862,29067315
3,03,38,SISTEMA ESTATAL PARA EL DESARROLLO INTEGRAL DE LA FAMILIA,227709204,227709204,227898913
3,03,39,ADMINISTRACION PORTUARIA INTEGRAL DE BAJA CALIFORNIA SUR SA DE CV,257450203,313348376,306763070
4,04,1,OFICINA DE LA GOBERNADORA,177822899,177822899,171895735
4,04,2,SECRETARIA DE GOBIERNO,386664079,386664079,319046401
4,04,3,SECRETARIA DE ADMINISTRACION Y FINANZAS,767439929,767439929,600006603
4,04,4,SECRETARIA DE MODERNIZACION ADMINISTRATIVA E INNOVACION GUBERNAMENTAL,87177783,87177783,76951638
4,04,5,SECRETARIA DE EDUCACION,5433077109,5433077109,5727938087
4,04,6,SECRETARIA DE SALUD,292898108,292898108,279146908
4,04,7,SECRETARIA DE DESARROLLO TERRITORIAL URBANO Y OBRAS PUBLICAS,751480825,751480825,740122516
4,04,8,SECRETARIA DE DESARROLLO ECONOMICO,76959110,76959110,29097036
4,04,9,SECRETARIA DE DESARROLLO AGROPECUARIO,194314807,194314807,190170893
4,04,10,SECRETARIA DE BIENESTAR,240270316,240270316,180678917
4,04,11,SECRETARIA DE INCLUSION,24329275,24329275,14231240
4,04,12,SECRETARIA DE MEDIO AMBIENTE BIODIVERSIDAD Y CAMBIO CLIMATICO,170002765,170002765,126358766
4,04,13,SECRETARIA DE TURISMO,69649900,69649900,62256270
4,04,14,SECRETARIA DE PROTECCION Y SEGURIDAD CIUDADANA,684032050,684032050,764071573
4,04,15,SECRETARIA DE PROTECCION CIVIL,120271455,120271455,101122987
4,04,16,CONSEJERIA JURIDICA,34952379,34952379,25949963
4,04,17,SECRETARIA DE LA CONTRALORIA,71130029,71130029,70225150
4,04,18,FISCALIA GENERAL DEL ESTADO DE CAMPECHE,454918284,454918284,377763706
4,04,19,ARCHIVO GENERAL DEL ESTADO DE CAMPECHE,6225627,6225627,5598875
4,04,20,COMISION LOCAL DE BUSQUEDA DE PERSONAS DEL ESTADO DE CAMPECHE,3876780,3876780,18887071
4,04,21,CONSEJO ESTATAL DE POBLACION DE CAMPECHE,8069123,8069123,7469187
4,04,22,INSTITUTO ESTATAL DEL TRANSPORTE DEL ESTADO DE CAMPECHE,9284645,9284645,8328880
4,04,23,SECRETARIA EJECUTIVA DEL SISTEMA ESTATAL DE PROTECCION INTEGRAL DE LOS DERECHOS DE NIÑAS NIÑOS Y ADOLESCENTES,2260399,2260399,2574471
4,04,24,CONSEJO ESTATAL DE SEGURIDAD PUBLICA EN EL ESTADO DE CAMPECHE,159543285,159543285,74892683
4,04,25,SERVICIO DE ADMINISTRACION FISCAL DEL ESTADO DE CAMPECHE,343580641,343580641,155528109
4,04,26,COMISION DE MEJORA REGULATORIA DEL ESTADO DE CAMPECHE,6750996,6750996,4188710
4,04,27,COMISION DE CONCILIACION Y ARBITRAJE MEDICO DEL ESTADO DE CAMPECHE,5998947,5998947,4202646
4,04,28,INSTITUTO CAMPECHANO DEL EMPRENDEDOR,4844322,4844322,3347409
4,04,29,PROMOTORA DE PRODUCTOS Y SERVICIOS DE CAMPECHE,5416400,5416400,5763842
4,04,30,INSTITUTO PARA EL DESARROLLO DE LA MICRO PEQUEÑA Y MEDIANA EMPRESA,5553401,5553401,4696498
4,04,31,JUNTA ESTATAL DE ASISTENCIA PRIVADA,1841896,1841896,1236480
4,04,32,COLEGIO DE ESTUDIOS CIENTIFICOS Y TECNOLOGICOS DEL ESTADO DE CAMPECHE,123029389,123029389,243119954
4,04,33,INSTITUTO DE CAPACITACION PARA EL TRABAJO DEL ESTADO DE CAMPECHE,64964543,64964543,161607668
4,04,34,COLEGIO DE BACHILLERES DEL ESTADO DE CAMPECHE,232945728,232945728,461645127
4,04,35,UNIVERSIDAD TECNOLOGICA DE CAMPECHE,44093284,44093284,110445018
4,04,36,COLEGIO DE EDUCACION PROFESIONAL TECNICA DEL ESTADO DE CAMPECHE,67283112,67283112,70260737
4,04,37,INSTITUTO ESTATAL DE LA EDUCACION PARA LOS ADULTOS DEL ESTADO DE CAMPECHE,90050903,90050903,92563308
4,04,38,INSTITUTO TECNOLOGICO SUPERIOR DE CALKINI EN EL ESTADO DE CAMPECHE,44802802,44802802,44323212
4,04,39,INSTITUTO TECNOLOGICO SUPERIOR DE ESCARCEGA,30157792,30157792,31221062
4,04,40,INSTITUTO TECNOLOGICO SUPERIOR DE CHAMPOTON,24726237,24726237,29969694
4,04,41,UNIVERSIDAD TECNOLOGICA DE CANDELARIA,8167416,8167416,28125272
4,04,42,INSTITUTO TECNOLOGICO SUPERIOR DE HOPELCHEN,11063659,11063659,11067953
4,04,43,UNIVERSIDAD TECNOLOGICA DE CALAKMUL,5802846,5802846,21871268
4,04,44,UNIVERSIDAD AUTONOMA DE CAMPECHE,969146121,969146121,1006753087
4,04,45,UNIVERSIDAD AUTONOMA DEL CARMEN,597090197,597090197,642218308
4,04,46,INSTITUTO CAMPECHANO,142881793,142881793,176110691
4,04,47,FUNDACION PABLO GARCIA,39692725,39692725,39563396
4,04,48,CONSEJO ESTATAL DE INVESTIGACION CIENTIFICA Y DESARROLLO TECNOLOGICO,2594412,2594412,2480382
4,04,49,INSTITUTO DE LA INFRAESTRUCTURA FISICA EDUCATIVA DEL ESTADO DE CAMPECHE,202056573,202056573,166394612
4,04,50,PROMOTORA DE EVENTOS ARTISTICOS CULTURALES Y DE CONVENCIONES DEL ESTADO DE CAMPECHE,16994795,16994795,15168624
4,04,51,INSTITUTO ESTATAL PARA EL FOMENTO DE LAS ACTIVIDADES ARTESANALES EN CAMPECHE,14954906,14954906,14234038
4,04,52,SISTEMA PARA EL DESARROLLO INTEGRAL DE LA FAMILIA DEL ESTADO DE CAMPECHE,367083715,367083715,401858087
4,04,53,INSTITUTO DEL DEPORTE DEL ESTADO DE CAMPECHE,99319383,99319383,102629451
4,04,54,INSTITUTO DE LA MUJER DEL ESTADO DE CAMPECHE,10280596,10280596,32697564
4,04,55,INSTITUTO DE LA JUVENTUD DEL ESTADO DE CAMPECHE,8361294,8361294,7912223
4,04,56,HOSPITAL DR MANUEL CAMPOS,129509679,129509679,109791365
4,04,57,HOSPITAL PSIQUIATRICO DE CAMPECHE,50859897,50859897,53401412
4,04,58,INSTITUTO DE SERVICIOS DESCENTRALIZADOS DE SALUD PUBLICA DEL ESTADO DE CAMPECHE,2188197549,2188197549,2757401160
4,04,59,SISTEMA DE ATENCION A NIÑOS NIÑAS Y ADOLESCENTES FARMACODEPENDIENTES DEL ESTADO DE CAMPECHE VIDA NUEVA,26961275,26961275,27351302
4,04,60,COMISION DE AGUA POTABLE Y ALCANTARILLADO DEL ESTADO DE CAMPECHE,220924745,220924745,195407913
4,04,61,PROMOTORA PARA LA CONSERVACION Y DESARROLLO SUSTENTABLE DEL ESTADO DE CAMPECHE,10626500,10626500,10005360
4,04,62,COMISION ESTATAL DE DESARROLLO DE SUELO Y VIVIENDA,85436210,85436210,87504405
4,04,63,INSTITUTO DE DESARROLLO Y FORMACION SOCIAL,18109027,18109027,17828645
4,04,64,SISTEMA DE TELEVISION Y RADIO DE CAMPECHE,51959412,51959412,33170127
4,04,65,INSTITUTO DE INFORMACION ESTADISTICA GEOGRAFICA Y CATASTRAL DEL ESTADO DE CAMPECHE,35933307,35933307,28721427
4,04,66,INSTITUTO DE SEGURIDAD Y SERVICIOS SOCIALES DE LOS TRABAJADORES DEL ESTADO DE CAMPECHE,48413393,48413393,88510195
4,04,67,INSTITUTO DE ACCESO A LA JUSTICIA DEL ESTADO DE CAMPECHE,56954728,56954728,34100820
4,04,68,CENTRO DE CONCILIACION LABORAL EN EL ESTADO,15289433,15289433,15084383
4,04,69,AGENCIA DE ENERGIA DEL ESTADO DE CAMPECHE,2644375,2644375,2625246
4,04,70,SECRETARIA EJECUTIVA DEL SISTEMA ANTICORRUPCION,4570090,4570090,4108133
4,04,71,INSTITUTO DE PESCA Y ACUACULTURA DEL ESTADO DE CAMPECHE,41970356,41970356,58827398
4,04,72,INSTITUTO DE CULTURA Y ARTES DEL ESTADO DE CAMPECHE,129812820,129812820,127058255
4,04,73,AUTORIDAD DEL PATRIMONIO CULTURAL DEL ESTADO DE CAMPECHE,15965413,15965413,115420559
4,04,74,UNIVERSIDAD INTERCULTURAL DE CAMPECHE,0,0,27081614
4,04,75,FIDEICOMISO FONDO CAMPECHE,16166000,16166000,31547159
4,04,76,FIDEICOMISO DE INVERSION DEL IMPUESTO DEL 2 SOBRE NOMINA,12300000,12300000,12300000
4,04,77,FIDEICOMISO FONDO DE FOMENTO AGROPECUARIO DEL ESTADO DE CAMPECHE,18685000,18685000,41321210
5,05,1,OFICINAS DEL EJECUTIVO,219616551,219616551,360074794
5,05,2,SECRETARIA DE GOBIERNO,530842079,530842079,1083263074
5,05,3,COORDINACION DE COMUNICACION E IMAGEN INSTITUCIONAL,6332500,6332500,33581487
5,05,4,SECRETARIA DE FINANZAS,3578081233,3578081233,1580019577
5,05,5,ADMINISTRACION FISCAL GENERAL,2225765699,2225765699,3475933681
5,05,6,SECRETARIA DE ECONOMIA,235008103,235008103,40938780
5,05,7,SECRETARIA DE EDUCACION,19633939171,19633939171,21717135120
5,05,8,SECRETARIA DE INCLUSION Y DESARROLLO SOCIAL,1195974739,1195974739,1667758509
5,05,9,SECRETARIA DE SEGURIDAD PUBLICA,1928617633,1928617633,1816843655
5,05,10,SECRETARIA DE SALUD,112412754,112412754,358707765
5,05,11,SECRETARIA DE INFRAESTRUCTURA DESARROLLO URBANO Y MOVILIDAD,3624661604,3624661604,2522874398
5,05,12,SECRETARIA DE DESARROLLO RURAL,182102560,182102560,103898054
5,05,13,SECRETARIA DE FISCALIZACION Y RENDICION DE CUENTAS,49325626,49325626,59235772
5,05,14,SECRETARIA DE MEDIO AMBIENTE,51002904,51002904,207721534
5,05,15,SECRETARIA DE CULTURA,220557082,220557082,192905595
5,05,16,SECRETARIA DEL TRABAJO,147256415,147256415,145337676
5,05,17,SECRETARIA DE VIVIENDA Y ORDENAMIENTO TERRITORIAL,44778295,44778295,18146080
5,05,18,SECRETARIA DE TURISMO Y DESARROLLO DE PUEBLOS MAGICOS,67867071,67867071,196666905
5,05,19,SECRETARIA DE INVERSION PUBLICA PRODUCTIVA,20000000,20000000,5336662
5,05,20,INSTITUTO COAHUILENSE DE LAS MUJERES,35297515,35297515,33567163
5,05,21,PROCURADURIA PARA NIÑOS NIÑAS Y LA FAMILIA,24089619,24089619,34284774
5,05,22,SISTEMA PARA EL DESARROLLO INTEGRAL DE LA FAMILIA Y PROTECCION DE DERECHOS DEL ESTADO DE COAHUILA,463199412,463199412,441656627
5,05,23,CENTRO DE JUSTICIA Y EMPODERAMIENTO PARA LAS MUJERES DEL ESTADO DE COAHUILA DE ZARAGOZA,34897649,34897649,29912276
5,05,24,COMISION EJECUTIVA ESTATAL DE ATENCION A VICTIMAS,20728575,20728575,21499641
5,05,25,COAHUILA RADIO,9074535,9074535,11377783
5,05,26,INSTITUTO DE PENSIONES PARA LOS TRABAJADORES AL SERVICIO DEL ESTADO,0,0,118365270
5,05,27,INSTITUTO REGISTRAL Y CATASTRAL DEL ESTADO DE COAHUILA DE ZARAGOZA,114265938,114265938,27450177
5,05,28,INSTITUTO COAHUILENSE DE ADULTOS MAYORES,2659997,2659997,2512680
5,05,29,PROMOTORA PARA EL DESARROLLO RURAL DE COAHUILA,13315532,13315532,15360201
5,05,30,COMISION ESTATAL PARA LA REGULARIZACION DE LA TENENCIA DE LA TIERRA URBANA Y RUSTICA DE COAHUILA,18497900,18497900,20095330
5,05,31,COMISION ESTATAL DE LA VIVIENDA,13550972,13550972,16750972
5,05,32,SERVICIOS ESTATALES AEROPORTUARIOS,0,0,0
5,05,33,SERVICIOS DE SALUD COAHUILA,3686428217,3686428217,3677056227
5,05,34,INSTITUTO DE SERVICIOS DE SALUD REHABILITACION Y EDUCACION ESPECIAL E INTEGRAL,30600000,30600000,30600000
5,05,35,COMISION ESTATAL DE AGUAS Y SANEAMIENTO DE COAHUILA,0,0,62839387
5,05,36,INSTITUTO DE CAPACITACION PARA EL TRABAJO DEL ESTADO DE COAHUILA,17843918,17843918,64213725
5,05,37,CONSEJO ESTATAL DE CIENCIA Y TECNOLOGIA DEL ESTADO DE COAHUILA,10084062,10084062,10533574
5,05,38,INSTITUTO ESTATAL DEL DEPORTE DE COAHUILA,95216183,95216183,213833152
5,05,39,INSTITUTO ESTATAL DE EDUCACION PARA LOS ADULTOS,169899876,169899876,198565726
5,05,40,COLEGIO DE ESTUDIOS CIENTIFICOS Y TECNOLOGICOS DEL ESTADO DE COAHUILA,178237897,178237897,582346236
5,05,41,COLEGIO DE BACHILLERES DE COAHUILA,100387555,100387555,277432543
5,05,42,COLEGIO DE EDUCACION PROFESIONAL TECNOLOGICA DEL ESTADO DE COAHUILA,181616140,181616140,198787540
5,05,43,INSTITUTO COAHUILENSE DE INFRAESTRUCTURA FISICA EDUCATIVA,18947121,18947121,295254866
5,05,44,INSTITUTO TECNOLOGICO DE ESTUDIOS SUPERIORES DE REGION CARBONIFERA,34679981,34679981,39376134
5,05,45,INSTITUTO TECNOLOGICO SUPERIOR DE CIUDAD ACUÑA,31294953,31294953,34810111
5,05,46,INSTITUTO TECNOLOGICO DE ESTUDIOS SUPERIORES DE MONCLOVA,29891886,29891886,29891886
5,05,47,INSTITUTO TECNOLOGICO SUPERIOR DE MELCHOR MUZQUIZ,14447034,14447034,16845712
5,05,48,INSTITUTO TECNOLOGICO SUPERIOR DE SAN PEDRO COAHUILA,16349554,16349554,20246912
5,05,49,UNIVERSIDAD TECNOLOGICA DE COAHUILA,42837012,42837012,103227550
5,05,50,UNIVERSIDAD TECNOLOGICA DEL NORTE DE COAHUILA,31451867,31451867,62133740
5,05,51,UNIVERSIDAD TECNOLOGICA DE LA REGION DEL CENTRO DE COAHUILA,35438343,35438343,81999116
5,05,52,UNIVERSIDAD TECNOLOGICA DE TORREON,41856043,41856043,96743526
5,05,53,UNIVERSIDAD TECNOLOGICA DE SALTILLO,10465139,10465139,21341875
5,05,54,UNIVERSIDAD TECNOLOGICA DE PARRAS,4898502,4898502,13641486
5,05,55,UNIVERSIDAD TECNOLOGICA DE LA REGION CARBONIFERA,8636849,8636849,18146999
5,05,56,UNIVERSIDAD POLITECNICA DE LA REGION LAGUNA,6050000,6050000,16545436
5,05,57,UNIVERSIDAD POLITECNICA DE RAMOS ARIZPE,6992078,6992078,17726911
5,05,58,UNIVERSIDAD POLITECNICA DE PIEDRAS NEGRAS,5326463,5326463,13801059
5,05,59,UNIVERSIDAD POLITECNICA DE MONCLOVA FRONTERA,6912963,6912963,15597114
5,05,60,UNIVERSIDAD TECNOLOGICA DE CIUDAD ACUÑA,4180000,4180000,10350720
6,06,1,OFICINA DE LA GUBERNATURA,96925122,75762561,77846816.01
6,06,2,SECRETARIA GENERAL DE GOBIERNO,471240930,404776582,494595192.97
6,06,3,SECRETARIA DE PLANEACION FINANZAS Y ADMINISTRACION,355610737,337633955,312562895.28
6,06,4,SECRETARIA DE BIENESTAR SOCIAL INCLUSION SOCIAL Y MUJER,727948637,492059850,430465397.26
6,06,5,SECRETARIA DE INFRAESTRUCTURA DESARROLLO URBANO Y MOVILIDAD,189606959,174399912,211358781.01
6,06,6,SECRETARIA DE DESARROLLO ECONOMICO,217600743,222600743,205006264.08
6,06,7,SECRETARIA DE EDUCACION Y CULTURA,7417019018,7339994052,8111848375.1
6,06,8,SECRETARIA DE SALUD,2143589887,2144468408,2246127359.22
6,06,9,SECRETARIA DE SEGURIDAD PUBLICA,613287986,613287986,541829100.32
6,06,10,CONSEJERIA JURIDICA DEL PODER EJECUTIVO DEL ESTADO,23228905,23228905,26681905.98
6,06,11,CONTRALORIA GENERAL DEL ESTADO,13317351,18082196,16609139.59
6,06,12,SISTEMA PARA EL DESARROLLO INTEGRAL DE LA FAMILIA EN EL ESTADO DE COLIMA,218274550,218075828,206434922.51
6,06,13,INSTITUTO COLIMENSE DEL DEPORTE,59227203,57717164,57583595.19
6,06,14,INSTITUTO PARA LA ATENCION DE LOS ADULTOS MAYORES,5670270,5615390,5605867.63
6,06,15,INSTITUTO COLIMENSE DE INFRAESTRUCTURA FISICA EDUCATIVA,10876831,10876831,8406796.52
6,06,16,INSTITUTO COLIMENSE DE RADIO Y TELEVISION,21162561,21162561,19221874.18
6,06,17,CENTRO ESTATAL PARA LA PREVENCION Y ATENCION DE LA VIOLENCIA FAMILIAR,3520946,3520946,3479341.18
6,06,18,INSTITUTO COLIMENSE PARA LA DISCAPACIDAD,3387322,3387322,3383925.82
6,06,19,COMISION ESTATAL DEL AGUA DE COLIMA,4066625,4066625,4065040.53
6,06,20,INSTITUTO COLIMENSE DE LAS MUJERES,5976456,16075046,28821862.26
6,06,21,INSTITUTO COLIMENSE PARA LA SOCIEDAD DE LA INFORMACION Y EL CONOCIMIENTO,15959592,15959592,15398224.62
6,06,22,INSTITUTO PARA EL MEDIO AMBIENTE Y DESARROLLO SUSTENTABLE,11140422,11140422,11129644.31
6,06,23,INSTITUTO PARA EL REGISTRO DEL TERRITORIO DEL ESTADO DE COLIMA,35677503,34586238,31250346.49
6,06,24,PROCURADURIA DE PROTECCION DE NIÑAS NIÑOS Y ADOLESCENTES,10124169,8909732,7888634.1
6,06,25,PROTECCION CIVIL,17141730,15034037,14302978.81
6,06,26,INSTITUTO TECNICO HACENDARIO DEL ESTADO DE COLIMA,1000000,1000000,1515246.8
6,06,27,CONSEJO DE PARTICIPACION SOCIAL DEL ESTADO DE COLIMA,517150,500000,500000
6,06,28,JUNTA DE ASISTENCIA PRIVADA,2068600,2000000,3500000
6,06,29,COMISION ESTATAL DE CONCILIACION Y ARBITRAJE MEDICO DE COLIMA,2176031,2054522,1499469.58
6,06,30,ORGANO DE GESTION Y CONTROL DEL PATRIMONIO DEL ESTADO DE COLIMA,1500000,1500000,750000
6,06,31,INSTITUTO ESTATAL DE EDUCACION PARA ADULTOS,2585750,9300750,5902620
7,07,1,GUBERNATURA,33560540,33560540,29937781
7,07,2,SECRETARIA GENERAL DE GOBIERNO,398279604,398279604,475818505
7,07,3,SECRETARIA DE HACIENDA,39667363921,39667363921,32774003873
7,07,4,SECRETARIA DE LA HONESTIDAD Y FUNCION PUBLICA,175974484,175974484,178559765
7,07,5,SECRETARIA DE IGUALDAD DE GENERO,63732778,63732778,105071307
7,07,6,SECRETARIA DE PROTECCION CIVIL,101526094,101526094,141316682
7,07,7,SECRETARIA DE OBRAS PUBLICAS,2034061103,2034061103,2163332305
7,07,8,SECRETARIA DE MEDIO AMBIENTE E HISTORIA NATURAL,108856766,108856766,152226208
7,07,9,SECRETARIA DE ECONOMIA Y DEL TRABAJO,104919467,104919467,149633400
7,07,10,SECRETARIA DE BIENESTAR,77248128,77248128,285457419
7,07,11,SECRETARIA DE AGRICULTURA GANADERIA Y PESCA,231549655,231549655,337767726
7,07,12,SECRETARIA DE TURISMO,130995227,130995227,161322701
7,07,13,SECRETARIA PARA EL DESARROLLO SUSTENTABLE DE LOS PUEBLOS INDIGENAS,21980106,21980106,23314171
7,07,14,SECRETARIA DE SALUD,0,0,0
7,07,15,SECRETARIA DE EDUCACION,30757528394,30757528394,32515650246
7,07,16,SECRETARIA DE SEGURIDAD Y PROTECCION CIUDADANA,2734972047,2734972047,3026410981
7,07,17,SECRETARIA DE MOVILIDAD Y TRANSPORTE,45712138,45712138,172175912
7,07,18,COMISION ESTATAL DE BUSQUEDA DE PERSONAS,2610346,2610346,17743657
7,07,19,OFICIALIA MAYOR DEL ESTADO DE CHIAPAS,30437450,30437450,32677108
7,07,20,COORDINACION ESTATAL PARA EL MEJORAMIENTO DEL ZOOLOGICO MIGUEL ALVAREZ DEL TORO,41449923,41449923,42971533
7,07,21,JUNTA LOCAL DE CONCILIACION Y ARBITRAJE DEL ESTADO DE CHIAPAS,24828737,24828737,25069165
7,07,22,COMISION ESTATAL DE MEJORA REGULATORIA,6216144,6216144,6185238
7,07,23,INSTITUTO DE LA JUVENTUD DEL ESTADO DE CHIAPAS,11159503,11159503,11730191
7,07,24,INSTITUTO DE PROTECCION SOCIAL Y BENEFICENCIA PUBLICA DEL ESTADO DE CHIAPAS,6460997,6460997,6696995
7,07,25,CENTRO ESTATAL DE TRASPLANTES DEL ESTADO DE CHIAPAS,5585724,5585724,5936503
7,07,26,INSTITUTO DE ESTUDIOS DE POSGRADO,0,0,0
7,07,27,INSTITUTO ESTATAL DE EVALUACION E INNOVACION EDUCATIVA,0,0,0
7,07,28,INSTITUTO DE FORMACION POLICIAL,29262006,29262006,71597769
7,07,29,CENTRO ESTATAL DE PREVENCION SOCIAL DE LA VIOLENCIA Y PARTICIPACION CIUDADANA,25629053,25629053,26157025
7,07,30,INSTITUTO PARA LA GESTION INTEGRAL DE RIESGOS DE DESASTRES DEL ESTADO DE CHIAPAS,539736520,539736520,598051065
7,07,31,COMISION EJECUTIVA ESTATAL DE ATENCION A VICTIMAS PARA EL ESTADO DE CHIAPAS,9819143,9819143,13755403
7,07,32,INSTITUTO DEL PATRIMONIO DEL ESTADO,13844743,13844743,19626656
7,07,33,INSTITUTO DE BOMBEROS DEL ESTADO DE CHIAPAS,5994779,5994779,6117923
7,07,34,INSTITUTO ESTATAL DEL AGUA,21488663,21488663,22531820
7,07,35,COMISION DE CAMINOS E INFRAESTRUCTURA HIDRAULICA,1686242544,1686242544,2566651777
7,07,36,PROCURADURIA AMBIENTAL DEL ESTADO DE CHIAPAS,4509877,4509877,4811570
7,07,37,INSTITUTO DE CAPACITACION Y VINCULACION TECNOLOGICA DEL ESTADO DE CHIAPAS,202253467,202253467,214182545
7,07,38,INSTITUTO CASA DE LAS ARTESANIAS DE CHIAPAS,25280856,25280856,39625882
7,07,39,CENTRO DE CONCILIACION LABORAL DEL ESTADO DE CHIAPAS,11808856,11808856,13936990
7,07,40,PROMOTORA DE VIVIENDA CHIAPAS,22203411,22203411,44948495
7,07,41,INSTITUTO DEL CAFE DE CHIAPAS,21906308,21906308,25373175
7,07,42,OFICINA DE CONVENCIONES Y VISITANTES,17397781,17397781,18500868
7,07,43,INSTITUTO DE SALUD,11292778107,11292778107,18300431023
7,07,44,SISTEMA PARA EL DESARROLLO INTEGRAL DE LA FAMILIA DEL ESTADO DE CHIAPAS SISTEMA DIF CHIAPAS,1321437424,1321437424,1450933931
7,07,45,COLEGIO DE BACHILLERES DE CHIAPAS,3147863361,3147863361,3779889619
7,07,46,COLEGIO DE EDUCACION PROFESIONAL TECNICA DEL ESTADO DE CHIAPAS CONALEP CHIAPAS,220744928,220744928,266614872
7,07,47,UNIVERSIDAD TECNOLOGICA DE LA SELVA,114131220,114131220,128519020
7,07,48,COLEGIO DE ESTUDIOS CIENTIFICOS Y TECNOLOGICOS DEL ESTADO DE CHIAPAS,1089727417,1089727417,1299741804
7,07,49,INSTITUTO CHIAPANECO DE EDUCACION PARA JOVENES Y ADULTOS,315272566,315272566,302664921
7,07,50,INSTITUTO TECNOLOGICO SUPERIOR DE CINTALAPA,62540291,62540291,68955535
7,07,51,UNIVERSIDAD POLITECNICA DE CHIAPAS,71742136,71742136,93999355
7,07,52,UNIVERSIDAD POLITECNICA DE TAPACHULA,20899946,20899946,25417630
7,07,53,UNIVERSIDAD INTERCULTURAL DE CHIAPAS,79661138,79661138,140426747
7,07,54,INSTITUTO DE LA INFRAESTRUCTURA FISICA EDUCATIVA DEL ESTADO DE CHIAPAS,1213436980,1213436980,1362581648
7,07,55,CENTRO REGIONAL DE FORMACION DOCENTE E INVESTIGACION EDUCATIVA,0,0,18058182
7,07,56,TALLERES GRAFICOS DE CHIAPAS,0,0,0
7,07,57,SISTEMA CHIAPANECO DE RADIO TELEVISION Y CINEMATOGRAFIA,71302473,71302473,106272686
7,07,58,CENTRO ESTATAL DE CONTROL DE CONFIANZA CERTIFICADO DEL ESTADO DE CHIAPAS,71739306,71739306,76962039
7,07,59,INSTITUTO DE SEGURIDAD SOCIAL DE LOS TRABAJADORES DEL ESTADO DE CHIAPAS,0,0,986021950
7,07,60,CONSEJO ESTATAL PARA LAS CULTURAS Y LAS ARTES DE CHIAPAS,112539590,112539590,127587067
7,07,61,COMISION ESTATAL DE CONCILIACION Y ARBITRAJE MEDICO DEL ESTADO DE CHIAPAS,0,0,0
7,07,62,SECRETARIADO EJECUTIVO DEL SISTEMA ESTATAL DE SEGURIDAD PUBLICA,144126151,144126151,145584152
7,07,63,INSTITUTO DE CIENCIA TECNOLOGIA E INNOVACION DEL ESTADO DE CHIAPAS,45119123,45119123,66122699
7,07,64,SECRETARIA EJECUTIVA DEL SISTEMA ANTICORRUPCION DEL ESTADO DE CHIAPAS,17606031,17606031,18226595
7,07,65,ARCHIVO GENERAL DEL ESTADO,9269198,9269198,8537505
7,07,66,CONSEJERIA JURIDICA DEL GOBERNADOR,30211961,30211961,31294562
7,07,67,INSTITUTO DE COMUNICACION SOCIAL Y RELACIONES PUBLICAS DEL ESTADO DE CHIAPAS,30574901,30574901,68587359
7,07,68,INSTITUTO DEL DEPORTE DEL ESTADO DE CHIAPAS,62020393,62020393,74581031
7,07,69,SOCIEDAD OPERADORA DE LA TORRE CHIAPAS SA DE CV,0,0,0
7,07,70,SOCIEDAD OPERADORA DEL AEROPUERTO INTERNACIONAL ANGEL ALBINO CORZO,0,0,0
8,08,1,DESPACHO DEL EJECUTIVO,16296356,16296356,21159819
8,08,2,COORDINACION DE COMUNICACION,116429379,162858260,346050635
8,08,3,COORDINACION DE RELACIONES PUBLICAS,27333353,27333353,27333353
8,08,4,REPRESENTACION DEL GOBIERNO DEL ESTADO DE CHIHUAHUA EN LA CIUDAD DE MEXICO,11000000,10197777,10808320
8,08,5,FISCALIA GENERAL DEL ESTADO,3768413470,3921006742,3891903237
8,08,6,SECRETARIA DE COMUNICACIONES Y OBRAS PUBLICAS,916738032,1685406501,1435405554
8,08,7,SECRETARIA DE COORDINACION DE GABINETE,323089469,323089469,295315385
8,08,8,SECRETARIA DE CULTURA,134259823,134259823,166765286
8,08,9,SECRETARIA DE DESARROLLO HUMANO Y BIEN COMUN,405571906,405571906,688771690
8,08,10,SECRETARIA DE DESARROLLO RURAL,158600309,219600309,188889929
8,08,11,SECRETARIA DE DESARROLLO URBANO Y ECOLOGIA,153112445,153112445,187774632
8,08,12,SECRETARIA DE EDUCACION Y DEPORTE,NSS,NSS,NSS
8,08,13,SECRETARIA DE HACIENDA,4360333406,4360333406,3891647649
8,08,14,SECRETARIA DE INNOVACION Y DESARROLLO ECONOMICO,87990320,87990320,256311962
8,08,15,SECRETARIA DE LA FUNCION PUBLICA,104765895,104765895,99984877
8,08,16,SECRETARIA DE PUEBLOS Y COMUNIDADES INDIGENAS,95401673,95401673,108259376
8,08,17,SECRETARIA DE SALUD,80916177,80916177,66416061
8,08,18,SECRETARIA DE SEGURIDAD PUBLICA,NSS,NSS,NSS
8,08,19,SECRETARIA DE TURISMO,6879221,6879221,6879221
8,08,20,SECRETARIA DEL TRABAJO Y PREVISION SOCIAL,166113084,166256154,166256154
8,08,21,SECRETARIA GENERAL DE GOBIERNO,266077775,308557096,289714791
8,08,22,ADMINISTRADORA DE SERVICIOS AEROPORTUARIOS DE CHIHUAHUA,9183346,20469975,15872640
8,08,23,AGENCIA ESTATAL DE DESARROLLO ENERGETICO,NSS,NSS,NSS
8,08,24,CENTRO DE CONCILIACION LABORAL DEL ESTADO DE CHIHUAHUA,50558327,50558327,66113869
8,08,25,COLEGIO DE BACHILLERES DEL ESTADO DE CHIHUAHUA,1206878835,1124401496,1170817751
8,08,26,COLEGIO DE EDUCACION PROFESIONAL TECNICA DEL ESTADO DE CHIHUAHUA,252108119,257798662,265377174
8,08,27,COLEGIO DE ESTUDIOS CIENTIFICOS Y TECNOLOGICOS DEL ESTADO DE CHIHUAHUA,632911767,632911767,581322223
8,08,28,COMISION ESTATAL DE VIVIENDA SUELO E INFRAESTRUCTURA DE CHIHUAHUA,142463880,147246650,152713309
8,08,29,COMISION ESTATAL PARA LA PROTECCION CONTRA RIESGOS SANITARIOS DEL ESTADO DE CHIHUAHUA,38646,18379,7478
8,08,30,CONSEJO ESTATAL DE POBLACION,9696311,9696311,9696311
8,08,31,DESARROLLO INTEGRAL DE LA FAMILIA DEL ESTADO DE CHIHUAHUA,601882306,601882306,688873247
8,08,32,EL COLEGIO DE CHIHUAHUA,8382282,8696868,9532755
8,08,33,ESCUELA NORMAL SUPERIOR PROFESOR JOSE E MEDRANO R,32127000,32127000,32127000
8,08,34,FIDEICOMISO DE PUENTES FRONTERIZOS DE CHIHUAHUA,619308741,619308741,619308741
8,08,35,FIDEICOMISO ESTATAL PARA EL FOMENTO DE LAS ACTIVIDADES PRODUCTIVAS EN EL ESTADO DE CHIHUAHUA,22240851,22240851,20507253
8,08,36,FOMENTO Y DESARROLLO ARTESANAL DEL ESTADO DE CHIHUAHUA,6280531,9905531,7637648
8,08,37,INSTITUTO CHIHUAHUENSE DE EDUCACION PARA LOS ADULTOS,126962078,129960523,129960523
8,08,38,INSTITUTO CHIHUAHUENSE DE INFRAESTRUCTURA FISICA EDUCATIVA,33412375,194633888,89472282
8,08,39,INSTITUTO CHIHUAHUENSE DE LA JUVENTUD,13412681,11797476,17923310
8,08,40,INSTITUTO CHIHUAHUENSE DE LAS MUJERES,52197003,70081610,72154272
8,08,41,INSTITUTO CHIHUAHUENSE DE SALUD,2979247672,2979247672,3073170366
8,08,42,INSTITUTO CHIHUAHUENSE DEL DEPORTE Y CULTURA FISICA,88823992,85699159,130309848
8,08,43,INSTITUTO DE APOYO AL DESARROLLO TECNOLOGICO,90198091,101408270,101009365
8,08,44,INSTITUTO DE CAPACITACION PARA EL TRABAJO DEL ESTADO DE CHIHUAHUA,87882132,87882132,82687675
8,08,45,INSTITUTO DE INNOVACION Y COMPETITIVIDAD,10470158,60558855,60558855
8,08,46,INSTITUTO TECNOLOGICO SUPERIOR DE NUEVO CASAS GRANDES,75682492,70590864,83096881
8,08,47,JUNTA CENTRAL DE AGUA Y SANEAMIENTO DEL ESTADO DE CHIHUAHUA,494063260,494063260,336960410
8,08,48,JUNTA DE ASISTENCIA SOCIAL PRIVADA DEL ESTADO DE CHIHUAHUA,NSS,NSS,NSS
8,08,49,OPERADORA DE TRANSPORTE VIVEBUS CHIHUAHUA,0,0,0
8,08,50,PENSIONES CIVILES DEL ESTADO DE CHIHUAHUA,0,0,0
8,08,51,PROMOTORA PARA EL DESARROLLO ECONOMICO DE CHIHUAHUA,239607626,239607626,111007937
8,08,52,SECRETARIA EJECUTIVA DEL SISTEMA ESTATAL ANTICORRUPCION,12762938,12762938,11789299
8,08,53,SERVICIOS DE SALUD DE CHIHUAHUA,5885330185,5885330185,5590478834
8,08,54,SERVICIOS EDUCATIVOS DEL ESTADO DE CHIHUAHUA,13603734981,13587275811,14605294559
8,08,55,SUBSISTEMA DE PREPARATORIA ABIERTA Y TELEBACHILLERATO DEL ESTADO DE CHIHUAHUA,236510008,223744035,231425281
8,08,56,UNIVERSIDAD AUTONOMA DE CHIHUAHUA,2367339330,2367339330,2367339330
8,08,57,UNIVERSIDAD AUTONOMA DE CIUDAD JUAREZ,1195715460,2094208840,1903885135
8,08,58,UNIVERSIDAD PEDAGOGICA NACIONAL DEL ESTADO DE CHIHUAHUA,227947000,227947000,227543000
8,08,59,UNIVERSIDAD POLITECNICA DE CHIHUAHUA,31715621,40970863,38697336
8,08,60,UNIVERSIDAD TECNOLOGICA DE CAMARGO,28841172,33893174,34406618
8,08,61,UNIVERSIDAD TECNOLOGICA DE CHIHUAHUA,169586817,157554468,149314183
8,08,62,UNIVERSIDAD TECNOLOGICA DE CHIHUAHUA SUR,32702990,32702990,32702990
8,08,63,UNIVERSIDAD TECNOLOGICA DE CIUDAD JUAREZ,NSS,NSS,NSS
8,08,64,UNIVERSIDAD TECNOLOGICA DE LA BABICORA,15258498,33178307,30438568
8,08,65,UNIVERSIDAD TECNOLOGICA DE LA TARAHUMARA,22429494,21527738,21527738
8,08,66,UNIVERSIDAD TECNOLOGICA DE PAQUIME,27144916,30151453,30033053
8,08,67,UNIVERSIDAD TECNOLOGICA DE PARRAL,23003797,30102685,30102685
8,08,68,UNIVERSIDAD TECNOLOGICA PASO DEL NORTE,35987098,35987098,35739052
8,08,69,FIDEICOMISO DE ADMINISTRACION PARA LA PROMOCION Y FOMENTO DE LAS ACTIVIDADES TURISTICAS DEL ESTADO,152239834,152239834,78418299
9,09,1,JEFATURA DE GOBIERNO DE LA CIUDAD DE MEXICO,224797249,224797249,215581080
9,09,2,SECRETARIA DE GOBIERNO,1058167419,1058167419,563150201
9,09,3,SECRETARIA DE DESARROLLO URBANO Y VIVIENDA,265483734,265483734,282776192
9,09,4,SECRETARIA DE DESARROLLO ECONOMICO,410711185,410711185,190960466
9,09,5,SECRETARIA DE TURISMO,79219381,79219381,93619245
9,09,6,SECRETARIA DEL MEDIO AMBIENTE,2568098249,2568098249,4027890615
9,09,7,SECRETARIA DE OBRAS Y SERVICIOS,13588347120,13588347120,17825833045
9,09,8,SECRETARIA DE INCLUSION Y BIENESTAR SOCIAL,2481681534,2481681534,3018586466
9,09,9,SECRETARIA DE ADMINISTRACION Y FINANZAS,14328157107,14328157107,15615649273
9,09,10,SECRETARIA DE MOVILIDAD,3114378444,3114378444,2905654836
9,09,11,SECRETARIA DE SEGURIDAD CIUDADANA,38214315971,38214315971,40888303312
9,09,12,SECRETARIA DE LA CONTRALORIA GENERAL,343496271,343496271,327244433
9,09,13,CONSEJERIA JURIDICA Y DE SERVICIOS LEGALES,1475355940,1475355940,1590626213
9,09,14,SECRETARIA DE SALUD,13927422215,13927422215,12857142047
9,09,15,SECRETARIA DE CULTURA,910026612,910026612,1019331537
9,09,16,SECRETARIA DE TRABAJO Y FOMENTO AL EMPLEO,878245089,878245089,722842278
9,09,17,SECRETARIA DE GESTION INTEGRAL DE RIESGOS Y PROTECCION CIVIL,143033181,143033181,141852420
9,09,18,SECRETARIA DE PUEBLOS Y BARRIOS ORIGINARIOS Y COMUNIDADES INDIGENAS RESIDENTES,164164249,164164249,151305276
9,09,19,SECRETARIA DE EDUCACION CIENCIA TECNOLOGIA E INNOVACION,1104477100,1104477100,1062079372
9,09,20,SECRETARIA DE LAS MUJERES,262864212,262864212,283859603
9,09,21,CENTRO DE COMANDO CONTROL COMPUTO COMUNICACIONES Y CONTACTO CIUDADANO DE LA CIUDAD DE MEXICO,1651402317,1651402317,1600893899
9,09,22,AGENCIA DIGITAL DE INNOVACION PUBLICA DE LA CIUDAD DE MEXICO,256672316,256672316,263223863
9,09,23,COMISION DE BUSQUEDA DE PERSONAS DE LA CIUDAD DE MEXICO,22373394,22373394,18031346
9,09,24,INSTANCIA EJECUTORA DEL SISTEMA INTEGRAL DE DERECHOS HUMANOS DE LA CIUDAD DE MEXICO,10760080,10760080,9027490
9,09,25,SISTEMA DE AGUAS DE LA CIUDAD DE MEXICO,12879558614,12879558614,16522231410
9,09,26,AGENCIA DE ATENCION ANIMAL DE LA CIUDAD DE MEXICO,23669766,23669766,33364154
9,09,27,PLANTA PRODUCTORA DE MEZCLAS ASFALTICAS,1277200073,1277200073,1270311408
9,09,28,ORGANO REGULADOR DE TRANSPORTE,213296231,213296231,199984358
9,09,29,UNIVERSIDAD DE LA POLICIA DE LA CIUDAD DE MEXICO,143418126,143418126,142916463
9,09,30,AGENCIA DE PROTECCION SANITARIA DEL GOBIERNO DE LA CIUDAD DE MEXICO,30032735,30032735,38623403
9,09,31,UNIVERSIDAD DE LA SALUD,77028403,77028403,121273375
9,09,32,INSTITUTO DE ESTUDIOS SUPERIORES DE LA CIUDAD DE MEXICO ROSARIO CASTELLANOS,242402928,242402928,295259776
9,09,33,SERVICIO DE MEDIOS PUBLICOS DE LA CIUDAD DE MEXICO,118318654,118318654,118157295
9,09,34,AUTORIDAD DEL CENTRO HISTORICO,72434307,72434307,51473173
9,09,35,COMISION EJECUTIVA DE ATENCION A VICTIMAS DE LA CIUDAD DE MEXICO,22128741,22128741,25277262
9,09,36,MECANISMO DE PROTECCION INTEGRAL DE PERSONAS DEFENSORAS DE DERECHOS HUMANOS Y PERIODISTAS DE LA CIUDAD DE MEXICO,12915477,12915477,12229284
9,09,37,INSTITUTO DE VIVIENDA DE LA CIUDAD DE MEXICO,3700209002,3700209002,3544772095
9,09,38,PROCURADURIA AMBIENTAL Y DEL ORDENAMIENTO TERRITORIAL DE LA CIUDAD DE MEXICO,116036461,116036461,112097944
9,09,39,INSTITUTO LOCAL DE LA INFRAESTRUCTURA FISICA EDUCATIVA DE LA CIUDAD DE MEXICO,23901955,23901955,492323056
9,09,40,INSTITUTO PARA LA SEGURIDAD DE LAS CONSTRUCCIONES EN EL DISTRITO FEDERAL,119198048,119198048,170231699
9,09,41,SISTEMA PARA EL DESARROLLO INTEGRAL DE LA FAMILIA DE LA CIUDAD DE MEXICO,2240111864,2240111864,2182264446
9,09,42,CONSEJO PARA PREVENIR Y ELIMINAR LA DISCRIMINACION DE LA CIUDAD DE MEXICO,27040569,27040569,25102806
9,09,43,INSTITUTO DE LAS PERSONAS CON DISCAPACIDAD DE LA CIUDAD DE MEXICO,17393542,17393542,17060126
9,09,44,INSTITUTO DE LA JUVENTUD DE LA CIUDAD DE MEXICO,157002779,157002779,123347154
9,09,45,PROCURADURIA SOCIAL DEL DISTRITO FEDERAL,391396768,391396768,387458839
9,09,46,CAJA DE PREVISION PARA TRABAJADORES A LISTA DE RAYA DEL GOBIERNO DE LA CIUDAD DE MEXICO,1415343367,1415343367,7684954026
9,09,47,CAJA DE PREVISION DE LA POLICIA AUXILIAR DE LA CIUDAD DE MEXICO,1799514084,1799514084,1833931649
9,09,48,CAJA DE PREVISION DE LA POLICIA PREVENTIVA DE LA CIUDAD DE MEXICO,2629077723,2629077723,9908363771
9,09,49,CORPORACION MEXICANA DE IMPRESION SA DE CV,647075454,647075454,384931917
9,09,50,SERVICIOS METROPOLITANOS SA DE CV,188279407,188279407,122227536
9,09,51,METROBUS,2586255595,2586255595,2532368162
9,09,52,SISTEMA DE TRANSPORTE COLECTIVO,18828440719,18828440719,18969583604
9,09,53,RED DE TRANSPORTE DE PASAJEROS DE LA CIUDAD DE MEXICO,2908778927,2908778927,2780945067
9,09,54,SERVICIO DE TRANSPORTES ELECTRICOS DE LA CIUDAD DE MEXICO,2371035468,2371035468,3053592925
9,09,55,ESCUELA DE ADMINISTRACION PUBLICA DE LA CIUDAD DE MEXICO,36809003,36809003,39767059
9,09,56,INSTITUTO DE VERIFICACION ADMINISTRATIVA DE LA CIUDAD DE MEXICO,296349633,296349633,274101093
9,09,57,INSTITUTO PARA LA ATENCION Y PREVENCION DE LAS ADICCIONES EN LA CIUDAD DE MEXICO,49575307,49575307,52394089
9,09,58,SERVICIOS DE SALUD PUBLICA DEL DISTRITO FEDERAL,6654837737,6654837737,7707011093
9,09,59,INSTITUTO DE CAPACITACION PARA EL TRABAJO DE LA CIUDAD DE MEXICO,36655914,36655914,32820418
9,09,60,HEROICO CUERPO DE BOMBEROS DE LA CIUDAD DE MEXICO,1231474528,1231474528,1081267924
9,09,61,INSTITUTO DEL DEPORTE DE LA CIUDAD DE MEXICO,312572408,312572408,326262314
9,09,62,INSTITUTO DE EDUCACION MEDIA SUPERIOR DEL DISTRITO FEDERAL,1027275429,1027275429,1062694771
9,09,63,INSTITUTO DE PLANEACION DEMOCRATICA Y PROSPECTIVA DE LA CIUDAD DE MEXICO,50484861,50484861,38282142
9,09,64,FIDEICOMISO CENTRO HISTORICO DE LA CIUDAD DE MEXICO,42338787,42338787,59267707
9,09,65,FIDEICOMISO DE RECUPERACION CREDITICIA DE LA CIUDAD DE MEXICO,73889140,73889140,64689535
9,09,66,FIDEICOMISO PARA LA RECONSTRUCCION INTEGRAL DE LA CIUDAD DE MEXICO,0,0,1767298732
9,09,67,FIDEICOMISO MUSEO DE ARTE POPULAR MEXICANO,18878595,18878595,21509276
9,09,68,FIDEICOMISO MUSEO DEL ESTANQUILLO,10291765,10291765,16241381
9,09,69,FIDEICOMISO PARA LA PROMOCION Y DESARROLLO DEL CINE MEXICANO EN LA CIUDAD DE MEXICO,13050000,13050000,13317044
9,09,70,FIDEICOMISO BIENESTAR EDUCATIVO DE LA CIUDAD DE MEXICO,7381017663,7381017663,7284804281
9,09,71,FONDO PARA EL DESARROLLO ECONOMICO Y SOCIAL DE LA CIUDAD DE MEXICO,13813730,13813730,10880143
9,09,72,FONDO DE DESARROLLO ECONOMICO DEL DISTRITO FEDERAL,9035407,9035407,32130665
9,09,73,FONDO PARA EL DESARROLLO SOCIAL DE LA CIUDAD DE MEXICO,701363977,701363977,508212063
9,09,74,FONDO MIXTO DE PROMOCION TURISTICA DE LA CIUDAD DE MEXICO,133926335,133926335,128643201
9,09,75,CENTRO DE CONCILIACION LABORAL DE LA CIUDAD DE MEXICO,0,0,9445105
10,10,1,DESPACHO DEL EJECUTIVO,65346216,209843330,249326794
10,10,2,SECRETARIA GENERAL DE GOBIERNO,23018056,199444191,207017060
10,10,3,SECRETARIA DE FINANZAS Y DE ADMINISTRACION,172461987,508440756,474041891
10,10,4,SECRETARIA DE COMUNICACIONES Y OBRAS PUBLICAS,5325918,982421957,972596100
10,10,5,SECRETARIA DE DESARROLLO ECONOMICO,4462280,33018923,64060842
10,10,6,SECRETARIA DE AGRICULTURA GANADERIA Y DESARROLLO RURAL,4491065,125672632,114648767
10,10,7,SECRETARIA DE EDUCACION,99533519,11677920700,12993748800
10,10,8,SECRETARIA DE CONTRALORIA,4785859,63859128,62373391
10,10,9,SECRETARIA DE RECURSOS NATURALES Y MEDIO AMBIENTE,3323492,42516701,59427862
10,10,10,SECRETARIA DE SEGURIDAD PUBLICA,141767385,819148455,964038142
10,10,11,SECRETARIA DE BIENESTAR SOCIAL,4601231,209634905,139294630
10,10,12,FISCALIA GENERAL DEL ESTADO,100712214,586111180,599552788
10,10,13,SECRETARIA DE TURISMO,4035863,38487306,149350584
10,10,14,SECRETARIA DEL TRABAJO Y PREVISION SOCIAL,3700104,44691201,43512498
10,10,15,SECRETARIADO EJECUTIVO DEL CONSEJO ESTATAL DE SEGURIDAD PUBLICA,262435579,262435579,286605627
10,10,16,INSTITUTO DE ATENCION Y PROTECCION A MIGRANTES Y SUS FAMILIAS,13800803,13800803,11101604
10,10,17,COMISION ESTATAL DE ATENCION INTEGRAL A VICTIMAS,11060595,11060595,11116617
10,10,18,DIRECCION DE TRANSPORTE AEREO DEL GOBIERNO DEL ESTADO,23000617,18000619,34950573
10,10,19,COMISION DE AGUAS DEL ESTADO,24495657,106392418,181541734
10,10,20,INSTITUTO PARA LA INFRAESTRUCTURA FISICA EDUCATIVA DEL ESTADO DE DURANGO,318404850,318404850,176828124
10,10,21,CENTRO CULTURAL Y DE CONVENCIONES DEL ESTADO DE DURANGO,6795777,6795777,8113250
10,10,22,SERVICIOS DE SALUD DEL ESTADO,2842211031,2973031850,4320296702
10,10,23,SISTEMA ESTATAL PARA EL DESARROLLO INTEGRAL DE LA FAMILIA,244353196,433544107,502073723
10,10,24,COLEGIO DE BACHILLERES DEL ESTADO DE DURANGO,148110850,148110850,758970999
10,10,25,CONSEJO DE CIENCIA Y TECNOLOGIA DEL ESTADO DE DURANGO,5717202,5704995,5202172
10,10,26,COLEGIO DE EDUCACION PROFESIONAL TECNICA DEL ESTADO DE DURANGO,66983485,66983485,78113840
10,10,27,COLEGIO DE ESTUDIOS CIENTIFICOS Y TECNOLOGICOS DEL ESTADO DE DURANGO,38248226,38248226,373559599
10,10,28,INSTITUTO DURANGUENSE DE EDUCACION PARA ADULTOS,86603145,86603145,114438414
10,10,29,INSTITUTO TECNOLOGICO SUPERIOR DE LERDO,20572720,20572720,43898454
10,10,30,INSTITUTO TECNOLOGICO SUPERIOR DE LA REGION DE LOS LLANOS,10520117,10520117,17369406
10,10,31,INSTITUTO TECNOLOGICO SUPERIOR DE SANTIAGO PAPASQUIARO,10961792,10961792,30046768
10,10,32,INSTITUTO DE CULTURA DEL ESTADO DE DURANGO,51838527,51838527,87805042
10,10,33,SISTEMA ESTATAL DE TELESECUNDARIAS,799016860,779156860,957277261
10,10,34,UNIVERSIDAD PEDAGOGICA DE DURANGO,2896900,74230963,85548754
10,10,35,UNIVERSIDAD POLITECNICA DE DURANGO,13388395,13388395,36045012
10,10,36,UNIVERSIDAD POLITECNICA DE GOMEZ PALACIO,12398232,12398232,32802061
10,10,37,BENEMERITA Y CENTENARIA ESCUELA NORMAL DEL ESTADO DE DURANGO,2589835,2589835,3824119
10,10,38,INSTITUTO TECNOLOGICO SUPERIOR DE SANTA MARIA DEL ORO,3623037,3623037,10796771
10,10,39,UNIVERSIDAD TECNOLOGICA DE DURANGO,17170499,17170499,52702411
10,10,40,UNIVERSIDAD TECNOLOGICA DE LA LAGUNA,6840186,6840186,27865209
10,10,41,UNIVERSIDAD TECNOLOGICA DE EL MEZQUITAL,1379188,1379188,7585457
10,10,42,UNIVERSIDAD TECNOLOGICA DE POANAS,3779643,3779643,16354451
10,10,43,UNIVERSIDAD POLITECNICA DE CUENCAME,4543233,4543233,13217520
10,10,44,UNIVERSIDAD TECNOLOGICA DE RODEO,2739868,2739868,12731529
10,10,45,UNIVERSIDAD TECNOLOGICA DE TAMAZULA,2014550,2014550,6292103
10,10,46,SECRETARIA EJECUTIVA DEL SISTEMA LOCAL ANTICORRUPCION,9600000,10100000,10696421
10,10,47,FISCALIA ESPECIALIZADA EN COMBATE A LA CORRUPCION DEL ESTADO DE DURANGO,28886746,28886746,28886746
10,10,48,INSTITUTO DURANGUENSE DE LA JUVENTUD,5604540,6604540,7221469
10,10,49,INSTITUTO ESTATAL DE LAS MUJERES,8973393,9973393,30949350
10,10,50,COMISION ESTATAL DE SUELO Y VIVIENDA,42977249,42977249,108662381
10,10,51,CENTROS DE CONCILIACION LABORAL DEL ESTADO DE DURANGO,14396280,14396280,13587261
10,10,52,DIRECCION DE PENSIONES DEL ESTADO DE DURANGO,633532601,553532601,629811986
11,11,1,OFICINA DEL GOBERNADOR,14578890,14578890,15622891
11,11,2,COORDINACION GENERAL DE COMUNICACION SOCIAL,89733517,89733517,123832127
11,11,3,OFICINA DEL SECRETARIO PARTICULAR,85952351,85952351,87328750
11,11,4,INSTITUTO DE PLANEACION ESTADISTICA Y GEOGRAFIA DEL ESTADO DE GUANAJUATO,36350213,36350213,38706443
11,11,5,JEFATURA DE GABINETE DEL PODER EJECUTIVO,44637798,44637798,59616561
11,11,6,UNIDAD DE TRANSPARENCIA Y ARCHIVOS DEL PODER EJECUTIVO,30197183,30197183,30527370
11,11,7,OFICINA DE REPRESENTACION DEL GOBIERNO DEL ESTADO DE GUANAJUATO EN LA CIUDAD DE MEXICO,9049478,9049478,9927704
11,11,8,COORDINACION GENERAL JURIDICA,29041440,29041440,31624593
11,11,9,SECRETARIA DE GOBIERNO,1314623606,1314623606,1197449184
11,11,10,SECRETARIA DE DESARROLLO SOCIAL Y HUMANO,898987867,913087867,2090831481
11,11,11,SECRETARIA DE FINANZAS INVERSION Y ADMINISTRACION,1323473413,1183473413,891850999
11,11,12,SECRETARIA DE SEGURIDAD PUBLICA,5268412418,5272412418,5202762999
11,11,13,SECRETARIA DE DESARROLLO AGROALIMENTARIO Y RURAL,618984528,639484528,893166625
11,11,14,SECRETARIA DE DESARROLLO ECONOMICO SUSTENTABLE,616166584,639566584,1268025017
11,11,15,SECRETARIA DE EDUCACION,25104990271,25112990271,27029786182
11,11,16,SECRETARIA DE INFRAESTRUCTURA CONECTIVIDAD Y MOVILIDAD,730441114,730441114,1856329412
11,11,17,SECRETARIA DE TURISMO,196103539,209703539,537416977
11,11,18,SECRETARIA DE LA TRANSPARENCIA Y RENDICION DE CUENTAS,169181149,169181149,182130996
11,11,19,SECRETARIA DE MEDIO AMBIENTE Y ORDENAMIENTO TERRITORIAL,153250239,160250239,222679426
11,11,20,SECRETARIA DEL MIGRANTE Y ENLACE INTERNACIONAL,39000719,39000719,35720765
11,11,21,SERVICIO DE ADMINISTRACION TRIBUTARIA DEL ESTADO DE GUANAJUATO,497472619,497472619,647230325
11,11,22,SECRETARIADO EJECUTIVO DEL SISTEMA ESTATAL DE SEGURIDAD PUBLICA,851971164,851971164,500611866
11,11,23,COORDINACION GENERAL DE INFORMACION ESTRATEGICA,65589125,65589125,75900958
11,11,24,UNIDAD DE ANALISIS Y ESTRATEGIA DE SEGURIDAD CIUDADANA,2679587,2679587,841429
11,11,25,SECRETARIA EJECUTIVA DEL SISTEMA DE PROTECCION DE LOS DERECHOS DE NIÑAS NIÑOS Y ADOLESCENTES,8768169,8768169,9110650
11,11,26,COMISION ESTATAL DE BUSQUEDA DE PERSONAS,8865764,8865764,17073306
11,11,27,COMISION DE DEPORTE DEL ESTADO DE GUANAJUATO,139806019,152956019,355028732
11,11,28,UNIDAD DE TELEVISION DE GUANAJUATO,70862330,70862330,163302827
11,11,29,SISTEMA ESTATAL PARA EL DESARROLLO INTEGRAL DE LA FAMILIA,859909392,866409392,869606508
11,11,30,COLEGIO DE ESTUDIOS CIENTIFICOS Y TECNOLOGICOS DEL ESTADO DE GUANAJUATO,1112154429,1112154429,1176681232
11,11,31,UNIVERSIDAD TECNOLOGICA DEL NORTE DEL ESTADO DE GUANAJUATO,88633563,88633563,103146916
11,11,32,MUSEO ICONOGRAFICO DEL QUIJOTE,14715540,14715540,15232445
11,11,33,COMISION ESTATAL DEL AGUA DE GUANAJUATO,296870057,296870057,323893751
11,11,34,COORDINADORA DE FOMENTO AL COMERCIO EXTERIOR,64773306,64773306,78018807
11,11,35,INSTITUTO ESTATAL DE LA CULTURA,164926890,164926890,305646822
11,11,36,UNIVERSIDAD TECNOLOGICA DE LEON,167787214,167787214,180636462
11,11,37,INSTITUTO TECNOLOGICO SUPERIOR DE IRAPUATO,101448012,101448012,128199813
11,11,38,SISTEMA AVANZADO DE BACHILLERATO Y EDUCACION SUPERIOR EN EL ESTADO DE GUANAJUATO,905765342,905765342,897311669
11,11,39,INSTITUTO DE SALUD PUBLICA DEL ESTADO DE GUANAJUATO,14305465390,14323215390,15031761822
11,11,40,INSTITUTO TECNOLOGICO SUPERIOR DEL SUR DE GUANAJUATO,27977226,27977226,28860421
11,11,41,COMISION ESTATAL DE CONCILIACION Y ARBITRAJE MEDICO,10743453,10743453,12139938
11,11,42,UNIVERSIDAD TECNOLOGICA DEL SUROESTE DE GUANAJUATO,59854588,59854588,66511390
11,11,43,INSTITUTO PARA EL DESARROLLO Y ATENCION A LAS JUVENTUDES DEL ESTADO DE GUANAJUATO,123821259,128821259,357269569
11,11,44,PROCURADURIA AMBIENTAL Y DE ORDENAMIENTO TERRITORIAL DEL ESTADO DE GUANAJUATO,45796187,45796187,46413826
11,11,45,COLEGIO DE EDUCACION PROFESIONAL TECNICA DEL ESTADO DE GUANAJUATO,320018049,320018049,366779400
11,11,46,INSTITUTO DE LA MUJER GUANAJUATENSE,57362298,70362298,88009679
11,11,47,INSTITUTO DE SEGURIDAD SOCIAL DEL ESTADO DE GUANAJUATO,0,0,0
11,11,48,ESCUELA PREPARATORIA REGIONAL DEL RINCON,27701787,27701787,26965794
11,11,49,INSTITUTO DE ALFABETIZACION Y EDUCACION BASICA PARA ADULTOS,275184665,275184665,285467803
11,11,50,UNIVERSIDAD POLITECNICA DE GUANAJUATO,98218553,98218553,122789704
11,11,51,FORUM CULTURAL GUANAJUATO,30327088,30327088,45359776
11,11,52,INSTITUTO ESTATAL DE CAPACITACION,215635134,215635134,230093394
11,11,53,UNIVERSIDAD VIRTUAL DEL ESTADO DE GUANAJUATO,343281034,343281034,360062342
11,11,54,CENTRO DE EVALUACION Y CONTROL DE CONFIANZA DEL ESTADO DE GUANAJUATO,88254981,88254981,91870492
11,11,55,INSTITUTO TECNOLOGICO SUPERIOR DE GUANAJUATO,19118196,19118196,20241472
11,11,56,INSTITUTO TECNOLOGICO SUPERIOR DE SALVATIERRA,20685925,20685925,21713931
11,11,57,UNIVERSIDAD POLITECNICA DE PENJAMO,41274439,41274439,49927439
11,11,58,UNIVERSIDAD POLITECNICA DE JUVENTINO ROSAS,46616421,46616421,54218858
11,11,59,UNIVERSIDAD POLITECNICA DEL BICENTENARIO,58298084,58298084,63735454
11,11,60,UNIVERSIDAD TECNOLOGICA DE SAN MIGUEL DE ALLENDE,40551096,40551096,50475227
11,11,61,GUANAJUATO PUERTO INTERIOR,0,0,0
11,11,62,UNIVERSIDAD TECNOLOGICA DE SALAMANCA,42086296,42086296,48096192
11,11,63,PARQUE AGRO TECNOLOGICO XONOTLI SA DE CV,11255345,11255345,11255345
11,11,64,INSTITUTO GUANAJUATENSE PARA PERSONAS CON DISCAPACIDAD,48162815,48162815,55506885
11,11,65,INSTITUTO TECNOLOGICO SUPERIOR DE ABASOLO,23928492,23928492,26937055
11,11,66,INSTITUTO TECNOLOGICO SUPERIOR DE PURISIMA DEL RINCON,22308647,22308647,31467576
11,11,67,UNIVERSIDAD TECNOLOGICA LAJA BAJIO,13520878,13520878,14054751
11,11,68,SECRETARIA EJECUTIVA DEL SISTEMA ESTATAL ANTICORRUPCION,17973641,17973641,18626918
11,11,69,INSTITUTO DE FORMACION EN SEGURIDAD PUBLICA DEL ESTADO,30389806,30389806,69785584
11,11,70,PROCURADURIA DE PROTECCION DE NIÑAS NIÑOS Y ADOLESCENTES,84864282,84864282,94963271
11,11,71,INSTITUTO DE INNOVACION CIENCIA Y EMPRENDIMIENTO PARA LA COMPETITIVIDAD,103977677,103977677,165456363
11,11,72,COMISION ESTATAL DE ATENCION INTEGRAL A VICTIMAS,25101608,29101608,60232768
11,11,73,CENTRO DE CONCILIACION LABORAL DEL ESTADO DE GUANAJUATO,124122122,124122122,139868540
11,11,74,UNIVERSIDAD INTERCULTURAL DEL ESTADO DE GUANAJUATO,0,0,0
11,11,75,FONDOS GUANAJUATO,0,0,0
11,11,76,CENTRO DE LAS ARTES,25009080,25009080,25459145
11,11,77,MUSEO DE ARTE E HISTORIA DE GUANAJUATO,32971034,32971034,34366084
11,11,78,TEATRO BICENTENARIO,32278732,32278732,36907138
11,11,79,PARQUE GUANAJUATO BICENTENARIO,18000000,18000000,19353732
12,12,1,JEFE DE LA OFICINA DEL GOBERNADOR,19166158,19166158,11708140
12,12,2,SECRETARIA GENERAL DE GOBIERNO,333199238,333199238,464431642
12,12,3,SECRETARIA DE FINANZAS Y ADMINISTRACION,3897661589,3200050788,4524149416
12,12,4,SECRETARIA DE EDUCACION GUERRERO,24046514264,24046514264,26753961534
12,12,5,SECRETARIA DE CULTURA,57144261,57144261,101457488
12,12,6,SECRETARIA DE SALUD,7718140644,7718140644,9891786711
12,12,7,SECRETARIA DE DESARROLLO URBANO OBRAS PUBLICAS Y ORDENAMIENTO TERRITORIAL,848138444,848138444,941809770
12,12,8,SECRETARIA DE DESARROLLO Y BIENESTAR SOCIAL,652715167,652715167,262346293
12,12,9,SECRETARIA DE AGRICULTURA GANADERIA PESCA Y DESARROLLO RURAL,386651857,386651857,224893632
12,12,10,SECRETARIA DE FOMENTO Y DESARROLLO ECONOMICO,82426352,82426352,45892834
12,12,11,SECRETARIA DEL TRABAJO Y PREVISION SOCIAL,79545776,79545776,152865780
12,12,12,SECRETARIA DE TURISMO,173903950,173903950,455949242
12,12,13,SECRETARIA DE MEDIO AMBIENTE Y RECURSOS NATURALES,61967721,61967721,21380829
12,12,14,SECRETARIA DE SEGURIDAD PUBLICA,3184410379,3184410379,2533901368
12,12,15,SECRETARIA DE PROTECCION CIVIL,348021773,348021773,276964858
12,12,16,SECRETARIA DE CONTRALORIA Y TRANSPARENCIA GUBERNAMENTAL,116311167,116311167,140868167
12,12,17,SECRETARIA DE LA MUJER,90527205,90527205,99010672
12,12,18,SECRETARIA DE PLANEACION Y DESARROLLO REGIONAL,108950754,108950754,117132893
12,12,19,CONSEJERIA JURIDICA DEL PODER EJECUTIVO DEL ESTADO,12151866,12151866,26417075
12,12,20,SECRETARIA DE ASUNTOS INDIGENAS Y AFROMEXICANOS,53078668,53078668,37357613
12,12,21,SECRETARIA DE LA JUVENTUD Y LA NIÑEZ,34392896,34392896,29316348
12,12,22,SECRETARIA DE LOS MIGRANTES Y ASUNTOS INTERNACIONALES,56540280,56540280,28730633
12,12,23,CONSEJO DE POLITICAS PUBLICAS,3500000,3500000,2632750
12,12,24,REPRESENTACION DEL PODER EJECUTIVO DEL ESTADO DE GUERRERO EN LA CIUDAD DE MEXICO,13210754,13210754,11259633
12,12,25,PROCURADURIA DE PROTECCION AMBIENTAL,31885491,31885491,50578904
12,12,26,TRIBUNAL DE CONCILIACION Y ARBITRAJE,36280433,36280433,27668941
12,12,27,INSTITUTO ESTATAL PARA LA EDUCACION DE JOVENES Y ADULTOS DE GUERRERO,121888511,121888511,158087232
12,12,28,COLEGIO DE BACHILLERES DEL ESTADO DE GUERRERO,315427866,315427866,928599631
12,12,29,COLEGIO DE EDUCACION PROFESIONAL TECNICA DEL ESTADO DE GUERRERO,176876870,176876870,201986718
12,12,30,COLEGIO DE ESTUDIOS CIENTIFICOS Y TECNOLOGICOS DEL ESTADO DE GUERRERO,48933286,48933286,320274780
12,12,31,ESCUELA DE PARTERAS PROFESIONALES DEL ESTADO DE GUERRERO OPD,4337116,4337116,4305676
12,12,32,INSTITUTO DE CAPACITACION PARA EL TRABAJO DEL ESTADO DE GUERRERO,21650832,21650832,58704498
12,12,33,INSTITUTO DE BACHILLERATO DEL ESTADO DE GUERRERO,95903632,95903632,206547078
12,12,34,INSTITUTO DE BACHILLERATO INTERCULTURAL DEL ESTADO DE GUERRERO,5665000,5665000,16797194
12,12,35,INSTITUTO TECNOLOGICO SUPERIOR DE LA COSTA CHICA,26686314,26686314,16797194
12,12,36,INSTITUTO TECNOLOGICO SUPERIOR DE LA MONTAÑA,26884495,26884495,29914034
12,12,37,UNIVERSIDAD INTERCULTURAL DEL ESTADO DE GUERRERO,15170439,15170439,30956938
12,12,38,UNIVERSIDAD POLITECNICA DEL ESTADO DE GUERRERO,13594976,13594976,32037553
12,12,39,UNIVERSIDAD TECNOLOGICA DE ACAPULCO,14705354,14705354,32073635
12,12,40,UNIVERSIDAD TECNOLOGICA DE LA COSTA GRANDE DE GUERRERO,42287824,42287824,90933022
12,12,41,UNIVERSIDAD TECNOLOGICA DE LA REGION NORTE DE GUERRERO,33809439,33809439,72668906
12,12,42,UNIVERSIDAD TECNOLOGICA DEL MAR DEL ESTADO DE GUERRERO,5527266,5527266,15145478
12,12,43,UNIVERSIDAD TECNOLOGICA DE TIERRA CALIENTE,4916744,4916744,12532758
12,12,44,CONSEJO DE CIENCIA TECNOLOGIA E INNOVACION DEL ESTADO DE GUERRERO,3749973,3749973,4296023
12,12,45,RADIO Y TELEVISION DE GUERRERO,25920187,25920187,41600665
12,12,46,LA AVISPA MUSEO INTERACTIVO,7577942,7577942,10499340
12,12,47,ORQUESTA FILARMONICA DE ACAPULCO,19013463,19013463,41232241
12,12,48,INSTITUTO DEL DEPORTE DE GUERRERO,14999828,14999828,56640437
12,12,49,HOSPITAL DE LA MADRE Y EL NIÑO GUERRERENSE,94764724,94764724,151745729
12,12,50,HOSPITAL DE LA MADRE Y EL NIÑO INDIGENA GUERRERENSE,60969881,60969881,68785589
12,12,51,INSTITUTO ESTATAL DE CANCEROLOGIA DR ARTURO BELTRAN ORTEGA,41174289,41174289,88430513
12,12,52,INSTITUTO ESTATAL DE OFTALMOLOGIA,25853892,25853892,36208263
12,12,53,INSTITUTO DE SEGURIDAD SOCIAL DE LOS SERVIDORES PUBLICOS DEL ESTADO DE GUERRERO,104710328,104710328,156039053
12,12,54,INSTITUTO GUERRERENSE DE LA INFRAESTRUCTURA FISICA EDUCATIVA,608770381,608770381,666411039
12,12,55,ACABUS,133000000,133000000,11616423
12,12,56,COMISION DE INFRAESTRUCTURA CARRETERA Y AEROPORTUARIA DEL ESTADO DE GUERRERO,640300994,640300994,780688601
12,12,57,INSTITUTO GUERRERENSE PARA LA ATENCION INTEGRAL DE LAS PERSONAS ADULTAS MAYORES,6893592,6893592,13721767
12,12,58,PARQUE PAPAGAYO,12000000,12000000,70906563
12,12,59,SISTEMA PARA EL DESARROLLO INTEGRAL DE LA FAMILIA,721067652,721067652,1055375453
12,12,60,CONSEJO ESTATAL DEL COCOTERO,5335987,5335987,5479142
12,12,61,AGROINDUSTRIAS DEL SUR,8000000,8000000,12225852
12,12,62,CONSEJO ESTATAL DEL CAFE,4947136,4947136,6101244
12,12,63,FIDEICOMISO GUERRERO INDUSTRIAL,3461174,3461174,4237251
12,12,64,FIDEICOMISO PARA EL DESARROLLO ECONOMICO Y SOCIAL DE ACAPULCO,6122544,6122544,10890292
12,12,65,FONDO DE APOYO A LA MICRO PEQUEÑA Y MEDIANA EMPRESA DEL ESTADO DE GUERRERO,2870331,2870331,6498257
12,12,66,INSTITUTO GUERRERENSE DEL EMPRENDEDOR OPD,6242641,6242641,7645297
12,12,67,FIDEICOMISO CENTRO INTERNACIONAL ACAPULCO,0,0,0
12,12,68,FIDEICOMISO PARA LA PROMOCION TURISTICA DE ACAPULCO,45000000,45000000,38621868
12,12,69,PROMOTORA TURISTICA DE GUERRERO,17077375,17077375,23426740
12,12,70,PROMOTORA Y ADMINISTRADORA DE LOS SERVICIOS DE PLAYA DE ZONA FEDERAL MARITIMO TERRESTRE DE ZIHUATANEJO,35748125,35748125,137393866
12,12,71,FIDEICOMISO BAHIA DE ZIHUATANEJO,0,0,686303
12,12,72,INSTITUTO DE VIVIENDA Y SUELO URBANO DE GUERRERO,9538843,9538843,29852213
12,12,73,COMISION DE AGUA POTABLE ALCANTARILLADO Y SANEAMIENTO DEL ESTADO DE GUERRERO,450136427,450136427,857314291
12,12,74,INSTITUTO DE LA POLICIA AUXILIAR DEL ESTADO DE GUERRERO,224101783,224101783,204915081
12,12,75,FIDEICOMISO DE ADMINISTRACION E INVERSION DEL IMPUESTO SOBRE LA PRESTACION DE SERVICIOS DE HOSPEDAJE DE TAXCO,2180000,2180000,1044412
12,12,76,FIDEICOMISO PARA LA ADMINISTRACION DEL IMPUESTO SOBRE LA PRESTACION DEL SERVICIO DE HOSPEDAJE DE IXTAPA ZIHUATANEJO,24000000,31350597,20766447
12,12,77,PROMOTORA Y ADMINISTRADORA DE LOS SERVICIOS DE PLAYA DE ZONA FEDERAL MARITIMO TERRESTRE DE ACAPULCO,0,0,2131548
12,12,78,SECRETARIA EJECUTIVA DEL SISTEMA ESTATAL ANTICORRUPCION DE GUERRERO,5430003,5430003,5855036
12,12,79,COMISION EJECUTIVA ESTATAL DE ATENCION A VICTIMAS,18808905,18808905,28688174
12,12,80,CENTRO DE CONCILIACION LABORAL DEL ESTADO DE GUERRERO,0,0,6602884
13,13,1,OFICIALIA MAYOR,1127156013,995842013,1212986194
13,13,2,OFICINA DEL GOBERNADOR,25582384,25582384,24806647
13,13,3,PROCURADURIA GENERAL DE JUSTICIA,752414887,772414887,758830686
13,13,4,SECRETARIA DE CONTRALORIA,199582520,163582520,179389503
13,13,5,SECRETARIA DE CULTURA,78619079,71943762,50431488
13,13,6,SECRETARIA DE DESARROLLO AGROPECUARIO,233140106,326393621,381308093
13,13,7,SECRETARIA DE DESARROLLO ECONOMICO,92994664,85367744,98562958
13,13,8,SECRETARIA DE DESARROLLO SOCIAL,127702572,127702572,109987566
13,13,9,SECRETARIA DE EDUCACION PUBLICA,271528037,182916326,606174243
13,13,10,SECRETARIA DE FINANZAS PUBLICAS,1425379819,1425379819,1216121358
13,13,11,SECRETARIA DE GOBIERNO,735338709,714814831,788194560
13,13,12,SECRETARIA DE MEDIO AMBIENTE Y RECURSOS NATURALES,117085140,117085140,177265071
13,13,13,SECRETARIA DE MOVILIDAD Y TRANSPORTE,10800024,10800024,9920047
13,13,14,SECRETARIA DE OBRAS PUBLICAS Y ORDENAMIENTO TERRITORIAL,1688998761,2100552580,1390375099
13,13,15,SECRETARIA DE SALUD,75168081,75168081,67221091
13,13,16,SECRETARIA DE SEGURIDAD PUBLICA,2493413908,2483413908,2081345265
13,13,17,SECRETARIA DE TURISMO,52401201,68401201,54242299
13,13,18,SECRETARIA DEL TRABAJO Y PREVISION SOCIAL,71291119,71291119,58159737
13,13,19,SECRETARIA EJECUTIVA DE LA POLITICA PUBLICA ESTATAL,150772891,150772891,159732535
13,13,20,UNIDAD DE PLANEACION Y PROSPECTIVA,84820759,84820759,134176604
13,13,21,AGENCIA DE DESARROLLO VALLE DE PLATA,0,1805016,2658965
13,13,22,AGENCIA ESTATAL DE ENERGIA DE HIDALGO,5542367,5525375,5028342
13,13,23,BACHILLERATO DEL ESTADO DE HIDALGO,119356930,117175816,183983546
13,13,24,CENTRO DE CONCILIACION LABORAL DEL ESTADO DE HIDALGO,58695698,58695698,30627123
13,13,25,CENTRO DE JUSTICIA PARA MUJERES DEL ESTADO DE HIDALGO,21717258,21717258,23546521
13,13,26,CENTRO ESTATAL DE MAQUINARIA PARA EL DESARROLLO,2450232,8914444,11583544
13,13,27,CIUDAD DE LAS MUJERES,28321637,28321637,22642694
13,13,28,COLEGIO DE BACHILLERES DEL ESTADO DE HIDALGO,1145544348,1114100932,1336553358
13,13,29,COLEGIO DE EDUCACION PROFESIONAL TECNICA DEL ESTADO DE HIDALGO,116620214,102357755,118300648
13,13,30,COLEGIO DE ESTUDIOS CIENTIFICOS Y TECNOLOGICOS DEL ESTADO DE HIDALGO,904726055,863685580,992496856
13,13,31,COMISION DE AGUA Y ALCANTARILLADO DE SISTEMAS INTERMUNICIPALES,686291351,0,159791820
13,13,32,COMISION DE AGUA Y ALCANTARILLADO DEL SISTEMA VALLE DEL MEZQUITAL,17829699,7438144,8837904
13,13,33,COMISION ESTATAL DE BIODIVERSIDAD DE HIDALGO,5879633,5879633,5008958
13,13,34,COMISION ESTATAL DE VIVIENDA,50699478,31450785,25220276
13,13,35,COMISION ESTATAL DEL AGUA Y ALCANTARILLADO,65461134,59120156,129945476
13,13,36,COMISION ESTATAL PARA EL DESARROLLO SOSTENIBLE DE LOS PUEBLOS INDIGENAS CEDSPI,69758131,69758131,44436863
13,13,37,CONSEJO DE CIENCIA TECNOLOGIA E INNOVACION DE HIDALGO CITNOVA,12713320,12119181,60661357
13,13,38,CONSEJO EJECUTIVO DEL COMPLEJO CIENTIFICO Y TECNOLOGICO SINCROTRON EN EL ESTADO DE HIDALGO,0,0,0
13,13,39,CONSEJO ESTATAL PARA LA CULTURA Y LAS ARTES DE HIDALGO,1983354,17340217,36457145
13,13,40,COORDINACION GENERAL DEL DISTRITO DE EDUCACION SALUD CIENCIA TECNOLOGIA E INNOVACION,0,0,18236181
13,13,41,CORPORACION DE FOMENTO DE INFRAESTRUCTURA INDUSTRIAL,27856253,13822857,12602055
13,13,42,CORPORACION INTERNACIONAL HIDALGO,0,5821904,5665962
13,13,43,EL COLEGIO DEL ESTADO DE HIDALGO,11973894,10950408,10010991
13,13,44,ESCUELA DE MUSICA DEL ESTADO DE HIDALGO,11305954,8573852,8573852
13,13,45,INSTITUTO CATASTRAL DEL ESTADO DE HIDALGO,21154802,19438754,41314584
13,13,46,INSTITUTO DE CAPACITACION PARA EL TRABAJO DEL ESTADO DE HIDALGO,164769769,154119769,135371709
13,13,47,INSTITUTO DE VIVIENDA DESARROLLO URBANO Y ASENTAMIENTOS HUMANOS,1342136,417495,609063
13,13,48,INSTITUTO HIDALGUENSE A LA INFRAESTRUCTURA FISICA EDUCATIVA,612748281,612381320,477460681
13,13,49,INSTITUTO HIDALGUENSE DE COMPETITIVIDAD EMPRESARIAL,11551814,11473652,9641804
13,13,50,INSTITUTO HIDALGUENSE DE EDUCACION,17643112895,17627780318,19974893483
13,13,51,INSTITUTO HIDALGUENSE DE EDUCACION PARA ADULTOS,112305119,107297984,120770792
13,13,52,INSTITUTO HIDALGUENSE DE FINANCIAMIENTO A LA EDUCACION SUPERIOR,6081354,5408894,5202890
13,13,53,INSTITUTO HIDALGUENSE DE LA JUVENTUD,7342998,7342998,8221254
13,13,54,INSTITUTO HIDALGUENSE DE LAS MUJERES,28427682,28427682,44167935
13,13,55,INSTITUTO HIDALGUENSE DEL DEPORTE,45144783,56787747,53971960
13,13,56,INSTITUTO HIDALGUENSE PARA EL DESARROLLO MUNICIPAL,10698898,10691024,9817295
13,13,57,INSTITUTO PARA LA ATENCION DE LAS Y LOS ADULTOS MAYORES DEL ESTADO DE HIDALGO,32555477,32555477,30183226
13,13,58,INSTITUTO TECNOLOGICO SUPERIOR DE HUICHAPAN,46698095,37233287,35997788
13,13,59,INSTITUTO TECNOLOGICO SUPERIOR DE OCCIDENTE DEL ESTADO DE HIDALGO,51529366,39031907,40687031
13,13,60,INSTITUTO TECNOLOGICO SUPERIOR DE ORIENTE DEL ESTADO DE HIDALGO,55192087,40824224,41847171
13,13,61,MUSEO INTERACTIVO PARA LA NIÑEZ Y LA JUVENTUD HIDALGUENSE EL REHILETE,31361676,25377608,25471907
13,13,62,OPERADORA DE EVENTOS DEL ESTADO DE HIDALGO,60849072,16354293,31309783
13,13,63,POLICIA INDUSTRIAL BANCARIA DEL ESTADO DE HIDALGO,381489304,0,0
13,13,64,RADIO Y TELEVISION DE HIDALGO,54494554,52263918,50920796
13,13,65,SECRETARIA TECNICA DEL SISTEMA ESTATAL ANTICORRUPCION DE HIDALGO,5942805,5942805,5438844
13,13,66,SERVICIOS DE SALUD DE HIDALGO,6246928081,6107659651,6766316283
13,13,67,SISTEMA DE TRANSPORTE CONVENCIONAL DE HIDALGO,69398473,13708041,13879563
13,13,68,SISTEMA INTEGRADO DE TRANSPORTE MASIVO DE HIDALGO,103506693,93053992,114554352
13,13,69,SISTEMA PARA EL DESARROLLO INTEGRAL DE LA FAMILIA DEL ESTADO DE HIDALGO,1404739254,1011067561,1024682885
13,13,70,UNIVERSIDAD DIGITAL DEL ESTADO DE HIDALGO,11926989,35014069,10477178
13,13,71,UNIVERSIDAD INTERCULTURAL DEL ESTADO DE HIDALGO,31166609,30885302,28765565
13,13,72,UNIVERSIDAD POLITECNICA DE FRANCISCO I MADERO,67294597,54400672,60914412
13,13,73,UNIVERSIDAD POLITECNICA DE HUEJUTLA,22259638,19952250,23719022
13,13,74,UNIVERSIDAD POLITECNICA DE LA ENERGIA,19172946,16608357,24412191
13,13,75,UNIVERSIDAD POLITECNICA DE PACHUCA,140627849,112128131,117241681
13,13,76,UNIVERSIDAD POLITECNICA DE TULANCINGO,104022152,85835089,89052781
13,13,77,UNIVERSIDAD POLITECNICA METROPOLITANA DE HIDALGO,84871487,62501808,68774152
13,13,78,UNIVERSIDAD TECNOLOGICA DE LA HUASTECA HIDALGUENSE,101486152,84612929,87573906
13,13,79,UNIVERSIDAD TECNOLOGICA DE LA SIERRA HIDALGUENSE,70238632,65403217,64823371
13,13,80,UNIVERSIDAD TECNOLOGICA DE LA ZONA METROPOLITANA DEL VALLE DE MEXICO,30877008,27526055,29230540
13,13,81,UNIVERSIDAD TECNOLOGICA DE MINERAL DE LA REFORMA,15362914,13193170,13955590
13,13,82,UNIVERSIDAD TECNOLOGICA DE TULANCINGO,76155305,62374077,64447159
13,13,83,UNIVERSIDAD TECNOLOGICA DE TULA TEPEJI,152294714,126253904,125646693
13,13,84,UNIVERSIDAD TECNOLOGICA DEL VALLE DEL MEZQUITAL,92734410,82465999,82292832
13,13,85,UNIVERSIDAD TECNOLOGICA MINERA DE ZIMAPAN,18468254,15328665,15086652
14,14,1,CONSEJERIA JURIDICA DEL PODER EJECUTIVO DEL ESTADO,25964845,25964845,23089889
14,14,2,CONSEJO CIUDADANO DE SEGURIDAD,5361072,5197472,4800995
14,14,3,CONTRALORIA DEL ESTADO,116269199,116269199,104962101
14,14,4,COORDINACION GENERAL ESTRATEGICA DE CRECIMIENTO Y DESARROLLO ECONOMICO,19204108,59191660,58393246
14,14,5,COORDINACION GENERAL ESTRATEGICA DE DESARROLLO SOCIAL,18062655,18062655,16228725
14,14,6,COORDINACION GENERAL ESTRATEGICA DE GESTION DEL TERRITORIO,63083714,63083714,53506901
14,14,7,COORDINACION GENERAL ESTRATEGICA DE SEGURIDAD,240439808,240439808,225608908
14,14,8,DESPACHO DEL GOBERNADOR Y UNIDADES AUXILIARES DEL GOBERNADOR,364124397,391230801,346802703
14,14,9,FISCALIA ESPECIALIZADA EN COMBATE A LA CORRUPCION,64626002,64626002,64626002
14,14,10,FISCALIA DEL ESTADO,3030682480,3030682480,2549142129
14,14,11,JEFATURA DE GABINETE,92633179,92633179,81145801
14,14,12,PROCURADURIA SOCIAL,162028460,162028460,158327706
14,14,13,SECRETARIA DE ADMINISTRACION,1583392533,1583392533,1574592533
14,14,14,SECRETARIA DE AGRICULTURA Y DESARROLLO RURAL,1576102058,1576102058,1576102058
14,14,15,SECRETARIA DE CULTURA,467348118,402688282,396594348
14,14,16,SECRETARIA DE DESARROLLO ECONOMICO,214033854,214033854,206128452
14,14,17,SECRETARIA DE EDUCACION,20982510500,37087203530,37087104924
14,14,18,SECRETARIA DE IGUALDAD SUSTANTIVA ENTRE MUJERES Y HOMBRES,493724047,493724047,493724047
14,14,19,SECRETARIA DE INFRAESTRUCTURA Y OBRA PUBLICA,9458382889,9458382889,9182161507
14,14,20,SECRETARIA DE INNOVACION CIENCIA Y TECNOLOGIA,149306600,181145120,152486625
14,14,21,SECRETARIA DE LA HACIENDA PUBLICA,2179653795,2179653795,2179653795
14,14,22,SECRETARIA DE MEDIO AMBIENTE Y DESARROLLO TERRITORIAL,695002556,695002556,695002556
14,14,23,SECRETARIA DE PLANEACION Y PARTICIPACION CIUDADANA,142000000,140141220,97941936
14,14,24,SECRETARIA DE SALUD,226036225,369782225,201938739
14,14,25,SECRETARIA DE SEGURIDAD,1477214900,5131884874,4585171881
14,14,26,SECRETARIA DE TRABAJO Y PREVISION SOCIAL,403769231,403769231,383511211
14,14,27,SECRETARIA DE TRANSPORTE,1812378863,1812378863,1655453871
14,14,28,SECRETARIA DE TURISMO,255774112,255774112,255774112
14,14,29,SECRETARIA DEL SISTEMA DE ASISTENCIA SOCIAL,1566659168,1566659168,1529789298
14,14,30,SECRETARIA GENERAL DE GOBIERNO,112060100,818394135,790901851
14,14,31,UNIDAD DE ENLACE FEDERAL Y ASUNTOS INTERNACIONALES,NSS,NSS,NSS
14,14,32,AGENCIA DE ENERGIA,12656700,12656700,8386643
14,14,33,AGENCIA DE SANIDAD INOCUIDAD Y CALIDAD AGROALIMENTARIA DE JALISCO,NSS,NSS,NSS
14,14,34,AGENCIA ESTATAL DE ENTRETENIMIENTO DE JALISCO,179510200,289959928,283416803
14,14,35,AGENCIA METROPOLITANA DE SERVICIOS DE INFRAESTRUCTURA PARA LA MOVILIDAD DEL AREA METROPOLITANA DE GUADALAJARA,159250400,160109196,150425850
14,14,36,AGENCIA PARA EL DESARROLLO DE INDUSTRIAS CREATIVAS Y DIGITALES DEL ESTADO DE JALISCO,25869100,25869100,22851305
14,14,37,BOSQUE LA PRIMAVERA,27260800,27260800,24920505
14,14,38,CENTRO DE CONCILIACION LABORAL,40771136,40771136,28651533
14,14,39,CENTRO DE COORDINACION COMANDO CONTROL COMUNICACIONES Y COMPUTO DEL ESTADO DE JALISCO,569658437,569658437,543785241
14,14,40,COLEGIO DE BACHILLERES DEL ESTADO DE JALISCO,829178773,795142403,775522757
14,14,41,COLEGIO DE EDUCACION PROFESIONAL TECNICA DEL ESTADO DE JALISCO,377163800,405247458,387595347
14,14,42,COLEGIO DE ESTUDIOS CIENTIFICOS Y TECNOLOGICOS DEL ESTADO DE JALISCO,637768190,637768190,637768190
14,14,43,COMISION DE ARBITRAJE MEDICO DEL ESTADO DE JALISCO,10759150,10790150,10790148
14,14,44,COMISION ESTATAL DEL AGUA DE JALISCO,1708799200,4753456582,2161443009
14,14,45,COMISION ESTATAL INDIGENA,NSS,NSS,NSS
14,14,46,CONSEJO DE COORDINACION PARA LA IMPLEMENTACION DEL NUEVO SISTEMA DE JUSTICIA PENAL,5894721,5894721,5414189
14,14,47,CONSEJO ESTATAL DE CIENCIA Y TECNOLOGIA DE JALISCO,92274600,331852790,185616613
14,14,48,CONSEJO ESTATAL DE SEGURIDAD PUBLICA,NSS,NSS,NSS
14,14,49,CONSEJO ESTATAL PARA EL FOMENTO DEPORTIVO DEL ESTADO DE JALISCO,407521500,593736614,550642696
14,14,50,ESCUELA DE CONSERVACION Y RESTAURACION DE OCCIDENTE,17324400,18381839,16477043
14,14,51,FIDEICOMISO MAESTRO CIUDAD CREATIVA DIGITAL,24114250,24114250,20080887
14,14,52,FIDEICOMISO PARA LA ADMINISTRACION DEL PROGRAMA DE DESARROLLO FORESTAL DEL ESTADO DE JALISCO,25222400,25022400,23247360
14,14,53,FONDO JALISCO DE FOMENTO EMPRESARIAL,300299091,312575423,245461933
14,14,54,HOGAR CABAÑAS,137629536,137629536,127126949
14,14,55,HOSPITAL CIVIL DE GUADALAJARA,5323464400,5706274208,5566620004
14,14,56,INDUSTRIA JALISCIENSE DE REHABILITACION SOCIAL,46913063,46913063,46913063
14,14,57,INSTITUTO DE FORMACION PARA EL TRABAJO DEL ESTADO DE JALISCO,144684492,187239375,182899415
14,14,58,INSTITUTO DE INFORMACION ESTADISTICA Y GEOGRAFICA DEL ESTADO DE JALISCO,35508200,35508200,34824578
14,14,59,INSTITUTO DE LA INFRAESTRUCTURA FISICA EDUCATIVA DEL ESTADO DE JALISCO,642546700,777579275,419710128
14,14,60,INSTITUTO DE PENSIONES DEL ESTADO DE JALISCO,11694171813,11694171813,11678956812
14,14,61,INSTITUTO ESTATAL PARA LA EDUCACION DE JOVENES Y ADULTOS,179816223,184736673,163998742
14,14,62,INSTITUTO JALISCIENSE DE CANCEROLOGIA,269534997,337946617,337946617
14,14,63,INSTITUTO JALISCIENSE DE CIENCIAS FORENSES,336792902,336792902,336792902
14,14,64,INSTITUTO JALISCIENSE DE LA VIVIENDA,36457200,36457200,36457200
14,14,65,INSTITUTO METROPOLITANO DE PLANEACION DEL AREA METROPOLITANA DE GUADALAJARA,65703573,65703573,44038314
14,14,66,INSTITUTO TECNOLOGICO JOSE MARIO MOLINA PASQUEL Y HENRIQUEZ,640732400,715768065,592307225
14,14,67,MUSEO CABAÑAS,44861535,51809473,38083214
14,14,68,PLATAFORMA ABIERTA DE INNOVACION Y DESARROLLO DE JALISCO,29658300,29658300,28592274
14,14,69,PROCURADURIA DE DESARROLLO URBANO,22504900,22504900,22504900
14,14,70,RED DE CENTROS DE JUSTICIA,255510975,255510975,137121296
14,14,71,SECRETARIA DE GESTION INTEGRAL DEL AGUA,5407601,5407601,5407601
14,14,72,SECRETARIA EJECUTIVA DEL SISTEMA ESTATAL ANTICORRUPCION,42784012,42784012,42784012
14,14,73,SERVICIOS DE SALUD JALISCO,NSS,NSS,NSS
14,14,74,SISTEMA DE TREN ELECTRICO URBANO,2151814600,2151814600,1489225470
14,14,75,SISTEMA INTERMUNICIPAL DE LOS SERVICIOS DE AGUA POTABLE Y ALCANTARILLADO,5233510607,5233510607,4487723989
14,14,76,SISTEMA JALISCIENSE DE RADIO Y TELEVISION,72626700,74345384,70596229
14,14,77,SISTEMA PARA EL DESARROLLO INTEGRAL DE LA FAMILIA JALISCO,1389083477,1528336768,1463986259
14,14,78,UNIDAD ESTATAL DE PROTECCION CIVIL Y BOMBEROS,220760871,220760871,186732839
14,14,79,UNIVERSIDAD POLITECNICA DE LA ZONA METROPOLITANA DE GUADALAJARA,42052513,43811455,34645653
14,14,80,UNIVERSIDAD TECNOLOGICA DE JALISCO,143515664,202858926,190114979
14,14,81,UNIVERSIDAD TECNOLOGICA DE LA ZONA METROPOLITANA DE GUADALAJARA,50487600,48943888,48943888
15,15,1,GUBERNATURA,55086176,55086176,38240544
15,15,2,SECRETARIA GENERAL DE GOBIERNO,1409025497,1409025497,1249251586
15,15,3,SECRETARIA DE FINANZAS,12705379172,12705379172,78999273948
15,15,4,SECRETARIA DEL TRABAJO,1145132609,1145132609,1320292321
15,15,5,SECRETARIA DE EDUCACION,56224196206,56224193205,55131919263
15,15,6,SECRETARIA DEL CAMPO,1244841300,1244841300,1407620088
15,15,7,SECRETARIA DE DESARROLLO ECONOMICO,192706487,192706487,173404897
15,15,8,SECRETARIA DE LA CONTRALORIA,379353293,379353293,325560256
15,15,9,SECRETARIA DEL MEDIO AMBIENTE,765279774,765279774,565963791
15,15,10,COORDINACION GENERAL DE COMUNICACION SOCIAL,159084429,159084429,627800025
15,15,11,SECRETARIA DE DESARROLLO SOCIAL,7761217695,7761217695,8280430884
15,15,12,SECRETARIA DE SALUD,103099842,103099841,91243382
15,15,13,SECRETARIA DE MOVILIDAD,1968103193,1968103193,2207237657
15,15,14,SECRETARIA DE DESARROLLO URBANO Y OBRA,689841965,689841965,7703284007
15,15,15,SECRETARIA DE CULTURA Y TURISMO,1811208713,1811208713,2925908061
15,15,16,SECRETARIA DE SEGURIDAD,13106999743,13106999743,16388496308
15,15,17,SECRETARIA DE JUSTICIA Y DERECHOS HUMANOS,1528307251,1528307251,1244311076
15,15,18,SECRETARIA DE LAS MUJERES,473252752,473252752,474389953
15,15,19,SISTEMA MEXIQUENSE DE MEDIOS PUBLICOS,369745934,369745934,913133500
15,15,20,SISTEMA PARA EL DESARROLLO INTEGRAL DE LA FAMILIA DEL ESTADO DE MEXICO,1885776973,1885776973,4303357600
15,15,21,SECRETARIA EJECUTIVA DEL SISTEMA ANTICORRUPCION,85012685,85012685,78378900
15,15,22,INSTITUTO MEXIQUENSE DE LA PIROTECNIA,25178556,25178556,26203000
15,15,23,CONSEJO MEXIQUENSE DE CIENCIA Y TECNOLOGIA,466823384,466823384,455698000
15,15,24,COMITE DE PLANEACION PARA EL DESARROLLO DEL ESTADO DE MEXICO,46496842,46496842,45753000
15,15,25,INSTITUTO DE INFORMACION E INVESTIGACION GEOGRAFICA ESTADISTICA Y CATASTRAL DEL ESTADO DE MEXICO,121675229,121675229,121301100
15,15,26,INSTITUTO DE SEGURIDAD SOCIAL DEL ESTADO DE MEXICO Y MUNICIPIOS,29271431536,29271431536,33260470000
15,15,27,INSTITUTO DE ADMINISTRACION PUBLICA DEL ESTADO DE MEXICO,30946716,30946716,29782000
15,15,28,INSTITUTO HACENDARIO DEL ESTADO DE MEXICO,75593149,75593149,60148400
15,15,29,FIDEICOMISO PUBLICO PARA LA CONSTRUCCION DE CENTROS PREVENTIVOS Y DE READAPTACION SOCIAL EN EL ESTADO DE MEXICO,148326031,148326031,133119600
15,15,30,JUNTA LOCAL DE CONCILIACION Y ARBITRAJE VALLE DE TOLUCA,65042319,65042319,56112706
15,15,31,JUNTA LOCAL DE CONCILIACION Y ARBITRAJE VALLE CUAUTITLAN TEXCOCO,110343468,110343468,102466317
15,15,32,TRIBUNAL ESTATAL DE CONCILIACION Y ARBITRAJE,38993775,38993775,35931232
15,15,33,INSTITUTO DE CAPACITACION Y ADIESTRAMIENTO PARA EL TRABAJO INDUSTRIAL,493058462,493058462,519400300
15,15,34,CENTRO DE CONCILIACION LABORAL DEL ESTADO DE MEXICO,83662159,83662159,83554000
15,15,35,CENTRO REGIONAL DE FORMACION DOCENTE E INVESTIGACION EDUCATIVA,19308698,19308698,18444900
15,15,36,COLEGIO DE BACHILLERES DEL ESTADO DE MEXICO,930332553,930332553,893741700
15,15,37,COLEGIO DE EDUCACION PROFESIONAL TECNICA DEL ESTADO DE MEXICO,1252073105,1252073105,1354396600
15,15,38,COLEGIO DE ESTUDIOS CIENTIFICOS Y TECNOLOGICOS DEL ESTADO DE MEXICO,1072839055,1072839055,1122414700
15,15,39,INSTITUTO MEXIQUENSE DE LA INFRAESTRUCTURA FISICA EDUCATIVA,169046062,169046062,1053825400
15,15,40,SERVICIOS EDUCATIVOS INTEGRADOS AL ESTADO DE MEXICO,37688345580,37688345580,39865633000
15,15,41,TECNOLOGICO DE ESTUDIOS SUPERIORES DE CHALCO,70017137,70017137,74839800
15,15,42,TECNOLOGICO DE ESTUDIOS SUPERIORES DE CHICOLOAPAN,18175047,18175047,17154900
15,15,43,TECNOLOGICO DE ESTUDIOS SUPERIORES DE CHIMALHUACAN,113464609,113464609,112209300
15,15,44,TECNOLOGICO DE ESTUDIOS SUPERIORES DE COACALCO,157143458,157143458,141986700
15,15,45,TECNOLOGICO DE ESTUDIOS SUPERIORES DE CUAUTITLAN IZCALLI,164790063,164790063,203596900
15,15,46,TECNOLOGICO DE ESTUDIOS SUPERIORES DE ECATEPEC,299222430,299222430,288594400
15,15,47,TECNOLOGICO DE ESTUDIOS SUPERIORES DE HUIXQUILUCAN,74073456,74073456,69680600
15,15,48,TECNOLOGICO DE ESTUDIOS SUPERIORES DE IXTAPALUCA,77886859,77886859,79444100
15,15,49,TECNOLOGICO DE ESTUDIOS SUPERIORES DE JILOTEPEC,65295874,65295874,64297700
15,15,50,TECNOLOGICO DE ESTUDIOS SUPERIORES DE JOCOTITLAN,98376533,98376533,103698400
15,15,51,TECNOLOGICO DE ESTUDIOS SUPERIORES DE SAN FELIPE DEL PROGRESO,60190770,60190770,62253600
15,15,52,TECNOLOGICO DE ESTUDIOS SUPERIORES DE TIANGUISTENCO,79219649,79219649,78825300
15,15,53,TECNOLOGICO DE ESTUDIOS SUPERIORES DE VALLE DE BRAVO,77651436,77651436,81779500
15,15,54,TECNOLOGICO DE ESTUDIOS SUPERIORES DE VILLA GUERRERO,77732528,77732528,70560600
15,15,55,TECNOLOGICO DE ESTUDIOS SUPERIORES DEL ORIENTE DEL ESTADO DE MEXICO,104796384,104796384,111205000
15,15,56,UNIVERSIDAD DIGITAL DEL ESTADO DE MEXICO,124835250,124835250,128523400
15,15,57,UNIVERSIDAD ESTATAL DEL VALLE DE ECATEPEC,144328206,144328206,154667900
15,15,58,UNIVERSIDAD ESTATAL DEL VALLE DE TOLUCA,72842170,72842170,84459200
15,15,59,UNIVERSIDAD INTERCULTURAL DEL ESTADO DE MEXICO,123749130,123749130,127161200
15,15,60,UNIVERSIDAD MEXIQUENSE DEL BICENTENARIO,372247386,372247386,417137200
15,15,61,UNIVERSIDAD POLITECNICA DE ATLACOMULCO,28494155,28494155,32680300
15,15,62,UNIVERSIDAD POLITECNICA DE ATLAUTLA,22970124,22970124,25396200
15,15,63,UNIVERSIDAD POLITECNICA DE CHIMALHUACAN,17664130,17664130,20839400
15,15,64,UNIVERSIDAD POLITECNICA DE CUAUTITLAN IZCALLI,25503862,25503862,32623300
15,15,65,UNIVERSIDAD POLITECNICA DE OTZOLOTEPEC,27972258,27972258,32416400
15,15,66,UNIVERSIDAD POLITECNICA DE TECAMAC,54476348,54476348,52674600
15,15,67,UNIVERSIDAD POLITECNICA DE TEXCOCO,41977606,41977606,72548100
15,15,68,UNIVERSIDAD POLITECNICA DEL VALLE DE MEXICO,143970521,143970521,155992200
15,15,69,UNIVERSIDAD POLITECNICA DEL VALLE DE TOLUCA,109795823,109795823,105613600
15,15,70,UNIVERSIDAD TECNOLOGICA DE NEZAHUALCOYOTL,244088415,244088415,237688200
15,15,71,UNIVERSIDAD TECNOLOGICA DE TECAMAC,202714221,202714221,201729000
15,15,72,UNIVERSIDAD TECNOLOGICA DE ZINACANTEPEC,19336609,19336609,18198400
15,15,73,UNIVERSIDAD TECNOLOGICA DEL SUR DEL ESTADO DE MEXICO,75984056,75984056,79397200
15,15,74,UNIVERSIDAD TECNOLOGICA DEL VALLE DE TOLUCA,157467188,157467188,170541700
15,15,75,UNIVERSIDAD TECNOLOGICA FIDEL VELAZQUEZ,237055927,237055927,288390800
15,15,76,INSTITUTO DE FORMACION CONTINUA PROFESIONALIZACION E INVESTIGACION DEL MAGISTERIO DEL ESTADO DE MEXICO,10340709,10340709,0
15,15,77,INSTITUTO DE INVESTIGACION Y CAPACITACION AGROPECUARIA ACUICOLA Y FORESTAL DEL ESTADO DE MEXICO,60268333,60268333,77536100
15,15,78,PROTECTORA DE BOSQUES DEL ESTADO DE MEXICO,556057614,556057614,547980000
15,15,79,FIDEICOMISO PARA EL DESARROLLO DE PARQUES Y ZONAS INDUSTRIALES EN EL ESTADO DE MEXICO,57895442,57895442,65028000
15,15,80,INSTITUTO DE FOMENTO MINERO Y ESTUDIOS GEOLOGICOS DEL ESTADO DE MEXICO,10159504,10159504,9958000
15,15,81,INSTITUTO MEXIQUENSE DEL EMPRENDEDOR,216637915,216637915,472318900
15,15,82,COMISION ESTATAL DE PARQUES NATURALES Y DE LA FAUNA,162781551,162781551,385901000
15,15,83,RECICLAGUA AMBIENTAL SOCIEDAD ANONIMA DE CAPITAL VARIABLE,142856026,142856026,148290000
15,15,84,PROCURADURIA DE PROTECCION AL AMBIENTE DEL ESTADO DE MEXICO,48592959,48592959,45870600
15,15,85,INSTITUTO ESTATAL DE ENERGIA Y CAMBIO CLIMATICO,28114189,28114189,28848500
15,15,86,CONSEJO DE INVESTIGACION Y EVALUACION DE LA POLITICA SOCIAL,9885953,9885953,19181500
15,15,87,CONSEJO ESTATAL PARA EL DESARROLLO INTEGRAL DE LOS PUEBLOS INDIGENAS DEL ESTADO DE MEXICO,38781062,38781062,108377800
15,15,88,INSTITUTO MEXIQUENSE DE LA JUVENTUD,22324870,22324870,71707400
15,15,89,JUNTA DE ASISTENCIA PRIVADA DEL ESTADO DE MEXICO,28134151,28134151,36434600
15,15,90,BANCO DE TEJIDOS DEL ESTADO DE MEXICO,23824346,23824346,46144300
15,15,91,COMISION DE CONCILIACION Y ARBITRAJE MEDICO DEL ESTADO DE MEXICO,33603551,33603551,31215000
15,15,92,INSTITUTO DE SALUD DEL ESTADO DE MEXICO,32004459739,32004459739,31048671500
15,15,93,HOSPITAL REGIONAL DE ALTA ESPECIALIDAD DE ZUMPANGO,1092548243,1092548243,1137041500
15,15,94,INSTITUTO MATERNO INFANTIL DEL ESTADO DE MEXICO,1273551639,1273551639,1465148500
15,15,95,INSTITUTO MEXIQUENSE PARA LA PROTECCION E INTEGRACION AL DESARROLLO DE LAS PERSONAS CON DISCAPACIDAD,9233162,9233162,8844800
15,15,96,JUNTA DE CAMINOS DEL ESTADO DE MEXICO,2290924548,2290924548,2767587100
15,15,97,SISTEMA DE AUTOPISTAS AEROPUERTOS SERVICIOS CONEXOS Y AUXILIARES DEL ESTADO DE MEXICO,216712198,216712198,68267600
15,15,98,SISTEMA DE TRANSPORTE MASIVO Y TELEFERICO DEL ESTADO DE MEXICO,1652369230,1652369230,4905529500
15,15,99,INSTITUTO MEXIQUENSE DE LA VIVIENDA SOCIAL,332068128,332068128,667833400
15,15,100,COMISION DEL AGUA DEL ESTADO DE MEXICO,2194398881,2194398881,3587889100
15,15,101,COMISION TECNICA DEL AGUA DEL ESTADO DE MEXICO,7933319,7933319,7624500
15,15,102,INSTITUTO DE INVESTIGACION Y FOMENTO DE LAS ARTESANIAS DEL ESTADO DE MEXICO,40443478,40443478,40419000
15,15,103,UNIVERSIDAD MEXIQUENSE DE SEGURIDAD,360116050,360116050,320056500
15,15,104,CENTRO DE CONTROL DE CONFIANZA DEL ESTADO DE MEXICO,235922118,235922118,226367100
15,15,105,UNIDAD DE ASUNTOS INTERNOS,52556295,52556295,56907400
15,15,106,INSTITUTO DE LA FUNCION REGISTRAL DEL ESTADO DE MEXICO,2398812320,2398812320,4410456100
16,16,1,EJECUTIVO DEL ESTADO,297061563,297061563,284574280
16,16,2,SECRETARIA DE GOBIERNO,693104843,673569722,942550292
16,16,3,SECRETARIA DE FINANZAS Y ADMINISTRACION,2036705999,2036705999,2492137561
16,16,4,SECRETARIA DE COMUNICACIONES Y OBRAS PUBLICAS,1208331118,1208331118,2089115828
16,16,5,SECRETARIA DE DESARROLLO RURAL Y AGROALIMENTARIO,630324067,630324067,515637771
16,16,6,SECRETARIA DE DESARROLLO ECONOMICO,175734142,175734142,181871380
16,16,7,SECRETARIA DE TURISMO,210996909,210996909,257182148
16,16,8,SECRETARIA DE EDUCACION,26887875023,26795475023,30090817483
16,16,9,SECRETARIA DEL MIGRANTE,39999112,39999112,31232293
16,16,10,SECRETARIA DE SEGURIDAD PUBLICA,3545214081,3545214081,3337205081
16,16,11,SECRETARIA DE SALUD,9404654781,9404654781,9763218797
16,16,12,SECRETARIA DE CONTRALORIA,140013925,140013925,134087302
16,16,13,SECRETARIA DEL BIENESTAR,230329693,270329693,188967733
16,16,14,SECRETARIA DE CULTURA,214452708,214452708,225470387
16,16,15,SECRETARIA DE IGUALDAD SUSTANTIVA Y DESARROLLO DE LAS MUJERES MICHOACANAS,64586826,64586826,82726895
16,16,16,SECRETARIA DE DESARROLLO URBANO Y MOVILIDAD,92636344,92636344,85027084
16,16,17,SECRETARIA DE MEDIO AMBIENTE,69130434,69130434,69411870
16,16,18,PROCURADURIA DE PROTECCION AL AMBIENTE DEL ESTADO DE MICHOACAN DE OCAMPO,16165828,16165828,12286368
16,16,19,COMISION COORDINADORA DEL TRANSPORTE PUBLICO,57958994,57958994,61301709
16,16,20,COORDINACION DEL SISTEMA PENITENCIARIO DEL ESTADO DE MICHOACAN DE OCAMPO,1404973043,1404973043,1496639168
16,16,21,INSTITUTO REGISTRAL Y CATASTRAL DEL ESTADO DE MICHOACAN DE OCAMPO,143795239,143795239,173303475
16,16,22,CENTRO ESTATAL PARA EL DESARROLLO MUNICIPAL,0,0,4730910
16,16,23,INSTITUTO DEL ARTESANO MICHOACANO,45705060,45705060,62170839
16,16,24,SECRETARIADO EJECUTIVO DEL SISTEMA ESTATAL DE SEGURIDAD PUBLICA,312336220,312336220,1107789637
16,16,25,COMISION ESTATAL DE CULTURA FISICA Y DEPORTE,71496597,71496597,87978726
16,16,26,SISTEMA MICHOACANO DE RADIO Y TELEVISION,76371885,76371885,87512950
16,16,27,CENTRO DE CONVENCIONES DE MORELIA,26012549,26012549,28141281
16,16,28,PARQUE ZOOLOGICO BENITO JUAREZ,45516661,49516661,64483504
16,16,29,SISTEMA PARA EL DESARROLLO INTEGRAL DE LA FAMILIA MICHOACANA,959357897,959357897,1061271047
16,16,30,UNIVERSIDAD VIRTUAL DEL ESTADO DE MICHOACAN,22050454,22050454,24653022
16,16,31,TELEBACHILLERATO MICHOACAN,159669164,166669164,225079906
16,16,32,INSTITUTO DE VIVIENDA DEL ESTADO DE MICHOACAN,35299652,35299652,38532962
16,16,33,COMISION FORESTAL DEL ESTADO,108004443,108004443,140141906
16,16,34,COMISION DE PESCA DEL ESTADO DE MICHOACAN,56127745,57811355,81063882
16,16,35,COLEGIO DE BACHILLERES DEL ESTADO DE MICHOACAN,1309616400,1313616400,1593398070
16,16,36,COLEGIO DE EDUCACION PROFESIONAL TECNICA DEL ESTADO DE MICHOACAN,310559057,310559057,378422903
16,16,37,UNIVERSIDAD TECNOLOGICA DE MORELIA,62238130,62238130,108258279
16,16,38,COLEGIO DE ESTUDIOS CIENTIFICOS Y TECNOLOGICOS DEL ESTADO DE MICHOACAN,1109529852,1109529852,1159860154
16,16,39,INSTITUTO DE CAPACITACION PARA EL TRABAJO DEL ESTADO DE MICHOACAN,217139889,217139889,333844947
16,16,40,UNIVERSIDAD DE LA CIENEGA DEL ESTADO DE MICHOACAN DE OCAMPO,85151690,85151690,87494370
16,16,41,CENTRO ESTATAL DE CERTIFICACION ACREDITACION Y CONTROL DE CONFIANZA,28166977,28166977,25051008
16,16,42,UNIVERSIDAD INTERCULTURAL INDIGENA,41534812,41534812,70827372
16,16,43,COMISION ESTATAL DE ARBITRAJE MEDICO DE MICHOACAN,4793953,4793953,4793953
16,16,44,JUNTA DE ASISTENCIA PRIVADA DEL ESTADO DE MICHOACAN DE OCAMPO,10088829,10088829,13989606
16,16,45,COMISION ESTATAL PARA EL DESARROLLO DE PUEBLOS INDIGENAS,24110433,24110433,24329855
16,16,46,COORDINACION DE PLANEACION PARA EL DESARROLLO DEL ESTADO DE MICHOACAN,51154414,51154414,60538674
16,16,47,COMISION ESTATAL DEL AGUA Y GESTION DE CUENCAS,179227411,179227411,358949504
16,16,48,COMITE DE ADQUISICIONES DEL PODER EJECUTIVO,24461741,24461741,25133615
16,16,49,UNIVERSIDAD POLITECNICA DE URUAPAN,8861722,8861722,13934996
16,16,50,UNIVERSIDAD POLITECNICA DE LAZARO CARDENAS,8317882,8317882,16015487
16,16,51,INSTITUTO DE DEFENSORIA PUBLICA DEL ESTADO DE MICHOACAN,102171975,102171975,145654302
16,16,52,INSTITUTO ESTATAL DE ESTUDIOS SUPERIORES EN SEGURIDAD Y PROFESIONALIZACION POLICIAL DEL ESTADO DE MICHOACAN DE OCAMPO,32713756,32713756,34777628
16,16,53,COMISION EJECUTIVA ESTATAL DE ATENCION A VICTIMAS,49957432,49957432,88346273
16,16,54,CENTRO ESTATAL DE FOMENTO GANADERO DEL ESTADO DE MICHOACAN DE OCAMPO,30721109,30721109,30141822
16,16,55,SISTEMA INTEGRAL DE FINANCIAMIENTO PARA EL DESARROLLO DE MICHOACAN,58049507,58049507,55963351
16,16,56,INSTITUTO DE LA JUVENTUD MICHOACANA,30865320,32336831,32451488
16,16,57,INSTITUTO DE CIENCIA TECNOLOGIA E INNOVACION DEL ESTADO DE MICHOACAN DE OCAMPO,9091760,9091760,32249092
16,16,58,SECRETARIA EJECUTIVA DEL SISTEMA ESTATAL DE PROTECCION INTEGRAL DE NIÑAS NIÑOS Y ADOLESCENTES DEL ESTADO DE MICHOACAN,7095747,7095747,6208009
16,16,59,CONSEJO ESTATAL PARA PREVENIR Y ELIMINAR LA DISCRIMINACION Y LA VIOLENCIA,8767301,8767301,13612877
16,16,60,UNIVERSIDAD TECNOLOGICA DEL ORIENTE DE MICHOACAN,8272730,8272730,9976528
16,16,61,CASA DEL ADULTO MAYOR,3762850,3762850,1376373
16,16,62,INSTITUTO DE EDUCACION MEDIA SUPERIOR Y SUPERIOR DEL ESTADO DE MICHOACAN,0,0,377164767
16,16,63,CENTRO DE CONCILIACION LABORAL DEL ESTADO DE MICHOACAN DE OCAMPO,0,0,7780724
16,16,64,JUNTA LOCAL DE CONCILIACION Y ARBITRAJE,67884431,67884431,70308465
17,17,1,JEFATURA DE LA OFICINA DE LA GUBERNATURA,141913273,141607499,301077550
17,17,2,SECRETARIA DE GOBIERNO,92782455,86469483,69403793
17,17,3,SECRETARIA DE HACIENDA,1624966248,1598625980,1869543666
17,17,4,SECRETARIA DE DESARROLLO ECONOMICO Y DEL TRABAJO,36452764,36460076,100525615
17,17,5,SECRETARIA DE DESARROLLO AGROPECUARIO,77808997,74142429,120135444
17,17,6,SECRETARIA DE OBRAS PUBLICAS,104526647,98627999,475666349
17,17,7,SECRETARIA DE EDUCACION,73703849,249978217,29395595
17,17,8,SECRETARIA DE SALUD,26349778,50010971,18731847
17,17,9,SECRETARIA DE ADMINISTRACION,115668750,112234203,687272402
17,17,10,SECRETARIA DE LA CONTRALORIA,42184407,42183999,51810787
17,17,11,SECRETARIA DE TURISMO Y CULTURA,100609304,98286358,127966586
17,17,12,SECRETARIA DE DESARROLLO SOCIAL,186525094,168016187,37445893
17,17,13,SECRETARIA DE DESARROLLO SUSTENTABLE,62901624,122037628,74991896
17,17,14,SECRETARIA DE MOVILIDAD Y TRANSPORTE,92267475,96615721,100165810
17,17,15,COMISION ESTATAL DE SEGURIDAD PUBLICA,1368551362,1332184329,1434146496
17,17,16,CONSEJERIA JURIDICA,28206500,33719204,27018917
17,17,17,INSTITUTO ESTATAL DE DOCUMENTACION DEL ESTADO DE MORELOS,3663865,3663865,3689854
17,17,18,SECRETARIADO EJECUTIVO DEL SISTEMA ESTATAL DE SEGURIDAD PUBLICA,16788085,9118242,19015868
17,17,19,SECRETARIA EJECUTIVO DEL SISTEMA DE PROTECCION INTEGRAL DE NIÑAS NIÑOS Y ADOLESCENTES DEL ESTADO DE MORELOS,5889834,4584273,2357911
17,17,20,COORDINACION ESTATAL DEL SUBSISTEMA DE PREPARATORIA ABIERTA,275582628,4454185,5946725
17,17,21,TRIBUNAL ESTATAL DE CONCILIACION Y ARBITRAJE DEL ESTADO DE MORELOS,13542363,14042363,13623512
17,17,22,INSTITUTO MORELENSE DE LAS PERSONAS ADOLESCENTES Y JOVENES,8140000,7840000,7570702
17,17,23,FONDO ESTATAL PARA LA ADMINISTRACION Y OPERACION DEL RECINTO DEPORTIVO AGUSTIN CORUCO DIAZ,4542247,4663147,4582029
17,17,24,PROCURADURIA DE PROTECCION AL AMBIENTE DEL ESTADO DE MORELOS,5370518,5446745,5259500
17,17,25,COMISION ESTATAL DE BIODIVERSIDAD,4040523,3879126,4160196
17,17,26,COMISION DE BUSQUEDA DE PERSONAS DEL ESTADO DE MORELOS,11275213,4708147,13160802
17,17,27,JUNTA LOCAL DE CONCILIACION Y ARBITRAJE DEL ESTADO DE MORELOS,35550533,34962461,34388832
17,17,28,COMISION ESTATAL DE EVALUACION DEL DESARROLLO SOCIAL,4427000,3000002,4229779
17,17,29,FONDO ESTATAL PARA LA PROMOCION Y DESARROLLO DE EVENTOS VINCULADOS CON LA CULTURA Y EL TURISMO,1229712,1459712,1357416
17,17,30,PROCURADURIA ESTATAL DE LA DEFENSA DEL TRABAJO,2494694,2491966,4733975
17,17,31,CENTRO ESTATAL DE PREVENCION SOCIAL DE LA VIOLENCIA Y DELINCUENCIA CON PARTICIPACION CIUDADANA,4659504,4314606,6782541
17,17,32,COMISION EJECUTIVA DE ATENCION Y REPARACION A VICTIMAS DEL ESTADO DE MORELOS,7725951,7725951,48201242
17,17,33,COMISION ESTATAL DEL AGUA,112680000,102680000,542933388
17,17,34,COORDINACION ESTATAL DE PROTECCION CIVIL MORELOS,22299294,28392395,35124378
17,17,35,COMISION ESTATAL DE MEJORA REGULATORIA,4004000,4004000,4004000
17,17,36,INSTITUTO MORELENSE DE RADIO Y TELEVISION,38239588,38239588,40609817
17,17,37,INSTITUTO PROVETERANOS DE LA REVOLUCION DEL SUR,539000,484000,555113
17,17,38,COMISION ESTATAL DE RESERVAS TERRITORIALES,7638001,7638001,8638001
17,17,39,INSTITUTO DE SERVICIOS REGISTRALES Y CATASTRALES DEL ESTADO DE MORELOS,31703776,31703776,34365041
17,17,40,INSTITUTO DE LA DEFENSORIA PUBLICA DEL ESTADO DE MORELOS,21061424,21061424,23437541
17,17,41,INSTITUTO DE CREDITO PARA LOS TRABAJADORES AL SERVICIO DEL GOBIERNO DEL ESTADO DE MORELOS,NSS,NSS,NSS
17,17,42,COMISION ESTATAL DE ARBITRAJE MEDICO,6347568,5797568,6494991
17,17,43,HOSPITAL DEL NIÑO MORELENSE,260102001,260102001,269102001
17,17,44,SERVICIOS DE SALUD DE MORELOS,3107777729,2538441347,4927190029
17,17,45,SISTEMA PARA EL DESARROLLO INTEGRAL DE LA FAMILIA DEL ESTADO DE MORELOS,404988511,390352419,460436689
17,17,46,INSTITUTO DE CAPACITACION PARA EL TRABAJO DEL ESTADO DE MORELOS,25778000,27778000,59325800
17,17,47,INSTITUTO DE EDUCACION BASICA DEL ESTADO DE MORELOS,9180823055,8719116028,9752203645
17,17,48,INSTITUTO ESTATAL DE EDUCACION PARA ADULTOS,76350261,71506154,79578608
17,17,49,COLEGIO DE BACHILLERES DEL ESTADO DE MORELOS,189704000,159704000,359023763
17,17,50,COLEGIO NACIONAL DE EDUCACION PROFESIONAL TECNICA DEL ESTADO DE MORELOS,108752028,98332300,131173115
17,17,51,COLEGIO DE ESTUDIOS CIENTIFICOS Y TECNOLOGICOS DEL ESTADO DE MORELOS,74761242,64808030,159827349
17,17,52,UNIVERSIDAD POLITECNICA DEL ESTADO DE MORELOS,26587000,31587000,86131874
17,17,53,UNIVERSIDAD TECNOLOGICA EMILIANO ZAPATA DEL ESTADO DE MORELOS,48315533,44115456,110186711
17,17,54,UNIVERSIDAD TECNOLOGICA DEL SUR DEL ESTADO DE MORELOS,10876090,10262145,24379232
17,17,55,CONSEJO DE CIENCIA Y TECNOLOGIA DEL ESTADO DE MORELOS,11896378,11896370,11876370
17,17,56,INSTITUTO ESTATAL DE INFRAESTRUCTURA EDUCATIVA,147957790,27957790,540239919
17,17,57,INSTITUTO DEL DEPORTE Y CULTURA FISICA DEL ESTADO DE MORELOS,47089000,40089000,71775690
17,17,58,CENTRO MORELENSE DE LAS ARTES,17027000,17027000,23372193
17,17,59,MUSEO MORELENSE DE ARTE POPULAR,2860000,2860000,3400256
17,17,60,AEROPUERTO DE CUERNAVACA SA DE CV,3476922,3476922,3476922
17,17,61,OPERADOR DE CARRETERAS DE CUOTA,6850000,6850000,10193711
17,17,62,INSTITUTO MORELENSE PARA EL FINANCIAMIENTO DEL SECTOR PRODUCTIVO,283856546,258353004,258353005
17,17,63,CENTRO DE CONCILIACION LABORAL,17210146,17210146,11054387
17,17,64,FIDEICOMISO TURISMO MORELOS,27782445,30443985,53826283
17,17,65,FIDEICOMISO LAGO DE TEQUESQUITENGO,NSS,NSS,NSS
17,17,66,FIDEICOMISO MUSEO MORELENSE DE ARTE CONTEMPORANEO JUAN SORIANO,14000000,17000000,14000000
17,17,67,FIDEICOMISO CENTRO CULTURAL TEOPANZOLCO,14000000,17000000,14000000
17,17,68,FIDEICOMISO CENTRO DE CONGRESOS Y CONVENCIONES WORLD TRADE CENTER MORELOS,3000000,2000000,4461612
17,17,69,FIDEICOMISO EJECUTIVO DEL FONDO DE COMPETITIVIDAD Y PROMOCION DEL EMPLEO,273023451,259434553,292920207
17,17,70,FIDEICOMISO FONDO DESARROLLO EMPRESARIAL Y PROMOCION DE LA INVERSION,NSS,NSS,NSS
18,18,1,SECRETARIA GENERAL DE GOBIERNO,268159848,268159848,273504419
18,18,2,SECRETARIA DE ADMINISTRACION Y FINANZAS,5995499484,5995499484,6287489377
18,18,3,SECRETARIA DE DESARROLLO RURAL,142675817,142675817,324196762
18,18,4,SECRETARIA DE ECONOMIA,66087084,66087084,48738738
18,18,5,SECRETARIA DE TURISMO,62539161,62539161,48758642
18,18,6,SERVICIOS DE SALUD DE NAYARIT,3234424613,3234424613,3213756840
18,18,7,SECRETARIA DE BIENESTAR E IGUALDAD SUSTANTIVA,168243884,168243884,60542472
18,18,8,SECRETARIA DE MOVILIDAD,118179421,118179421,154642917
18,18,9,SECRETARIA DE SEGURIDAD Y PROTECCION CIUDADANA,859112775,859112775,1018603663
18,18,10,SECRETARIA PARA LA HONESTIDAD Y BUENA GOBERNANZA,59604778,59604778,47987228
18,18,11,SECRETARIA DE INFRAESTRUCTURA,766982399,766982399,1133521541
18,18,12,SECRETARIA DE EDUCACION,975330245,975330245,2445276414
18,18,13,DESPACHO DEL EJECUTIVO,88066892,88066892,85669906
18,18,14,SECRETARIA DEL TRABAJO Y JUSTICIA LABORAL,72417435,72417435,70706996
18,18,15,SECRETARIA DE DESARROLLO SUSTENTABLE,114397067,114397067,130738427
18,18,16,BENEFICENCIA PUBLICA DEL ESTADO DE NAYARIT,2888500,2888500,10734744
18,18,17,CENTRO DE DESARROLLO ECONOMICO EDUCATIVO DE LA MESA DE EL NAYAR,10298461,10298461,10198360
18,18,18,CENTRO DE JUSTICIA FAMILIAR,17922181,17922181,16115058
18,18,19,COLEGIO DE BACHILLERES DEL ESTADO DE NAYARIT,74754529,74754529,80029479
18,18,20,COLEGIO DE EDUCACION PROFESIONAL TECNICA DEL ESTADO DE NAYARIT,88124543,88124543,97686187
18,18,21,COLEGIO DE ESTUDIOS CIENTIFICOS Y TECNOLOGICOS DEL ESTADO DE NAYARIT,223759078,223759078,304479266
18,18,22,COMISION ESTATAL DE AGUA POTABLE Y ALCANTARILLADO,34191480,34191480,196077835
18,18,23,COMISION ESTATAL DE CONCILIACION Y ARBITRAJE MEDICO PARA EL ESTADO DE NAYARIT,4392000,4392000,4571558
18,18,24,COMISION FORESTAL DE NAYARIT,7730753,7730753,15760891
18,18,25,COMITE ADMINISTRADOR DE LA FERIA NACIONAL TEPIC,24925200,24925200,35011763
18,18,26,INSTITUTO DE PLANEACION DEL ESTADO DE NAYARIT,14770737,14770737,27474342
18,18,27,CONSEJO DE CIENCIA Y TECNOLOGIA DEL ESTADO DE NAYARIT,10512360,10512360,9715150
18,18,28,CONSEJO ESTATAL CONTRA LAS ADICCIONES,31813932,31813932,33544675
18,18,29,CONSEJO ESTATAL PARA LA CULTURA Y LAS ARTES DE NAYARIT,60353900,60353900,63736016
18,18,30,FIDEICOMISO BAHIA DE BANDERAS,165033231,165033231,149066429
18,18,31,FIDEICOMISO DE PROMOCION TURISTICA DEL ESTADO DE NAYARIT,170000000,170000000,93351605
18,18,32,FONDO DE FOMENTO INDUSTRIAL DEL ESTADO DE NAYARIT,9744076,9744076,5344601
18,18,33,INSTITUTO DE CAPACITACION PARA EL TRABAJO DEL ESTADO DE NAYARIT,63735030,63735030,63498097
18,18,34,INSTITUTO CONTRA LAS ADICCIONES MARAKAME,16164080,16164080,15412961
18,18,35,INSTITUTO NAYARITA DE CULTURA FISICA Y DEPORTE,50287968,50287968,64394984
18,18,36,INSTITUTO NAYARITA DE EDUCACION PARA ADULTOS,67428223,67428223,64505288
18,18,37,INSTITUTO NAYARITA DE LA JUVENTUD,4172864,4172864,7023881
18,18,38,INSTITUTO NAYARITA PARA LA INFRAESTRUCTURA FISICA EDUCATIVA,363410195,363410195,183581600
18,18,39,INSTITUTO PARA LA MUJER NAYARITA,13602165,13602165,31522518
18,18,40,INSTITUTO PROMOTOR DE LA VIVIENDA DE NAYARIT,77446976,77446976,88120110
18,18,41,PATRONATO DEL TEATRO DEL PUEBLO,11099090,11099090,14117893
18,18,42,SERVICIOS DE EDUCACION PUBLICA DEL ESTADO DE NAYARIT,5580549750,5580549750,6057937000
18,18,43,SECRETARIADO EJECUTIVO DEL SISTEMA ESTATAL DE SEGURIDAD PUBLICA,262995510,262995510,240190195
18,18,44,SISTEMA PARA EL DESARROLLO INTEGRAL DE LA FAMILIA DEL ESTADO DE NAYARIT,493838875,493838875,480744690
18,18,45,UNIVERSIDAD TECNOLOGICA DE BAHIA DE BANDERAS,69691641,69691641,87162517
18,18,46,UNIVERSIDAD TECNOLOGICA DE LA COSTA,51235442,51235442,56044755
18,18,47,UNIVERSIDAD TECNOLOGICA DE LA SIERRA,22928740,22928740,24537474
18,18,48,UNIVERSIDAD TECNOLOGICA DE NAYARIT,134143905,134143905,133348532
18,18,49,UNIVERSIDAD TECNOLOGICA DE MAZATAN,7201323,7201323,6586022
18,18,50,UNIVERSIDAD POLITECNICA DEL ESTADO DE NAYARIT,33216241,33216241,30331265
18,18,51,COMISION ESTATAL DE ATENCION INTEGRAL A VICTIMAS DEL ESTADO DE NAYARIT,10565209,10565209,10312508
18,18,52,PATRONATO DE LA UNIVERSIDAD AUTONOMA DE NAYARIT,164400000,164400000,171293334
18,18,53,SISTEMA DE RADIO Y TELEVISION DE NAYARIT,47100797,47100797,46263108
18,18,54,SECRETARIA EJECUTIVA DEL SISTEMA LOCAL ANTICORRUPCION,5026160,5026160,5591257
18,18,55,INSTITUTO DE JUSTICIA LABORAL BUROCRATICA DEL ESTADO DE NAYARIT,19286237,19286237,18738408
18,18,56,INSTITUTO DE ADQUISICIONES ARRENDAMIENTO Y PRESTACION DE SERVICIOS DEL ESTADO DE NAYARIT,15282605,15282605,2912273
18,18,57,CENTRO DE CONCILIACION LABORAL DEL ESTADO DE NAYARIT,0,0,2600259
18,18,58,ARCHIVO GENERAL DEL ESTADO DE NAYARIT,0,0,0
18,18,59,FONDO MIXTO CONACYT GOBIERNO DEL ESTADO DE NAYARIT,0,0,1729971
19,19,1,DESPACHO DEL C GOBERNADOR,2440392,2440392,2604403
19,19,2,OFICINA EJECUTIVA DEL C GOBERNADOR,12306402,12306402,9583426
19,19,3,AMAR A NUEVO LEON,0,0,0
19,19,4,SECRETARIA PARTICULAR DEL C GOBERNADOR,63082254,63082254,94652736
19,19,5,CONSEJERIA JURIDICA,6176308,6176308,1577291
19,19,6,SECRETARIA TECNICA DE GOBIERNO,0,0,3604525
19,19,7,REPRESENTACION DEL GOBIERNO DEL ESTADO EN LA CIUDAD DE MEXICO,26274460,26274460,22203876
19,19,8,SISTEMA ESTATAL DE INFORMACION,6176308,6176308,4190730
19,19,9,COMUNICACION,202397310,202397310,442131295
19,19,10,SECRETARIA GENERAL DE GOBIERNO,1209861286,1209861286,1036001022
19,19,11,SECRETARIA DE PARTICIPACION CIUDADANA,70000000,70000000,69866615
19,19,12,SECRETARIA DE FINANZAS Y TESORERIA GENERAL DEL ESTADO,13016825141,13032225141,32363450284
19,19,13,SECRETARIA DE ADMINISTRACION,1394277141,1394277141,1923596564
19,19,14,CONTRALORIA Y TRANSPARENCIA GUBERNAMENTAL,141998897,141998897,153350244
19,19,15,SECRETARIA DE SEGURIDAD,6606911116,6606911116,6479223935
19,19,16,SECRETARIA DE ECONOMIA,202803396,202803396,141083295
19,19,17,SECRETARIA DEL TRABAJO,167141770,167141770,200053587
19,19,18,SECRETARIA DE DESARROLLO REGIONAL Y AGROPECUARIO,266588048,266588048,258741332
19,19,19,SECRETARIA DE MOVILIDAD Y PLANEACION URBANA,7915267110,7915267110,3863771832
19,19,20,SECRETARIA DE TURISMO,55000000,70000000,43927866
19,19,21,SECRETARIA DE MEDIO AMBIENTE,168028311,198028311,108507829
19,19,22,SECRETARIA DE IGUALDAD E INCLUSION,1045423032,1055423032,1092106572
19,19,23,SECRETARIA DE EDUCACION,12912747806,12966747806,14512440031
19,19,24,SECRETARIA DE SALUD,56858344,56858344,58088317
19,19,25,SECRETARIA DE LAS MUJERES,50000000,50000000,62223953
19,19,26,SECRETARIA DE CULTURA,70000000,70000000,74092639
19,19,27,JUNTA LOCAL DE CONCILIACION Y ARBITRAJE,176171915,176171915,164895866
19,19,28,TRIBUNAL DE JUSTICIA ADMINISTRATIVA,124948973,130000000,130709369
19,19,29,TRIBUNAL DE ARBITRAJE,8946418,8946418,9153018
19,19,30,CENTRO DE CONCILIACION LABORAL DEL ESTADO DE NUEVO LEON,0,0,11157374
19,19,31,COLEGIO DE BACHILLERES MILITARIZADO GENERAL MARIANO ESCOBEDO,235755929,235755929,225389631
19,19,32,COLEGIO DE EDUCACION PROFESIONAL TECNICA DE NUEVO LEON,336268609,336268609,353422869
19,19,33,COLEGIO DE ESTUDIOS CIENTIFICOS Y TECNOLOGICOS,267745187,267745187,320959952
19,19,34,CONSEJO ESTATAL PARA LA PROMOCION DE VALORES Y CULTURA DE LA LEGALIDAD,5050373,5050373,5050373
19,19,35,CONSEJO PARA LA CULTURA Y LAS ARTES,175102407,175102407,189548333
19,19,36,CORPORACION PARA EL DESARROLLO TURISTICO DE NUEVO LEON,65000000,65000000,155512250
19,19,37,FIDEICOMISO FESTIVAL INTERNACIONAL DE SANTA LUCIA,28418851,28418851,45418851
19,19,38,FIDEICOMISO FONDO DE APOYO PARA LA CREACION Y CONSOLIDACION DEL EMPLEO PRODUCTIVO EN EL ESTADO DE NUEVO LEON,100000000,100000000,140000000
19,19,39,FIDEICOMISO FONDO EDITORIAL DE NUEVO LEON,5413494,5413494,11976322
19,19,40,FIDEICOMISO PARA EL DESARROLLO DE LA ZONA CITRICOLA,9088869,9088869,11663506
19,19,41,FIDEICOMISO PARA EL DESARROLLO DEL SUR DEL ESTADO DE NUEVO LEON,10071103,10071103,10071103
19,19,42,FIDEICOMISO PARA LA REORDENACION COMERCIAL,736216,736216,1086216
19,19,43,FIDEICOMISO PROMOTOR DE PROYECTOS ESTRATEGICOS URBANOS,84193360,84193360,943854267
19,19,44,FIDEICOMISO SISTEMA INTEGRAL DE TRANSITO METROPOLITANO,600657362,600657362,3832170
19,19,45,FIDEICOMISO TURISMO NUEVO LEON,40392894,40392894,37376894
19,19,46,FIDEICOMISO VIDA SILVESTRE DE NUEVO LEON,550943,550943,4030943
19,19,47,FOMENTO METROPOLITANO DE MONTERREY,28607920,28607920,34907920
19,19,48,INSTITUTO CONSTRUCTOR DE INFRAESTRUCTURA FISICA EDUCATIVA Y DEPORTIVA DE NUEVO LEON,317243350,317243350,508919713
19,19,49,INSTITUTO DE CAPACITACION Y EDUCACION PARA EL TRABAJO,88339573,88339573,121114676
19,19,50,INSTITUTO DE CONTROL VEHICULAR,33547803,33547803,5680501335
19,19,51,INSTITUTO DE DEFENSORIA PUBLICA DE NUEVO LEON,274436526,274436526,343346655
19,19,52,INSTITUTO DE INNOVACION Y TRANSFERENCIA DE TECNOLOGIA,28252598,28252598,29145808
19,19,53,INSTITUTO DE INVESTIGACION INNOVACION Y ESTUDIOS DE POSGRADO PARA LA EDUCACION DE NUEVO LEON,11445817,11445817,12844823
19,19,54,INSTITUTO DE LA VIVIENDA DE NUEVO LEON,183691048,183691048,354914771
19,19,55,INSTITUTO DE MOVILIDAD Y ACCESIBILIDAD DEL ESTADO DE NUEVO LEON,832973368,832973368,1244945994
19,19,56,INSTITUTO DE SEGURIDAD Y SERVICIOS SOCIALES DE LOS TRABAJADORES DEL ESTADO DE NUEVO LEON,4528719711,4528719711,4433418595
19,19,57,INSTITUTO DEL AGUA DEL ESTADO DE NUEVO LEON,1530220,1530220,1530219
19,19,58,INSTITUTO ESTATAL DE CULTURA FISICA Y DEPORTE,282746323,282746323,318322943
19,19,59,INSTITUTO ESTATAL DE LA JUVENTUD,19246007,19246007,18596007
19,19,60,INSTITUTO ESTATAL DE LAS MUJERES,83914996,83914996,90491456
19,19,61,INSTITUTO ESTATAL DE LAS PERSONAS ADULTAS MAYORES,20111428,20111428,20111428
19,19,62,INSTITUTO ESTATAL DE SEGURIDAD PUBLICA,5862645,5862645,4874668
19,19,63,INSTITUTO REGISTRAL Y CATASTRAL DEL ESTADO DE NUEVO LEON,210158659,210158659,339972858
19,19,64,MUSEO DE HISTORIA MEXICANA,79256802,79256802,79206798
19,19,65,OPERADORA DE SERVICIOS TURISTICOS DE NUEVO LEON,2630595,2630595,2630595
19,19,66,PARQUE FUNDIDORA,90000000,90000000,90368795
19,19,67,PARQUES Y VIDA SILVESTRE DE NUEVO LEON,53993863,53993863,63340361
19,19,68,PROMOTORA DE DESARROLLO RURAL,19467000,19467000,19467000
19,19,69,SECRETARIA EJECUTIVA DEL SISTEMA ESTATAL ANTICORRUPCION,9000000,9000000,19060146
19,19,70,SERVICIOS DE AGUA Y DRENAJE DE MONTERREY,748440707,748440707,1884880861
19,19,71,SERVICIOS DE SALUD,6602158976,6602158976,6985065078
19,19,72,SISTEMA DE CAMINOS,52148367,52148367,157560844
19,19,73,SISTEMA DE RADIO Y TELEVISION DE NUEVO LEON,72912252,72912252,93152891
19,19,74,SISTEMA DE TRANSPORTE COLECTIVO METRORREY,313342121,313342121,1123121768
19,19,75,SISTEMA INTEGRAL PARA EL MANEJO ECOLOGICO Y PROCESAMIENTO DE DESECHOS,0,0,80000000
19,19,76,SISTEMA PARA EL DESARROLLO INTEGRAL DE LA FAMILIA,952811941,953538179,1018885641
19,19,77,UNIDAD DE INTEGRACION EDUCATIVA,17237478259,17237478259,18498550176
19,19,78,UNIVERSIDAD DE CIENCIAS DE LA SEGURIDAD,87804451,87804451,94055842
19,19,79,UNIVERSIDAD POLITECNICA DE APODACA,6830166,6830166,16880844
19,19,80,UNIVERSIDAD POLITECNICA DE GARCIA,4321651,4321651,13161679
19,19,81,UNIVERSIDAD TECNOLOGICA BILINGUE FRANCO MEXICANA DE NUEVO LEON,3811869,3811869,8856049
19,19,82,UNIVERSIDAD TECNOLOGICA CADEREYTA,18597908,18597908,49415481
19,19,83,UNIVERSIDAD TECNOLOGICA GENERAL MARIANO ESCOBEDO,29963296,29963296,86720582
19,19,84,UNIVERSIDAD TECNOLOGICA LINARES,15498256,15498256,40263828
19,19,85,UNIVERSIDAD TECNOLOGICA SANTA CATARINA,30996513,30996513,85203912
19,19,86,CORPORACION PARA EL DESARROLLO DE LA ZONA FRONTERIZA DE NUEVO LEON,0,0,0
19,19,87,FIDEICOMISO FONDO PARA LA VIVIENDA DE LOS TRABAJADORES DE LA EDUCACION FOVILEON EDUCACION,0,0,0
19,19,88,FIDEICOMISO FONDO PARA LA VIVIENDA DE LOS TRABAJADORES DEL ESTADO FOVILEON SERVIDORES PUBLICOS,0,0,0
19,19,89,FIDEICOMISO ZARAGOZA,0,0,0
19,19,90,RED ESTATAL DE AUTOPISTAS DE NUEVO LEON,0,0,0
20,20,1,GUBERNATURA,177891368,177891368,261314781
20,20,2,SECRETARIA DE GOBIERNO,353374759,353374759,473970446
20,20,3,SECRETARIA DE SEGURIDAD Y PROTECCION CIUDADANA,1511878706,1511878706,1935102577
20,20,4,SECRETARIA DE INFRAESTRUCTURAS Y COMUNICACIONES,264947795,264947795,2512552411
20,20,5,SECRETARIA DE TURISMO,97175668,97175668,216563743
20,20,6,SECRETARIA DE DESARROLLO ECONOMICO,180594064,180594064,261896461
20,20,7,SECRETARIA DE MOVILIDAD,151987750,151987750,279812829
20,20,8,SECRETARIA DE LAS CULTURAS Y ARTES,186247538,186247538,294536609
20,20,9,SECRETARIA DE BIENESTAR TEQUIO E INCLUSION,82284335,82284335,383504846
20,20,10,SECRETARIA DE INTERCULTURALIDAD PUEBLOS Y COMUNIDADES INDIGENAS Y AFROMEXICANAS,27336014,27336014,73258744
20,20,11,SECRETARIA DE FOMENTO AGROALIMENTARIO Y DESARROLLO RURAL,280586434,280586434,580148297
20,20,12,SECRETARIA DE FINANZAS,602031950,602031950,939292157
20,20,13,SECRETARIA DE ADMINISTRACION,994884479,1098884479,1814220302
20,20,14,SECRETARIA DE MEDIO AMBIENTE BIODIVERSIDAD ENERGIAS Y SOSTENIBILIDAD,36214204,36214204,74252258
20,20,15,SECRETARIA DE LAS MUJERES,18745910,18745910,88070104
20,20,16,SECRETARIADO EJECUTIVO DEL SISTEMA ESTATAL DE SEGURIDAD PUBLICA,32050145,32050145,378755772
20,20,17,SECRETARIA DE HONESTIDAD TRANSPARENCIA Y FUNCION PUBLICA,119742004,119742004,221156868
20,20,18,CONSEJERIA JURIDICA Y ASISTENCIA LEGAL DEL ESTADO,351447481,351447481,536173139
20,20,19,COORDINACION GENERAL DE EDUCACION MEDIA SUPERIOR Y SUPERIOR CIENCIA Y TECNOLOGIA,32938702,32938702,104241800
20,20,20,COORDINACION DE COMUNICACION SOCIAL,262721257,262721257,293277349
20,20,21,COORDINACION PARA LA ATENCION DE LOS DERECHOS HUMANOS,8469422,8469422,9920831
20,20,22,INSTITUTO DE PLANEACION PARA EL BIENESTAR,132887138,132887138,177669037
20,20,23,CAMINOS BIENESTAR,276966381,276966381,903940898
20,20,24,CASA DE LA CULTURA OAXAQUEÑA,31649699,31649699,38915252
20,20,25,CENTRO DE LAS ARTES DE SAN AGUSTIN,5599292,5599292,9314347
20,20,26,COLEGIO DE BACHILLERES DEL ESTADO DE OAXACA,1163175048,1163175048,1743437001
20,20,27,COLEGIO DE ESTUDIOS CIENTIFICOS Y TECNOLOGICOS DEL ESTADO DE OAXACA,809638134,809638135,947512305
20,20,28,COLEGIO SUPERIOR PARA LA EDUCACION INTEGRAL INTERCULTURAL DE OAXACA,234989723,234989723,239510988
20,20,29,INSTITUTO DEL DEPORTE,61075384,61075384,85622849
20,20,30,VIVIENDA BIENESTAR,109514631,109514631,518348472
20,20,31,COMISION ESTATAL DEL AGUA BIENESTAR,310540554,310540554,558695919
20,20,32,COMISION ESTATAL FORESTAL,9263120,9263120,35181285
20,20,33,COMISION ESTATAL PARA LA PLANEACION DE LA EDUCACION SUPERIOR EN EL ESTADO DE OAXACA,1807764,1807764,1762306
20,20,34,COMISION ESTATAL PARA LA PLANEACION Y PROGRAMACION DE LA EDUCACION MEDIA SUPERIOR DEL ESTADO DE OAXACA,1143582,1143582,1196334
20,20,35,COMISION PARA LA REGULARIZACION DE LA TENENCIA DE LA TIERRA URBANA DEL ESTADO DE OAXACA,4850494,4850494,5106129
20,20,36,CONSEJO ESTATAL PARA LA PREVENCION Y CONTROL DEL SIDA,10152904,10152904,10395003
20,20,37,CONSEJO OAXAQUEÑO DE CIENCIA TECNOLOGIA E INNOVACION,4005572,4005572,8972860
20,20,38,COORDINACION ESTATAL DE PROTECCION CIVIL Y GESTION DE RIESGOS,118412179,14412179,21335974
20,20,39,CORPORACION OAXAQUEÑA DE RADIO Y TELEVISION,58636872,58636872,72950789
20,20,40,DIRECCION GENERAL DE POBLACION DE OAXACA,4623207,4623207,4545306
20,20,41,HOSPITAL DE LA NIÑEZ OAXAQUEÑA,47999856,47999856,90337343
20,20,42,INSTITUTO DE CAPACITACION Y PRODUCTIVIDAD PARA EL TRABAJO DEL ESTADO DE OAXACA,89119910,89119910,96776576
20,20,43,INSTITUTO DE ESTUDIOS DE BACHILLERATO DEL ESTADO DE OAXACA,516771904,516771904,542847359
20,20,44,INSTITUTO DE LA JUVENTUD DEL ESTADO DE OAXACA,23632746,23632746,36439978
20,20,45,INSTITUTO DEL PATRIMONIO CULTURAL DEL ESTADO DE OAXACA,7243467,7243467,143554164
20,20,46,INSTITUTO ESTATAL DE EDUCACION PUBLICA DE OAXACA,26179105757,26179105757,28268861507
20,20,47,INSTITUTO ESTATAL DE EDUCACION PARA ADULTOS,174099342,174099342,247332911
20,20,48,INSTITUTO OAXAQUEÑO CONSTRUCTOR DE INFRAESTRUCTURA EDUCATIVA,31832064,31832064,484079848
20,20,49,INSTITUTO OAXAQUEÑO DE ATENCION AL MIGRANTE,25285087,25285087,27708072
20,20,50,INSTITUTO PARA EL FOMENTO Y LA PROTECCION DE LAS ARTESANIAS,11857590,11857590,16483987
20,20,51,INSTITUTO TECNOLOGICO SUPERIOR DE SAN MIGUEL EL GRANDE,31449894,31449894,27244123
20,20,52,INSTITUTO TECNOLOGICO SUPERIOR DE TEPOSCOLULA,31822092,31822092,41970371
20,20,53,NOVAUNIVERSITAS,30042002,30042002,44086005
20,20,54,SERVICIOS DE AGUA POTABLE Y ALCANTARILLADO DE OAXACA,310985801,310985801,414714090
20,20,55,SISTEMA PARA EL DESARROLLO INTEGRAL DE LA FAMILIA DEL ESTADO DE OAXACA,374133891,374133891,1291107938
20,20,56,UNIVERSIDAD DE CHALCATONGO,16286730,16286730,21670661
20,20,57,UNIVERSIDAD DE LA CAÑADA,26904645,26904645,51324368
20,20,58,UNIVERSIDAD DE LA COSTA,14721382,14721382,21419329
20,20,59,UNIVERSIDAD DE LA SIERRA JUAREZ,31537063,31537063,55389661
20,20,60,UNIVERSIDAD DE LA SIERRA SUR,74924149,74924149,148203942
20,20,61,UNIVERSIDAD DEL ISTMO,84611274,84611274,124583377
20,20,62,UNIVERSIDAD DEL MAR,192273783,192273783,242457685
20,20,63,UNIVERSIDAD DEL PAPALOAPAN,89510272,89510272,191945974
20,20,64,UNIVERSIDAD TECNOLOGICA DE LA MIXTECA,169779118,169779118,218645232
20,20,65,UNIVERSIDAD TECNOLOGICA DE LA SIERRA SUR DE OAXACA,14625843,14625843,15129481
20,20,66,UNIVERSIDAD TECNOLOGICA DE LOS VALLES CENTRALES DE OAXACA,42241758,42241758,45897141
20,20,67,UNIVERSIDAD POLITECNICA DE NOCHIXTLAN ABRAHAM CASTELLANOS,5408000,5408000,13141340
20,20,68,DEFENSORIA PUBLICA DEL ESTADO DE OAXACA,66325080,66325080,98271574
20,20,69,INSTITUTO OAXAQUEÑO DEL EMPRENDEDOR Y LA COMPETITIVIDAD,12717231,12717231,13658491
20,20,70,INSTITUTO DE LA FUNCION REGISTRAL DEL ESTADO DE OAXACA,16701196,16701196,19592344
20,20,71,FIDEICOMISO PARA EL DESARROLLO LOGISTICO DEL ESTADO DE OAXACA,7416026,7416026,11829021
20,20,72,FIDEICOMISO DE FOMENTO PARA EL ESTADO DE OAXACA,5530680,5530680,5234499
20,20,73,OFICINA DE CONVENCIONES Y VISITANTES DE OAXACA,4198062,4198062,9101089
20,20,74,OFICINA DE PENSIONES,590412212,590412212,653643097
20,20,75,SERVICIOS DE SALUD DE OAXACA,12027018561,12027018561,14116684654
20,20,76,SECRETARIA EJECUTIVA DEL SISTEMA ESTATAL DE COMBATE A LA CORRUPCION,17323113,17323113,16435222
20,20,77,COORDINACION GENERAL DE ATENCION REGIONAL,24795334,24795334,24714316
20,20,78,COORDINACION GENERAL DE RELACIONES INTERNACIONALES,4708799,4708799,6257401
20,20,79,COORDINACION GENERAL DE ENLACE FEDERAL,4576886,4576886,4872463
20,20,80,SISTEMA DE TRANSPORTE COLECTIVO CITYBUS OAXACA,6089247,6089247,5489152
20,20,81,DIRECCION GENERAL DEL HANGAR OFICIAL DEL GOBIERNO DEL ESTADO DE OAXACA,38831747,70580233,66558429
20,20,82,CENTRO DE CONCILIACION LABORAL DEL ESTADO DE OAXACA,14648976,14648976,13043662
20,20,83,ORGANISMO OPERADOR DE LOS RESIDUOS SOLIDOS,1789064,1789064,25339197
20,20,84,TELEBACHILLERATO COMUNITARIO DEL ESTADO DE OAXACA,64632919,64632919,69447230
20,20,85,PROCURADURIA DE PROTECCION AL MEDIO AMBIENTE,0,0,2288188
21,21,1,EJECUTIVO DEL ESTADO,44258813,44258813,31696433
21,21,2,SECRETARIA DE GOBERNACION,453468695,483468695,506065507
21,21,3,SECRETARIA DE PLANEACION Y FINANZAS,20716391565,20212320753,14158164833
21,21,4,SECRETARIA DE ADMINISTRACION,839721656,839721656,1811059709
21,21,5,SECRETARIA DE LA FUNCION PUBLICA,160808955,160808955,157247841
21,21,6,SECRETARIA DE TRABAJO,82339216,82339216,96425716
21,21,7,SECRETARIA DE ECONOMIA,436172807,436172807,400452733
21,21,8,SECRETARIA DE CULTURA,196427004,196427004,246323759
21,21,9,SECRETARIA DE TURISMO,145431849,245431849,176165480
21,21,10,SECRETARIA DE DESARROLLO RURAL,1282547572,1282547572,1370262169
21,21,11,SECRETARIA DE INFRAESTRUCTURA,2894250323,2894250323,3700858161
21,21,12,SECRETARIA DE MOVILIDAD Y TRANSPORTE,126930906,126930906,119576122
21,21,13,SECRETARIA DE EDUCACION,32758059264,32946130076,36486284406
21,21,14,SECRETARIA DE BIENESTAR,11631842987,11631842987,12116654140
21,21,15,SECRETARIA DE SEGURIDAD PUBLICA,3611464494,3661464494,3580760544
21,21,16,SECRETARIA DE MEDIO AMBIENTE DESARROLLO SUSTENTABLE Y ORDENAMIENTO TERRITORIAL,128303311,140303311,184661144
21,21,17,SECRETARIA DE IGUALDAD SUSTANTIVA,98740956,98740956,77097048
21,21,18,CONSEJERIA JURIDICA,75912190,75912190,73134185
21,21,19,SERVICIOS DE SALUD DEL ESTADO DE PUEBLA,11090923781,11190923781,11474662496
21,21,20,AGENCIA DE ENERGIA DEL ESTADO DE PUEBLA,45348508,45348508,60484610
21,21,21,BENEMERITA UNIVERSIDAD AUTONOMA DE PUEBLA,7002886969,7002886969,7216012465
21,21,22,CARRETERAS DE CUOTA PUEBLA,510076401,510076401,422430706
21,21,23,CENTRO DE CONCILIACION LABORAL DEL ESTADO DE PUEBLA,24167750,24167750,22420091
21,21,24,CIUDAD MODELO,61073347,61073347,38639139
21,21,25,COMISION EJECUTIVA ESTATAL DE ATENCION A VICTIMAS,33629337,33629337,31318621
21,21,26,COMISION ESTATAL DE AGUA Y SANEAMIENTO DE PUEBLA,330218782,330218782,247698817
21,21,27,FIDEICOMISO PUBLICO DENOMINADO COMISION ESTATAL DE VIVIENDA PUEBLA,4795528,4795528,4829076
21,21,28,COMITE ADMINISTRADOR POBLANO PARA LA CONSTRUCCION DE ESPACIOS EDUCATIVOS,994734065,994734065,957172423
21,21,29,CONSEJO ESTATAL DE COORDINACION DEL SISTEMA NACIONAL DE SEGURIDAD PUBLICA,375647567,375647567,398799240
21,21,30,CONVENCIONES Y PARQUES,0,0,233225781
21,21,31,COORDINACION GENERAL DE COMUNICACION Y AGENDA DIGITAL,130638440,130638440,235552428
21,21,32,FIDEICOMISO PUBLICO BANCO ESTATAL DE TIERRA,16580116,16580116,346723497
21,21,33,FIDEICOMISO PUBLICO PARA LA ADMINISTRACION DE INMUEBLES Y EJECUCION DE OBRAS PUBLICAS EN LA RESERVA TERRITORIAL ATLIXCAYOTL-QUETZALCOATL,4519371,4519371,4411731
21,21,34,INSTITUTO DE CAPACITACION PARA EL TRABAJO DEL ESTADO DE PUEBLA,133590031,133590031,139977010
21,21,35,INSTITUTO ESTATAL DE EDUCACION PARA ADULTOS,156652905,156652905,187667655
21,21,36,INSTITUTO DE SEGURIDAD Y SERVICIOS SOCIALES DE LOS TRABAJADORES AL SERVICIO DE LOS PODERES DEL ESTADO DE PUEBLA,0,0,43500000
21,21,37,INSTITUTO POBLANO DE ASISTENCIA AL MIGRANTE,47888107,47888107,41172961
21,21,38,INSTITUTO POBLANO DE LA JUVENTUD,19590793,19590793,12577607
21,21,39,INSTITUTO POBLANO DE LOS PUEBLOS INDIGENAS,38868155,38868155,30406960
21,21,40,INSTITUTO POBLANO DEL DEPORTE,43329171,43329171,99481539
21,21,41,MUSEOS PUEBLA,85797511,85797511,72247943
21,21,42,SECRETARIA EJECUTIVA DEL SISTEMA ESTATAL ANTICORRUPCION,21820943,21820943,24956434
21,21,43,SISTEMA ESTATAL DE TELECOMUNICACIONES,75093357,75093357,87225030
21,21,44,SISTEMA PARA EL DESARROLLO INTEGRAL DE LA FAMILIA DEL ESTADO DE PUEBLA,1103507807,1118507807,1237713294
21,21,45,COLEGIO DE BACHILLERES DEL ESTADO DE PUEBLA,736295079,736295079,763517084
21,21,46,COLEGIO DE EDUCACION PROFESIONAL TECNICA DEL ESTADO DE PUEBLA,230621560,230621560,241643439
21,21,47,COLEGIO DE ESTUDIOS CIENTIFICOS Y TECNOLOGICOS DEL ESTADO DE PUEBLA,195977194,195977194,205970760
21,21,48,CONSEJO DE CIENCIA Y TECNOLOGIA DEL ESTADO DE PUEBLA,19053043,19053043,36990991
21,21,49,INSTITUTO DE EDUCACION DIGITAL DEL ESTADO DE PUEBLA,82556908,82556908,95365352
21,21,50,INSTITUTO DE PROFESIONALIZACION DEL MAGISTERIO POBLANO,7832945,7832945,6923971
21,21,51,INSTITUTO TECNOLOGICO SUPERIOR DE ACATLAN DE OSORIO,20411904,20411904,21082304
21,21,52,INSTITUTO TECNOLOGICO SUPERIOR DE ATLIXCO,32282208,32282208,33128409
21,21,53,INSTITUTO TECNOLOGICO SUPERIOR DE CIUDAD SERDAN,26914033,26914033,26960808
21,21,54,INSTITUTO TECNOLOGICO SUPERIOR DE HUAUCHINANGO,33615608,33615608,33004580
21,21,55,INSTITUTO TECNOLOGICO SUPERIOR DE LA SIERRA NEGRA DE AJALPAN,15780737,15780737,15651205
21,21,56,INSTITUTO TECNOLOGICO SUPERIOR DE LA SIERRA NORTE DE PUEBLA,32019781,32019781,32212496
21,21,57,INSTITUTO TECNOLOGICO SUPERIOR DE LIBRES,29845349,29845349,28292704
21,21,58,INSTITUTO TECNOLOGICO SUPERIOR DE SAN MARTIN TEXMELUCAN,30286678,30286678,29884869
21,21,59,INSTITUTO TECNOLOGICO SUPERIOR DE TEPEACA,25833158,25833158,26973111
21,21,60,INSTITUTO TECNOLOGICO SUPERIOR DE TEPEXI DE RODRIGUEZ,16450364,16450364,16849396
21,21,61,INSTITUTO TECNOLOGICO SUPERIOR DE TEZIUTLAN,44857239,44857239,44879579
21,21,62,INSTITUTO TECNOLOGICO SUPERIOR DE TLATLAUQUITEPEC,13312103,13312103,13457859
21,21,63,INSTITUTO TECNOLOGICO SUPERIOR DE VENUSTIANO CARRANZA,15584143,15584143,15663129
21,21,64,INSTITUTO TECNOLOGICO SUPERIOR DE ZACAPOAXTLA,37925164,37925164,36693240
21,21,65,UNIVERSIDAD DE LA SALUD,61529529,61529529,50926674
21,21,66,UNIVERSIDAD INTERCULTURAL DEL ESTADO DE PUEBLA,47360708,47360708,44879981
21,21,67,UNIVERSIDAD INTERSERRANA DEL ESTADO DE PUEBLA AHUACATLAN,35179747,35179747,35594934
21,21,68,UNIVERSIDAD INTERSERRANA DEL ESTADO DE PUEBLA CHILCHOTLA,35173528,35173528,35673206
21,21,69,UNIVERSIDAD POLITECNICA DE AMOZOC,32512147,32512147,37831850
21,21,70,UNIVERSIDAD POLITECNICA DE PUEBLA,68832852,68832852,74133930
21,21,71,UNIVERSIDAD POLITECNICA METROPOLITANA DE PUEBLA,25267993,25267993,29777660
21,21,72,UNIVERSIDAD TECNOLOGICA BILINGUE INTERNACIONAL Y SUSTENTABLE DE PUEBLA,14751982,14751982,15583818
21,21,73,UNIVERSIDAD TECNOLOGICA DE HUEJOTZINGO,109662858,109662858,114075371
21,21,74,UNIVERSIDAD TECNOLOGICA DE IZUCAR DE MATAMOROS,69845174,69845174,73272523
21,21,75,UNIVERSIDAD TECNOLOGICA DE ORIENTAL,21619438,21619438,23691104
21,21,76,UNIVERSIDAD TECNOLOGICA DE PUEBLA,279839959,279839959,281102892
21,21,77,UNIVERSIDAD TECNOLOGICA DE TECAMACHALCO,98742016,98742016,103325509
21,21,78,UNIVERSIDAD TECNOLOGICA DE TEHUACAN,73848399,73848399,83127798
21,21,79,UNIVERSIDAD TECNOLOGICA DE XICOTEPEC DE JUAREZ,88569675,88569675,90807823
21,21,80,INSTITUTO DE LA DISCAPACIDAD DEL ESTADO DE PUEBLA,15012196,15012196,14479378
21,21,81,FIDEICOMISO PUBLICO FONDO PARA EL FORTALECIMIENTO DE LA MICROEMPRESA,0,0,2817534
22,22,1,JEFATURA DE GABINETE,60155566,60155566,43235429
22,22,2,SECRETARIA PARTICULAR,112198933,112198933,195170753
22,22,3,UNIDAD DE COMUNICACION SOCIAL Y ATENCION CIUDADANA,279651423,279651423,319824747
22,22,4,SECRETARIA DE GOBIERNO,396837118,396837118,285823355
22,22,5,SECRETARIA DE SEGURIDAD CIUDADANA,1034719850,1034719850,811543823
22,22,6,SECRETARIA DE FINANZAS,696436608,696436608,791584747
22,22,7,SECRETARIA DE LA CONTRALORIA,155180493,155180493,136722918
22,22,8,SECRETARIA DE DESARROLLO SUSTENTABLE,160490502,160490502,146899428
22,22,9,SECRETARIA DE DESARROLLO AGROPECUARIO,177053045,177053045,155120052
22,22,10,SECRETARIA DE DESARROLLO URBANO Y OBRAS PUBLICAS,226806165,226806165,214548341
22,22,11,SECRETARIA DE EDUCACION,239337484,239337484,195939105
22,22,12,SECRETARIA DE LA JUVENTUD,43274692,43274692,37092304
22,22,13,SECRETARIA DE DESARROLLO SOCIAL,95326168,95326168,72150984
22,22,14,SECRETARIA DEL TRABAJO,185619505,185619505,128077047
22,22,15,SECRETARIA DE TURISMO,137865339,137865339,136388531
22,22,16,SECRETARIA DE SALUD,15772183,15772183,10204553
22,22,17,OFICIALIA MAYOR,979366476,979366476,1040845960
22,22,18,SECRETARIA DE PLANEACION Y PARTICIPACION CIUDADANA,21500682,21500682,15773893
22,22,19,SECRETARIA DE CULTURA,208229533,208229533,185425401
22,22,20,COORDINACION ESTATAL DE DESARROLLO MUNICIPAL,6292954,6292954,5188250
22,22,21,INSTITUTO DE ESTUDIOS CONSTITUCIONALES DEL ESTADO DE QUERETARO,11205263,11205263,8044002
22,22,22,CONSEJO ESTATAL DE POBLACION DEL ESTADO DE QUERETARO,7565653,7565653,7085971
22,22,23,COORDINACION ESTATAL DE PROTECCION CIVIL,34200587,34200587,35012978
22,22,24,DIRECCION ESTATAL DE ARCHIVOS,20143445,20143445,18261197
22,22,25,SECRETARIA EJECUTIVA DEL SISTEMA DE PROTECCION DE NIÑOS NIÑAS Y ADOLESCENTES DEL ESTADO DE QUERETARO,3357083,3357083,2559171
22,22,26,INSTITUTO DE LA DEFENSORIA PENAL PUBLICA DEL ESTADO DE QUERETARO,80008614,80008614,68194184
22,22,27,AUTORIDAD DE EJECUCION DE MEDIDAS DEL SISTEMA INTEGRAL DE JUSTICIA PENAL PARA ADOLESCENTES DEL ESTADO DE QUERETARO,45265133,45265133,44364067
22,22,28,AUTORIDAD DE SUPERVISION DE MEDIDAS CAUTELARES SUSPENSION CONDICIONAL DEL PROCESO LIBERTAD CONDICIONADA Y MEDIDAS DE SEGURIDAD EN LIBERTAD DEL ESTADO DE QUERETARO,41476442,41476442,38449772
22,22,29,COMISION LOCAL DE BUSQUEDA DE PERSONAS DEL ESTADO DE QUERETARO,6104787,6104787,3855904
22,22,30,CENTRO DE JUSTICIA PARA LAS MUJERES DEL ESTADO DE QUERETARO,3318409,3318409,2550984
22,22,31,UNIDAD ESTATAL DEL SISTEMA DE EVALUACION DEL DESEMPEÑO,6444138,6444138,6387475
22,22,32,UNIDAD DE TRANSPARENCIA DEL PODER EJECUTIVO DEL ESTADO DE QUERETARO,5693311,5693311,5088722
22,22,33,JUNTA DE ASISTENCIA PRIVADA,4456807,4456807,3423527
22,22,34,ESCUELA NORMAL DEL ESTADO DE QUERETARO ANDRES BALVANERA,179142328,179142328,162613771
22,22,35,ESCUELA NORMAL SUPERIOR DE QUERETARO,5604816,5604816,5604816
22,22,36,UNIVERSIDAD PEDAGOGICA NACIONAL,8673726,8673726,8673726
22,22,37,CENTRO EDUCATIVO Y CULTURAL DEL ESTADO DE QUERETARO MANUEL GOMEZ MORIN,46655601,46655601,36150755
22,22,38,CONSEJO ESTATAL CONTRA LAS ADICCIONES,12827323,12827323,11012722
22,22,39,COMISION ESTATAL DE ARBITRAJE MEDICO,6684574,6684574,5890237
22,22,40,CASA DEL JUBILADO Y PENSIONADO DEL ESTADO DE QUERETARO,3751701,3751701,3044282
22,22,41,COMISION DE MEJORA REGULATORIA DEL ESTADO DE QUERETARO,11364961,11364961,7566422
22,22,42,CENTRO ESTATAL DE PARTICIPACION CIUDADANA DE QUERETARO,14705532,14705532,12717499
22,22,43,COMISION ESTATAL DE AGUAS,0,0,47375606
22,22,44,PROCURADURIA ESTATAL DE PROTECCION AL MEDIO AMBIENTE Y DESARROLLO URBANO,12202441,12202441,12202441
22,22,45,PATRONATO DE LAS FIESTAS DEL ESTADO DE QUERETARO,14068459,14068459,14068459
22,22,46,COMISION PARA EL FOMENTO ECONOMICO DE LAS EMPRESAS DEL SECTOR INDUSTRIAL COMERCIAL Y DE SERVICIOS DEL ESTADO DE QUERETARO,1174355,1174355,1174355
22,22,47,SISTEMA ESTATAL DE COMUNICACION CULTURAL Y EDUCATIVA,47663765,47663765,47663765
22,22,48,SISTEMA PARA EL DESARROLLO INTEGRAL DE LA FAMILIA DEL ESTADO DE QUERETARO,313966805,313966805,317436928
22,22,49,AGENCIA DE MOVILIDAD DEL ESTADO DE QUERETARO,62878140,62878140,72878140
22,22,50,CENTRO DE CAPACITACION FORMACION E INVESTIGACION PARA LA SEGURIDAD DEL ESTADO DE QUERETARO,0,0,0
22,22,51,CENTRO DE INFORMACION Y ANALISIS PARA LA SEGURIDAD DE QUERETARO,157886216,157886216,157886216
22,22,52,CENTRO DE EVALUACION Y CONTROL DE CONFIANZA DEL ESTADO DE QUERETARO,36584179,36584179,36584179
22,22,53,COMISION ESTATAL DEL SISTEMA PENITENCIARIO DE QUERETARO,932729054,932729054,932729054
22,22,54,CENTRO DE PREVENCION SOCIAL DEL DELITO Y LA VIOLENCIA EN EL ESTADO DE QUERETARO,5541306,5541306,1059454
22,22,55,AEROPUERTO INTERCONTINENTAL DE QUERETARO SA DE CV,0,0,0
22,22,56,FIDEICOMISO PROMOTOR DEL EMPLEO,3743678,3743678,3743678
22,22,57,AGENCIA DE ENERGIA DEL ESTADO DE QUERETARO,47942664,47942664,47942664
22,22,58,INSTITUTO QUERETANO DEL EMPRENDIMIENTO Y LA INNOVACION,0,0,0
22,22,59,INSTITUTO QUERETANO DE LAS MUJERES,28095736,28095736,46507118
22,22,60,CASA QUERETANA DE LAS ARTESANIAS,8326338,8326338,8326338
22,22,61,INSTITUTO DE LA VIVIENDA DEL ESTADO DE QUERETARO,18985389,18985389,18985389
22,22,62,COMISION ESTATAL DE INFRAESTRUCTURA DE QUERETARO,326543900,326543900,328863900
22,22,63,UNIVERSIDAD TECNOLOGICA DE SAN JUAN DEL RIO QUERETARO,146005301,146005301,147700227
22,22,64,CONSEJO DE CIENCIA Y TECNOLOGIA DEL ESTADO DE QUERETARO,25111531,25111531,25111531
22,22,65,INSTITUTO DE ARTES Y OFICIOS DE QUERETARO,9619180,9619180,9619180
22,22,66,UNIDAD DE SERVICIOS PARA LA EDUCACION BASICA EN EL ESTADO DE QUERETARO,8396843540,8396843540,8817695069
22,22,67,UNIVERSIDAD AUTONOMA DE QUERETARO,2478988922,2478988922,2536203323
22,22,68,COLEGIO DE BACHILLERES DEL ESTADO DE QUERETARO,1050207567,1050207567,1030657878
22,22,69,UNIVERSIDAD TECNOLOGICA DE QUERETARO,324126335,324126335,346297154
22,22,70,INSTITUTO DE CAPACITACION PARA EL TRABAJO DEL ESTADO DE QUERETARO,135899063,135899063,139046265
22,22,71,COLEGIO DE ESTUDIOS CIENTIFICOS Y TECNOLOGICOS DEL ESTADO DE QUERETARO,237878225,237878225,262442300
22,22,72,INSTITUTO DE INFRAESTRUCTURA FISICA EDUCATIVA DEL ESTADO DE QUERETARO,28627979,28627979,120199501
22,22,73,COLEGIO DE EDUCACION PROFESIONAL TECNICA DEL ESTADO DE QUERETARO,106305443,106305443,108125724
22,22,74,UNIVERSIDAD POLITECNICA DE QUERETARO,71821938,71821938,75541459
22,22,75,UNIVERSIDAD AERONAUTICA EN QUERETARO,160368742,160368742,159255204
22,22,76,UNIVERSIDAD POLITECNICA DE SANTA ROSA JAUREGUI,42005960,42005960,44333437
22,22,77,UNIVERSIDAD TECNOLOGICA DE CORREGIDORA,30386170,30386170,32582258
22,22,78,INSTITUTO DEL DEPORTE Y LA RECREACION DEL ESTADO DE QUERETARO,277738848,277738848,278378848
22,22,79,CENTRO DE CONCILIACION LABORAL DEL ESTADO DE QUERETARO,65262129,65262129,65262129
22,22,80,SERVICIOS DE SALUD DEL ESTADO DE QUERETARO,5329126624,5329126624,5877772345
22,22,81,CENTRO ESTATAL DE TRASPLANTES DE QUERETARO,4051128,4051128,4051128
22,22,82,FIDEICOMISO PROMOTOR DE PROYECTOS ECONOMICOS Y DE BIENESTAR SOCIAL,0,0,0
22,22,83,FIDEICOMISO PROMOTOR DE TURISMO EN EL ESTADO DE QUERETARO,22819239,22819239,36786668
22,22,84,SECRETARIA EJECUTIVA DEL SISTEMA ESTATAL ANTICORRUPCION,8045205,8045205,8045205
23,23,1,DESPACHO DE LA GOBERNADORA,168118826,61936530,55780936
23,23,2,SECRETARIA DE DESARROLLO AGROPECUARIO RURAL Y PESCA,183622933,303994755,303994755
23,23,3,SECRETARIA DE FINANZAS Y PLANEACION,630959726,866272492,866272492
23,23,4,SECRETARIA DE OBRAS PUBLICAS,95958486,95958486,84499000
23,23,5,SECRETARIA DE DESARROLLO TERRITORIAL URBANO SUSTENTABLE,84783841,94632285,94632285
23,23,6,SECRETARIA DE DESARROLLO SOCIAL,203142421,203142421,157468520
23,23,7,SECRETARIA DE DESARROLLO ECONOMICO,46945886,331863267,331863267
23,23,8,SECRETARIA DE EDUCACION,403018405,502096200,377843488
23,23,9,SECRETARIA DE LA CONTRALORIA DEL ESTADO,180372663,180372663,173366527
23,23,10,SECRETARIA DE GOBIERNO,139314433,193757155,193757155
23,23,11,SECRETARIA DE ECOLOGIA Y MEDIO AMBIENTE,85726924,131191961,128289072
23,23,12,SECRETARIA DE SALUD,70119855,68155412,30296296
23,23,13,SECRETARIA DE SEGURIDAD PUBLICA,2250135330,2320917390,2257426809
23,23,14,SECRETARIA DEL TRABAJO Y PREVISION SOCIAL,100637416,79531428,61341344
23,23,15,SECRETARIA DE TURISMO,53264368,91206444,91206444
23,23,16,CONSEJERIA JURIDICA DEL PODER EJECUTIVO,18057326,15723663,15723663
23,23,17,SERVICIO DE ADMINISTRACION TRIBUTARIA DE QUINTANA ROO,363482015,363482015,293227360
23,23,18,PROCURADURIA FISCAL DEL ESTADO DE QUINTANA ROO,7230045,7230045,7230045
23,23,19,CENTRO DE EVALUACION DEL DESEMPEÑO DEL ESTADO DE QUINTANA ROO,9216938,9216938,7592999
23,23,20,COMISION DE BUSQUEDA DE PERSONAS DEL ESTADO DE QUINTANA ROO,6217001,6217001,NSS
23,23,21,INSTITUTO QUINTANARROENSE DE INNOVACION Y TECNOLOGIA,16051553,16051553,11515995
23,23,22,COORDINACION GENERAL DE COMUNICACION DEL GOBIERNO DEL ESTADO DE QUINTANA ROO,132924700,133834438,133834438
23,23,23,REPRESENTACION DEL GOBIERNO DEL ESTADO EN LA CIUDAD DE MEXICO,12282652,12282652,9475351
23,23,24,COMISION ESTATAL DE MEJORA REGULATORIA,10062374,10062374,3545412
23,23,25,SECRETARIA EJECUTIVA DEL SISTEMA ESTATAL DE PROTECCION DE LOS DERECHOS DE NIÑAS NIÑOS Y ADOLESCENTES,5928025,13786957,13786957
23,23,26,PROCURADURIA DE PROTECCION AL AMBIENTE DEL ESTADO DE QUINTANA ROO,30947229,59609500,59609500
23,23,27,INSTITUTO DE BIODIVERSIDAD Y AREAS NATURALES PROTEGIDAS DEL ESTADO DE QUINTANA ROO,13155774,13155774,8332299
23,23,28,COORDINACION ESTATAL DE PROTECCION CIVIL,62795171,62795171,62795171
23,23,29,JUNTA DE ASISTENCIA SOCIAL PRIVADA DE QUINTANA ROO,4376415,4376415,4376415
23,23,30,ADMINISTRACION DEL PATRIMONIO DE LA BENEFICENCIA PUBLICA DEL ESTADO DE QUINTANA ROO,10538792,10538792,9465991
23,23,31,CENTRO ESTATAL DE EVALUACION Y CONTROL DE CONFIANZA,49232317,48557391,39488691
23,23,32,ARCHIVO GENERAL DEL ESTADO,9601284,9601284,9601284
23,23,33,INSTITUTO GEOGRAFICO Y CATASTRAL DEL ESTADO DE QUINTANA ROO,10947468,10947468,10947468
23,23,34,REGISTRO PUBLICO DE LA PROPIEDAD Y DEL COMERCIO DEL ESTADO DE QUINTANA ROO,36639306,40790044,40790044
23,23,35,SERVICIO ESTATAL DEL EMPLEO Y CAPACITACION PARA EL TRABAJO,21105988,21105988,17628262
23,23,36,INSTITUTO DE CULTURA Y LAS ARTES DE QUINTANA ROO,66418924,143190660,143190660
23,23,37,SISTEMA QUINTANARROENSE DE COMUNICACION SOCIAL,96452241,116584787,100989234
23,23,38,FUNDACION DE PARQUES Y MUSEOS DE COZUMEL QUINTANA ROO,68850959,80910418,71938837
23,23,39,INSTITUTO PARA EL DESARROLLO DEL PUEBLO MAYA Y LAS COMUNIDADES INDIGENAS DEL ESTADO DE QUINTANA ROO,26439929,26439929,24249460
23,23,40,COMISION EJECUTIVA DE ATENCION A VICTIMAS DEL ESTADO DE QUINTANA ROO,33414561,33414561,27759660
23,23,41,CONSEJO QUINTANARROENSE DE CIENCIA Y TECNOLOGIA,35870064,46427685,46427685
23,23,42,INSTITUTO DE MOVILIDAD DEL ESTADO DE QUINTANA ROO,65470531,65470531,60554605
23,23,43,COMISION PARA LA JUVENTUD Y EL DEPORTE DE QUINTANA ROO,262422150,262422150,251359711
23,23,44,INSTITUTO QUINTANARROENSE DE LA JUVENTUD,26839612,26839612,26767814
23,23,45,AGENCIA DE PROYECTOS ESTRATEGICOS DEL ESTADO DE QUINTANA ROO,621097408,621097408,246251005
23,23,46,INSTITUTO PARA EL DESARROLLO Y FINANCIAMIENTO DEL ESTADO DE QUINTANA ROO,11080933,9109035,9052402
23,23,47,CONSEJO DE PROMOCION INDUSTRIAL COMERCIO EXTERIOR Y TECNOLOGIA DE QUINTANA ROO,0,0,0
23,23,48,SERVICIOS EDUCATIVOS DE QUINTANA ROO,6947458056,7260505199,7260505199
23,23,49,INSTITUTO DE INFRAESTRUCTURA FISICA EDUCATIVA DEL ESTADO DE QUINTANA ROO,657908239,657908239,594119278
23,23,50,INSTITUTO ESTATAL PARA LA EDUCACION DE JOVENES Y ADULTOS,82420265,82420265,81289388
23,23,51,CENTRO DE ESTUDIOS DE BACHILLERATO TECNICO EVA SAMANO DE LOPEZ MATEOS,52399754,52399754,52399754
23,23,52,COLEGIO DE BACHILLERES DEL ESTADO DE QUINTANA ROO,787310914,855447293,818944596
23,23,53,COLEGIO DE ESTUDIOS CIENTIFICOS Y TECNOLOGICOS DE QUINTANA ROO,336747411,369492708,369492708
23,23,54,COLEGIO DE EDUCACION PROFESIONAL TECNICA DEL ESTADO DE QUINTANA ROO,323236196,323236196,323236196
23,23,55,INSTITUTO TECNOLOGICO SUPERIOR DE FELIPE CARRILLO PUERTO,79885046,83205005,80032360
23,23,56,UNIVERSIDAD DEL CARIBE,157057524,164831226,164831226
23,23,57,UNIVERSIDAD POLITECNICA DE BACALAR,18596101,22317200,22317200
23,23,58,UNIVERSIDAD AUTONOMA DEL ESTADO DE QUINTANA ROO,496212102,536304790,514848723
23,23,59,UNIVERSIDAD TECNOLOGICA DE CHETUMAL,30571154,30571154,25884395
23,23,60,UNIVERSIDAD POLITECNICA DE QUINTANA ROO,27256972,29531312,28987003
23,23,61,UNIVERSIDAD INTERCULTURAL MAYA DE QUINTANA ROO,35875388,44349944,44349944
23,23,62,UNIVERSIDAD TECNOLOGICA DE CANCUN,133528343,141653015,131345692
23,23,63,UNIVERSIDAD TECNOLOGICA DE LA RIVIERA MAYA,55062772,61562987,58071066
23,23,64,UNIVERSIDAD TECNOLOGICA DE TULUM,5000000,5000000,2296803
23,23,65,SECRETARIA EJECUTIVA DEL SISTEMA ANTICORRUPCION DEL ESTADO DE QUINTANA ROO,20046919,20046919,19840007
23,23,66,INSTITUTO QUINTANARROENSE DE LA MUJER,46363126,46363126,40514354
23,23,67,CENTRO DE CONCILIACION LABORAL,101900110,101900110,41507846
23,23,68,SISTEMA PARA EL DESARROLLO INTEGRAL DE LA FAMILIA DEL ESTADO DE QUINTANA ROO,682218059,682218059,668726173
23,23,69,SERVICIOS ESTATALES DE SALUD,4338560050,7026855320,5592404844
23,23,70,SECRETARIADO EJECUTIVO DEL SISTEMA ESTATAL DE SEGURIDAD PUBLICA,47000000,45385735,45385735
23,23,71,COMISION DE AGUA POTABLE Y ALCANTARILLADO,851371294,1404963000,1103033337
23,23,72,INSTITUTO DE CAPACITACION PARA EL TRABAJO DEL ESTADO DE QUINTANA ROO,111752794,111752794,111679600
23,23,73,CONSEJO DE PROMOCION TURISTICA DE QUINTANA ROO,628982323,628982323,290444952
23,23,74,ADMINISTRACION PORTUARIA INTEGRAL DE QUINTANA ROO,145762319,239303941,172460321
23,23,75,VIP SERVICIOS AEREOS EJECUTIVOS,45731389,45731389,38811970
24,24,1,DESPACHO DEL EJECUTIVO,95307508,69005993,69005993
24,24,2,SECRETARIA GENERAL DE GOBIERNO,465675851,529067103,529067103
24,24,3,SECRETARIA TECNICA DEL GABINETE,14166686,8159520,8159520
24,24,4,UNIDAD DE SISTEMAS E INFORMATICA DEL PODER EJECUTIVO DE SAN LUIS POTOSI,7488224,5870415,5870415
24,24,5,SECRETARIA DE FINANZAS,669718244,1011209859,1011209859
24,24,6,SISTEMA EDUCATIVO ESTATAL REGULAR,2339655142,2701100757,2701100757
24,24,7,SECRETARIA DE EDUCACION,13754128319,14965767487,14965767487
24,24,8,SECRETARIA DE CULTURA,375921756,449131788,449131788
24,24,9,SECRETARIA DE COMUNICACIONES Y TRANSPORTES,255790218,183274409,183274409
24,24,10,SECRETARIA DE DESARROLLO SOCIAL Y REGIONAL,627844696,678584014,678584014
24,24,11,SECRETARIA DE DESARROLLO AGROPECUARIO Y RECURSOS HIDRAULICOS,407577131,290819304,290819304
24,24,12,SECRETARIA DE DESARROLLO URBANO VIVIENDA Y OBRAS PUBLICAS,1035685204,2934530542,2934530542
24,24,13,SECRETARIA DE DESARROLLO ECONOMICO,160761437,103222359,103222359
24,24,14,SECRETARIA DEL TRABAJO Y PREVISION SOCIAL,214787756,226215366,226215366
24,24,15,SECRETARIA DE TURISMO,67954308,82200677,82200677
24,24,16,SECRETARIA DE ECOLOGIA Y GESTION AMBIENTAL,55452718,63202541,63202541
24,24,17,SECRETARIADO EJECUTIVO DEL CONSEJO ESTATAL DE SEGURIDAD PUBLICA DEL ESTADO,578299472,466174757,466174757
24,24,18,SECRETARIA DE SEGURIDAD PUBLICA,2545185183,2721352273,2721352273
24,24,19,OFICIALIA MAYOR,875615206,1185497492,1185497492
24,24,20,CONTRALORIA GENERAL DEL ESTADO,114763194,116898289,116898289
24,24,21,COORDINACION GENERAL DE LA DEFENSORIA PUBLICA DEL ESTADO,160647493,186225041,186225041
24,24,22,CONSEJERIA JURIDICA,7436513,5999189,5999189
24,24,23,COORDINACION GENERAL DE COMUNICACION SOCIAL,77944553,77940289,77940289
24,24,24,CONSEJO POTOSINO DE CIENCIA Y TECNOLOGIA,10256069,6989021,6989021
24,24,25,ARCHIVO HISTORICO DEL ESTADO LICENCIADO ANTONIO ROCHA CORDERO,19104618,18226657,18226657
24,24,26,CENTRO ESTATAL DE CULTURA Y RECREACION TANGAMANGA I Y II PROFESOR CARLOS JONGUITUD BARRIOS,253583671,264257023,264257023
24,24,27,INSTITUTO POTOSINO DE CULTURA FISICA Y DEPORTE,135400000,177147768,177147768
24,24,28,INSTITUTO POTOSINO DE LA JUVENTUD,9845459,9234568,9234568
24,24,29,SERVICIOS DE SALUD DE SAN LUIS POTOSI,4827392840,4736495257,4736495257
24,24,30,JUNTA ESTATAL DE CAMINOS,388574926,271639105,271639105
24,24,31,INSTITUTO ESTATAL DE INFRAESTRUCTURA FISICA EDUCATIVA,93018612,71072035,71072035
24,24,32,CONSEJO ESTATAL DE POBLACION,17669013,17034348,17034348
24,24,33,INSTITUTO DE DESARROLLO HUMANO Y SOCIAL DE LOS PUEBLOS INDIGENAS,16790146,15292402,15292402
24,24,34,SISTEMA ESTATAL PARA EL DESARROLLO INTEGRAL DE LA FAMILIA,1715024274,1844325035,1844325035
24,24,35,INSTITUTO ESTATAL DE CIEGOS,4749415,4657483,4657483
24,24,36,PROMOTORA DEL ESTADO DE SAN LUIS POTOSI,26628573,28790802,28790802
24,24,37,CENTRO DE CONVENCIONES DE SAN LUIS POTOSI,30720173,34306190,34306190
24,24,38,INSTITUTO DE VIVIENDA DEL ESTADO,22734127,21958252,21958252
24,24,39,COMISION ESTATAL DEL AGUA,831721069,499885426,499885426
24,24,40,COMISION EJECUTIVA ESTATAL DE ATENCION A VICTIMAS,42686805,36423724,36423724
24,24,41,COORDINACION ESTATAL PARA EL FORTALECIMIENTO INSTITUCIONAL DE LOS MUNICIPIOS,27177495,29798245,29798245
24,24,42,INSTITUTO DE LAS MUJERES DEL ESTADO DE SAN LUIS POTOSI,33017454,55751505,55751505
24,24,43,INSTITUTO REGISTRAL Y CATASTRAL DEL ESTADO DE SAN LUIS POTOSI,26266163,27075761,27075761
24,24,44,CENTRO DE JUSTICIA PARA MUJERES DEL ESTADO DE SAN LUIS POTOSI,11684375,11116435,11116435
24,24,45,INSTITUTO DE TELEVISION PUBLICA DE SAN LUIS POTOSI XHSLS CANAL 9,9330920,10090556,10090556
24,24,46,CENTRO DE CONCILIACION LABORAL DEL ESTADO DE SAN LUIS POTOSI,12409013,12091435,12091435
24,24,47,SECRETARIA EJECUTIVA DEL SISTEMA ESTATAL ANTICORRUPCION,8000000,8999946,8999946
24,24,48,INSTITUTO ESTATAL DE EDUCACION PARA ADULTOS,87044111,119943326,119943326
24,24,49,COLEGIO DE BACHILLERES,888042996,981358241,981358241
24,24,50,COLEGIO DE EDUCACION PROFESIONAL TECNICA DEL ESTADO DE SAN LUIS POTOSI,124069117,132569738,132569738
24,24,51,COLEGIO DE ESTUDIOS CIENTIFICOS Y TECNOLOGICOS,269328174,314501339,314501339
24,24,52,UNIVERSIDAD INTERCULTURAL,51747384,62159423,62159423
24,24,53,INSTITUTO TECNOLOGICO SUPERIOR DE EBANO,22096356,11834745,11834745
24,24,54,INSTITUTO TECNOLOGICO SUPERIOR DE TAMAZUNCHALE,55062911,31580581,31580581
24,24,55,UNIVERSIDAD TECNOLOGICA DE SAN LUIS POTOSI,98704727,110529126,110529126
24,24,56,INSTITUTO TECNOLOGICO SUPERIOR DE RIOVERDE,49745200,31472870,31472870
24,24,57,UNIVERSIDAD POLITECNICA DE SAN LUIS POTOSI,148869287,153494474,153494474
24,24,58,INSTITUTO TECNOLOGICO SUPERIOR DE SAN LUIS POTOSI CAPITAL,76975494,51062189,51062189
24,24,59,INSTITUTO POTOSINO DE BELLAS ARTES,35996191,38668741,38668741
24,24,60,MUSEO DEL VIRREINATO,4875197,5095282,5095282
24,24,61,CENTRO CULTURAL REAL DE CATORCE,1267520,1837416,1837416
24,24,62,MUSEO DEL FERROCARRIL,6946391,8860272,8860272
24,24,63,MUSEO DE ARTE CONTEMPORANEO,4614018,3515181,3515181
24,24,64,MUSEO LABERINTO DE LAS CIENCIAS Y LAS ARTES,43531837,30900547,30900547
24,24,65,CENTRO DE LAS ARTES DE SAN LUIS POTOSI,45757477,43236961,43236961
24,24,66,MUSEO FRANCISCO COSSIO,22912012,18319717,18319717
24,24,67,MUSEO FEDERICO SILVA ESCULTURA CONTEMPORANEA,7340629,5341343,5341343
24,24,68,CINETECA ALAMEDA,7098736,7996451,7996451
24,24,69,MUSEO NACIONAL DE LA MASCARA,8635136,9039391,9039391
24,24,70,INSTITUTO TEMAZCALLI PREVENCION Y REHABILITACION,52128571,59430675,59430675
24,24,71,INSTITUTO GERIATRICO DOCTOR NICOLAS AGUILAR,46075768,49887223,49887223
24,24,72,CENTRO DE ASISTENCIA SOCIAL ROSARIO CASTELLANOS,14028450,11241648,11241648
24,24,73,CENTRO DE ASISTENCIA SOCIAL RAFAEL NIETO,20940127,26837729,26837729
24,24,74,CENTRO DE ASISTENCIA SOCIAL MARGARITA MAZA DE JUAREZ,27652779,28446425,28446425
24,24,75,SISTEMA DE FINANCIAMIENTO PARA EL DESARROLLO DEL ESTADO DE SAN LUIS POTOSI,64670449,58083576,58083576
24,24,76,INSTITUTO DE CAPACITACION PARA EL TRABAJO DEL ESTADO DE SAN LUIS POTOSI,74400376,88664315,88664315
24,24,77,UNIVERSIDAD TECNOLOGICA METROPOLITANA DE SAN LUIS POTOSI,13944866,13814451,13814451
24,24,78,CENTRO ESTATAL DE TRASPLANTES,5415579,4047765,4047765
24,24,79,MUSEO CASA DEL REBOZO,2595022,2252503,2252503
25,25,1,OFICINA DEL GOBERNADOR,49352621,45104405,48342593
25,25,2,SECRETARIA GENERAL DE GOBIERNO,56824251,513750368,781509483
25,25,3,SECRETARIA DE ADMINISTRACION Y FINANZAS,556630535,530005880,1077635292
25,25,4,SECRETARIA DE EDUCACION PUBLICA Y CULTURA,5599751018,5248806911,5511916135
25,25,5,SECRETARIA DE SEGURIDAD PUBLICA,814369992,756136977,1014556255
25,25,6,SECRETARIA DE ECONOMIA,146640060,132650279,464614179
25,25,7,SECRETARIA DE SALUD,49505900,44956153,82207354
25,25,8,SECRETARIA DE TURISMO,174886171,165357769,172323299
25,25,9,SECRETARIA DE TRANSPARENCIA Y RENDICION DE CUENTAS,62037013,58009238,69279045
25,25,10,SECRETARIA DE PESCA Y ACUACULTURA,158983411,132300650,139293612
25,25,11,SECRETARIA DE LAS MUJERES,52533836,47895135,61691486
25,25,12,SECRETARIA DE BIENESTAR Y DESARROLLO SUSTENTABLE,671722155,604760309,1330279510
25,25,13,SECRETARIA DE OBRAS PUBLICAS,1171789644,692241359,1241842440
25,25,14,SECRETARIA DE AGRICULTURA Y GANADERIA,504819277,488805971,298804157
25,25,15,INSTITUTO ESTATAL DE PROTECCION CIVIL,55151423,49645374,45094238
25,25,16,COMISION ESTATAL DE ATENCION INTEGRAL A VICTIMAS,26743247,25606340,28968921
25,25,17,CENTRO DE CONCILIACION LABORAL DEL ESTADO DE SINALOA,25202722,0,1596974
25,25,18,INSTITUTO DE LA DEFENSORIA PUBLICA DEL ESTADO,77222191,72924726,68207464
25,25,19,CONSEJO ESTATAL DE POBLACION,6287867,6282369,5201818
25,25,20,ARCHIVO HISTORICO GENERAL DEL ESTADO,8333150,8327802,7532847
25,25,21,DELEGACION DE RELACIONES EXTERIORES,8047998,7687998,7743128
25,25,22,SECRETARIA EJECUTIVA DEL SISTEMA ESTATAL DE PROTECCION INTEGRAL DE LOS DERECHOS DE NIÑAS NIÑOS Y ADOLESCENTES,9996084,9953394,8045915
25,25,23,COMISION ESTATAL DE BUSQUEDA DE PERSONAS DESAPARECIDAS,16830979,15839782,36835028
25,25,24,TRIBUNAL LOCAL DE CONCILIACION Y ARBITRAJE,7506366,7138458,7006696
25,25,25,PROCURADURIA FISCAL,10265726,9615233,9801790
25,25,26,INSTITUTO CATASTRAL DEL ESTADO DE SINALOA,74067279,73258009,66342474
25,25,27,SERVICIO DE ADMINISTRACION TRIBUTARIA DEL ESTADO DE SINALOA,584447935,427802073,686458509
25,25,28,COORDINACION DE COMUNICACION SOCIAL,31341923,29695137,27227443
25,25,29,COORDINACION DE ASESORES,8987555,8230635,16131076
25,25,30,JUNTA LOCAL DE CONCILIACION Y ARBITRAJE,45928637,43742113,58789884
25,25,31,INSTITUTO SINALOENSE DE DESARROLLO SOCIAL,6212703,5884101,6196978
25,25,32,COMISION PARA LA ATENCION DE LAS COMUNIDADES INDIGENAS DE SINALOA,17058341,15515937,15574785
25,25,33,COORDINACION GENERAL DE DESARROLLO TECNOLOGICO Y PROYECTOS ESPECIALES,123160267,111235722,134758902
25,25,34,FOMENTO A LA INVESTIGACION CIENTIFICA,111696235,0,87358417
25,25,35,CENTRO ESTATAL DE EVALUACION Y CONTROL DE CONFIANZA,44511353,41221886,47852118
25,25,36,UNIVERSIDAD DE LA POLICIA DEL ESTADO DE SINALOA,32838957,0,19651919
25,25,37,COLEGIO DE BACHILLERES DEL ESTADO DE SINALOA,1463363910,1372778112,1475396405
25,25,38,UNIVERSIDAD AUTONOMA DE OCCIDENTE,722365245,668645164,734544671
25,25,39,UNIVERSIDAD AUTONOMA DE SINALOA,7396111161,6812608290,7324729213
25,25,40,ESCUELA NORMAL DE ESPECIALIZACION DEL ESTADO DE SINALOA,46976080,44310054,39761076
25,25,41,INSTITUTO SINALOENSE DE CULTURA FISICA Y EL DEPORTE,143845459,118136893,164115793
25,25,42,COLEGIO DE SINALOA,16603743,14316743,14302293
25,25,43,INSTITUTO SINALOENSE DE CULTURA,166729879,157292339,164703666
25,25,44,UNIVERSIDAD AUTONOMA INDIGENA DE MEXICO,117980971,114900042,152205532
25,25,45,SERVICIOS DE EDUCACION PUBLICA DESCENTRALIZADA DEL ESTADO DE SINALOA,12800085126,11922222932,13369878451
25,25,46,UNIVERSIDAD POLITECNICA DE SINALOA,119526999,110673147,99835313
25,25,47,INSTITUTO SINALOENSE DE LA INFRAESTRUCTURA FISICA EDUCATIVA,532728468,492768139,623085316
25,25,48,INSTITUTO TECNOLOGICO SUPERIOR DE GUASAVE,35491470,33801400,32284596
25,25,49,INSTITUTO TECNOLOGICO SUPERIOR DE ELDORADO,24826562,22826562,19369973
25,25,50,COLEGIO DE EDUCACION PROFESIONAL TECNICA DEL ESTADO DE SINALOA,433840636,379817901,445829414
25,25,51,UNIVERSIDAD POLITECNICA DEL MAR Y LA SIERRA,22791007,19566865,21428505
25,25,52,UNIVERSIDAD POLITECNICA DEL VALLE DEL EVORA,18680907,16680907,19621256
25,25,53,UNIVERSIDAD TECNOLOGICA DE CULIACAN,25660353,24338421,24853104
25,25,54,UNIVERSIDAD TECNOLOGICA DE ESCUINAPA,27264159,25720904,24386256
25,25,55,INSTITUTO SINALOENSE PARA LA EDUCACION DE JOVENES Y ADULTOS,109134383,104307816,100280782
25,25,56,UNIVERSIDAD PEDAGOGICA DEL ESTADO DE SINALOA,152008331,148416011,169145951
25,25,57,CENTRO DE ESTUDIOS DE BACHILLERATO,16775666,15383988,13224493
25,25,58,COLEGIO DE ESTUDIOS CIENTIFICOS Y TECNOLOGICOS DEL ESTADO DE SINALOA,33144213,29881311,35853831
25,25,59,ESCUELA NORMAL EXPERIMENTAL DE EL FUERTE,9683870,8966546,9802428
25,25,60,CIUDAD EDUCADORA DEL SABER DE SINALOA,2950221,1950221,1963322
25,25,61,SISTEMA SINALOENSE DE RADIO Y TELEVISION,7243634,6585122,7388102
25,25,62,ESCUELA NORMAL DE SINALOA,114002293,114002057,118149779
25,25,63,ESCUELA LIBRE DE DERECHO,3543552,3543552,3543552
25,25,64,DESARROLLO URBANO TRES RIOS,14000000,13200000,4246345
25,25,65,PREESFORZADOS CONCRETOS Y AGREGADOS DE SINALOA,404420305,356020961,533502758
25,25,66,INSTITUTO DE CAPACITACION PARA EL TRABAJO DEL ESTADO DE SINALOA,264011141,247389111,254839446
25,25,67,COMISION ESTATAL DE MEJORA REGULATORIA Y GESTION EMPRESARIAL,22811501,21296941,21236941
25,25,68,CONSEJO PARA EL DESARROLLO ECONOMICO DE SINALOA,31097562,28597562,28597562
25,25,69,ADMINISTRACION DE LA BENEFICENCIA PUBLICA DEL ESTADO DE SINALOA,2568724,2568724,2394561
25,25,70,COMISION DE ARBITRAJE MEDICO DEL ESTADO DE SINALOA,3501008,3494158,3117915
25,25,71,COMISION ESTATAL PARA LA PROTECCION CONTRA RIESGOS SANITARIOS DE SINALOA,9432116,8733440,10271343
25,25,72,COMISION ESTATAL DE PREVENCION TRATAMIENTO Y CONTROL DE LAS ADICCIONES,3706258,3485310,18195184
25,25,73,CENTRO DE REHABILITACION PARA LA JUVENTUD,8000000,8000000,5500000
25,25,74,HOSPITAL CIVIL DE CULIACAN,551034112,482783850,480132524
25,25,75,DESARROLLO INTEGRAL DE LA FAMILIA,735805852,698667806,796419349
25,25,76,SERVICIOS DE SALUD DE SINALOA,6338702231,5909063730,6239302042
25,25,77,JUNTA DE ASISTENCIA PRIVADA DEL ESTADO DE SINALOA,6474492,6472247,5032247
25,25,78,INSTITUTO SINALOENSE DE ACUACULTURA Y PESCA,3899721,3893223,3979231
25,25,79,CONSEJO ESTATAL PARA LA PREVENCION Y ATENCION DE LA VIOLENCIA FAMILIAR,18028565,15417854,16621486
25,25,80,CENTRO DE JUSTICIA PARA MUJERES,20020168,15270201,28336182
25,25,81,INSTITUTO SINALOENSE DE LA JUVENTUD,8980216,8271650,8271650
25,25,82,COMISION ESTATAL DE AGUA POTABLE Y ALCANTARILLADO DE SINALOA,47310869,47123651,94755649
25,25,83,COMISION DE VIVIENDA DEL ESTADO DE SINALOA,31187628,31187628,10591673
25,25,84,VIVEROS DE SINALOA,1971420,1914000,1842000
26,26,1,EJECUTIVO DEL ESTADO,102748799,101232057,205014944
26,26,2,SECRETARIA DE AGRICULTURA GANADERIA RECURSOS HIDRAULICOS PESCA Y ACUACULTURA,1374501943,1374501943,2411256576
26,26,3,SECRETARIA DE DESARROLLO SOCIAL,NSS,NSS,NSS
26,26,4,SECRETARIA DE ECONOMIA,586276148,606276148,467184340
26,26,5,SECRETARIA DE EDUCACION Y CULTURA,522124606,4982141851,5365290904
26,26,6,SECRETARIA DE GOBIERNO,1085695981,1002789070,1402612105
26,26,7,SECRETARIA DE HACIENDA,1501556242,1377212865,1835239113
26,26,8,SECRETARIA DE INFRAESTRUCTURA Y DESARROLLO URBANO,NSS,NSS,NSS
26,26,9,SECRETARIA DE LA CONSEJERIA JURIDICA,30923296,92850176,105690698
26,26,10,SECRETARIA DE LA CONTRALORIA GENERAL,203213040,203213040,193659194
26,26,11,SECRETARIA DE SALUD PUBLICA,7336051445,139557419,153539370
26,26,12,SECRETARIA DE SEGURIDAD PUBLICA,2558943718,2558943718,2751259843
26,26,13,SECRETARIA DE TURISMO,195850005,82077467,149865745
26,26,14,SECRETARIA DEL TRABAJO,143587389,14556918200,808408215
26,26,15,OFICIALIA MAYOR,NSS,NSS,NSS
26,26,16,CENTRO DE EVALUACION Y CONTROL DE CONFIANZA DEL ESTADO DE SONORA,69873134,69873134,48349170
26,26,17,CENTRO DE CONCILIACION LABORAL DEL ESTADO DE SONORA,27579901,2757990,18609012
26,26,18,CENTRO ESTATAL DE TRASPLANTES,NSS,NSS,NSS
26,26,19,CENTRO REGIONAL DE FORMACION PROFESIONAL DOCENTE DE SONORA,244799472,339067014,315084234
26,26,20,COLEGIO DE BACHILLERES DEL ESTADO,1163104016,1163104016,1163124014
26,26,21,COLEGIO DE EDUCACION PROFESIONAL TECNICA DEL ESTADO DE SONORA,472279433,468856270,493877286
26,26,22,COLEGIO DE ESTUDIOS CIENTIFICOS Y TECNOLOGICOS DEL ESTADO DE SONORA,931185300,912734085,969745834
26,26,23,COMISION DE ECOLOGIA Y DESARROLLO SUSTENTABLE DEL ESTADO DE SONORA,169694882,106722444,143715291
26,26,24,COMISION DE VIVIENDA DEL ESTADO DE SONORA,52565250,24033735,38345033
26,26,25,COMISION EJECUTIVA DE ATENCION A VICTIMAS,NSS,NSS,NSS
26,26,26,COMISION DEL DEPORTE DEL ESTADO DE SONORA,604871737,105019232,316883079
26,26,27,COMISION ESTATAL DEL AGUA,NSS,NSS,NSS
26,26,28,COMISION ESTATAL PARA EL DESARROLLO DE LOS PUEBLOS Y COMUNIDADES INDIGENAS DE SONORA,45472206,11270565,34056081
26,26,29,COMITE DE CAMPAÑA DE ERRADICACION DE LA TUBERCULOSIS Y BRUCELOSIS BOVINA DEL ESTADO DE SONORA,NSS,NSS,NSS
26,26,30,CONSEJO ESTATAL DE CIENCIA Y TECNOLOGIA,94573707,4631706,32073649
26,26,31,CONSEJO ESTATAL DE CONCERTACION PARA LA OBRA PUBLICA,243338586,243338586,382588071
26,26,32,CONSEJO SONORENSE REGULADOR DEL BACANORA,NSS,NSS,NSS
26,26,33,COORDINACION ESTATAL DE PROTECCION CIVIL,69771427,62008084,76580728
26,26,34,FIDEICOMISO FONDO REVOLVENTE SONORA,10045378,10045378,9057321
26,26,35,FIDEICOMISO MAESTRO PARA EL FINANCIAMIENTO DEL SECTOR AGROPECUARIO EN SONORA,NSS,NSS,NSS
26,26,36,FIDEICOMISO OPERADORA DE PROYECTOS ESTRATEGICOS DEL ESTADO DE SONORA IMPULSOR,14673593,14673593,8137255
26,26,37,FIDEICOMISO PUENTE COLORADO,NSS,NSS,NSS
26,26,38,FINANCIERA PARA EL DESARROLLO ECONOMICO DE SONORA,NSS,NSS,NSS
26,26,39,FONDO DE OPERACION DE OBRAS SONORA SI,NSS,NSS,NSS
26,26,40,FONDO ESTATAL DE SOLIDARIDAD,5000000,1000000,1019999
26,26,41,INSTITUTO DE MOVILIDAD Y TRANSPORTE DEL ESTADO DE SONORA,NSS,NSS,361684908
26,26,42,INSTITUTO DE ACUACULTURA DEL ESTADO DE SONORA,NSS,NSS,NSS
26,26,43,INSTITUTO DE BECAS Y CREDITO EDUCATIVO DEL ESTADO DE SONORA,366591791,644793531,602475424
26,26,44,INSTITUTO DE CAPACITACION PARA EL TRABAJO DEL ESTADO DE SONORA,16921236,133444669,320696938
26,26,45,INSTITUTO DE SEGURIDAD Y SERVICIOS SOCIALES DE LOS TRABAJADORES DEL ESTADO DE SONORA,9907213885,9907213885,9524143955
26,26,46,INSTITUTO SONORENSE DE CULTURA,293340581,172535799,183892254
26,26,47,INSTITUTO SONORENSE DE EDUCACION PARA LOS ADULTOS,156572457,155830343,150036574
26,26,48,INSTITUTO SONORENSE DE INFRAESTRUCTURA EDUCATIVA,NSS,NSS,NSS
26,26,49,INSTITUTO SONORENSE DE LA JUVENTUD,63404400,20110812,30656674
26,26,50,INSTITUTO SONORENSE DE LAS MUJERES,65537789,65537789,52932750
26,26,51,INSTITUTO SONORENSE PARA LA ATENCION DE ADULTOS MAYORES,9181421,2000000,1881436
26,26,52,INSTITUTO SUPERIOR DE SEGURIDAD PUBLICA DEL ESTADO,90010764,90010764,161265582
26,26,53,INSTITUTO TECNOLOGICO SUPERIOR DE CAJEME,152915,152915,99407992
26,26,54,INSTITUTO TECNOLOGICO SUPERIOR DE CANANEA,66868057,66868057,94934396
26,26,55,INSTITUTO TECNOLOGICO SUPERIOR DE PUERTO PEÑASCO,27298567,19407508,22943347
26,26,56,JUNTA DE CAMINOS DEL ESTADO DE SONORA,166656534,166656534,NSS
26,26,57,PROCURADURIA AMBIENTAL DEL ESTADO DE SONORA,17242492,17242492,21357823
26,26,58,PROGRESO FIDEICOMISO PROMOTOR URBANO DE SONORA,70856287,70856287,73347111
26,26,59,PROSONORA,354515044,45226587,33110748
26,26,60,RADIO SONORA,36757268,26719840,61776638
26,26,61,SECRETARIA EJECUTIVA DEL SISTEMA ESTATAL ANTICORRUPCION,12984,12984,12984080
26,26,62,SERVICIO DE ADMINISTRACION Y ENAJENACION DE BIENES DE ENTIDADES DEL GOBIERNO DEL ESTADO DE SONORA,4083334,3346471,3440907
26,26,63,SERVICIOS DE SALUD DE SONORA,6247668778,6035383161,6325583990
26,26,64,SERVICIOS EDUCATIVOS DEL ESTADO DE SONORA,9414900510,9528331202,10149833536
26,26,65,SISTEMA ESTATAL DE TELEVISION SONORENSE,NSS,NSS,NSS
26,26,66,SISTEMA PARA EL DESARROLLO INTEGRAL DE LA FAMILIA SONORA,994673545,706246216,485226684
26,26,67,TELEFONIA RURAL DE SONORA,347580,8212751,38732715
26,26,68,TELEVISORA DE HERMOSILLO SA DE CV TELEMAX,110733675,108720923,161695823
26,26,69,UNIVERSIDAD DE LA SIERRA,55477429,55477429,55477429
26,26,70,UNIVERSIDAD ESTATAL DE SONORA,896594882,775362070,818212960
26,26,71,UNIVERSIDAD TECNOLOGICA DE ETCHOJOA,22217795,18457620,23652043
26,26,72,UNIVERSIDAD TECNOLOGICA DE GUAYMAS,36684736,28340883,52769805
26,26,73,UNIVERSIDAD TECNOLOGICA DE HERMOSILLO,168329489,129999141,157198564
26,26,74,UNIVERSIDAD TECNOLOGICA DE NOGALES,108068,116437184,220536577
26,26,75,UNIVERSIDAD TECNOLOGICA DE PUERTO PEÑASCO,25567993,20978204,26643293
26,26,76,UNIVERSIDAD TECNOLOGICA DE SAN LUIS RIO COLORADO,39544087,48109092,94808728
26,26,77,UNIVERSIDAD TECNOLOGICA DEL SUR DE SONORA,64690887,64690888,132955791
27,27,1,GUBERNATURA,407697605,407697605,542416968
27,27,2,COORDINACION GENERAL DE ASUNTOS JURIDICOS,84052654,84052654,83463316
27,27,3,SECRETARIA DE ADMINISTRACION E INNOVACION GUBERNAMENTAL,620741496,620741496,638901968
27,27,4,SECRETARIA DE BIENESTAR SUSTENTABILIDAD Y CAMBIO CLIMATICO,381562179,381562179,415423044
27,27,5,SECRETARIA DE CULTURA,322147984,322147984,337757813
27,27,6,SECRETARIA DE DESARROLLO AGROPECUARIO FORESTAL Y PESCA,385097681,385097681,409227225
27,27,7,SECRETARIA DE EDUCACION,13072877538,13072877538,14805450200
27,27,8,SECRETARIA DE FINANZAS,3439257190,3439257190,5806070116
27,27,9,SECRETARIA DE GOBIERNO,656854464,656854464,864875310
27,27,10,SECRETARIA DE LA FUNCION PUBLICA,139775061,139775061,157542204
27,27,11,SECRETARIA DE MOVILIDAD,212674280,212674280,131844384
27,27,12,SECRETARIA DE ORDENAMIENTO TERRITORIAL Y OBRAS PUBLICAS,780790495,780790495,1238675606
27,27,13,SECRETARIA DE SALUD,9413752751,9413752751,10484973701
27,27,14,SECRETARIA DE SEGURIDAD Y PROTECCION CIUDADANA,2753609718,2753609718,2710586228
27,27,15,SECRETARIA DE TURISMO,72554322,72554322,71679121
27,27,16,SECRETARIA PARA EL DESARROLLO ECONOMICO Y LA COMPETITIVIDAD,228587437,228587437,177333783
27,27,17,SECRETARIA PARA EL DESARROLLO ENERGETICO,86856329,86856329,379156329
27,27,18,CENTRAL DE MAQUINARIA DE TABASCO,130684429,130684429,123827833
27,27,19,CENTRO DE INTERPRETACION Y CONVIVENCIA CON LA NATURALEZA,57189641,57189641,66499243
27,27,20,COMISION DE RADIO Y TELEVISION DE TABASCO,67647531,67647531,68783076
27,27,21,COORDINACION ESTATAL PARA LA REGULARIZACION DE LA TENENCIA DE LA TIERRA,18607236,18607236,18243038
27,27,22,INSTITUTO DE LA JUVENTUD Y EL DEPORTE DE TABASCO,75559889,75559889,82280586
27,27,23,JUNTA ESTATAL DE CAMINOS,226422551,226422551,288537160
27,27,24,CENTRAL DE ABASTO DE VILLAHERMOSA,22165316,22165316,25855701
27,27,25,CENTRO DE CONCILIACION LABORAL DEL ESTADO DE TABASCO,8181559,8181559,8179394
27,27,26,COLEGIO DE BACHILLERES DE TABASCO,1736223447,1736223447,2180444204
27,27,27,COLEGIO DE EDUCACION PROFESIONAL TECNICO DEL ESTADO DE TABASCO,161362203,161362203,169915289
27,27,28,COLEGIO DE ESTUDIOS CIENTIFICOS Y TECNOLOGICOS DEL ESTADO DE TABASCO,424493703,424493703,594427380
27,27,29,COMISION ESTATAL DE AGUA Y SANEAMIENTO,815359437,815359437,1411637372
27,27,30,COMISION ESTATAL DE CONCILIACION Y ARBITRAJE MEDICO,8301614,8301614,8143957
27,27,31,CONSEJO DE CIENCIA Y TECNOLOGIA DEL ESTADO DE TABASCO,13544500,13544500,21627478
27,27,32,INSTITUTO DE BENEFICENCIA PUBLICA DEL ESTADO DE TABASCO,8784441,8784441,8497750
27,27,33,INSTITUTO DE EDUCACION PARA ADULTOS DE TABASCO,121207781,121207781,123945172
27,27,34,INSTITUTO DE FORMACION PARA EL TRABAJO DEL ESTADO DE TABASCO,111913293,111913293,103476790
27,27,35,INSTITUTO DE PROTECCION CIVIL DEL ESTADO DE TABASCO,69154207,69154207,100806931
27,27,36,INSTITUTO DE SEGURIDAD SOCIAL DEL ESTADO DE TABASCO,527999325,527999325,543797761
27,27,37,INSTITUTO DE VIVIENDA DE TABASCO,78152334,78152334,90027619
27,27,38,INSTITUTO ESTATAL DE LAS MUJERES,43381543,43381543,49110299
27,27,39,INSTITUTO PARA EL FOMENTO DE LAS ARTESANIAS DE TABASCO,26201514,26201514,24657718
27,27,40,INSTITUTO TABASQUEÑO DE LA INFRAESTRUCTURA FISICA EDUCATIVA,23748589,23748589,25703487
27,27,41,INSTITUTO TECNOLOGICO SUPERIOR DE CENTLA,72350740,72350740,72338875
27,27,42,INSTITUTO TECNOLOGICO SUPERIOR DE COMALCALCO,120763878,120763878,108734103
27,27,43,INSTITUTO TECNOLOGICO SUPERIOR DE LA REGION SIERRA,70383926,70383926,73291434
27,27,44,INSTITUTO TECNOLOGICO SUPERIOR DE LOS RIOS,82042442,82042442,84816831
27,27,45,INSTITUTO TECNOLOGICO SUPERIOR DE MACUSPANA,70075657,70075657,72463962
27,27,46,INSTITUTO TECNOLOGICO SUPERIOR DE VILLA LA VENTA HUIMANGUILLO,78136679,78136679,104438451
27,27,47,MUSEO INTERACTIVO PAPAGAYO,21373968,21373968,20981071
27,27,48,SECRETARIA EJECUTIVA DEL SISTEMA ESTATAL ANTICORRUPCION,23050906,23050906,23200906
27,27,49,SERVICIO ESTATAL DE ADMINISTRACION DE BIENES ASEGURADOS ABANDONADOS O DECOMISADOS DEL ESTADO DE TABASCO,8913204,8913204,9500739
27,27,50,SISTEMA PARA EL DESARROLLO INTEGRAL DE LA FAMILIA,1084509663,1084509663,1125432001
27,27,51,UNIVERSIDAD INTERCULTURAL DEL ESTADO DE TABASCO,59869910,59869910,65876821
27,27,52,UNIVERSIDAD POLITECNICA DEL CENTRO,37575607,37575607,34681960
27,27,53,UNIVERSIDAD POLITECNICA DEL GOLFO DE MEXICO,49983311,49983311,57905979
27,27,54,UNIVERSIDAD POLITECNICA MESOAMERICANA,26094740,26094740,31014056
27,27,55,UNIVERSIDAD POPULAR DE LA CHONTALPA,186430854,186430854,232928962
27,27,56,UNIVERSIDAD TECNOLOGICA DE TABASCO,136722774,136722774,159535505
27,27,57,UNIVERSIDAD TECNOLOGICA DEL USUMACINTA,36680862,36680862,40055983
27,27,58,UNIVERSIDAD JUAREZ AUTONOMA DE TABASCO,2444343904,2444343904,2582207163
27,27,59,ADMINISTRACION PORTUARIA INTEGRAL,5700000,5700000,5700000
27,27,60,MOVILIDAD INTEGRAL DE TABASCO,30000000,30000000,40000000
27,27,61,ESPECTACULOS DEPORTIVOS DE TABASCO,8000000,8000000,19668374
28,28,1,JEFE DE LA OFICINA DEL GOBERNADOR,173329871,252312138,251016568
28,28,2,SECRETARIA GENERAL DE GOBIERNO,1815969842,2001905123,1911714751
28,28,3,SECRETARIA DE FINANZAS,3954375611,4784593923,4772593425
28,28,4,SECRETARIA DE ADMINISTRACION,782094994,1451676926,1449217786
28,28,5,SECRETARIA DE BIENESTAR SOCIAL,505278607,981508279,973185711
28,28,6,SECRETARIA DE DESARROLLO ECONOMICO,107860041,135019334,134767667
28,28,7,SECRETARIA DE DESARROLLO RURAL,113306880,168713023,168425362
28,28,8,SECRETARIA DE DESARROLLO URBANO Y MEDIO AMBIENTE,1012052059,109325211,108889447
28,28,9,SECRETARIA DE EDUCACION,19828855144,21364436543,21291043449
28,28,10,SECRETARIA DE OBRAS PUBLICAS,3119297192,4910003460,3941112214
28,28,11,SECRETARIA PESCA Y ACUACULTURA,39880601,39688685,39501189
28,28,12,SECRETARIA DE SALUD,NSS,NSS,10268959689
28,28,13,SECRETARIA DE SEGURIDAD PUBLICA,3234527589,3365036276,3350352771
28,28,14,SECRETARIA DE TURISMO,72469824,93213461,92924461
28,28,15,SECRETARIA DEL TRABAJO,161825138,178274118,175921705
28,28,16,CONTRALORIA GUBERNAMENTAL,166091315,234408191,233520470
28,28,17,CENTRO DE CONCILIACION LABORAL DEL ESTADO DE TAMAULIPAS,30456335,26877053,26877053
28,28,18,CENTRO REGIONAL DE FORMACION DOCENTE E INVESTIGACION EDUCATIVA,13081055,15555389,15555389
28,28,19,COLEGIO DE BACHILLERES DEL ESTADO DE TAMAULIPAS,291987589,599811583,599811583
28,28,20,COLEGIO DE EDUCACION PROFESIONAL TECNICA DEL ESTADO DE TAMAULIPAS,284086515,305506162,305506161
28,28,21,COLEGIO DE TAMAULIPAS,10837121,10510289,10510289
28,28,22,COLEGIO SAN JUAN SIGLO XXI,10992613,12410580,12410580
28,28,23,COMISION DE CAZA Y PESCA DEPORTIVA DE TAMAULIPAS,12361556,12692937,12692937
28,28,24,COMISION DE ENERGIA DE TAMAULIPAS,33785304,29006415,29006415
28,28,25,COMISION DE PARQUES Y BIODIVERSIDAD DE TAMAULIPAS,66537288,77800665,77800665
28,28,26,COMISION ESTATAL DE CONCILIACION Y ARBITRAJE MEDICO,NSS,NSS,NSS
28,28,27,COMISION ESTATAL DE AGUA DE TAMAULIPAS,52381228,93339096,93331887
28,28,28,CONSEJO TAMAULIPECO DE CIENCIA Y TECNOLOGIA,9344533,9282075,9282075
28,28,29,INSTITUTO DE LA JUVENTUD DE TAMAULIPAS,14172367,13335811,13335811
28,28,30,INSTITUTO DE LAS MUJERES EN TAMAULIPAS,19654977,39161425,39161425
28,28,31,INSTITUTO DE PREVISION Y SEGURIDAD SOCIAL DEL ESTADO DE TAMAULIPAS,20805069,39511064,39511064
28,28,32,INSTITUTO DEL DEPORTE DE TAMAULIPAS,114702909,157823720,157823720
28,28,33,INSTITUTO METROPOLITANO DE PLANEACION DEL SUR DE TAMAULIPAS,7125470,6149185,6149185
28,28,34,INSTITUTO REGISTRAL Y CATASTRAL DEL ESTADO DE TAMAULIPAS,91611855,94978831,94978831
28,28,35,INSTITUTO TAMAULIPECO DE BECAS ESTIMULOS Y CREDITOS EDUCATIVOS,166868253,54665917,54665917
28,28,36,INSTITUTO TAMAULIPECO DE CAPACITACION PARA EL EMPLEO,3356811802,328571971,328571971
28,28,37,INSTITUTO TAMAULIPECO DE EDUCACION PARA ADULTOS,163449734,161618377,161616284
28,28,38,INSTITUTO TAMAULIPECO DE INFRAESTRUCTURA FISICA Y EDUCATIVA,27949708,236382967,236382967
28,28,39,INSTITUTO TAMAULIPECO DE VIVIENDA Y URBANISMO,125158920,182466487,182466487
28,28,40,INSTITUTO TAMAULIPECO PARA LA CULTURA Y LAS ARTES,144313771,142538532,142538532
28,28,41,INSTITUTO TECNOLOGICO SUPERIOR DE EL MANTE,16592871,20395308,20395308
28,28,42,SECRETARIA EJECUTIVA DEL SISTEMA ESTATAL ANTICORRUPCION,7318889,6538035,6538035
28,28,43,SERVICIOS DE SALUD DE TAMAULIPAS,7107567312,9303725496,9303725496
28,28,44,SISTEMA ESTATAL RADIO TAMAULIPAS,21448899,24627419,24627419
28,28,45,SISTEMA PARA EL DESARROLLO INTEGRAL DE LA FAMILIA DE TAMAULIPAS,745979090,897861410,897861338
28,28,46,UNIVERSIDAD DE SEGURIDAD Y JUSTICIA DE TAMAULIPAS,27735504,32690921,32690921
28,28,47,UNIVERSIDAD POLITECNICA DE ALTAMIRA,15675659,36742895,36742895
28,28,48,UNIVERSIDAD POLITECNICA DE LA REGION RIBEREÑA,11010669,24226801,24226801
28,28,49,UNIVERSIDAD POLITECNICA DE VICTORIA,24042557,56467826,56467826
28,28,50,UNIVERSIDAD TECNOLOGICA DE ALTAMIRA,40619722,105360224,105360224
28,28,51,UNIVERSIDAD TECNOLOGICA DE MATAMOROS,47141397,118535093,118535093
28,28,52,UNIVERSIDAD TECNOLOGICA DE NUEVO LAREDO,36992970,95543918,95543918
28,28,53,UNIVERSIDAD TECNOLOGICA DE TAMAULIPAS NORTE,43481602,107434932,107434932
28,28,54,UNIVERSIDAD TECNOLOGICA DEL MAR DE TAMAULIPAS BICENTENARIO,9605981,25738390,25738390
29,29,1,DESPACHO DEL GOBERNADOR,109791135,109791135,97780815
29,29,2,SECRETARIA DE GOBIERNO,163801194,163801194,173801194
29,29,3,SECRETARIA DE FINANZAS,487611839,487611839,459553037
29,29,4,SECRETARIA DE TURISMO,37443985,37443985,37707448
29,29,5,SECRETARIA DE DESARROLLO ECONOMICO,52970365,52970365,40764615
29,29,6,SECRETARIA DE INFRAESTRUCTURA,1644145027,1644145027,1514562266
29,29,7,SECRETARIA DE EDUCACION PUBLICA DEL ESTADO DE TLAXCALA,1144708353,1157535091,1157535091
29,29,8,SECRETARIA DE MOVILIDAD Y TRANSPORTE,109970698,109970698,105383475
29,29,9,SECRETARIA DE IMPULSO AGROPECUARIO,314101064,314101064,308342364
29,29,10,SECRETARIA DE LA FUNCION PUBLICA,35684048,35684048,38787277
29,29,11,SECRETARIA DE MEDIO AMBIENTE,99372812,99372812,88959808
29,29,12,SECRETARIA DE CULTURA,50253629,50253629,46614251
29,29,13,SECRETARIA DE BIENESTAR,465709649,465709649,463223742
29,29,14,SECRETARIA DE SEGURIDAD CIUDADANA,810364415,810364415,810364415
29,29,15,SECRETARIA DE ORDENAMIENTO TERRITORIAL Y VIVIENDA,118693543,118693543,119334440
29,29,16,SECRETARIA DEL TRABAJO Y COMPETITIVIDAD,34798887,34798887,34798887
29,29,17,SECRETARIA DE SALUD SALUD DE TLAXCALA,2784591617,3748888659,3635966100
29,29,18,OFICIALIA MAYOR DE GOBIERNO,257119033,257119033,278983756
29,29,19,PROCURADURIA GENERAL DE JUSTICIA DEL ESTADO,275070312,275070312,259718214
29,29,20,COORDINACION GENERAL DE COMUNICACION,31988802,31988803,29786585
29,29,21,COORDINACION GENERAL DE PLANEACION E INVERSION,51000000,51000000,46200000
29,29,22,PROCURADURIA DE PROTECCION AL AMBIENTE DEL ESTADO DE TLAXCALA,20000000,20000000,16474492
29,29,23,COORDINACION DE RADIO CINE Y TELEVISION,31152184,31152184,30989616
29,29,24,CASA DE LAS ARTESANIAS,12054510,12054510,10864476
29,29,25,COORDINACION ESTATAL DE PROTECCION CIVIL,13390435,13390435,13390435
29,29,26,COMISION EJECUTIVA DEL SISTEMA ESTATAL DE SEGURIDAD PUBLICA,423837901,423164481,424692936
29,29,27,INSTITUTO ESTATAL DE LA MUJER,12688069,12688069,28689214
29,29,28,INSTITUTO TLAXCALTECA DE ASISTENCIA ESPECIALIZADA A LA SALUD,34364245,34367245,34367245
29,29,29,COMISION ESTATAL DE ARBITRAJE MEDICO,2901128,2901128,3061846
29,29,30,CENTRO DE EDUCACION CONTINUA Y A DISTANCIA UNIDAD TLAXCALA DEL INSTITUTO POLITECNICO NACIONAL,9788121,9788121,7372810
29,29,31,INSTITUTO TLAXCALTECA DE LA JUVENTUD,8946370,8946370,7899230
29,29,32,CONSEJO ESTATAL DE POBLACION,4021959,4021959,3086854
29,29,33,COLEGIO DE BACHILLERES DEL ESTADO DE TLAXCALA,296278576,289992389,289992389
29,29,34,INSTITUTO DEL DEPORTE DE TLAXCALA,28826237,28826237,76254850
29,29,35,COMISION ESTATAL PARA LA PROTECCION CONTRA RIESGOS SANITARIOS,12195000,20231330,19617382
29,29,36,INSTITUTO DE CATASTRO,7674794,7674794,7323883
29,29,37,INSTITUTO DE CAPACITACION DE TRABAJO DEL ESTADO DE TLAXCALA,81693163,81693163,68722978
29,29,38,COORDINACION DE SERVICIO SOCIAL DE INSTITUCIONES DE EDUCACION SUPERIOR,1570051,1570051,1447051
29,29,39,COLEGIO DE ESTUDIOS SUPERIORES CIENTIFICOS Y TECNOLOGICOS DEL ESTADO DE TLAXCALA,267203811,540422862,565903640
29,29,40,INSTITUTO TLAXCALTECA DE LA INFRAESTRUCTURA FISICA EDUCATIVA,194890595,194890595,152448008
29,29,41,UNIVERSIDAD POLITECNICA DE TLAXCALA,112851628,130151725,130118424
29,29,42,INSTITUTO TECNOLOGICO SUPERIOR DE TLAXCO,15111321,15111321,15827367
29,29,43,UNIVERSIDAD TECNOLOGICA DE TLAXCALA,40930000,45003394,45003394
29,29,44,INSTITUTO TLAXCALTECA PARA LA EDUCACION DE LOS ADULTOS,64432705,69121596,67976181
29,29,45,EL COLEGIO DE TLAXCALA ASOCIACION CIVIL,18321016,18321016,17185471
29,29,46,SISTEMA ESTATAL PARA EL DESARROLLO INTEGRAL DE LA FAMILIA,265015708,459655953,454301502
29,29,47,UNIDAD DE SERVICIOS EDUCATIVOS DE TLAXCALA,6199833761,6288215934,6288215934
29,29,48,COLEGIO DE EDUCACION PROFESIONAL TECNICA DEL ESTADO DE TLAXCALA,66986135,69205028,65560358
29,29,49,COMISION ESTATAL DE AGUA DE TLAXCALA,16191266,16191266,14518447
29,29,50,CENTRO DE SERVICIOS INTEGRALES PARA EL TRATAMIENTO DE AGUAS RESIDUALES DEL ESTADO DE TLAXCALA,55498582,55498582,55839859
29,29,51,UNIVERSIDAD POLITECNICA DE TLAXCALA REGION PONIENTE,17887734,17887734,17887734
29,29,52,CENTRO DE CONCILIACION LABORAL DEL ESTADO DE TLAXCALA,15643015,15643015,15228260
29,29,53,CENTRO DE REHABILITACION INTEGRAL Y ESCUELA EN TERAPIA FISICA Y REHABILITACION,14095279,14095279,14563553
29,29,54,PENSIONES CIVILES DEL ESTADO DE TLAXCALA,486819,486819,416619
29,29,55,FONDO MACRO PARA EL DESARROLLO INTEGRAL DE TLAXCALA,12906954,12906954,11206954
29,29,56,FIDEICOMISO CIUDAD INDUSTRIAL XICOHTENCATL,21333511,21333511,19201541
29,29,57,INSTITUTO TLAXCALTECA DE DESARROLLO TAURINO,2990431,2834934,2203186
29,29,58,COMISION EJECUTIVA DE ATENCION A VICTIMAS Y OFENDIDOS,4734046,4734046,4710048
30,30,1,OFICINA DEL C GOBERNADOR,113148446,113148446,112910487
30,30,2,SECRETARIA DE DESARROLLO AGROPECUARIO RURAL Y PESCA,251574148,251574148,517684960
30,30,3,SECRETARIA DE SALUD,8030420,8030420,17797996327
30,30,4,SECRETARIA DE EDUCACION,50342911024,50342911024,56399258281
30,30,5,SECRETARIA DE DESARROLLO SOCIAL,629955817,629955817,527592764
30,30,6,SECRETARIA DE DESARROLLO ECONOMICO Y PORTUARIO,95396157,95396157,195327966
30,30,7,SECRETARIA DE GOBIERNO,487420075,487420075,596470072
30,30,8,SECRETARIA DE FINANZAS Y PLANEACION,10831067639,10831067639,6691203503
30,30,9,COORDINACION GENERAL DE COMUNICACION SOCIAL,69176150,69176150,433080020
30,30,10,CONTRALORIA GENERAL,153630650,153630650,188204142
30,30,11,SECRETARIA DE INFRAESTRUCTURA Y OBRAS PUBLICAS,1553517437,1553517437,2362822533
30,30,12,OFICINA DEL PROGRAMA DE GOBIERNO,33371736,33371736,33011967
30,30,13,SECRETARIA DE SEGURIDAD PUBLICA,5811808609,5811808609,5691875081
30,30,14,SECRETARIA DE TRABAJO PREVISION SOCIAL Y PRODUCTIVIDAD,117917149,117917149,398147612
30,30,15,SECRETARIA DE TURISMO Y CULTURA,129386504,129386504,167196142
30,30,16,SECRETARIA DE PROTECCION CIVIL,88803981,88803981,87301688
30,30,17,SECRETARIA DE MEDIO AMBIENTE,189874025,189874025,126876074
30,30,18,SERVICIOS DE SALUD DE VERACRUZ,14493064214,14493064214,17940300415
30,30,19,SISTEMA PARA EL DESARROLLO INTEGRAL DE LA FAMILIA,1514533446,1514533446,1137029174
30,30,20,COMISION DE ARBITRAJE MEDICO,12471779,12471779,13341815
30,30,21,ACADEMIA VERACRUZANA DE LAS LENGUAS INDIGENAS,6083122,6083122,6224702
30,30,22,INSTITUTO VERACRUZANO DEL DEPORTE,81028936,81028936,135001375
30,30,23,INSTITUTO DE ESPACIOS EDUCATIVOS DEL ESTADO DE VERACRUZ,415750412,415750412,796568068
30,30,24,COLEGIO DE BACHILLERES DEL ESTADO DE VERACRUZ,1355476718,1355476718,1754519237
30,30,25,INSTITUTO TECNOLOGICO SUPERIOR DE MISANTLA,38771945,38771945,232390017
30,30,26,INSTITUTO TECNOLOGICO SUPERIOR DE SAN ANDRES TUXTLA,47057782,47057782,100728553
30,30,27,INSTITUTO TECNOLOGICO SUPERIOR DE TANTOYUCA,50936590,50936590,87327012
30,30,28,INSTITUTO TECNOLOGICO SUPERIOR DE COSAMALOAPAN,34584051,34584051,93267123
30,30,29,INSTITUTO TECNOLOGICO SUPERIOR DE PANUCO,47003990,47003990,85323387
30,30,30,INSTITUTO TECNOLOGICO SUPERIOR DE POZA RICA,89891791,89891791,141882361
30,30,31,INSTITUTO TECNOLOGICO SUPERIOR DE XALAPA,96842658,96842658,149915025
30,30,32,INSTITUTO TECNOLOGICO SUPERIOR DE COATZACOALCOS,103397442,103397442,174992721
30,30,33,INSTITUTO TECNOLOGICO SUPERIOR DE TIERRA BLANCA,57431458,57431458,102700197
30,30,34,INSTITUTO TECNOLOGICO SUPERIOR DE ALAMO,38806235,38806235,73592032
30,30,35,INSTITUTO TECNOLOGICO SUPERIOR DE ACAYUCAN,52633192,52633192,106052123
30,30,36,INSTITUTO TECNOLOGICO SUPERIOR DE LAS CHOAPAS,47331168,47331168,121250580
30,30,37,INSTITUTO TECNOLOGICO SUPERIOR DE HUATUSCO,46855632,46855632,78292952
30,30,38,INSTITUTO TECNOLOGICO SUPERIOR DE ALVARADO,45893940,45893940,84108535
30,30,39,INSTITUTO TECNOLOGICO SUPERIOR DE PEROTE,31586050,31586050,53986235
30,30,40,INSTITUTO TECNOLOGICO SUPERIOR DE ZONGOLICA,36057455,36057455,74270621
30,30,41,INSTITUTO TECNOLOGICO SUPERIOR DE NARANJOS,27813276,27813276,47609560
30,30,42,INSTITUTO TECNOLOGICO SUPERIOR DE CHICONTEPEC,17638571,17638571,30293528
30,30,43,INSTITUTO TECNOLOGICO SUPERIOR DE MARTINEZ DE LA TORRE,26128886,26128886,47134334
30,30,44,INSTITUTO TECNOLOGICO SUPERIOR DE JESUS CARRANZA,21391494,21391494,41499515
30,30,45,INSTITUTO TECNOLOGICO SUPERIOR DE RODRIGUEZ CLARA,20203702,20203702,36153463
30,30,46,INSTITUTO VERACRUZANO DE EDUCACION PARA LOS ADULTOS,234788706,234788706,245169331
30,30,47,COLEGIO NACIONAL DE EDUCACION PROFESIONAL TECNICA,277391204,277391204,349640344
30,30,48,UNIVERSIDAD TECNOLOGICA DEL SURESTE,45768528,45768528,96552545
30,30,49,UNIVERSIDAD TECNOLOGICA DEL CENTRO,89132285,89132285,141376233
30,30,50,UNIVERSIDAD TECNOLOGICA DE GUTIERREZ ZAMORA,44372531,44372531,68662781
30,30,51,CONSEJO VERACRUZANO DE INVESTIGACION CIENTIFICA Y DESARROLLO TECNOLOGICO,8499470,8499470,61870556
30,30,52,COLEGIO DE ESTUDIOS CIENTIFICOS Y TECNOLOGICOS,403560242,403560242,471044769
30,30,53,COLEGIO DE VERACRUZ,33960332,33960332,37872962
30,30,54,UNIVERSIDAD POLITECNICA DE HUATUSCO,22481880,22481880,41778256
30,30,55,UNIVERSIDAD POPULAR AUTONOMA DE VERACRUZ,37903236,37903236,45065703
30,30,56,INSTITUTO VERACRUZANO DE LA VIVIENDA,158636888,158636888,258526331
30,30,57,AGENCIA ESTATAL DE ENERGIA DEL ESTADO DE VERACRUZ,12500000,12500000,12360776
30,30,58,INSTITUTO VERACRUZANO DE LAS MUJERES,23000000,23000000,50026510
30,30,59,INSTITUTO VERACRUZANO DE DESARROLLO MUNICIPAL,9907164,9907164,8555848
30,30,60,COMISION EJECUTIVA PARA LA ATENCION INTEGRAL A VICTIMAS DEL DELITO,95000000,95000000,97226448
30,30,61,CENTRO DE JUSTICIA PARA MUJERES DEL ESTADO DE VERACRUZ,10000000,10000000,9072902
30,30,62,INSTITUTO DE PENSIONES DEL ESTADO,3299572739,3299572739,8944877947
30,30,63,COMISION DEL AGUA DEL ESTADO DE VERACRUZ,1291753666,1291753666,2543572174
30,30,64,RADIOTELEVISION DE VERACRUZ,103473629,103473629,124316480
30,30,65,SECRETARIA EJECUTIVA DEL SISTEMA ESTATAL ANTICORRUPCION,18500000,18500000,16114521
30,30,66,INSTITUTO DE LA POLICIA AUXILIAR Y PROTECCION PATRIMONIAL,1085488675,1085488675,1615148317
30,30,67,ACADEMIA REGIONAL DE SEGURIDAD PUBLICA DEL SURESTE,21042791,21042791,19669257
30,30,68,INSTITUTO DE CAPACITACION PARA EL TRABAJO,219769437,219769437,229029362
30,30,69,CENTRO DE CONCILIACION LABORAL DEL ESTADO DE VERACRUZ DE IGNACIO DE LA LLAVE,23000000,23000000,36289108
30,30,70,INSTITUTO VERACRUZANO DE LA CULTURA,98542090,98542090,101143964
30,30,71,PROCURADURIA ESTATAL DE PROTECCION AL MEDIO AMBIENTE,378552677,378552677,212641664
30,30,72,FIDEICOMISO FONDO DEL FUTURO,NSS,NSS,NSS
31,31,1,SECRETARIA DE DESARROLLO RURAL,401038367,401038367,507580591
31,31,2,SECRETARIA DE PESCA Y ACUACULTURA SUSTENTABLES,105548096,105548096,117380041
31,31,3,SECRETARIA DE LA CULTURA Y LAS ARTES,409529213,409529213,410574397
31,31,4,SECRETARIA DE ADMINISTRACION Y FINANZAS,1107035512,1107035512,1341596071
31,31,5,CONSEJERIA JURIDICA,119499553,119499553,118943810
31,31,6,SECRETARIA DE INVESTIGACION INNOVACION Y EDUCACION SUPERIOR,140149133,140149133,168053973
31,31,7,SECRETARIA DE DESARROLLO SOCIAL,496838529,496838529,508245207
31,31,8,DESPACHO DEL GOBERNADOR,28767200,28767200,31661778
31,31,9,SECRETARIA DE FOMENTO ECONOMICO Y TRABAJO,483675016,483675016,277103682
31,31,10,SECRETARIA DE EDUCACION,11349238775,11349238775,11275676333
31,31,11,SECRETARIA DE LA CONTRALORIA GENERAL,113386551,113386551,99956314
31,31,12,SECRETARIA GENERAL DE GOBIERNO,472815187,472815187,504834310
31,31,13,SECRETARIA DE LAS MUJERES,82531406,82531406,89123361
31,31,14,FISCALIA GENERAL DEL ESTADO,460721055,460721055,449794957
31,31,15,SECRETARIA DE DESARROLLO SUSTENTABLE,152159912,152159912,127125831
31,31,16,SECRETARIA DE SALUD,79110,79110,0
31,31,17,SECRETARIA DE SEGURIDAD PUBLICA,3250124321,3250124321,3483418634
31,31,18,SECRETARIA DE OBRAS PUBLICAS,13960172,13960172,29149528
31,31,19,SECRETARIA DE FOMENTO TURISTICO,79640459,79640459,188796607
31,31,20,FIDEICOMISO GARANTE DE LA ORQUESTA SINFONICA DE YUCATAN,31075863,31075863,30189466
31,31,21,FIDEICOMISO PUBLICO PARA LA ADMINISTRACION DEL PALACIO DE LA MUSICA,11967763,11967763,13787610
31,31,22,INSTITUTO DE INFRAESTRUCTURA CARRETERA DE YUCATAN,275092350,275092350,412582010
31,31,23,SISTEMA TELE YUCATAN S A DE C V,32978023,32978023,34947505
31,31,24,INSTITUTO DEL DEPORTE DEL ESTADO DE YUCATAN,232047958,232047958,253972751
31,31,25,FIDEICOMISO PUBLICO PARA LA ADMINISTRACION DE LA RESERVA TERRITORIAL DE UCU,344282753,344282753,110808531
31,31,26,INSTITUTO DE MOVILIDAD Y DESARROLLO URBANO TERRITORIAL,500886384,500886384,618111470
31,31,27,INSTITUTO DE VIVIENDA DEL ESTADO DE YUCATAN,591430763,591430763,445536558
31,31,28,ADMINISTRACION DEL PATRIMONIO DE LA BENEFICENCIA PUBLICA DEL ESTADO DE YUCATAN,2202501,2202501,10657190
31,31,29,INSTITUTO PARA EL DESARROLLO DE LA CULTURA MAYA DEL ESTADO DE YUCATAN,14159618,14159618,14606777
31,31,30,INSTITUTO PARA LA INCLUSION DE LAS PERSONAS CON DISCAPACIDAD DEL ESTADO DE YUCATAN,5106984,5106984,4619876
31,31,31,JUNTA DE ASISTENCIA PRIVADA DEL ESTADO DE YUCATAN,3539471,3539471,3308930
31,31,32,SISTEMA PARA EL DESARROLLO INTEGRAL DE LA FAMILIA EN YUCATAN,623471609,623471609,611231351
31,31,33,AGENCIA PARA EL DESARROLLO DE YUCATAN,2500000,2500000,5780834
31,31,34,INSTITUTO PROMOTOR DE FERIAS DE YUCATAN,100367509,100367509,116739058
31,31,35,INSTITUTO YUCATECO DE EMPRENDEDORES,29757683,29757683,53813046
31,31,36,COLEGIO DE BACHILLERES DEL ESTADO DE YUCATAN,519032520,519032520,537637468
31,31,37,COLEGIO DE EDUCACION PROFESIONAL TECNICA DEL ESTADO DE YUCATAN,141080139,141080139,149485332
31,31,38,COLEGIO DE ESTUDIOS CIENTIFICOS Y TECNOLOGICOS DEL ESTADO DE YUCATAN,100361069,100361069,96013184
31,31,39,ESCUELA SUPERIOR DE ARTES DE YUCATAN,32156336,32156336,34891691
31,31,40,INSTITUTO DE EDUCACION PARA ADULTOS DEL ESTADO DE YUCATAN,101103238,101103238,94121811
31,31,41,INSTITUTO TECNOLOGICO SUPERIOR DE MOTUL,22809560,22809560,39655079
31,31,42,INSTITUTO TECNOLOGICO SUPERIOR DE PROGRESO,23633763,23633763,48834303
31,31,43,INSTITUTO TECNOLOGICO SUPERIOR DE VALLADOLID,16450284,16450284,48882648
31,31,44,INSTITUTO TECNOLOGICO SUPERIOR DEL SUR DEL ESTADO DE YUCATAN,17093767,17093767,43872153
31,31,45,UNIVERSIDAD DE ORIENTE,31163350,31163350,29889844
31,31,46,UNIVERSIDAD POLITECNICA DE YUCATAN,18270599,18270599,29473666
31,31,47,UNIVERSIDAD TECNOLOGICA DEL CENTRO,25723053,25723053,21989066
31,31,48,UNIVERSIDAD TECNOLOGICA REGIONAL DEL SUR,33474443,33474443,43363089
31,31,49,UNIVERSIDAD TECNOLOGICA DEL MAYAB,28226596,28226596,25823586
31,31,50,UNIVERSIDAD TECNOLOGICA DEL PONIENTE,18255012,18255012,19208520
31,31,51,UNIVERSIDAD TECNOLOGICA METROPOLITANA,140221815,140221815,132205139
31,31,52,SECRETARIA EJECUTIVA DEL SISTEMA ESTATAL ANTICORRUPCION,14988486,14988486,14696820
31,31,53,SECRETARIA TECNICA DE PLANEACION Y EVALUACION,23920117,23920117,53786815
31,31,54,COMISION EJECUTIVA ESTATAL DE ATENCION A VICTIMAS,21373985,21373985,19383595
31,31,55,INSTITUTO DE SEGURIDAD SOCIAL DE LOS TRABAJADORES DEL ESTADO DE YUCATAN,2139437335,2139437335,2191759463
31,31,56,CENTRO ESTATAL DE TRASPLANTES DE YUCATAN,2579954,2579954,2557212
31,31,57,HOSPITAL COMUNITARIO DE PETO YUCATAN,42958695,42958695,40969774
31,31,58,HOSPITAL COMUNITARIO DE TICUL YUCATAN,50783898,50783898,48283111
31,31,59,HOSPITAL DE LA AMISTAD COREA MEXICO,73495795,73495795,73926813
31,31,60,HOSPITAL GENERAL DE TEKAX YUCATAN,0,0,0
31,31,61,SERVICIOS DE SALUD DE YUCATAN,5330716840,5330716840,5087865574
31,31,62,INSTITUTO PARA EL DESARROLLO Y CERTIFICACION DE LA INFRAESTRUCTURA FISICA EDUCATIVA Y ELECTRICA DE YUCATAN,91957727,91957727,357231894
31,31,63,INSTITUTO PARA LA CONSTRUCCION Y CONSERVACION DE OBRA PUBLICA EN YUCATAN,334948106,334948106,297820531
31,31,64,JUNTA DE AGUA POTABLE Y ALCANTARILLADO DE YUCATAN,547327407,547327407,554000158
31,31,65,INSTITUTO DE SEGURIDAD JURIDICA PATRIMONIAL DE YUCATAN,71778972,71778972,88494107
31,31,66,INSTITUTO DE CAPACITACION PARA EL TRABAJO DEL ESTADO DE YUCATAN,10416250,10416250,10716279
31,31,67,FIDEICOMISO PUBLICO PARA EL DESARROLLO DEL TURISMO DE REUNIONES EN YUCATAN,49484746,49484746,80582639
31,31,68,PATRONATO DE LAS UNIDADES DE SERVICIOS CULTURALES Y TURISTICOS DEL ESTADO DE YUCATAN,262483602,262483602,401532771
32,32,1,JEFATURA DE OFICINA DEL C GOBERNADOR,199162678,199162678,166737406
32,32,2,SECRETARIA GENERAL DE GOBIERNO,197250202,197250202,172116252
32,32,3,SECRETARIA DE FINANZAS,2749792176,2749792176,3837205231
32,32,4,SECRETARIA DE SEGURIDAD PUBLICA,1677218194,1677218194,1296321098
32,32,5,SECRETARIA DE ADMINISTRACION,202134290,202134290,167199416
32,32,6,SECRETARIA DE LA FUNCION PUBLICA,115750415,115750415,105936629
32,32,7,SECRETARIA DE ECONOMIA,150687499,150687499,168791483
32,32,8,SECRETARIA DE TURISMO,59495996,59495996,65218683
32,32,9,SECRETARIA DE OBRAS PUBLICAS,953658525,953658525,647371998
32,32,10,SECRETARIA DE EDUCACION,10796058023,10796058023,10824504525
32,32,11,SECRETARIA DE DESARROLLO SOCIAL,501757823,501757823,390172427
32,32,12,SECRETARIA DE SALUD,264250,264250,264250
32,32,13,SECRETARIA DE DESARROLLO URBANO VIVIENDA Y ORDENAMIENTO TERRITORIAL,224433554,224433554,229291489
32,32,14,SECRETARIA DEL AGUA Y MEDIO AMBIENTE,313872284,313872284,165361264
32,32,15,SECRETARIA DEL CAMPO,300000000,300000000,409264089
32,32,16,SECRETARIA DE LAS MUJERES,38396613,38396613,68680390
32,32,17,SECRETARIA DEL ZACATECANO MIGRANTE,50775509,50775509,31363165
32,32,18,COORDINACION GENERAL JURIDICA,41854743,41854743,48051588
32,32,19,COORDINACION ESTATAL DE PLANEACION,28804445,28804445,25925087
32,32,20,SISTEMA ESTATAL PARA EL DESARROLLO INTEGRAL DE LA FAMILIA,382248234,382248234,469645255
32,32,21,CONSEJO ESTATAL DE DESARROLLO ECONOMICO,3383669,3383669,3181049
32,32,22,CONSEJO ZACATECANO DE CIENCIA TECNOLOGIA E INNOVACION,40176967,40176967,41323441
32,32,23,SERVICIOS DE SALUD DE ZACATECAS,3590355921,3590355921,4413936145
32,32,24,INSTITUTO DE LA DEFENSORIA PUBLICA,35919684,35919684,62605645
32,32,25,INSTITUTO DE CULTURA FISICA Y DEPORTE DEL ESTADO DE ZACATECAS,91902112,91902112,118438595
32,32,26,SISTEMA ZACATECANO DE RADIO Y TELEVISION,34566204,34566204,31523258
32,32,27,PATRONATO ESTATAL DE PROMOTORES VOLUNTARIOS,2803879,2803879,10139239
32,32,28,INSTITUTO ZACATECANO DE EDUCACION PARA ADULTOS,79449178,79449178,86157928
32,32,29,INSTITUTO DE CAPACITACION PARA EL TRABAJO,3353796,3353796,9371334
32,32,30,INSTITUTO ZACATECANO DE CULTURA RAMON LOPEZ VELARDE,151578195,151578195,169134232
32,32,31,INSTITUTO ZACATECANO DE CONSTRUCCION DE ESCUELAS,241359233,241359233,336124502
32,32,32,JUNTA DE PROTECCION Y CONSERVACION DE MONUMENTOS Y ZONAS TIPICAS DEL ESTADO DE ZACATECAS,10598822,10598822,16833576
32,32,33,INSTITUTO DE LA JUVENTUD DEL ESTADO DE ZACATECAS,10823661,10823661,16848344
32,32,34,INSTITUTO PARA LA ATENCION E INCLUSION DE LAS PERSONAS CON DISCAPACIDAD,41595236,41595236,19419693
32,32,35,UNIVERSIDAD POLITECNICA DE ZACATECAS,20894336,20894336,53474984
32,32,36,UNIVERSIDAD POLITECNICA DEL SUR DE ZACATECAS,9472842,9472842,22791757
32,32,37,INSTITUTO TECNOLOGICO SUPERIOR DE NOCHISTLAN,13328058,13328058,13328058
32,32,38,INSTITUTO TECNOLOGICO SUPERIOR DE FRESNILLO,29059208,29059208,40723739
32,32,39,INSTITUTO TECNOLOGICO SUPERIOR DE TLALTENANGO,15727611,15727611,17796447
32,32,40,INSTITUTO TECNOLOGICO SUPERIOR DE LORETO,24953359,24953359,32499954
32,32,41,INSTITUTO TECNOLOGICO SUPERIOR DE RIO GRANDE,22201915,22201915,30169807
32,32,42,INSTITUTO TECNOLOGICO SUPERIOR DE JEREZ,13636445,13636445,14675318
32,32,43,INSTITUTO TECNOLOGICO SUPERIOR DE SOMBRERETE,17573781,17573781,17573781
32,32,44,ESCUELA DE CONSERVACION Y RESTAURACION DE ZACATECAS REFUGIO REYES,2793100,2793100,4561809
32,32,45,COLEGIO DE BACHILLERES DEL ESTADO DE ZACATECAS,208422713,208422713,735155173
32,32,46,COLEGIO DE EDUCACION PROFESIONAL TECNICA DE ZACATECAS,60178966,60178966,68656882
32,32,47,COLEGIO DE ESTUDIOS CIENTIFICOS Y TECNOLOGICOS DEL ESTADO DE ZACATECAS,126977426,126977426,501861019
32,32,48,INSTITUTO DE SELECCION Y CAPACITACION DEL ESTADO DE ZACATECAS,2975909,2975909,9252803
32,32,49,UNIVERSIDAD TECNOLOGICA DEL ESTADO DE ZACATECAS,39625711,39625711,89751274
32,32,50,COMISION ESTATAL DE LA DEFENSA DEL CONTRIBUYENTE,577750,577750,3740615
32,32,51,SECRETARIA EJECUTIVA DEL SISTEMA ESTATAL ANTICORRUPCION,4206733,4206733,6260863
32,32,52,CENTRO DE CONCILIACION LABORAL DEL ESTADO DE ZACATECAS,13251381,13251381,12855147
32,32,53,AGENCIA DE ENERGIA DEL ESTADO DE ZACATECAS,545908,545908,1811486
32,32,54,INSTITUTO DE SEGURIDAD Y SERVICIOS SOCIALES PARA EL ESTADO DE ZACATECAS,1853350769,1853350769,1472785027
